Feature ID	Taxon	Confidence
28809a7de4247e339a1fc98ef25866e5	d__Bacteria;p__Patescibacteria;c__Parcubacteria	0.9780237248235782
cdc663178382deb6be27da4627176adf	d__Bacteria;p__Bacteroidota;c__Bacteroidia;o__Chitinophagales;f__Chitinophagaceae;g__uncultured;s__	0.9866823950436644
cc15bf037f705a74dad88fd526d8372b	d__Bacteria;p__Chloroflexi;c__Ktedonobacteria;o__Ktedonobacterales;f__Ktedonobacteraceae;g__JG30a-KF-32;s__	0.9999929134753377
e4d51f795c13d5e4c657e64d5e55257e	d__Bacteria;p__Chloroflexi;c__Ktedonobacteria;o__Ktedonobacterales;f__Ktedonobacteraceae;g__JG30a-KF-32;s__	0.9998869389402046
9d4a8a544e84bfff1300973664ea02f9	d__Bacteria;p__Planctomycetota;c__Planctomycetes;o__Planctomycetales;f__uncultured;g__uncultured;s__	0.9997765534466482
9b30ece5547c4c2f799eaa3b022238eb	d__Bacteria;p__Patescibacteria;c__Gracilibacteria;o__Candidatus_Peribacteria;f__Candidatus_Peribacteria;g__Candidatus_Peribacteria;s__	0.999956393836853
f7d0556215b99bd9d8940b694cae28a6	d__Bacteria;p__Patescibacteria;c__Parcubacteria;o__Candidatus_Nomurabacteria;f__Candidatus_Nomurabacteria;g__Candidatus_Nomurabacteria;s__	0.949914104150993
88f01254c23e89d08097ed549e826a87	d__Bacteria;p__Proteobacteria;c__Gammaproteobacteria;o__Burkholderiales;f__Oxalobacteraceae;g__Collimonas;s__	0.972458614962312
07a2beeca0f6878e7e3f5580fac2f0da	d__Bacteria;p__Bacteroidota;c__Bacteroidia;o__Sphingobacteriales;f__Sphingobacteriaceae;g__Mucilaginibacter;s__	0.9940477824238242
085f6b637841fff9d8232e60d684e0f8	d__Bacteria;p__Proteobacteria;c__Gammaproteobacteria;o__Pseudomonadales;f__Pseudomonadaceae;g__Pseudomonas;s__	0.9997817540327579
7cbe7e3cbef7e261ade04a78bf2a1c4e	d__Bacteria;p__Patescibacteria;c__Parcubacteria;o__Candidatus_Adlerbacteria;f__Candidatus_Adlerbacteria;g__Candidatus_Adlerbacteria;s__	0.9441379274672039
9f8b1f0433e3bbc615d63d285ea2b8e1	d__Bacteria;p__Verrucomicrobiota;c__Verrucomicrobiae;o__Chthoniobacterales;f__Chthoniobacteraceae;g__Candidatus_Udaeobacter;s__	0.9998734528921612
de6e7145aaf07603eae1ecb3dfbf30e8	d__Bacteria;p__Patescibacteria;c__Saccharimonadia;o__Saccharimonadales;f__Saccharimonadaceae;g__TM7a;s__	0.9603450543681533
ee8e09b9d8a6673ac50e1158936d077d	d__Bacteria;p__Proteobacteria;c__Gammaproteobacteria;o__Xanthomonadales;f__Rhodanobacteraceae;g__Rhodanobacter;s__	0.9925894965663837
9b2ba5712a57c2e0d3d14afafb54b4f1	d__Bacteria;p__Verrucomicrobiota;c__Verrucomicrobiae;o__Chthoniobacterales;f__Chthoniobacteraceae;g__Candidatus_Udaeobacter;s__	0.9991819867430538
f5eb748602ffd23eec4756b54c59f8e5	d__Bacteria;p__Verrucomicrobiota;c__Verrucomicrobiae;o__Chthoniobacterales;f__Chthoniobacteraceae;g__Candidatus_Udaeobacter;s__	0.9885385465051126
a05d3976c3e5562c7c63b4e70bfa06a1	d__Bacteria;p__Patescibacteria;c__Saccharimonadia;o__Saccharimonadales;f__Saccharimonadaceae;g__TM7a;s__	0.986710747949629
672404bc523b92c7761edc30223ebade	d__Bacteria;p__Planctomycetota;c__Planctomycetes;o__Planctomycetales;f__uncultured;g__uncultured;s__	0.998049357201125
1760d30cdddc06c9766eb0612253e7e2	d__Bacteria;p__Acidobacteriota;c__Blastocatellia;o__Blastocatellales;f__Blastocatellaceae;g__JGI_0001001-H03;s__	0.719852090850823
a350cf5b00cbb3c76e25bc9257041109	d__Bacteria;p__Proteobacteria;c__Gammaproteobacteria;o__Burkholderiales;f__A21b;g__A21b;s__	0.9706849378702884
dc367720df5c1ae8d78019dc83dd2e0b	d__Bacteria;p__Proteobacteria;c__Alphaproteobacteria;o__Sphingomonadales;f__Sphingomonadaceae;g__Sphingomonas;s__	0.979376811894998
b7de9435ebf307b0a8e366537246e122	d__Bacteria;p__Patescibacteria;c__Saccharimonadia;o__Saccharimonadales;f__Saccharimonadaceae;g__TM7a;s__	0.9881622816583183
8149dd9703ca3f2fd9f07ff68afd7b03	d__Bacteria;p__Bacteroidota;c__Bacteroidia;o__Chitinophagales;f__Chitinophagaceae;g__uncultured;s__	0.9921780177605987
1689c7d66771e28948e28b931fcc7d37	d__Bacteria;p__Planctomycetota;c__Phycisphaerae;o__Tepidisphaerales;f__WD2101_soil_group;g__WD2101_soil_group;s__	0.9999967812553695
8182856fd585a20354ffb6de74d5e330	d__Bacteria;p__Patescibacteria;c__Saccharimonadia;o__Saccharimonadales;f__Saccharimonadaceae;g__TM7a;s__	0.7795770537210667
51a35e7c39368fdf8d6ce88a5cde12ea	d__Bacteria;p__Verrucomicrobiota;c__Verrucomicrobiae;o__Chthoniobacterales;f__Chthoniobacteraceae;g__Candidatus_Udaeobacter;s__	0.9975487171940155
06189707232acde858497a6c85883992	d__Bacteria;p__Acidobacteriota;c__Acidobacteriae;o__Acidobacteriales	0.9999999805816375
2594f42823decd8b99aa05f88e204740	d__Bacteria;p__Proteobacteria;c__Gammaproteobacteria;o__Xanthomonadales;f__Xanthomonadaceae;g__uncultured;s__	0.9783994817284286
352112a42ca5a50c8d7ba392ca61e69d	d__Bacteria;p__Acidobacteriota;c__Acidobacteriae;o__Subgroup_2;f__Subgroup_2;g__Subgroup_2;s__	0.9999999751609611
b0293bf2906626507efef37bd912f456	d__Bacteria;p__Proteobacteria;c__Gammaproteobacteria;o__Gammaproteobacteria_Incertae_Sedis;f__Unknown_Family;g__Unknown_Family;s__	0.9948956411827807
cec15277fea3e8e22f9a953fb73e1bb3	d__Bacteria;p__Planctomycetota;c__Phycisphaerae;o__Tepidisphaerales;f__WD2101_soil_group;g__WD2101_soil_group;s__	0.9999961215404093
1bd136527e24a81861bf56d087a11be1	d__Bacteria;p__Planctomycetota;c__Phycisphaerae;o__Tepidisphaerales;f__WD2101_soil_group;g__WD2101_soil_group;s__	0.99999712517818
30196b0e6a97fbdab31e072869b5ec4b	d__Bacteria;p__Actinobacteriota;c__Actinobacteria;o__Propionibacteriales;f__Nocardioidaceae;g__Nocardioides;s__	0.9967100435398275
fb662ae098bf36561e4bd2a9c546812e	d__Bacteria;p__Proteobacteria;c__Gammaproteobacteria;o__Burkholderiales;f__Nitrosomonadaceae;g__Ellin6067;s__	0.9999964986499399
20379e1d42fb6ed2a31dd62000fdd4ad	d__Bacteria;p__Planctomycetota;c__Planctomycetes;o__Gemmatales;f__Gemmataceae;g__uncultured;s__	0.9987712998408681
852d5b24b09117b9afc8aa2c6f0822ee	d__Bacteria;p__Gemmatimonadota;c__Gemmatimonadetes;o__Gemmatimonadales;f__Gemmatimonadaceae;g__uncultured;s__	0.9992153963598674
427e270cc4c3a2cd537cd3a8fbb52fda	d__Bacteria;p__Acidobacteriota;c__Acidobacteriae;o__Subgroup_2;f__Subgroup_2;g__Subgroup_2;s__	0.9999999918112792
8d6913500183e4218f1a01765ce0ca3d	d__Bacteria;p__Acidobacteriota;c__Acidobacteriae;o__Acidobacteriales;f__uncultured;g__uncultured;s__	0.9998886900736351
c7e346a509d5c32a7b3ec752804908ac	d__Bacteria;p__Gemmatimonadota;c__Gemmatimonadetes;o__Gemmatimonadales;f__Gemmatimonadaceae;g__uncultured;s__	0.9987869640066349
1ad223db34a082928c83465435648394	d__Bacteria;p__Proteobacteria;c__Gammaproteobacteria;o__Pseudomonadales;f__Pseudomonadaceae;g__Pseudomonas;s__	0.9998445902987949
3cbdac33f96c2f0088294c929bf93975	d__Bacteria;p__Planctomycetota;c__Phycisphaerae;o__Tepidisphaerales;f__WD2101_soil_group;g__WD2101_soil_group;s__	0.9999967797149746
b398d44d321bb1fd61ccdb8c109b1b8c	d__Bacteria;p__Acidobacteriota;c__Acidobacteriae;o__Subgroup_2;f__Subgroup_2;g__Subgroup_2;s__	0.9999999836604446
ce7897cbb5a398768935ea5760069e7d	d__Bacteria;p__Acidobacteriota;c__Holophagae;o__Subgroup_7;f__Subgroup_7;g__Subgroup_7;s__	0.9998340685348996
3f1d9f9c09d110fa83a76e308b3f60fe	d__Bacteria;p__Bacteroidota;c__Bacteroidia;o__Chitinophagales;f__Chitinophagaceae;g__Puia;s__	0.9707697518278597
3e085b8fa7d1d0b3ac51c57e54402ba7	d__Bacteria;p__Patescibacteria;c__Parcubacteria;o__Candidatus_Nomurabacteria;f__Candidatus_Nomurabacteria;g__Candidatus_Nomurabacteria;s__	0.9995545416094961
a63cc3da8f0b618ed11457c754020645	d__Bacteria;p__Verrucomicrobiota;c__Verrucomicrobiae;o__Chthoniobacterales;f__Chthoniobacteraceae;g__Candidatus_Udaeobacter;s__	0.9956099056982634
600386533fcc70a79b6202693e9fa6ef	d__Bacteria;p__Patescibacteria;c__Saccharimonadia;o__Saccharimonadales;f__Saccharimonadaceae;g__TM7a;s__	0.9975706170777335
822430c8d9d34f24142cb4792d8e4cff	d__Bacteria;p__Verrucomicrobiota;c__Verrucomicrobiae;o__Chthoniobacterales;f__Xiphinematobacteraceae;g__Candidatus_Xiphinematobacter;s__	0.9849583050838451
32385a272e75baeb50144314ba637ccd	d__Bacteria;p__Chloroflexi;c__Ktedonobacteria;o__Ktedonobacterales;f__Ktedonobacteraceae	0.9999558375450113
43373de12bbcdbbc9b7bd2ba839e7c40	d__Bacteria;p__Proteobacteria;c__Alphaproteobacteria;o__Sphingomonadales;f__Sphingomonadaceae	0.9999999497813309
0d8ccf84440cc39383e99ecdecbfb1d6	d__Bacteria;p__Patescibacteria;c__Saccharimonadia;o__Saccharimonadales;f__WWH38;g__WWH38;s__	0.9989703991707501
76992c705c5d89ca519097e69f567805	d__Bacteria;p__Verrucomicrobiota;c__Verrucomicrobiae;o__Chthoniobacterales;f__Chthoniobacteraceae;g__Candidatus_Udaeobacter;s__	0.9994382038120604
8015f5dea938bb8462ef9a931f25a1ca	d__Bacteria;p__FCPU426;c__FCPU426;o__FCPU426;f__FCPU426;g__FCPU426;s__	0.997448121835
28d7e96a3e43cd917fd79aa3317ba849	d__Bacteria;p__Proteobacteria;c__Alphaproteobacteria;o__Rhizobiales;f__Xanthobacteraceae	0.9999921060912228
4689d325aa5469c20fa1d4634ff4e62d	d__Bacteria;p__Verrucomicrobiota;c__Verrucomicrobiae;o__Chthoniobacterales;f__Chthoniobacteraceae;g__Candidatus_Udaeobacter;s__	0.9992485068712877
98a9390a00d5438f3da9519836d91a23	d__Bacteria;p__Verrucomicrobiota;c__Chlamydiae;o__Chlamydiales;f__Parachlamydiaceae	0.9846251642460401
4ae2912b57bdfbfe3a2dfb129e5bfd3c	d__Bacteria;p__Chloroflexi;c__AD3;o__AD3;f__AD3;g__AD3;s__	0.999284766764196
acd789f58519e4894254653a4a734af7	d__Bacteria;p__Planctomycetota;c__Planctomycetes;o__Gemmatales;f__Gemmataceae;g__uncultured;s__	0.9941248459931767
8bab6abdfdd44cd1986afa7c3f9c6356	d__Bacteria;p__Proteobacteria;c__Alphaproteobacteria;o__Rhizobiales;f__Rhizobiaceae	0.9984205825242587
9f76717becb7567c74375f0d4b2a0a54	d__Bacteria;p__Verrucomicrobiota;c__Verrucomicrobiae;o__Chthoniobacterales;f__Chthoniobacteraceae;g__Candidatus_Udaeobacter;s__	0.9992126495546507
d3e2a41b0afec4e2324b3983c505813a	d__Bacteria;p__Verrucomicrobiota;c__Verrucomicrobiae;o__Chthoniobacterales;f__Chthoniobacteraceae;g__Candidatus_Udaeobacter;s__	0.9939155258884803
805aaf98983a6c3f5cdd28a287fca21b	d__Bacteria;p__Chloroflexi;c__AD3;o__AD3;f__AD3;g__AD3;s__	0.999857467386898
54612a7b2ad936ed2714a98609a50ec6	d__Bacteria;p__Cyanobacteria;c__Vampirivibrionia;o__Obscuribacterales;f__Obscuribacteraceae;g__Obscuribacteraceae;s__	0.9997348237696058
186fe0f5163cc84d6d271505ea0bf657	d__Bacteria;p__Acidobacteriota;c__Acidobacteriae	0.999999946370112
69d1c8b680f83332ce45f7de1693b3c0	d__Bacteria;p__Verrucomicrobiota;c__Verrucomicrobiae;o__Chthoniobacterales;f__Chthoniobacteraceae;g__Candidatus_Udaeobacter;s__	0.9999052255447075
29301ccede8f7e24c394e9100166e04b	d__Bacteria;p__Bacteroidota;c__Bacteroidia;o__Chitinophagales;f__Chitinophagaceae;g__Puia;s__	0.9213422490864677
c8cee8488b3031060e22424ce73f3fe7	d__Bacteria;p__WPS-2;c__WPS-2;o__WPS-2;f__WPS-2;g__WPS-2;s__	0.918660060171757
c203e597f496e91c27ff65b006db8051	d__Bacteria;p__Proteobacteria;c__Alphaproteobacteria;o__Rhizobiales;f__Xanthobacteraceae	0.9999952929684672
3537eafbd4b230bdbeeb7341592a410b	d__Bacteria;p__WPS-2;c__WPS-2;o__WPS-2;f__WPS-2;g__WPS-2;s__	0.9999851616942238
953b28ce5360217330f4827ae215453e	d__Archaea;p__Crenarchaeota;c__Nitrososphaeria;o__Nitrososphaerales;f__Nitrososphaeraceae;g__Candidatus_Nitrocosmicus;s__	0.7726901584189484
65e0b77d4048f11bf03f2e8765eb1282	d__Bacteria;p__WPS-2;c__WPS-2;o__WPS-2;f__WPS-2;g__WPS-2;s__	0.967289599244083
e81417d3496317dc17b16e1ba186fe96	d__Bacteria;p__Acidobacteriota;c__Acidobacteriae;o__Solibacterales;f__Solibacteraceae;g__Candidatus_Solibacter;s__	0.9952955116802896
5c933a2256fb0a1b5a69fdcb70e3beca	d__Bacteria;p__Gemmatimonadota;c__Gemmatimonadetes;o__Gemmatimonadales;f__Gemmatimonadaceae;g__uncultured;s__	0.9989578135819014
3b2856d56917d59982168c0c3fac3c3d	d__Bacteria;p__Proteobacteria;c__Alphaproteobacteria;o__Rickettsiales;f__SM2D12;g__SM2D12;s__	0.9983949794213242
75f50cccb3ec03de5f89b63787e568cc	d__Bacteria;p__Patescibacteria;c__Saccharimonadia;o__Saccharimonadales;f__Saccharimonadaceae;g__TM7a;s__	0.9130985888235209
167c46c3f7fce787fdf46d0bdd2b26e5	d__Bacteria;p__Acidobacteriota;c__Holophagae;o__Subgroup_7;f__Subgroup_7;g__Subgroup_7;s__	0.9997879527103585
a52e25b7ad37e6e25ed1314ae6aa66a9	d__Bacteria;p__Planctomycetota;c__vadinHA49;o__vadinHA49;f__vadinHA49;g__vadinHA49;s__	0.9454092334001127
820b79cf3aeec4022ce53d0323bd5d69	d__Bacteria;p__Patescibacteria;c__Parcubacteria;o__Candidatus_Nomurabacteria;f__Candidatus_Nomurabacteria;g__Candidatus_Nomurabacteria;s__	0.9977533843170554
2e178a7d65546a0db76e662bfdf6ba0d	d__Bacteria;p__Bacteroidota;c__Bacteroidia;o__Chitinophagales;f__Chitinophagaceae;g__uncultured;s__	0.9910372944625572
2932e8ad73d3506aab2ccac7147e774e	d__Bacteria;p__Proteobacteria;c__Gammaproteobacteria;o__Diplorickettsiales;f__Diplorickettsiaceae;g__uncultured;s__	0.9971943880255602
6e9c305d3e131d087dcdc777d1061398	d__Bacteria;p__Bacteroidota;c__Bacteroidia;o__Chitinophagales;f__Chitinophagaceae;g__Puia;s__	0.9341473922226923
865a3a9fded897bf94adaa73f98d1685	d__Bacteria;p__Chloroflexi;c__Anaerolineae;o__SBR1031;f__A4b;g__A4b;s__	0.7338781183786344
57f61dbaed5b920619fea536260e1219	d__Bacteria;p__Bacteroidota;c__Ignavibacteria;o__SJA-28;f__SJA-28;g__SJA-28;s__	0.999985259523683
095364be9c308c455ce0f65f150b7f42	d__Bacteria;p__Acidobacteriota;c__Acidobacteriae	0.9999999501117144
613ee7e3c533114554b1f9b1d0c023ed	d__Bacteria;p__Patescibacteria;c__Microgenomatia;o__Candidatus_Woesebacteria;f__Candidatus_Woesebacteria;g__Candidatus_Woesebacteria;s__	0.9980408158994286
45efd19dbe74873af458f10a60cffca9	d__Bacteria;p__Verrucomicrobiota;c__Verrucomicrobiae;o__Chthoniobacterales;f__Chthoniobacteraceae;g__Candidatus_Udaeobacter;s__	0.9460513707045306
ee6c1ddc66fe1207524b9312e83ca538	d__Bacteria;p__Acidobacteriota;c__Acidobacteriae;o__Acidobacteriales;f__uncultured;g__uncultured;s__	0.9938097076157217
04c4ce496d27ef3c5b9fb00457903a01	d__Bacteria;p__Myxococcota;c__Polyangia;o__Polyangiales;f__Polyangiaceae;g__Aetherobacter;s__	0.997405837290299
47a903a88ac0a35593f3591f52c5c91e	d__Bacteria;p__Bacteroidota;c__Kapabacteria;o__Kapabacteriales;f__Kapabacteriales;g__Kapabacteriales;s__	0.9991020573536717
ce954149f52d09b3974202f988f8017e	d__Bacteria;p__Planctomycetota;c__Planctomycetes;o__Gemmatales;f__Gemmataceae;g__uncultured;s__	0.998818228288286
480365cef1d4b03bc5d3a8a35d74fe67	d__Bacteria;p__Proteobacteria;c__Gammaproteobacteria;o__Xanthomonadales;f__Xanthomonadaceae;g__uncultured;s__	0.9317589651805248
839389e197c764d1d49ce0091f153e4e	d__Bacteria;p__Verrucomicrobiota;c__Verrucomicrobiae;o__Chthoniobacterales;f__Chthoniobacteraceae;g__Candidatus_Udaeobacter;s__	0.9964184905232577
0fc43ebbcbbf3cc4bc68382b36da3a76	d__Bacteria;p__Verrucomicrobiota;c__Verrucomicrobiae;o__Chthoniobacterales;f__Chthoniobacteraceae;g__Candidatus_Udaeobacter;s__	0.9973938514272132
c52798f4405917c4fdf7d3c180576fad	d__Bacteria;p__Patescibacteria;c__Parcubacteria;o__Candidatus_Kaiserbacteria;f__Candidatus_Kaiserbacteria;g__Candidatus_Kaiserbacteria;s__	0.9999271595101517
03de3715ae94f1556a9771f81a89cb32	d__Bacteria;p__Proteobacteria;c__Gammaproteobacteria;o__Burkholderiales;f__Comamonadaceae	0.9999801508214428
0fe6df2ee39835a1a155111a61141fb2	d__Bacteria;p__Verrucomicrobiota;c__Verrucomicrobiae;o__Chthoniobacterales;f__Chthoniobacteraceae;g__Candidatus_Udaeobacter;s__	0.9999094313499993
03ebefda7e504a478239d66192ea803b	d__Bacteria;p__Bacteroidota;c__Bacteroidia;o__Sphingobacteriales;f__Sphingobacteriaceae;g__Mucilaginibacter;s__	0.9976257229345538
14b28d5caac4ebafca672fd6a6c5f874	d__Bacteria;p__Bacteroidota;c__Kapabacteria;o__Kapabacteriales;f__Kapabacteriales;g__Kapabacteriales;s__	0.9994955432258189
06c4339eb7dd63e324b9f458959e5b14	d__Bacteria;p__Verrucomicrobiota;c__Verrucomicrobiae;o__Pedosphaerales;f__Pedosphaeraceae	0.9999975322650053
8bcc88d4b4ac9dcf3563c061ff10bdae	d__Bacteria;p__Planctomycetota;c__Phycisphaerae;o__Tepidisphaerales;f__WD2101_soil_group;g__WD2101_soil_group;s__	0.9999988226913212
3dad0f40b183e282da7c9bbf72b32736	d__Bacteria;p__Verrucomicrobiota;c__Verrucomicrobiae;o__Chthoniobacterales;f__Chthoniobacteraceae;g__Candidatus_Udaeobacter;s__	0.9997975156172086
6e995d5e1ec7a29487290ce47e6ab7ec	d__Bacteria;p__Verrucomicrobiota;c__Verrucomicrobiae;o__Chthoniobacterales;f__Chthoniobacteraceae;g__Candidatus_Udaeobacter;s__	0.9969024254842773
6c0b8d0c9faf183078e3956a17762942	d__Bacteria;p__Gemmatimonadota;c__Gemmatimonadetes;o__Gemmatimonadales;f__Gemmatimonadaceae;g__uncultured;s__	0.9980283573920933
8ff3fd68901f976b2266a3a6c561d6a9	d__Bacteria;p__Verrucomicrobiota;c__Verrucomicrobiae;o__Chthoniobacterales;f__Chthoniobacteraceae;g__Candidatus_Udaeobacter;s__	0.9953326132471932
34d3a44fb47d90158657bf459aac1d96	d__Bacteria;p__Proteobacteria;c__Alphaproteobacteria;o__Rhizobiales;f__Beijerinckiaceae;g__Methylocapsa;s__	0.8569019788430571
e84902fef00d09e1d250d0a4543d61a0	d__Bacteria;p__Acidobacteriota;c__Acidobacteriae;o__Bryobacterales;f__Bryobacteraceae;g__Bryobacter;s__	0.7256263718549707
0c136bd23ac35091af7154d9c25fa8ec	d__Bacteria;p__Chloroflexi;c__AD3;o__AD3;f__AD3;g__AD3;s__	0.9999997182335789
0bed066ed14d41e5982a86fafd0b1d12	d__Bacteria;p__Bacteroidota;c__Bacteroidia;o__Sphingobacteriales;f__Sphingobacteriaceae;g__Mucilaginibacter;s__	0.9863410556074779
0755c4171ad3aeac7fa735e500283f7b	d__Bacteria;p__Planctomycetota;c__Phycisphaerae;o__Tepidisphaerales;f__WD2101_soil_group;g__WD2101_soil_group;s__	0.9999937404003648
1c79597bb475b4dc69cefe04300107ba	d__Bacteria;p__Acidobacteriota;c__Acidobacteriae;o__Bryobacterales;f__Bryobacteraceae;g__Bryobacter;s__	0.9995268108954742
b2ac8cd67d6ab5dda9dde7dbd318d19c	d__Bacteria;p__Chloroflexi;c__KD4-96;o__KD4-96;f__KD4-96;g__KD4-96;s__	0.9999982797215825
b9f98e124d5dd0683633ff699159bbd7	d__Bacteria;p__Verrucomicrobiota;c__Verrucomicrobiae;o__Chthoniobacterales;f__Chthoniobacteraceae;g__Candidatus_Udaeobacter;s__	0.9985173949115433
0120281cf67182b8f8c5cd5446dac0e2	d__Bacteria;p__Acidobacteriota;c__Blastocatellia;o__Pyrinomonadales;f__Pyrinomonadaceae;g__RB41;s__	0.9999952298756027
b80c8a3d4dac6f0bd25671d359f7793c	d__Bacteria;p__Planctomycetota;c__Phycisphaerae;o__Phycisphaerales;f__Phycisphaeraceae;g__uncultured;s__	0.9879921272054052
04b703b1a50e87fab13c4d7e4f02f993	d__Bacteria;p__Proteobacteria;c__Gammaproteobacteria;o__Xanthomonadales;f__Xanthomonadaceae;g__uncultured;s__	0.9797752857815507
d782f94eb550be20c5b3513186f5485f	d__Bacteria;p__Verrucomicrobiota;c__Verrucomicrobiae;o__Chthoniobacterales;f__Chthoniobacteraceae;g__Candidatus_Udaeobacter;s__	0.9999052480181244
401eea2cd12e5a7219cca54f3625a8f4	d__Bacteria;p__Actinobacteriota;c__Actinobacteria;o__Streptomycetales;f__Streptomycetaceae;g__Streptacidiphilus;s__	0.7535981722394043
ea895a53b0df8e5ebb98ae6d909bf1a6	d__Bacteria;p__Verrucomicrobiota;c__Verrucomicrobiae;o__Pedosphaerales;f__Pedosphaeraceae	0.9999992631877483
9ab77c3b3daae0267a52aa74a2164850	d__Bacteria;p__Verrucomicrobiota;c__Chlamydiae;o__Chlamydiales;f__Parachlamydiaceae	0.9737447191342286
afa7e0c2a1531cddd8f26909fc62acf6	d__Bacteria;p__Proteobacteria;c__Alphaproteobacteria;o__Sphingomonadales;f__Sphingomonadaceae;g__Sphingomonas;s__	0.9105023640389087
5d4324155e45226c78721933a4586ffb	d__Bacteria;p__Verrucomicrobiota;c__Verrucomicrobiae;o__Methylacidiphilales;f__Methylacidiphilaceae;g__uncultured;s__	0.9999988134686295
7a49efb660b79dd1659c2868cc4e48a4	d__Bacteria;p__Chloroflexi;c__TK10;o__TK10;f__TK10;g__TK10;s__	0.9999234118223972
eb291b9e00ee0c58ce8dafe31ada57c1	d__Bacteria;p__Proteobacteria;c__Gammaproteobacteria;o__Xanthomonadales;f__Xanthomonadaceae;g__uncultured;s__	0.9801698122957399
09429dc8bf1705a6023048d97a163a46	d__Bacteria;p__Proteobacteria;c__Gammaproteobacteria;o__Piscirickettsiales;f__Piscirickettsiaceae;g__Candidatus_Endoecteinascidia;s__	0.7674877359285661
d02b9b10efcb34a21aef87b88d9372f9	d__Bacteria;p__Planctomycetota;c__Phycisphaerae;o__Tepidisphaerales;f__WD2101_soil_group;g__WD2101_soil_group;s__	0.9999965510541603
82b052ba622f671ba1236ec22fce9102	d__Bacteria;p__Acidobacteriota;c__Acidobacteriae;o__Bryobacterales;f__Bryobacteraceae;g__Bryobacter;s__	0.9994818884450721
6e7604ec6f61c2fee0d97a8d8b3d057d	d__Bacteria;p__Proteobacteria;c__Alphaproteobacteria;o__Rhizobiales;f__Xanthobacteraceae	0.9999955809009856
24fb5ab011f208cc1868723cf73078c1	d__Bacteria;p__Verrucomicrobiota;c__Verrucomicrobiae;o__Chthoniobacterales;f__Chthoniobacteraceae;g__Candidatus_Udaeobacter;s__	0.9862360706277619
29d38e3c771253ba30c8d1c9a5d42c8c	d__Bacteria;p__Proteobacteria;c__Gammaproteobacteria;o__Xanthomonadales;f__Xanthomonadaceae;g__uncultured;s__	0.9441193355246855
a6dab5ba89be47e4e1460b179bc2a123	d__Bacteria;p__Acidobacteriota;c__Holophagae;o__Subgroup_7;f__Subgroup_7;g__Subgroup_7;s__	0.99999259508461
7d6901f4bd7a83ae779f32f1384f6d12	d__Bacteria;p__Proteobacteria;c__Gammaproteobacteria;o__WD260;f__WD260;g__WD260;s__	0.9999997193237217
345801892c185eb04700224e94163f85	d__Bacteria;p__Proteobacteria;c__Gammaproteobacteria;o__Burkholderiales;f__Burkholderiaceae;g__Burkholderia-Caballeronia-Paraburkholderia;s__	0.994402754981629
56e200b71e5898bf10a17b731d3b73bd	d__Bacteria;p__Proteobacteria;c__Alphaproteobacteria;o__Rhizobiales;f__Xanthobacteraceae;g__Bradyrhizobium;s__	0.9264045648489316
875ec3ebbf5648711c0585645e1a3b92	d__Bacteria;p__Bacteroidota;c__Bacteroidia;o__Sphingobacteriales;f__Sphingobacteriaceae;g__Mucilaginibacter;s__	0.9653149966616498
f1a4e15397b04ac5ca59b0437a4416a6	d__Bacteria;p__Bdellovibrionota;c__Bdellovibrionia;o__Bdellovibrionales;f__Bdellovibrionaceae;g__Bdellovibrio;s__	0.9931783838600333
00bbde113f94858ba9cdd805a5d268f8	d__Bacteria;p__Chloroflexi;c__AD3;o__AD3;f__AD3;g__AD3;s__	0.9999998396135497
80765d7d376e38238e7f086def95d22b	d__Bacteria;p__Proteobacteria;c__Gammaproteobacteria;o__Xanthomonadales;f__Xanthomonadaceae;g__uncultured;s__	0.9307873253287859
b0c291410c7dd5ef8fd899a626b5a04f	d__Bacteria;p__Chloroflexi;c__Ktedonobacteria;o__Ktedonobacterales;f__Ktedonobacteraceae;g__JG30a-KF-32;s__	0.9999931974648198
2012c078784d2515f7077f45ea886c21	d__Bacteria;p__Bacteroidota;c__Kapabacteria;o__Kapabacteriales;f__Kapabacteriales;g__Kapabacteriales;s__	0.9989980598685964
b5eb4e304dec19b8f01682cba52f71c6	d__Bacteria;p__Verrucomicrobiota;c__Verrucomicrobiae;o__Chthoniobacterales;f__Chthoniobacteraceae;g__Candidatus_Udaeobacter;s__	0.9697148572755097
17a7e7a858804a8fda3c6361c01f3437	d__Bacteria;p__Acidobacteriota;c__Acidobacteriae;o__Bryobacterales;f__Bryobacteraceae;g__Bryobacter;s__	0.7557391977365825
929d579a99a4c431c7972cb160300a18	d__Bacteria;p__Planctomycetota;c__Planctomycetes;o__Gemmatales;f__Gemmataceae;g__uncultured;s__	0.9959007973045304
9516a8dfe24face93d54ea125a9ee02e	d__Bacteria;p__Acidobacteriota;c__Acidobacteriae;o__Bryobacterales;f__Bryobacteraceae;g__Bryobacter;s__	0.9611813664109018
de0a0a0517cc0f0178ec1b618e1a1193	d__Bacteria;p__Acidobacteriota;c__Acidobacteriae;o__Solibacterales;f__Solibacteraceae;g__Candidatus_Solibacter;s__	0.9810305531217925
63a57d3081d9f29b1ce1f3d75991efef	d__Bacteria;p__Acidobacteriota;c__Acidobacteriae;o__Solibacterales;f__Solibacteraceae;g__Candidatus_Solibacter;s__	0.9962277735971516
1507e924fa832d200d4372aad0d9c1ad	d__Bacteria;p__Proteobacteria;c__Gammaproteobacteria;o__Burkholderiales;f__TRA3-20;g__TRA3-20;s__	0.9999437039813864
35f436773d82bbfacdc0c8fd9798956d	d__Bacteria;p__Verrucomicrobiota;c__Verrucomicrobiae;o__Chthoniobacterales;f__Chthoniobacteraceae;g__Candidatus_Udaeobacter;s__	0.9988806734419725
b41995cecfefab9f130faa7295b381d5	d__Bacteria;p__Acidobacteriota;c__Vicinamibacteria;o__Vicinamibacterales;f__uncultured;g__uncultured;s__	0.9999990055991189
08770863e75b2c62b483fb706de12070	d__Bacteria;p__Verrucomicrobiota;c__Verrucomicrobiae;o__Chthoniobacterales;f__Chthoniobacteraceae;g__Candidatus_Udaeobacter;s__	0.9936347144430362
7fdbdb79df10fbbfa448088029698810	d__Bacteria;p__Proteobacteria;c__Alphaproteobacteria;o__Rhizobiales;f__Xanthobacteraceae;g__Afipia;s__	0.7529939965685088
a90288a8fb95358b97903024f1fd8311	d__Bacteria;p__Patescibacteria;c__ABY1;o__Candidatus_Falkowbacteria;f__Candidatus_Falkowbacteria;g__Candidatus_Falkowbacteria;s__	0.964610472172763
fe1e078e50cc26615cd5a8553eb754f0	d__Bacteria;p__Proteobacteria;c__Gammaproteobacteria;o__Xanthomonadales;f__Xanthomonadaceae	0.9996989805321798
9a9dc79f1704f8434c76fedb86246d2d	d__Bacteria;p__WPS-2;c__WPS-2;o__WPS-2;f__WPS-2;g__WPS-2;s__	0.9999999032615154
dadb2e76ddc94f4e7ef95ac1692b24ab	d__Bacteria;p__Verrucomicrobiota;c__Verrucomicrobiae;o__Chthoniobacterales;f__Chthoniobacteraceae;g__Candidatus_Udaeobacter;s__	0.9982079623293455
17d2d4df3d4804e006a99251626b2e5c	d__Bacteria;p__Verrucomicrobiota;c__Chlamydiae;o__Chlamydiales;f__Parachlamydiaceae	0.9972605668531727
6cab196c1ab683f1d44ab24bd103ba4a	d__Bacteria;p__Verrucomicrobiota;c__Verrucomicrobiae;o__Chthoniobacterales;f__Chthoniobacteraceae;g__Candidatus_Udaeobacter;s__	0.9992404272769321
ab2477289b210628fa58b82b72ff62ae	d__Bacteria;p__Chloroflexi;c__Ktedonobacteria;o__Ktedonobacterales;f__Ktedonobacteraceae;g__HSB_OF53-F07;s__	0.9999835699786668
6ea89ff276c43c627290dc766f287c66	d__Bacteria;p__Actinobacteriota;c__Thermoleophilia;o__Solirubrobacterales;f__Solirubrobacteraceae;g__uncultured;s__	0.7625887805588495
0b1c5ae20359aea0eda1f18e357feabc	d__Bacteria;p__Bacteroidota;c__Bacteroidia;o__Sphingobacteriales;f__Sphingobacteriaceae;g__Mucilaginibacter;s__	0.9914853704717675
14506f05d0146119e6e4bf4df97141a8	d__Bacteria;p__Acidobacteriota;c__Blastocatellia;o__Pyrinomonadales;f__Pyrinomonadaceae;g__RB41;s__	0.999985964916175
a1d99f64f1fe58791794fe95ac899423	d__Bacteria;p__Gemmatimonadota;c__Gemmatimonadetes;o__Gemmatimonadales;f__Gemmatimonadaceae;g__uncultured;s__	0.9995070432207174
875e756789e437f0209acebd6999109a	d__Bacteria;p__Patescibacteria;c__Parcubacteria;o__Candidatus_Nomurabacteria;f__Candidatus_Nomurabacteria;g__Candidatus_Nomurabacteria;s__	0.9561922940268384
5948993291643950f2ec98faace6bd2e	d__Bacteria;p__Proteobacteria;c__Gammaproteobacteria;o__Diplorickettsiales;f__Diplorickettsiaceae;g__uncultured;s__	0.9651715299357713
f188ee3ee978845cd5edb4c3612b19c3	d__Bacteria;p__Acidobacteriota;c__Holophagae;o__Subgroup_7;f__Subgroup_7;g__Subgroup_7;s__	0.9999979250327937
391dfdb3d260e49b9c99fc495e905cb8	d__Bacteria;p__Patescibacteria;c__Parcubacteria;o__Candidatus_Nomurabacteria;f__Candidatus_Nomurabacteria;g__Candidatus_Nomurabacteria;s__	0.9998881070821154
b402032218a8076be078d0cadef6c18a	d__Bacteria;p__Planctomycetota;c__Planctomycetes;o__Gemmatales;f__Gemmataceae;g__uncultured;s__	0.9514932537900365
26cbf222aa03518caa0c95867ff3c8d6	d__Bacteria;p__Patescibacteria;c__Parcubacteria;o__Candidatus_Nomurabacteria;f__Candidatus_Nomurabacteria;g__Candidatus_Nomurabacteria;s__	0.9997425257193727
ed4e99d51a40adade592b76a873861e5	d__Bacteria;p__Acidobacteriota;c__Blastocatellia;o__Blastocatellales;f__Blastocatellaceae;g__Blastocatella;s__	0.9805927214120241
aff1c1186062682fa68ab84ab38cebc1	d__Bacteria;p__Acidobacteriota;c__Acidobacteriae;o__Acidobacteriales;f__uncultured;g__uncultured;s__	0.7448228671638536
7f824fab5b2cc4a1a0fcc81872330edb	d__Bacteria;p__Proteobacteria;c__Alphaproteobacteria;o__Micropepsales;f__Micropepsaceae	0.9999413135666617
ec71a30362273117bf252a5f955d6b12	d__Bacteria;p__WPS-2;c__WPS-2;o__WPS-2;f__WPS-2;g__WPS-2;s__	0.9583514208542121
a530536009b5de72de83eb4dc43fb2ca	d__Bacteria;p__Patescibacteria;c__Saccharimonadia;o__Saccharimonadales;f__LWQ8;g__LWQ8;s__	0.9966184404928334
6efe6bd5ffe9f59174b8df97925e4de6	d__Bacteria;p__Planctomycetota;c__Phycisphaerae;o__Tepidisphaerales;f__WD2101_soil_group;g__WD2101_soil_group;s__	0.9999889198816104
c2d00f22b00d9528119ed0640dbb17a4	d__Bacteria;p__Proteobacteria;c__Alphaproteobacteria	0.8283764044216992
ea62bba49e0038d03d30a587afc6601a	d__Bacteria;p__Proteobacteria;c__Alphaproteobacteria;o__Rhizobiales;f__Xanthobacteraceae	0.9999941805006873
17213deb1c62ed9740516d689c8d8e26	d__Bacteria;p__Proteobacteria;c__Gammaproteobacteria;o__Burkholderiales;f__Oxalobacteraceae	0.9950816831445609
7efef33531be533574ea304aba824b9c	d__Bacteria;p__Bacteroidota;c__Kapabacteria;o__Kapabacteriales;f__Kapabacteriales;g__Kapabacteriales;s__	0.9990605290019028
852b2dc8d17e5d2ee41f8927ee12b65d	d__Bacteria;p__Patescibacteria;c__Parcubacteria;o__Candidatus_Azambacteria;f__Candidatus_Azambacteria;g__Candidatus_Azambacteria;s__	0.8603030198157793
0c5ce83ac4486239a5f5d3a690a1e13e	d__Bacteria;p__Verrucomicrobiota;c__Verrucomicrobiae;o__Chthoniobacterales;f__Chthoniobacteraceae;g__Candidatus_Udaeobacter;s__	0.9969884319357825
ff3f9175d1da29dd96ff72aaf8b0b715	d__Bacteria;p__Acidobacteriota;c__Holophagae;o__Subgroup_7;f__Subgroup_7;g__Subgroup_7;s__	0.9999986130329955
5b563afc3260fee725ba6ecd712ffe4b	d__Bacteria;p__Verrucomicrobiota;c__Verrucomicrobiae;o__Chthoniobacterales;f__Chthoniobacteraceae;g__Candidatus_Udaeobacter;s__	0.9996311051553028
cc14600ac463e5d31c0d8fe99adbbeef	d__Bacteria;p__Bacteroidota;c__Bacteroidia;o__Sphingobacteriales;f__Sphingobacteriaceae;g__Mucilaginibacter;s__	0.9995011697129732
9d39d1f182e3946e1eed443784fe2f47	d__Bacteria;p__Gemmatimonadota;c__Gemmatimonadetes;o__Gemmatimonadales;f__Gemmatimonadaceae;g__uncultured;s__	0.9992104626918473
c7d60df62887117243e6f89f0141c33a	d__Bacteria;p__Bacteroidota;c__Bacteroidia;o__Chitinophagales;f__Chitinophagaceae;g__Dinghuibacter;s__	0.8247640292558055
fabf88815ee60efd7ae829defe4dd53d	d__Bacteria;p__Proteobacteria;c__Alphaproteobacteria;o__Rhizobiales;f__Rhizobiaceae;g__Allorhizobium-Neorhizobium-Pararhizobium-Rhizobium;s__	0.910557212409509
f9c8f5b15a269ad91517e8693fc27442	d__Bacteria;p__Acidobacteriota;c__Blastocatellia;o__Blastocatellales;f__Blastocatellaceae;g__JGI_0001001-H03;s__	0.9511700890670886
364251b772998cf76f598e742f0187c8	d__Bacteria;p__Verrucomicrobiota;c__Verrucomicrobiae;o__Chthoniobacterales;f__Chthoniobacteraceae;g__Candidatus_Udaeobacter;s__	0.9983639048123071
9337192782278763cf8331317ea8b53d	d__Bacteria;p__Planctomycetota;c__Planctomycetes;o__Isosphaerales;f__Isosphaeraceae	0.9999939445286201
78f758ab8362e1d7d04bdbcad1f2fad4	d__Bacteria;p__Acidobacteriota;c__Acidobacteriae;o__Bryobacterales;f__Bryobacteraceae;g__Bryobacter;s__	0.8253786075040702
93fa834f27c365c8c5d60932a2376b82	d__Bacteria;p__Chloroflexi;c__Ktedonobacteria;o__C0119;f__C0119;g__C0119;s__	0.9777831564296203
8fba840617cffd888eb162634e67dc53	d__Bacteria;p__Verrucomicrobiota;c__Verrucomicrobiae;o__Pedosphaerales;f__Pedosphaeraceae;g__Pedosphaeraceae;s__	0.7553465946968484
c08089888007d08034ecd5e2376386c3	d__Bacteria;p__Proteobacteria;c__Gammaproteobacteria;o__Burkholderiales;f__Oxalobacteraceae;g__Collimonas;s__	0.982013919392882
eefe86a39181cd528535b746411fcb0d	d__Bacteria;p__Planctomycetota;c__Phycisphaerae;o__Tepidisphaerales;f__WD2101_soil_group;g__WD2101_soil_group;s__	0.999984673954294
8e33233cae4beb8793ee253119394591	d__Bacteria;p__Acidobacteriota;c__Acidobacteriae;o__Bryobacterales;f__Bryobacteraceae;g__Bryobacter;s__	0.938915005131826
5dffb80f95129a34886e02ad76532f22	d__Bacteria;p__Bacteroidota;c__Bacteroidia;o__Chitinophagales;f__Chitinophagaceae;g__Puia;s__	0.9321469467581761
f3bc56bcec8964faaa8221ead4090ef7	d__Bacteria;p__Bacteroidota;c__Bacteroidia;o__Sphingobacteriales;f__Sphingobacteriaceae;g__Mucilaginibacter;s__	0.9851118335874942
1fad9376e26522193294a4ca1ad5be35	d__Bacteria;p__Verrucomicrobiota;c__Verrucomicrobiae;o__Chthoniobacterales;f__Chthoniobacteraceae;g__Candidatus_Udaeobacter;s__	0.9531071233639273
94e7a89226bd8dde3bb142f2f5ec1b6f	d__Bacteria;p__Proteobacteria;c__Gammaproteobacteria;o__Burkholderiales;f__Oxalobacteraceae;g__Massilia;s__	0.9835144286792974
40c802d4257e245b51eadc0e4aaf4f2f	d__Bacteria;p__Acidobacteriota;c__Acidobacteriae;o__Bryobacterales;f__Bryobacteraceae;g__Bryobacter;s__	0.8907124392648748
527a6e02ee4f36ccbacc61b911dd88a0	d__Bacteria;p__Proteobacteria;c__Gammaproteobacteria;o__Burkholderiales;f__A21b;g__A21b;s__	0.9250795242905057
a4b5d4ede936ec2fc8eea26e261f14e7	d__Bacteria;p__Patescibacteria;c__Parcubacteria;o__Candidatus_Azambacteria;f__Candidatus_Azambacteria;g__Candidatus_Azambacteria;s__	0.8043553715869108
3c36bd0a65ee4f6b1028e6b74cd25821	d__Bacteria;p__Proteobacteria;c__Alphaproteobacteria;o__Rhizobiales;f__Rhizobiales_Incertae_Sedis;g__uncultured;s__	0.8733924580174206
4a6bf8689d89a3b09664a82d99146d25	d__Bacteria;p__Chloroflexi;c__Ktedonobacteria;o__Ktedonobacterales;f__Ktedonobacteraceae;g__JG30a-KF-32;s__	0.999981784592881
4e0dcc256ac1cb4490e3f82983ed3538	d__Bacteria;p__Chloroflexi;c__Ktedonobacteria;o__B12-WMSP1;f__B12-WMSP1;g__B12-WMSP1;s__	0.9999978921534354
55d2f2f7bd033ae4f3aaf3be09919a27	d__Bacteria;p__Proteobacteria;c__Gammaproteobacteria;o__Pseudomonadales;f__Pseudomonadaceae;g__Pseudomonas;s__	0.999852174453515
06154e63fc8c15802c2046dad191a42c	d__Bacteria;p__Acidobacteriota;c__Acidobacteriae;o__Solibacterales;f__Solibacteraceae;g__Candidatus_Solibacter;s__	0.9433422620502816
68f7cc837c23d1001593dc280c3b8dd6	d__Bacteria;p__Actinobacteriota;c__Actinobacteria;o__Corynebacteriales;f__Nocardiaceae;g__Nocardia;s__	0.9997928384006025
4f7f3ed790e6401ffc353018b1caa899	d__Bacteria;p__Planctomycetota;c__Planctomycetes;o__Gemmatales;f__Gemmataceae;g__Gemmata;s__	0.9905421659354824
0b54288a46e751c1c5151de7f8a6d56c	d__Bacteria;p__Patescibacteria;c__Saccharimonadia;o__Saccharimonadales;f__LWQ8;g__LWQ8;s__	0.9799816126772979
3c0c4d8da53b273551271e180d194c57	d__Bacteria;p__Bacteroidota;c__Bacteroidia;o__Cytophagales;f__Microscillaceae;g__uncultured;s__	0.856436225339955
9b2633663bc52e0026810575b4e14374	d__Bacteria;p__Chloroflexi;c__Anaerolineae;o__SBR1031	0.8796345350909045
2442c8524ee833d070772b4f9e116d0e	d__Bacteria;p__Acidobacteriota;c__Acidobacteriae;o__Bryobacterales;f__Bryobacteraceae;g__Bryobacter;s__	0.9005240144357568
a2575693941413d7bc425dc04e2ff642	d__Bacteria;p__Gemmatimonadota;c__Gemmatimonadetes;o__Gemmatimonadales;f__Gemmatimonadaceae;g__uncultured;s__	0.9992551518298823
823d4183fb9ee2a679de0f22362207d2	d__Bacteria;p__Proteobacteria;c__Alphaproteobacteria;o__Rhizobiales;f__Rhizobiales_Incertae_Sedis;g__uncultured;s__	0.977188350605456
d33763d581cd09513738ff6b4f2463f3	d__Bacteria;p__Patescibacteria;c__Parcubacteria;o__Candidatus_Kaiserbacteria;f__Candidatus_Kaiserbacteria;g__Candidatus_Kaiserbacteria;s__	0.996096004652371
92d4dd91d6637d097261514077d27e47	d__Bacteria;p__Actinobacteriota;c__Actinobacteria;o__Corynebacteriales;f__Nocardiaceae;g__Nocardia;s__	0.999483487470158
0521ed6ea196e2f4e0d4844dc0899dcf	d__Bacteria;p__Fibrobacterota;c__Fibrobacteria;o__Fibrobacterales;f__Fibrobacteraceae;g__possible_genus_04;s__	0.9998870554782401
e335087bc672b95b181b5c114815fd23	d__Bacteria;p__Proteobacteria;c__Alphaproteobacteria;o__Caulobacterales;f__Caulobacteraceae;g__uncultured;s__	0.8537673372797935
7339b67aa0033522d75ecf9411747991	d__Bacteria;p__Verrucomicrobiota;c__Verrucomicrobiae;o__Chthoniobacterales;f__Chthoniobacteraceae;g__Candidatus_Udaeobacter;s__	0.9868475595133201
c9f2fc87b5895c36662a2b090896ca2b	d__Bacteria;p__WPS-2;c__WPS-2;o__WPS-2;f__WPS-2;g__WPS-2;s__	0.9999999336354528
f95a1a5cd4dbbb2e66a590004c968c32	d__Bacteria;p__Acidobacteriota;c__Thermoanaerobaculia;o__Thermoanaerobaculales;f__Thermoanaerobaculaceae;g__Subgroup_10;s__	0.9998752167821324
f54d9be928fe4f18279db7b37f5a71b6	d__Bacteria;p__Gemmatimonadota;c__Gemmatimonadetes;o__Gemmatimonadales;f__Gemmatimonadaceae	0.9995766459046699
8b82c2a57ff323c3e1023a7f5d838f86	d__Bacteria;p__Acidobacteriota;c__Acidobacteriae;o__Subgroup_2;f__Subgroup_2;g__Subgroup_2;s__	0.9999999826606826
383df1b3a7fdbd8901c56611fac7dbd3	d__Bacteria;p__Cyanobacteria;c__Vampirivibrionia;o__Obscuribacterales;f__Obscuribacteraceae;g__Candidatus_Obscuribacter;s__	0.9994111037531213
3bb0bf542b057d6f64710c742f3d1a70	d__Bacteria;p__Patescibacteria;c__Saccharimonadia;o__Saccharimonadales;f__LWQ8;g__LWQ8;s__	0.9977186205848516
ef85a4401a55ebfc7f2d4d134760aea8	d__Bacteria;p__Planctomycetota;c__Planctomycetes;o__Isosphaerales;f__Isosphaeraceae	0.9999465524100999
1ed6905c30a346025e8410c6287ce3ed	d__Bacteria;p__Chloroflexi;c__Ktedonobacteria;o__Ktedonobacterales;f__Ktedonobacteraceae;g__JG30a-KF-32;s__	0.9998700641999988
33db22ceaa193c22725c134dd6f5111c	d__Bacteria;p__Bacteroidota;c__Bacteroidia;o__Chitinophagales;f__Chitinophagaceae;g__uncultured;s__	0.9813244964626465
0be88d84174868b439b334827017f115	d__Bacteria;p__Acidobacteriota;c__Acidobacteriae;o__Bryobacterales;f__Bryobacteraceae;g__Bryobacter;s__	0.7485578215453833
2cb756aee9653ac528152d6dbd7de056	d__Bacteria;p__Gemmatimonadota;c__Gemmatimonadetes;o__Gemmatimonadales;f__Gemmatimonadaceae;g__uncultured;s__	0.997422725712986
a4c37add004cefb37ff362eaf8d463e6	d__Bacteria;p__Acidobacteriota;c__Acidobacteriae;o__Acidobacteriales;f__Acidobacteriaceae_(Subgroup_1)	0.9999982672563097
6317169e35cbd5652ff3b7c9fc96822e	d__Bacteria;p__Chloroflexi;c__Ktedonobacteria;o__Ktedonobacterales;f__Ktedonobacteraceae;g__JG30a-KF-32;s__	0.9996334277863402
5a7c433210690593bc1fef654f5bd00d	d__Bacteria;p__Actinobacteriota;c__Actinobacteria;o__Corynebacteriales;f__Nocardiaceae;g__Rhodococcus;s__	0.9980528202769092
97b9e9eaaa399f8b2c10083c29589a93	d__Bacteria;p__Verrucomicrobiota;c__Verrucomicrobiae;o__Chthoniobacterales;f__Chthoniobacteraceae;g__Candidatus_Udaeobacter;s__	0.9996007398400973
a4ac5a19670387c337a6e34de61892dc	d__Bacteria;p__Planctomycetota;c__Phycisphaerae;o__Tepidisphaerales;f__WD2101_soil_group;g__WD2101_soil_group;s__	0.9999847637079134
697181a0ed14b4f90d58de8a0dfb3e50	d__Bacteria;p__WPS-2;c__WPS-2;o__WPS-2;f__WPS-2;g__WPS-2;s__	0.9794205593819075
d05b6d50cc3fcd57c5f2358990cd2fd7	d__Bacteria;p__Proteobacteria;c__Alphaproteobacteria;o__Caulobacterales;f__Caulobacteraceae;g__uncultured;s__	0.9178493370377802
d9a498d69379c34030b776cc0f027313	d__Bacteria;p__Proteobacteria;c__Gammaproteobacteria;o__WD260;f__WD260;g__WD260;s__	0.9999906136900714
8ca413769c883fe7c06b71460efce56e	d__Archaea;p__Crenarchaeota;c__Nitrososphaeria;o__Nitrososphaerales;f__Nitrososphaeraceae;g__Nitrososphaeraceae;s__	0.9567437511428798
31f38da6bae04d3d2d267fbb9c4a4804	d__Bacteria;p__Acidobacteriota;c__Acidobacteriae;o__Solibacterales;f__Solibacteraceae;g__Candidatus_Solibacter;s__	0.998529181188546
29ef0512ba5259b9867f006482f6f9c1	d__Bacteria;p__Bacteroidota;c__Bacteroidia;o__Chitinophagales;f__Chitinophagaceae	0.9999865482469326
fe03f1821096960d48894528f517c6f3	d__Bacteria;p__Planctomycetota;c__Planctomycetes;o__Isosphaerales;f__Isosphaeraceae;g__uncultured;s__	0.9988792024405109
0ed27e27e4b6e2ab697bd7b913ddec16	d__Bacteria;p__Actinobacteriota;c__Actinobacteria;o__Catenulisporales;f__Catenulisporaceae;g__Catenulispora;s__	0.9998818948188216
ecf3fe9f6606a27016ae40b17338bf8e	d__Bacteria;p__Acidobacteriota;c__Holophagae;o__Subgroup_7;f__Subgroup_7;g__Subgroup_7;s__	0.999998330237078
64adb0047b36e5c7fc994f7c0befb1fd	d__Bacteria;p__Proteobacteria;c__Gammaproteobacteria;o__JG36-TzT-191;f__JG36-TzT-191;g__JG36-TzT-191;s__	0.9994200912428186
ac41b2f7cf85d475e050ec5b710b561f	d__Bacteria;p__Chloroflexi;c__Ktedonobacteria;o__B12-WMSP1;f__B12-WMSP1;g__B12-WMSP1;s__	0.9999981525462841
81957e81b8555d4ef809f5086874d1d4	d__Bacteria;p__Planctomycetota;c__Planctomycetes;o__Gemmatales;f__Gemmataceae;g__Gemmata;s__	0.9696339186127185
89c39bc60711c9de5ee63256ce28b0cf	d__Bacteria;p__Planctomycetota;c__Phycisphaerae;o__Tepidisphaerales;f__WD2101_soil_group;g__WD2101_soil_group;s__	0.9999932817088403
83b3017444d6d1073dde897542f8bf61	d__Bacteria;p__Acidobacteriota;c__Acidobacteriae;o__Acidobacteriales;f__uncultured;g__uncultured;s__	0.845219130753162
3c39d796ccf628248da471688dfbf1d0	d__Bacteria;p__Planctomycetota;c__Planctomycetes;o__Gemmatales;f__Gemmataceae;g__Gemmata;s__	0.8691443260991861
c2aa311b790bbde03133d078f4f00ea3	d__Bacteria;p__Planctomycetota;c__Planctomycetes;o__Gemmatales;f__Gemmataceae;g__uncultured;s__	0.993545864864655
6f338a99760244daeb71473a67bb5cab	d__Bacteria;p__Bacteroidota;c__Bacteroidia;o__Chitinophagales;f__37-13;g__37-13;s__	0.9999972132273064
730efe81b348e3e2e99386bc5879d89c	d__Bacteria;p__Acidobacteriota;c__Holophagae;o__Subgroup_7;f__Subgroup_7;g__Subgroup_7;s__	0.9999979064258784
dd2c87ae76948c54f7661929e86c9513	d__Bacteria;p__Acidobacteriota;c__Blastocatellia;o__Pyrinomonadales;f__Pyrinomonadaceae;g__RB41;s__	0.9998853549431709
276139d82c703dfb319632210852df0d	d__Bacteria;p__Proteobacteria;c__Alphaproteobacteria;o__Caulobacterales;f__Caulobacteraceae	0.9999999720100605
303da3c10cfb5d2f38f82d740c128239	d__Bacteria;p__Chloroflexi;c__Chloroflexia;o__Kallotenuales;f__AKIW781;g__AKIW781;s__	0.997778016042576
d0c9e417020b523168d22506621b33a7	d__Bacteria;p__Chloroflexi;c__AD3;o__AD3;f__AD3;g__AD3;s__	0.9467206781149273
80bfbd6c39a4769134064ce67a48719b	d__Bacteria;p__Actinobacteriota;c__Actinobacteria;o__Corynebacteriales;f__Mycobacteriaceae;g__Mycobacterium;s__	0.9999283103485854
695d81764cfaf5d3022a3ba1e4d35670	d__Bacteria;p__Proteobacteria;c__Alphaproteobacteria;o__Sphingomonadales;f__Sphingomonadaceae;g__Sphingomonas;s__	0.9332381307437861
24baa45208ffaca27c5d95f4cb867ea9	d__Bacteria;p__Verrucomicrobiota;c__Verrucomicrobiae;o__Methylacidiphilales;f__Methylacidiphilaceae;g__uncultured;s__	0.9998843083892449
1ec9ebb491e5ef4d95e824f68bbb1cd6	d__Bacteria;p__Proteobacteria;c__Gammaproteobacteria;o__Burkholderiales;f__SC-I-84;g__SC-I-84;s__	0.9766915728136084
dad1376071d1cfc09e96da432458994d	d__Bacteria;p__Bacteroidota;c__Bacteroidia;o__Sphingobacteriales;f__env.OPS_17;g__env.OPS_17;s__	0.9618727548363069
5a50786cd62a9f4cbd32a67e19ee66bd	d__Bacteria;p__Patescibacteria;c__Saccharimonadia;o__Saccharimonadales;f__Saccharimonadaceae;g__TM7a;s__	0.982389941995521
6ec527382f058ed670686548589ffb6f	d__Bacteria;p__Planctomycetota;c__Planctomycetes;o__Gemmatales;f__Gemmataceae;g__uncultured;s__	0.9852329306826304
fadf785e05b4a4ce8d1826400c0f52f0	d__Bacteria;p__Acidobacteriota;c__Acidobacteriae	0.9999999337006189
671f9c708d802df2f66dc4ec3a87e453	d__Bacteria;p__Proteobacteria;c__Alphaproteobacteria;o__Reyranellales;f__Reyranellaceae;g__Reyranella;s__	0.9999999712656806
aef47484206bf6296ecedd96fed50e8f	d__Bacteria;p__Proteobacteria;c__Alphaproteobacteria;o__Micropepsales;f__Micropepsaceae;g__uncultured;s__	0.9648019202861626
8e5c64a8280b7a24eaa56e52433e5d79	d__Bacteria;p__Proteobacteria;c__Gammaproteobacteria;o__Burkholderiales;f__Oxalobacteraceae	0.9996703434932798
15b4895d6ff6d0d1fdde1c3883251b00	d__Bacteria;p__Bacteroidota;c__Bacteroidia;o__Sphingobacteriales;f__Sphingobacteriaceae;g__Mucilaginibacter;s__	0.9923999395357227
293b3862b9d94e0641fd4364ab788065	d__Bacteria;p__Proteobacteria;c__Alphaproteobacteria;o__Paracaedibacterales;f__Paracaedibacteraceae;g__Candidatus_Paracaedibacter;s__	0.9999766396346764
634acf031ad5ab609ba8d31e5a40ac1f	d__Bacteria;p__Acidobacteriota;c__Acidobacteriae;o__Acidobacteriales;f__uncultured;g__uncultured;s__	0.9997079025748861
af5b5da6e39da07c5cf4775c1857a995	d__Bacteria;p__Verrucomicrobiota;c__Verrucomicrobiae;o__Chthoniobacterales;f__Chthoniobacteraceae;g__Candidatus_Udaeobacter;s__	0.9993525777349908
8e2efa0c6ade0578cbe7677fdfd9fef6	d__Bacteria;p__Proteobacteria;c__Gammaproteobacteria;o__Xanthomonadales;f__Xanthomonadaceae;g__uncultured;s__	0.9819038195635936
d10b4abc6e42caabcd8131a60fd9235a	d__Bacteria;p__Proteobacteria;c__Gammaproteobacteria;o__Burkholderiales;f__Oxalobacteraceae	0.9985732481248047
841b08ec99132e492310aefc1ed3ff65	d__Bacteria;p__Chloroflexi;c__KD4-96;o__KD4-96;f__KD4-96;g__KD4-96;s__	0.9999969639093866
87a7a8c65922cad263d8b23d19ebf26e	d__Bacteria;p__Acidobacteriota;c__Acidobacteriae;o__Bryobacterales;f__Bryobacteraceae;g__Bryobacter;s__	0.983531609926697
d5b45622bf5204169f8322033e864217	d__Bacteria;p__Chloroflexi;c__Anaerolineae;o__Anaerolineales;f__Anaerolineaceae;g__uncultured;s__	0.7709263816630456
95c844f1ad526b17fecbdc5717afa113	d__Bacteria;p__Proteobacteria;c__Gammaproteobacteria;o__Burkholderiales;f__Burkholderiaceae;g__Limnobacter;s__	0.7576814081089783
d1dce274bfc88d83d7c0a285b5f1309d	d__Bacteria;p__Acidobacteriota;c__Acidobacteriae;o__Bryobacterales;f__Bryobacteraceae;g__Bryobacter;s__	0.9672812584433721
22a0e5a4328c5e6b0ebef01dfb9fc0f9	d__Bacteria;p__Verrucomicrobiota;c__Verrucomicrobiae;o__Chthoniobacterales;f__Chthoniobacteraceae;g__Candidatus_Udaeobacter;s__	0.9994657231566062
9f1c70c0e58522ed4547e6d3bddcc0ee	d__Bacteria;p__Proteobacteria;c__Gammaproteobacteria;o__Coxiellales;f__Coxiellaceae;g__Coxiella;s__	0.8883924186882605
9fc83765ee3b96e0aee4c9f4c22e0e44	d__Bacteria;p__Verrucomicrobiota;c__Verrucomicrobiae;o__Chthoniobacterales;f__Chthoniobacteraceae;g__Candidatus_Udaeobacter;s__	0.9992825821091605
2fc7622a45a8f36ce1c99be3e6022ccb	d__Bacteria;p__Actinobacteriota;c__Actinobacteria;o__Micrococcales;f__Micrococcaceae	0.9998141149823352
d964bfb61838bd46843444181c4d5976	d__Bacteria;p__Verrucomicrobiota;c__Verrucomicrobiae;o__Chthoniobacterales;f__Chthoniobacteraceae;g__Candidatus_Udaeobacter;s__	0.9992542830474735
7b519b4be8a1e22afc614ebdfc540d7c	d__Bacteria;p__Gemmatimonadota;c__Gemmatimonadetes;o__Gemmatimonadales;f__Gemmatimonadaceae	0.9993004573070087
7dde07163aa1f5bc47fd7afce342c678	d__Bacteria;p__Patescibacteria;c__Parcubacteria;o__Candidatus_Nomurabacteria;f__Candidatus_Nomurabacteria;g__Candidatus_Nomurabacteria;s__	0.9851971955501597
219a5a75cef4ebc3ebee529583167406	d__Bacteria;p__Planctomycetota;c__Planctomycetes;o__Planctomycetales;f__uncultured;g__uncultured;s__	0.9999089309004057
b73d497d47fa80e719e2d7322f246433	d__Bacteria;p__Chloroflexi;c__AD3;o__AD3;f__AD3;g__AD3;s__	0.9999999395262495
258fa6382d84314f9a19f6a3ac60a8a9	d__Bacteria;p__Patescibacteria;c__Saccharimonadia;o__Saccharimonadales;f__Saccharimonadaceae;g__TM7a;s__	0.9934017973852807
210a410d9907ea5ec286057b8af20c8b	d__Bacteria;p__Gemmatimonadota;c__Gemmatimonadetes;o__Gemmatimonadales;f__Gemmatimonadaceae;g__Gemmatimonas;s__	0.993654747478772
ec6c60fb4e425135198f087fa09bbf4f	d__Bacteria;p__Planctomycetota;c__Phycisphaerae;o__Tepidisphaerales;f__WD2101_soil_group;g__WD2101_soil_group;s__	0.9999953250152057
4630733bfb106e0b85868472fa373aec	d__Bacteria;p__Chloroflexi;c__AD3;o__AD3;f__AD3;g__AD3;s__	0.999704222848337
0530e968c0d25a032aaf2c4fd361a536	d__Bacteria;p__Cyanobacteria;c__Vampirivibrionia;o__Vampirovibrionales;f__Vampirovibrionaceae;g__Vampirovibrionaceae;s__	0.999976582464665
02962db351a02887bbe9bf7be008d6d7	d__Bacteria;p__Bacteroidota;c__Bacteroidia;o__Chitinophagales;f__Chitinophagaceae;g__uncultured;s__	0.7296953422454346
61a7c51a2748109b50362117c7de18ae	d__Bacteria;p__Verrucomicrobiota;c__Verrucomicrobiae;o__Chthoniobacterales;f__Chthoniobacteraceae;g__Candidatus_Udaeobacter;s__	0.9998943094544532
223919788327aee3849fdab4117e0eb8	d__Bacteria;p__Planctomycetota;c__vadinHA49;o__vadinHA49;f__vadinHA49;g__vadinHA49;s__	0.9476784131084973
35e74c766dec447e5a33804131dd995e	d__Bacteria;p__Planctomycetota;c__Planctomycetes;o__Planctomycetales;f__uncultured;g__uncultured;s__	0.9994232773348892
a6ab880b8000b9b0723c823228c9b7bd	d__Bacteria;p__WPS-2;c__WPS-2;o__WPS-2;f__WPS-2;g__WPS-2;s__	0.9765932567466543
110cf41535721c17970ccb8116b15630	d__Bacteria;p__Verrucomicrobiota;c__Verrucomicrobiae;o__Verrucomicrobiales;f__Rubritaleaceae;g__Luteolibacter;s__	0.9995346239243266
a4c5fcead33ca4a7a600ef09e348fa58	d__Bacteria;p__Proteobacteria;c__Gammaproteobacteria;o__Burkholderiales;f__Comamonadaceae;g__Variovorax;s__	0.9548069557833783
cff7bdf4514f064ac3f176057911bcad	d__Bacteria;p__Bacteroidota;c__Bacteroidia;o__Sphingobacteriales;f__Sphingobacteriaceae;g__Mucilaginibacter;s__	0.9953327247273468
375e5b2edf3d07d8d838c13feae3553a	d__Bacteria;p__Gemmatimonadota;c__Gemmatimonadetes;o__Gemmatimonadales;f__Gemmatimonadaceae;g__uncultured;s__	0.9989306496006902
fc7cbc52570a92ae9bacc37e6df2e291	d__Bacteria;p__Planctomycetota;c__Planctomycetes;o__Planctomycetales;f__uncultured;g__uncultured;s__	0.9980904270590322
a73739b68da44f14dd9846410182a1ce	d__Bacteria;p__Patescibacteria;c__Parcubacteria	0.9533457100365211
40ba21a31652bc941144a7b059b2c07b	d__Bacteria;p__Proteobacteria;c__Alphaproteobacteria;o__Rhizobiales;f__Xanthobacteraceae;g__Tardiphaga;s__	0.8753799962300294
01c32cf1ad8ff61f194fb7079ea4ca53	d__Bacteria;p__Proteobacteria;c__Alphaproteobacteria;o__Rhizobiales;f__Devosiaceae	0.9986784423162964
ee1fc38935e4a5d67a0b37d7f571ccdb	d__Bacteria;p__Verrucomicrobiota;c__Verrucomicrobiae;o__Chthoniobacterales;f__Chthoniobacteraceae;g__Candidatus_Udaeobacter;s__	0.9949512471982349
c204736ad46ee8d90825896b41c41c5a	d__Bacteria;p__Chloroflexi;c__KD4-96;o__KD4-96;f__KD4-96;g__KD4-96;s__	0.9999892971404511
054cfd9db0377a05634d1c721061ba58	d__Bacteria;p__Patescibacteria;c__Parcubacteria;o__Candidatus_Nomurabacteria;f__Candidatus_Nomurabacteria;g__Candidatus_Nomurabacteria;s__	0.9998264942523104
12138cb5461b0346b12bc917efa23e66	d__Bacteria;p__Sumerlaeota;c__Sumerlaeia;o__Sumerlaeales;f__Sumerlaeaceae;g__Sumerlaea;s__	0.9993900132200736
5b56f3e502e3dfee5f371e04e836d464	d__Bacteria;p__Gemmatimonadota;c__Gemmatimonadetes;o__Gemmatimonadales;f__Gemmatimonadaceae;g__Gemmatimonas;s__	0.8648681370229793
9ccc8e94ec0edd35354961c7e469c660	d__Bacteria;p__Planctomycetota;c__Phycisphaerae;o__Tepidisphaerales;f__WD2101_soil_group;g__WD2101_soil_group;s__	0.9999864743709108
85bb138281f61f447a8bc084cbffb1a9	d__Bacteria;p__Verrucomicrobiota;c__Verrucomicrobiae;o__Chthoniobacterales;f__Chthoniobacteraceae;g__Candidatus_Udaeobacter;s__	0.997000344077132
a1baa144cad85d018c0a10f6af3fdace	d__Bacteria;p__Acidobacteriota;c__Acidobacteriae;o__Acidobacteriales;f__uncultured;g__uncultured;s__	0.9996368439353289
93f36db8d244e3f09b48266799890ba8	d__Bacteria;p__Planctomycetota;c__Planctomycetes;o__Planctomycetales;f__uncultured;g__uncultured;s__	0.999437023377456
c8510221488162ae51de4530ada88f19	d__Bacteria;p__Proteobacteria;c__Gammaproteobacteria;o__Diplorickettsiales;f__Diplorickettsiaceae;g__uncultured;s__	0.9821134619161436
47c72c1914e4d70b751e6a9792b76fc6	d__Bacteria;p__Proteobacteria;c__Alphaproteobacteria;o__Rhodospirillales;f__uncultured;g__uncultured;s__	0.9900981500524895
c2d44df0e12491d2b21531311acda2c0	d__Bacteria;p__Planctomycetota;c__Phycisphaerae;o__Phycisphaerales;f__Phycisphaeraceae;g__uncultured;s__	0.9918642040557245
8e72dea0af52320137887d84d0d35233	d__Bacteria;p__Bacteroidota;c__Bacteroidia;o__Sphingobacteriales;f__env.OPS_17;g__env.OPS_17;s__	0.9999689832179044
e5852d2f6124c3ecefb0d57d837ed70e	d__Bacteria;p__Myxococcota;c__Polyangia;o__Polyangiales;f__Polyangiaceae;g__Pajaroellobacter;s__	0.9995266330395804
feddfdd89caf69f938d8a9a19c1a8993	d__Bacteria;p__Proteobacteria;c__Gammaproteobacteria;o__Burkholderiales;f__Nitrosomonadaceae;g__Ellin6067;s__	0.9999990411316212
8074e92315f6d9ff9b173c8be1ef848c	d__Bacteria;p__Gemmatimonadota;c__Gemmatimonadetes;o__Gemmatimonadales;f__Gemmatimonadaceae;g__Gemmatimonas;s__	0.9920170661793865
fed2f6cacdeb8f78d9bb19bd40fcbbb6	d__Bacteria;p__Nitrospirota;c__Nitrospiria;o__Nitrospirales;f__Nitrospiraceae;g__Nitrospira;s__	0.9999998681731002
6a5a5f1afeb44133cbcdab0bfd1321d9	d__Bacteria;p__Acidobacteriota;c__Blastocatellia;o__Pyrinomonadales;f__Pyrinomonadaceae;g__RB41;s__	0.9999420674619672
e2eff7a3570ef2ae67a2d5b0c283f579	d__Bacteria;p__Acidobacteriota;c__Acidobacteriae;o__Subgroup_2;f__Subgroup_2;g__Subgroup_2;s__	0.9999999942803868
d33189c5c94b2cc4a7c1f6c455f686e4	d__Bacteria;p__Chloroflexi;c__Anaerolineae;o__RBG-13-54-9;f__RBG-13-54-9;g__RBG-13-54-9;s__	0.9850391232988007
78ce085ae9050791077cd6bb0510eed2	d__Bacteria;p__WPS-2;c__WPS-2;o__WPS-2;f__WPS-2;g__WPS-2;s__	0.9999940644624924
c84bcbf2f2bf09ca6df1017ebcb7b4c6	d__Bacteria;p__Chloroflexi;c__Anaerolineae;o__SBR1031	0.8028022092648784
ef928714aa14549e614091685382629e	d__Bacteria;p__Planctomycetota;c__Planctomycetes;o__Gemmatales;f__Gemmataceae	0.9999989131884099
40d3fe838c10d26395281e5da10d8d88	d__Bacteria;p__Verrucomicrobiota;c__Verrucomicrobiae;o__Chthoniobacterales;f__Chthoniobacteraceae;g__Candidatus_Udaeobacter;s__	0.9997052645954122
d09c1bdf8ac676996fc99c52784968bb	d__Bacteria;p__Acidobacteriota;c__Acidobacteriae;o__Bryobacterales;f__Bryobacteraceae;g__Bryobacter;s__	0.9276322318809976
8b4c15771e4de6a7e2e5eeeab9aaa7c3	d__Bacteria;p__Acidobacteriota;c__Acidobacteriae;o__Solibacterales;f__Solibacteraceae;g__Candidatus_Solibacter;s__	0.9965090988199938
d365c35d09abd40a0671caf099eade11	d__Bacteria;p__Bacteroidota;c__Bacteroidia;o__Chitinophagales;f__Chitinophagaceae;g__Ferruginibacter;s__	0.9965886001605476
aff27adc06f85299efe64ead72af9737	d__Bacteria;p__Verrucomicrobiota;c__Verrucomicrobiae;o__Chthoniobacterales;f__Chthoniobacteraceae;g__Candidatus_Udaeobacter;s__	0.9950370495653503
7c908c251f91b2c4daca216305c1ece9	d__Bacteria;p__Chloroflexi;c__Anaerolineae;o__Anaerolineae;f__Anaerolineae;g__Anaerolineae;s__	0.9999954984104277
b7fb9f9e0f9a1154c38bbf5496561d07	d__Bacteria;p__Verrucomicrobiota;c__Verrucomicrobiae;o__Chthoniobacterales;f__Chthoniobacteraceae;g__Candidatus_Udaeobacter;s__	0.9987351612738244
0a358b7ad57013d7db70cc0bac69429f	d__Bacteria;p__Acidobacteriota;c__Acidobacteriae;o__Bryobacterales;f__Bryobacteraceae;g__Bryobacter;s__	0.9992882109393503
49e1a21209016afaeba6787dff712c8f	d__Bacteria;p__Chloroflexi;c__Ktedonobacteria;o__Ktedonobacterales;f__Ktedonobacteraceae;g__1921-2;s__	0.9035609108157059
e836601f97eb14761c0d2a51c2efaea4	d__Bacteria;p__Verrucomicrobiota;c__Verrucomicrobiae;o__Chthoniobacterales;f__Chthoniobacteraceae;g__Candidatus_Udaeobacter;s__	0.9959758984247679
4fb8ce628a6c1ba0766ab2c72f625a6b	d__Bacteria;p__Acidobacteriota;c__Acidobacteriae;o__Acidobacteriales;f__Acidobacteriaceae_(Subgroup_1);g__Granulicella;s__	0.8857188075722063
60c8f87c6b4f76acc85e4379849580ee	d__Bacteria;p__Planctomycetota;c__vadinHA49;o__vadinHA49;f__vadinHA49;g__vadinHA49;s__	0.9732936580509447
180f472be0b0a1596d347ce033e5dc0d	d__Bacteria;p__Patescibacteria;c__Parcubacteria;o__Candidatus_Kaiserbacteria;f__Candidatus_Kaiserbacteria;g__Candidatus_Kaiserbacteria;s__	0.9997962005510298
b830d906a78bb73c3b822b268c600b28	d__Bacteria;p__Planctomycetota;c__Phycisphaerae;o__Tepidisphaerales;f__WD2101_soil_group;g__WD2101_soil_group;s__	0.9999960890520493
0f15e2b7c32672ec914fcbf49651fa3b	d__Bacteria;p__Proteobacteria;c__Alphaproteobacteria;o__Caulobacterales;f__Caulobacteraceae;g__Phenylobacterium;s__	0.9844034437478195
ae53e25ba9f8c347b9b7403f51e5e885	d__Bacteria;p__Planctomycetota;c__Planctomycetes;o__Pirellulales;f__Pirellulaceae;g__uncultured;s__	0.9718887515918684
a57b67d233cf11cf6f654c7da5d42f6c	d__Bacteria;p__Chloroflexi;c__TK10;o__TK10;f__TK10;g__TK10;s__	0.9999684420242979
cbb1a3083f2fed225506624b5f0d69bc	d__Bacteria;p__Planctomycetota;c__Planctomycetes;o__Gemmatales;f__Gemmataceae;g__Fimbriiglobus;s__	0.9829056630498775
f8ddae98e83c866bef70ee1accaf492e	d__Bacteria;p__Acidobacteriota;c__Acidobacteriae;o__Bryobacterales;f__Bryobacteraceae;g__Bryobacter;s__	0.8132786108679678
684429e02cc5c8b87bd0d249788dc8a7	d__Bacteria;p__Planctomycetota;c__Phycisphaerae;o__Tepidisphaerales;f__WD2101_soil_group;g__WD2101_soil_group;s__	0.9999901868045276
e89b5c1c951d7326901328c72478c96d	d__Bacteria;p__Chloroflexi;c__Ktedonobacteria;o__Ktedonobacterales;f__Ktedonobacteraceae;g__uncultured;s__	0.8815658497053368
ad7236cc663c9607e0db011697c6020e	d__Bacteria;p__Verrucomicrobiota;c__Verrucomicrobiae;o__Chthoniobacterales;f__Chthoniobacteraceae;g__Candidatus_Udaeobacter;s__	0.99658378316905
e1dc6f022ada18dbabf8ff1251f70a00	d__Bacteria;p__Proteobacteria;c__Alphaproteobacteria;o__Rhizobiales;f__Xanthobacteraceae;g__uncultured;s__	0.8517658228206715
95766fdead18832e82caae72e3d56314	d__Bacteria;p__Bacteroidota;c__Bacteroidia;o__Chitinophagales;f__Chitinophagaceae;g__uncultured;s__	0.9860768346837867
384ff91d12ca1ee3fc2d3f9385adb3e7	d__Bacteria;p__Actinobacteriota;c__Actinobacteria;o__Micrococcales;f__Intrasporangiaceae;g__Oryzihumus;s__	0.8225495871330057
7320a9f681c039f0577dc493d3cfe7f1	d__Bacteria;p__Proteobacteria;c__Gammaproteobacteria;o__Xanthomonadales;f__Xanthomonadaceae;g__uncultured;s__	0.9917227378169514
dd9a7ad523d6b4dd65e4cd24b495d3fb	d__Bacteria;p__Verrucomicrobiota;c__Verrucomicrobiae;o__Chthoniobacterales;f__Chthoniobacteraceae;g__Candidatus_Udaeobacter;s__	0.9941417331009154
0e6ba0fab1a1fc44912f68958052c903	d__Bacteria;p__Proteobacteria;c__Gammaproteobacteria;o__Legionellales;f__Legionellaceae;g__Legionella;s__	0.9997014950625167
963df407ecea0ff45e4566031295a68b	d__Bacteria;p__Patescibacteria;c__Parcubacteria;o__Parcubacteria;f__Parcubacteria;g__Parcubacteria;s__	0.9998279512759574
c3b648d9af51524f97285eec421c172c	d__Bacteria;p__Verrucomicrobiota;c__Verrucomicrobiae;o__Opitutales;f__Opitutaceae;g__Lacunisphaera;s__	0.9928938396678972
731cf26fd120243777fa0c908da12f18	d__Bacteria	0.9997574606166069
8996ebbed9daf70621ce4145e63068aa	d__Bacteria;p__Planctomycetota;c__Phycisphaerae;o__Tepidisphaerales;f__WD2101_soil_group;g__WD2101_soil_group;s__	0.9999968581588421
aa744c79873c26dbf8ccd2c89ab3c683	d__Bacteria;p__Bacteroidota;c__Bacteroidia;o__Sphingobacteriales;f__env.OPS_17;g__env.OPS_17;s__	0.9999999524829104
097ff7a38291657bddfd66117abcc4b0	d__Bacteria;p__Planctomycetota;c__Planctomycetes;o__Isosphaerales;f__Isosphaeraceae;g__Aquisphaera;s__	0.8842105158671287
1a00919ade982c3d1fa8809944386e23	d__Bacteria;p__Planctomycetota;c__Planctomycetes;o__Gemmatales;f__Gemmataceae;g__Fimbriiglobus;s__	0.9915463443729111
e8dfe8207d8918274a761ee7f04b165a	d__Bacteria;p__Patescibacteria;c__Parcubacteria;o__Candidatus_Nomurabacteria;f__Candidatus_Nomurabacteria;g__Candidatus_Nomurabacteria;s__	0.9998581852413622
1c1fbede6ace50ea182f3c8b0032e643	d__Bacteria;p__Planctomycetota;c__Planctomycetes;o__Pirellulales;f__Pirellulaceae;g__uncultured;s__	0.9713981051686906
f11597680780f953055d21b80ccfbe2a	d__Bacteria;p__Patescibacteria;c__Saccharimonadia;o__Saccharimonadales;f__Saccharimonadaceae;g__TM7a;s__	0.9862800776095516
d8daa57c4d7ff25aa4bb2e431c9eb733	d__Bacteria;p__Verrucomicrobiota;c__Verrucomicrobiae;o__Chthoniobacterales;f__Chthoniobacteraceae;g__Candidatus_Udaeobacter;s__	0.9988544414606757
7fa3b12b3629bb7fb1fda85534ff7e49	d__Bacteria;p__Gemmatimonadota;c__Gemmatimonadetes;o__Gemmatimonadales;f__Gemmatimonadaceae;g__uncultured;s__	0.9937154042341737
e3c0dac39b6f4e2fbc21737212850a70	d__Bacteria;p__Proteobacteria;c__Alphaproteobacteria;o__Acetobacterales;f__Acetobacteraceae	0.9998543715534614
b0e05a2ce397cd919a608243aed130b8	d__Bacteria;p__Actinobacteriota;c__Actinobacteria;o__Micrococcales;f__Microbacteriaceae	0.9999319806618956
e4ebbd99fc604e46809441d96eb19d90	d__Bacteria;p__Verrucomicrobiota;c__Verrucomicrobiae;o__Chthoniobacterales;f__Chthoniobacteraceae;g__Candidatus_Udaeobacter;s__	0.9993489940312698
db8f3e7d35bfeb0b5570b71483c6f566	d__Bacteria;p__Proteobacteria;c__Alphaproteobacteria;o__Azospirillales;f__Inquilinaceae;g__Inquilinus;s__	0.998924136147836
f3e7761527ab22155a3a4589ab120796	d__Bacteria;p__Verrucomicrobiota;c__Chlamydiae;o__Chlamydiales;f__Parachlamydiaceae;g__Neochlamydia;s__	0.8428084023908665
bb52b399eddc74e2baf2693140eb6896	d__Bacteria;p__Nitrospirota;c__Nitrospiria;o__Nitrospirales;f__Nitrospiraceae;g__Nitrospira;s__	0.9974985246000273
7cc4bbed6c1ad9de633343134087dcc6	d__Bacteria;p__Bacteroidota;c__Bacteroidia;o__Chitinophagales;f__Chitinophagaceae;g__Puia;s__	0.9460794518587666
917bb6ed141265f5ba53f8562bea7070	d__Bacteria;p__Acidobacteriota;c__Acidobacteriae;o__Acidobacteriales;f__uncultured;g__uncultured;s__	0.9970841088892006
bcfc819152c8dbecf62c56f4dd8ad256	d__Bacteria;p__Proteobacteria;c__Alphaproteobacteria;o__Rhizobiales;f__Rhizobiales_Incertae_Sedis;g__uncultured;s__	0.9631096483650551
cb4926929a107798c349b75bab5ef213	d__Bacteria;p__Proteobacteria;c__Gammaproteobacteria;o__Burkholderiales;f__SC-I-84;g__SC-I-84;s__	0.9999080625721292
d4ef79b57188b1ac9740fba984e2f23f	d__Bacteria;p__Patescibacteria;c__Parcubacteria;o__Candidatus_Kaiserbacteria;f__Candidatus_Kaiserbacteria;g__Candidatus_Kaiserbacteria;s__	0.9998984624111995
bc36f9ee4b712c73ec647c9b5c9594a5	d__Bacteria;p__Planctomycetota;c__Planctomycetes;o__Isosphaerales;f__Isosphaeraceae;g__Aquisphaera;s__	0.8497121224113215
668df984fb2d26bf8eb6912345ac8657	d__Bacteria;p__Proteobacteria;c__Alphaproteobacteria;o__Reyranellales;f__Reyranellaceae;g__Reyranella;s__	0.9998887033364
667b66ebf775e4c0f1e743b2c19e08f9	d__Bacteria;p__Verrucomicrobiota;c__Verrucomicrobiae;o__Chthoniobacterales;f__Chthoniobacteraceae;g__Candidatus_Udaeobacter;s__	0.9997822237149917
cdec61eb429518266357161b6fc0ca4c	d__Bacteria;p__Planctomycetota;c__Phycisphaerae;o__Tepidisphaerales;f__WD2101_soil_group;g__WD2101_soil_group;s__	0.9999464639953383
a42ecd83b99930ad70c465e56a4533d4	d__Bacteria;p__Planctomycetota;c__Phycisphaerae;o__Tepidisphaerales;f__WD2101_soil_group;g__WD2101_soil_group;s__	0.9999964034261257
cf7e17f49824a8878831ec0aa0739f54	d__Bacteria;p__Verrucomicrobiota;c__Verrucomicrobiae;o__Chthoniobacterales;f__Chthoniobacteraceae;g__Candidatus_Udaeobacter;s__	0.9990430682630366
2594d7b1a16cce116f389850908830a5	d__Bacteria;p__Proteobacteria;c__Gammaproteobacteria;o__Xanthomonadales;f__Rhodanobacteraceae;g__Rhodanobacter;s__	0.9671759257502145
6e66855ea32b917634d9d3578fdbb140	d__Bacteria;p__Planctomycetota;c__Planctomycetes;o__Planctomycetales;f__Schlesneriaceae;g__Schlesneria;s__	0.9999981495602196
a95c355da81f5e17b95a5cd23f2061df	d__Bacteria;p__Planctomycetota;c__Planctomycetes;o__Gemmatales;f__Gemmataceae;g__uncultured;s__	0.83814250722219
98032858f55eb437b3ddb3c27a908c76	d__Bacteria;p__Chloroflexi;c__Chloroflexia;o__Kallotenuales;f__AKIW781;g__AKIW781;s__	0.9995252838865849
28b3d0e14378daa4d66f9b2e495797a5	d__Bacteria;p__Planctomycetota;c__Planctomycetes;o__Gemmatales;f__Gemmataceae;g__uncultured;s__	0.9496672913268439
1815cb7502ee5218845e555cc7288948	d__Bacteria;p__Acidobacteriota;c__Blastocatellia;o__Pyrinomonadales;f__Pyrinomonadaceae;g__RB41;s__	0.9999639996941143
196a7edf2eadb3110468eb214305c52d	d__Bacteria;p__Proteobacteria;c__Gammaproteobacteria;o__Burkholderiales;f__SC-I-84;g__SC-I-84;s__	0.9585193172148218
b26b2631e15221f5a7dcb61f1749e171	d__Bacteria;p__Gemmatimonadota;c__Gemmatimonadetes;o__Gemmatimonadales;f__Gemmatimonadaceae;g__uncultured;s__	0.9992280870225787
ac4074dab37b1ecfb600415ad928c620	d__Bacteria;p__Actinobacteriota;c__Acidimicrobiia;o__IMCC26256;f__IMCC26256;g__IMCC26256;s__	0.9991895195799338
92c60b9c7df2ca43872d40a8098d255d	d__Bacteria;p__Myxococcota;c__Polyangia;o__Haliangiales;f__Haliangiaceae;g__Haliangium;s__	0.9997207039783503
87ec8a306f7550643cc4050ab6f576f4	d__Bacteria;p__Planctomycetota;c__vadinHA49;o__vadinHA49;f__vadinHA49;g__vadinHA49;s__	0.999808509517302
099c2d038e7c8d691b865281bb01675e	d__Bacteria;p__Chloroflexi;c__Anaerolineae;o__SBR1031;f__A4b;g__A4b;s__	0.999249033313931
e3d9f259ff7dd5454964d1be96838170	d__Bacteria;p__Verrucomicrobiota;c__Verrucomicrobiae;o__Chthoniobacterales;f__Chthoniobacteraceae;g__Chthoniobacter;s__	0.9996754479015948
2d0dbff74181bafee64832941dc5929d	d__Bacteria;p__Planctomycetota;c__Phycisphaerae;o__Phycisphaerales;f__Phycisphaeraceae;g__uncultured;s__	0.9853650557623731
16b5fdf79993b2fa48ceb81275af615a	d__Bacteria;p__Planctomycetota;c__Phycisphaerae;o__Tepidisphaerales;f__WD2101_soil_group;g__WD2101_soil_group;s__	0.9999946513149293
db316388be7996218ccefb5a897745aa	d__Bacteria;p__Patescibacteria;c__Parcubacteria;o__Candidatus_Adlerbacteria;f__Candidatus_Adlerbacteria;g__Candidatus_Adlerbacteria;s__	0.9999148266675121
27d3a7b060b35216a18257f37e8f872a	d__Bacteria;p__Gemmatimonadota;c__Gemmatimonadetes;o__Gemmatimonadales;f__Gemmatimonadaceae;g__Gemmatimonas;s__	0.9080404882968182
7952976fc640be8464211e54977ba899	d__Bacteria;p__Bacteroidota;c__Bacteroidia;o__Sphingobacteriales;f__env.OPS_17;g__env.OPS_17;s__	0.9999956085705793
869bdec230fef7b87886c0581c81c9ec	d__Bacteria;p__Acidobacteriota;c__Acidobacteriae;o__Solibacterales;f__Solibacteraceae;g__Candidatus_Solibacter;s__	0.9995762460124965
3642f744af378a50502352fc1ea68338	d__Bacteria;p__Actinobacteriota;c__Actinobacteria;o__Micrococcales;f__Microbacteriaceae	0.9999266119525545
991c3c7469160cf1102da941450eb611	d__Bacteria;p__Patescibacteria;c__Berkelbacteria;o__Berkelbacteria;f__Berkelbacteria;g__Berkelbacteria;s__	0.9291656190327932
2fbdc031b0cb487b63159b88f1764343	d__Bacteria;p__Proteobacteria;c__Gammaproteobacteria;o__Burkholderiales;f__Comamonadaceae	0.9999930724265789
227ba8dfcb24a72e446a5eb67427ec3a	d__Bacteria;p__Chloroflexi;c__Dehalococcoidia;o__S085;f__S085;g__S085;s__	0.9927686385931773
ae17bc152b788638f96538fadc290018	d__Bacteria;p__Verrucomicrobiota;c__Verrucomicrobiae;o__Chthoniobacterales;f__Chthoniobacteraceae;g__Candidatus_Udaeobacter;s__	0.9999275898054646
e68c1eda7466182deccc24145c91315d	d__Bacteria;p__Proteobacteria;c__Gammaproteobacteria;o__Xanthomonadales;f__Rhodanobacteraceae;g__Rudaea;s__	0.996914406125848
df3f95468b6e4f6f18301e0862c73162	d__Bacteria;p__Chloroflexi	0.9410054417210416
e180229b297fc14eb737944152120557	d__Bacteria;p__Actinobacteriota;c__Actinobacteria;o__Frankiales	0.911080721615845
58dc863c7796490ee8124afaa9c8ea19	d__Bacteria;p__Patescibacteria;c__Microgenomatia;o__Candidatus_Daviesbacteria;f__Candidatus_Daviesbacteria;g__Candidatus_Daviesbacteria;s__	0.9998725140866068
ed0b2c80be7dc3c6bb0e91499f2d562e	d__Bacteria;p__Acidobacteriota;c__Blastocatellia;o__Pyrinomonadales;f__Pyrinomonadaceae;g__RB41;s__	0.9999416330954476
c47df9a37c5d240f5e67650777260f70	d__Bacteria;p__Patescibacteria;c__Berkelbacteria;o__Berkelbacteria;f__Berkelbacteria;g__Berkelbacteria;s__	0.997113593029399
f4448b60a9961263e071b3d0b21afd6c	d__Bacteria;p__Proteobacteria;c__Gammaproteobacteria;o__Coxiellales;f__Coxiellaceae;g__Coxiella;s__	0.9621509629684802
39d629b88269197e48b47371866d9ca2	d__Bacteria;p__Proteobacteria;c__Alphaproteobacteria;o__Rhizobiales;f__Xanthobacteraceae	0.9999700593704854
bb5593ec375bf34cc2da1c6700b447ff	d__Bacteria;p__Chloroflexi;c__Anaerolineae	0.9890420281237503
4e327d2f21d1ba2b5940271d83521d5b	d__Bacteria;p__Planctomycetota;c__Planctomycetes;o__Planctomycetales;f__uncultured;g__uncultured;s__	0.999653953110059
94089705c39fa710a2bd3d8a925408fe	d__Bacteria;p__Planctomycetota;c__Phycisphaerae;o__Tepidisphaerales;f__WD2101_soil_group;g__WD2101_soil_group;s__	0.9999314002890916
7fe49dc79fc9bbc9c72cdae5aeee23e2	d__Bacteria;p__Patescibacteria;c__Microgenomatia;o__Candidatus_Roizmanbacteria;f__Candidatus_Roizmanbacteria;g__Candidatus_Roizmanbacteria;s__	0.9972188953397222
20b2baada177a5407dc3d4380402df11	d__Bacteria;p__Acidobacteriota;c__Acidobacteriae;o__Acidobacteriales;f__uncultured;g__uncultured;s__	0.9995597183476891
8c3999879b99f9dead22eed9c1936845	d__Bacteria;p__Chloroflexi;c__Ktedonobacteria;o__C0119;f__C0119;g__C0119;s__	0.9946907289604824
4193673797118b2031b7cf3e23ffd479	d__Bacteria;p__Chloroflexi;c__Anaerolineae	0.9916390449222349
beef20c1cdde9d66d339f818c3e2210b	d__Bacteria;p__Planctomycetota;c__Planctomycetes;o__Gemmatales;f__Gemmataceae;g__uncultured;s__	0.9869507255537423
14ee5a2720e8cc75763e75cdd137d930	d__Bacteria;p__Proteobacteria;c__Alphaproteobacteria;o__Rhizobiales;f__Xanthobacteraceae	0.9999966826471869
38a260155beab9c4e1760d900edca1c5	d__Bacteria;p__Cyanobacteria;c__Cyanobacteriia;o__Chloroplast;f__Chloroplast;g__Chloroplast;s__	0.9982883050054975
93eb5a3191d491a02891c4c4b7976720	d__Bacteria;p__Verrucomicrobiota;c__Verrucomicrobiae;o__Chthoniobacterales;f__Chthoniobacteraceae;g__Chthoniobacter;s__	0.9986323924438502
ca93aeb1df37ee663eb2f44c2e17ce55	d__Bacteria;p__Planctomycetota;c__Planctomycetes;o__Gemmatales;f__Gemmataceae;g__uncultured;s__	0.9752562297807473
94f6b50daa6d1230dd1780dd6a6d196c	d__Bacteria;p__Proteobacteria;c__Gammaproteobacteria;o__Burkholderiales;f__Oxalobacteraceae;g__Noviherbaspirillum;s__	0.7006593910281133
d37a1c22eb47ddc35e0f132d3a2eb35f	d__Bacteria;p__Actinobacteriota;c__Actinobacteria;o__Pseudonocardiales;f__Pseudonocardiaceae;g__Crossiella;s__	0.9983085384484364
c48f295bf885221114aa5d68bed20839	d__Bacteria;p__Actinobacteriota;c__Actinobacteria;o__Frankiales;f__Acidothermaceae;g__Acidothermus;s__	0.9996057494180473
0471c3124b74889ae85c30981e8a2131	d__Bacteria;p__Acidobacteriota;c__Acidobacteriae;o__Acidobacteriales;f__Acidobacteriaceae_(Subgroup_1);g__uncultured;s__	0.7430567328936233
aad950d4f7a44996522c2d82fe638f70	d__Bacteria;p__Verrucomicrobiota;c__Verrucomicrobiae;o__Chthoniobacterales;f__Chthoniobacteraceae;g__Candidatus_Udaeobacter;s__	0.9998893248110091
05aa7cfe4635423f4f61f8419c8a2506	d__Bacteria;p__Proteobacteria;c__Gammaproteobacteria;o__Pseudomonadales;f__Pseudomonadaceae;g__Pseudomonas;s__	0.9997830955740767
ac468f520d8630bbb4f0a3f1c7574758	d__Bacteria;p__Myxococcota;c__Polyangia;o__Haliangiales;f__Haliangiaceae;g__Haliangium;s__	0.9637382239185361
86cbd098b407fc776ac408d582f4e4a6	d__Bacteria;p__Acidobacteriota;c__Acidobacteriae;o__Solibacterales;f__Solibacteraceae;g__Candidatus_Solibacter;s__	0.9755100242711565
1442d858c43ee96be8410ce32cc6c967	d__Bacteria;p__Acidobacteriota;c__Acidobacteriae;o__Bryobacterales;f__Bryobacteraceae;g__Bryobacter;s__	0.9480920386219869
c9de88bee26f18846885ba085968ca5e	d__Bacteria;p__Bacteroidota;c__Bacteroidia;o__Cytophagales;f__Cytophagaceae;g__Cytophaga;s__	0.8997632162613953
fad73c7c296d4b13aa7743512f9157b5	d__Bacteria;p__Proteobacteria;c__Alphaproteobacteria;o__Sphingomonadales;f__Sphingomonadaceae;g__Sphingomonas;s__	0.9159910441642183
affb210bc89d89492eb2c72b98bc7d39	d__Bacteria;p__Chloroflexi;c__Ktedonobacteria;o__Ktedonobacterales;f__Ktedonobacteraceae;g__G12-WMSP1;s__	0.999298524985591
57016bbbfef4bcb5d92def12943453fb	d__Bacteria;p__Acidobacteriota;c__Acidobacteriae;o__Bryobacterales;f__Bryobacteraceae;g__Bryobacter;s__	0.9499219278489256
c01d709dd22a9b9fd3bb00235677c16f	d__Bacteria;p__Verrucomicrobiota;c__Verrucomicrobiae;o__Chthoniobacterales;f__Chthoniobacteraceae;g__Candidatus_Udaeobacter;s__	0.9998566532269711
25998d00523a08c0f4df948731b97322	d__Bacteria;p__Proteobacteria;c__Gammaproteobacteria;o__Burkholderiales;f__A21b;g__A21b;s__	0.9964662286941772
7ff266346c4220301d1d9366b578c041	d__Bacteria;p__Planctomycetota;c__Planctomycetes;o__Gemmatales;f__Gemmataceae;g__Fimbriiglobus;s__	0.972449793609618
1e07b589e82f8125d788c98b513b2e7b	d__Bacteria;p__Patescibacteria;c__Saccharimonadia;o__Saccharimonadales;f__Saccharimonadales;g__Saccharimonadales;s__	0.8590586345146572
c09279149646511de93dcdc449130381	d__Bacteria;p__Acidobacteriota;c__Acidobacteriae;o__Bryobacterales;f__Bryobacteraceae;g__Bryobacter;s__	0.9467946451631448
633432a63081b09fe0f522cd39478103	d__Bacteria;p__WPS-2;c__WPS-2;o__WPS-2;f__WPS-2;g__WPS-2;s__	0.999923197299823
c93efbfcab969cfb821f8d3d0f8dbb7d	d__Bacteria;p__Patescibacteria;c__Saccharimonadia;o__Saccharimonadales;f__Saccharimonadaceae;g__TM7a;s__	0.9419009495639162
22efff9f988e8665ab21484aba5ac3cb	d__Bacteria;p__Planctomycetota;c__Planctomycetes;o__Isosphaerales;f__Isosphaeraceae;g__Candidatus_Nostocoida;s__	0.8890558564068564
79187ecaf5b50d1410f02e70bc702c7d	d__Bacteria;p__Acidobacteriota;c__Holophagae;o__Subgroup_7;f__Subgroup_7;g__Subgroup_7;s__	0.9998761841762808
e6af7c6b10c64aa84fb143934c39f09e	d__Bacteria;p__Bacteroidota;c__Bacteroidia;o__Sphingobacteriales;f__Sphingobacteriaceae;g__Mucilaginibacter;s__	0.974968735143274
d6be84b33e458dee05e40a5445376d5f	d__Bacteria;p__Verrucomicrobiota;c__Verrucomicrobiae;o__Chthoniobacterales;f__Chthoniobacteraceae;g__Candidatus_Udaeobacter;s__	0.9997920105569625
42f91a3a473445088753e5d854df5b47	d__Bacteria;p__Planctomycetota;c__Phycisphaerae;o__Tepidisphaerales;f__WD2101_soil_group;g__WD2101_soil_group;s__	0.9999968244970716
6047665c0869aff14570eb60231e709a	d__Bacteria;p__Myxococcota;c__Polyangia;o__Polyangiales;f__BIrii41;g__BIrii41;s__	0.9998991013699449
a34fc7ed39ed8b1a03f0ac2a6b69b420	d__Bacteria;p__Proteobacteria;c__Gammaproteobacteria;o__Burkholderiales;f__Comamonadaceae	0.9999743533329917
863e7b4e93d1d00ec6441facab68c0d1	d__Bacteria;p__Actinobacteriota;c__Thermoleophilia;o__Gaiellales;f__Gaiellaceae;g__Gaiella;s__	0.8288981347665755
fc5f2642d825e365a3113cb01258ee11	d__Bacteria;p__Patescibacteria;c__Parcubacteria;o__Candidatus_Adlerbacteria;f__Candidatus_Adlerbacteria;g__Candidatus_Adlerbacteria;s__	0.8585795896600051
e0bae03ba705529a8b922d0f32382d3c	d__Bacteria;p__Bacteroidota;c__Bacteroidia;o__Chitinophagales;f__Chitinophagaceae;g__Ferruginibacter;s__	0.9901571864172852
1f37ec7e55347b58534908eb38788d97	d__Bacteria;p__Planctomycetota;c__Phycisphaerae;o__Tepidisphaerales;f__WD2101_soil_group;g__WD2101_soil_group;s__	0.9999991091788434
65cbb531e7e375eccc0ab9e3f64e9127	d__Bacteria;p__Acidobacteriota;c__Acidobacteriae;o__Subgroup_2;f__Subgroup_2;g__Subgroup_2;s__	0.9999988131583217
574170801f670f2790eeb84a0d2c3c5d	d__Bacteria;p__Gemmatimonadota;c__Gemmatimonadetes;o__Gemmatimonadales;f__Gemmatimonadaceae;g__uncultured;s__	0.9989269060443557
c5bd55c8b6230c1bef0470604d182dde	d__Bacteria;p__Verrucomicrobiota;c__Verrucomicrobiae;o__Chthoniobacterales;f__Chthoniobacteraceae;g__Candidatus_Udaeobacter;s__	0.9986910192588083
805fd18579e4ff9a0f6f217d36ef47f5	d__Bacteria;p__Verrucomicrobiota;c__Chlamydiae;o__Chlamydiales;f__Parachlamydiaceae;g__Neochlamydia;s__	0.8579042949388027
16618410bbb09ce058f3fd086e0690d8	d__Bacteria;p__Planctomycetota;c__Planctomycetes;o__Gemmatales;f__Gemmataceae;g__uncultured;s__	0.9961149571261313
97dfc72f5c3565a3445c3d295a71717b	d__Bacteria;p__Proteobacteria;c__Alphaproteobacteria;o__Acetobacterales;f__Acetobacteraceae;g__uncultured;s__	0.8854158495246702
13a88c07bbfc5f3d5479574b96a1309f	d__Bacteria;p__Proteobacteria;c__Alphaproteobacteria;o__Acetobacterales;f__Acetobacteraceae	0.999997847110459
0b5a375db239d9ab75e4a54941e20658	d__Bacteria;p__Acidobacteriota;c__Acidobacteriae;o__Acidobacteriales;f__Acidobacteriaceae_(Subgroup_1);g__uncultured;s__	0.8501972299302345
057444efb0a00d48931c8b0b4b745da8	d__Bacteria;p__Patescibacteria;c__Parcubacteria;o__Candidatus_Adlerbacteria;f__Candidatus_Adlerbacteria;g__Candidatus_Adlerbacteria;s__	0.9891801329533251
3743fcc0841382ff35d65a5e5c3dae89	d__Bacteria;p__Chloroflexi;c__AD3;o__AD3;f__AD3;g__AD3;s__	0.9998270217490094
e7d400d979238558f34c1649f1721c7b	d__Bacteria;p__Proteobacteria;c__Alphaproteobacteria;o__Rhizobiales;f__Devosiaceae	0.9999339249404751
a6217e40186706b5837c95ca6c64f61f	d__Bacteria;p__Chloroflexi	0.9092724847659172
0be2a9b62660814b3ffa5a80eaaf7123	d__Bacteria;p__Planctomycetota;c__Planctomycetes;o__Gemmatales;f__Gemmataceae;g__uncultured;s__	0.9966415588778057
042c3cd93272525846e48f91ea424fed	d__Bacteria;p__Gemmatimonadota;c__Gemmatimonadetes;o__Gemmatimonadales;f__Gemmatimonadaceae;g__Gemmatimonas;s__	0.7450478948826688
d0396b9f25965eedfc698335254fbe43	d__Bacteria;p__Planctomycetota;c__Planctomycetes;o__Planctomycetales;f__Schlesneriaceae;g__Schlesneria;s__	0.999945897969886
96808a2cdb09837cea15ee763f8acbe6	d__Bacteria;p__Proteobacteria;c__Gammaproteobacteria;o__Xanthomonadales;f__Xanthomonadaceae;g__uncultured;s__	0.9437063709318128
f203e327a3de0e1f4fec0ebbf9d66e2f	d__Bacteria;p__Gemmatimonadota;c__Gemmatimonadetes;o__Gemmatimonadales;f__Gemmatimonadaceae;g__Gemmatimonas;s__	0.9965783265789009
29b2eab934097d17a89d96c704072576	d__Bacteria;p__Proteobacteria;c__Alphaproteobacteria;o__Micropepsales;f__Micropepsaceae;g__uncultured;s__	0.9833073206109931
fc3f51f3fc9857ea106e744cd9aac0d9	d__Bacteria;p__Chloroflexi;c__AD3;o__AD3;f__AD3;g__AD3;s__	0.9961907842179334
87276d41ebe1d60d8cf0111401f494d3	d__Bacteria;p__Acidobacteriota;c__Holophagae;o__Subgroup_7;f__Subgroup_7;g__Subgroup_7;s__	0.9960359232388379
3dd90d8855fd6882342d69ad931afc28	d__Bacteria;p__Patescibacteria;c__Parcubacteria;o__Candidatus_Adlerbacteria;f__Candidatus_Adlerbacteria;g__Candidatus_Adlerbacteria;s__	0.9984095280118086
1db02d5d5f93f938e32d2f12f437299d	d__Bacteria;p__Myxococcota;c__Polyangia;o__Polyangiales	0.9988815600525178
ff243588c1c19d861b80a73d548135cd	d__Bacteria;p__Planctomycetota;c__vadinHA49;o__vadinHA49;f__vadinHA49;g__vadinHA49;s__	0.9999207235620531
3b1a99ec49413ab540c2554c7545324f	d__Bacteria;p__Proteobacteria;c__Gammaproteobacteria;o__Burkholderiales;f__Oxalobacteraceae	0.9995868430044562
f87b6704aa21a789bf996c9c7b6165e5	d__Bacteria;p__Chloroflexi;c__TK10;o__TK10;f__TK10;g__TK10;s__	0.9999524040817704
2d9b761f0f268045ac21ea327062916c	d__Bacteria;p__Planctomycetota;c__Phycisphaerae;o__Tepidisphaerales;f__WD2101_soil_group;g__WD2101_soil_group;s__	0.9999766425507041
10ceb0d98ca4644964fab0d3c7848e3f	d__Bacteria;p__Verrucomicrobiota;c__Chlamydiae;o__Chlamydiales;f__cvE6;g__cvE6;s__	0.9999973578998096
24c638f686676e3feeada55223b2f5cb	d__Bacteria;p__Chloroflexi;c__Chloroflexia;o__Kallotenuales;f__AKIW781;g__AKIW781;s__	0.9998177511834846
a887a2b91d8e681428f97ec1537639d1	d__Bacteria;p__Planctomycetota;c__Planctomycetes;o__Gemmatales;f__Gemmataceae;g__Gemmata;s__	0.9909259305093352
cf8b2e18197ed3873136a8dcbbd5ab7f	d__Bacteria;p__Proteobacteria;c__Gammaproteobacteria;o__Burkholderiales;f__Comamonadaceae;g__Variovorax;s__	0.9122818666202457
0fbe704bb86c45f8558074a745f99c14	d__Bacteria;p__Chloroflexi;c__JG30-KF-CM66;o__JG30-KF-CM66;f__JG30-KF-CM66;g__JG30-KF-CM66;s__	0.9882626388591117
d4f3ed7d28c7d49b6ccec29799b48366	d__Bacteria;p__Chloroflexi;c__AD3;o__AD3;f__AD3;g__AD3;s__	0.9921758357935291
334ac52cb323a77625a34f2905304b2f	d__Bacteria;p__Chloroflexi;c__Anaerolineae;o__SBR1031	0.7731766411403194
94c949135447016eef39022ca02a3d2d	d__Bacteria;p__Chloroflexi;c__Chloroflexia;o__Chloroflexales;f__Roseiflexaceae;g__uncultured;s__	0.9999986754074788
154cbae12f3e7dd0e3f64ed94d94cb88	d__Bacteria;p__Verrucomicrobiota;c__Verrucomicrobiae;o__Chthoniobacterales;f__Chthoniobacteraceae;g__Candidatus_Udaeobacter;s__	0.9947494925667075
3cdcaa1e0f1ba1340e0318c0bb270b04	d__Bacteria;p__Planctomycetota;c__Planctomycetes;o__Isosphaerales;f__Isosphaeraceae	0.9999995463000124
db6c27c9f569fe5eb8a41d31a45c780e	d__Bacteria;p__Proteobacteria;c__Gammaproteobacteria;o__Xanthomonadales;f__Xanthomonadaceae;g__uncultured;s__	0.9706274341949644
fe40470582bfbb78de376fb9d2286cd4	d__Bacteria;p__WPS-2;c__WPS-2;o__WPS-2;f__WPS-2;g__WPS-2;s__	0.9999990907493709
e5cb3232502656a68eca976bb2163592	d__Bacteria;p__Actinobacteriota;c__Actinobacteria;o__Propionibacteriales;f__Nocardioidaceae;g__Marmoricola;s__	0.9484374582529875
5b896a4a4c6e251c8d3d88cc61ba59e7	d__Bacteria;p__Bacteroidota;c__Bacteroidia;o__Sphingobacteriales;f__Sphingobacteriaceae;g__Mucilaginibacter;s__	0.9961580668936542
3af55975fa77db47dcdba158721c8560	d__Bacteria;p__Chloroflexi;c__Ktedonobacteria;o__C0119;f__C0119;g__C0119;s__	0.999434389729796
4a48c341ea146f2adb48b4aded884d8a	d__Bacteria;p__Acidobacteriota;c__Acidobacteriae;o__Acidobacteriales;f__Acidobacteriaceae_(Subgroup_1);g__uncultured;s__	0.7299474345271563
707a5ea96c134abc0089daff9d08388e	d__Bacteria;p__Cyanobacteria;c__Cyanobacteriia;o__Chloroplast;f__Chloroplast;g__Chloroplast;s__	0.9999967725657725
fd6a7e7a6e76c2f76a37549cc58f2734	d__Bacteria;p__Planctomycetota;c__Phycisphaerae;o__Tepidisphaerales;f__WD2101_soil_group;g__WD2101_soil_group;s__	0.9999981648143788
965b58b2c8d181918136ba8c4a96b0ac	d__Bacteria;p__Acidobacteriota;c__Acidobacteriae;o__Bryobacterales;f__Bryobacteraceae;g__Bryobacter;s__	0.9961035393339209
d6f39c22f672584bca4b8fa228bf0daa	d__Bacteria;p__Bacteroidota;c__Bacteroidia;o__Sphingobacteriales;f__Sphingobacteriaceae;g__Mucilaginibacter;s__	0.9505866921827805
7acdadba2824d464f2becb78cd7e5213	d__Bacteria;p__Cyanobacteria;c__Cyanobacteriia;o__Chloroplast;f__Chloroplast;g__Chloroplast;s__	0.9999869829644837
e4907efd586432ca280c97cceaeee7a9	d__Bacteria;p__Bdellovibrionota;c__Bdellovibrionia;o__Bdellovibrionales;f__Bdellovibrionaceae;g__Bdellovibrio;s__	0.9999968938040166
fc91eda5430d12b48170f848aa56b472	d__Bacteria;p__Proteobacteria;c__Gammaproteobacteria;o__Burkholderiales;f__Comamonadaceae	0.9999999913475881
8ebe30cc4a0339233b4ecf0fcad02878	d__Bacteria;p__Gemmatimonadota;c__Gemmatimonadetes;o__Gemmatimonadales;f__Gemmatimonadaceae	0.9993294418759386
4a9a528b2219db6ca457d6740cec87bd	d__Bacteria;p__Planctomycetota;c__Phycisphaerae;o__Tepidisphaerales;f__WD2101_soil_group;g__WD2101_soil_group;s__	0.9999831806364547
ec1e4beabc53e3751cf97f6553c9ae21	d__Bacteria;p__Planctomycetota;c__Phycisphaerae;o__Tepidisphaerales;f__CPla-3_termite_group;g__CPla-3_termite_group;s__	0.9999999925207703
a8d40749ed650098e5a7942464285927	d__Bacteria;p__Proteobacteria;c__Gammaproteobacteria;o__Diplorickettsiales;f__Diplorickettsiaceae;g__uncultured;s__	0.9975865854433256
7de32e26c084778f2146ef26f7eb1ccb	d__Bacteria;p__Actinobacteriota;c__Actinobacteria;o__Corynebacteriales;f__Mycobacteriaceae;g__Mycobacterium;s__	0.9989450801959254
657e94bb761ea5b2e7829f56fd9de90f	d__Bacteria;p__Bacteroidota;c__Bacteroidia;o__Chitinophagales;f__Chitinophagaceae	0.9999914881559769
2433651ea073bce55861c8d770331b3a	d__Bacteria;p__Chloroflexi;c__AD3;o__AD3;f__AD3;g__AD3;s__	0.999970797091836
81c282e4bb3c921bf8eb0efd596b9056	d__Bacteria;p__Bacteroidota;c__Bacteroidia;o__Chitinophagales;f__Chitinophagaceae;g__Parafilimonas;s__	0.9999728406966915
854922301b75d5abf55a8c7cada68a7b	d__Bacteria;p__Chloroflexi;c__TK10;o__TK10;f__TK10;g__TK10;s__	0.9999439885447069
8bf574aa442e9752afd72e6c6653e49b	d__Bacteria;p__Verrucomicrobiota;c__Verrucomicrobiae;o__Chthoniobacterales;f__Chthoniobacteraceae;g__Candidatus_Udaeobacter;s__	0.9998407122117469
871e4c4d1de0314b1141bcfae7bb8f1a	d__Bacteria;p__Proteobacteria;c__Gammaproteobacteria;o__Burkholderiales;f__Comamonadaceae	0.9999724983596097
3d05974156c6445fcec98fc1e98e4dd1	d__Bacteria;p__Verrucomicrobiota;c__Verrucomicrobiae;o__Chthoniobacterales;f__Chthoniobacteraceae;g__Candidatus_Udaeobacter;s__	0.9016854729877708
1d169039d8b2f7ce53aa040ecd1b78c9	d__Bacteria;p__Verrucomicrobiota;c__Verrucomicrobiae;o__Chthoniobacterales;f__Chthoniobacteraceae;g__Candidatus_Udaeobacter;s__	0.9583249802595695
e51a0ea3c81f33345a0b0ace7bd1e6da	d__Bacteria;p__Chloroflexi;c__AD3;o__AD3;f__AD3;g__AD3;s__	0.9999159237813388
8a3d8a92e0ce12b74af7f77e7c1f96b6	d__Bacteria;p__Bacteroidota;c__Bacteroidia;o__Sphingobacteriales;f__Sphingobacteriaceae;g__Mucilaginibacter;s__	0.9968937853143628
bf8fa35693ab1bfe729659ae7419143c	d__Bacteria;p__Planctomycetota;c__Planctomycetes;o__Gemmatales;f__Gemmataceae;g__Fimbriiglobus;s__	0.8061662130392017
ab836b67b454490bd2bd3f61cf4960f2	d__Bacteria;p__Acidobacteriota;c__Holophagae;o__Subgroup_7;f__Subgroup_7;g__Subgroup_7;s__	0.999893016018774
076e6264e0083e5ed999d69e8a64636e	d__Bacteria;p__Planctomycetota;c__Phycisphaerae;o__Tepidisphaerales;f__WD2101_soil_group;g__WD2101_soil_group;s__	0.9999715206702946
e68a1b37725e5e40e38e45ec039204dd	d__Bacteria;p__Verrucomicrobiota;c__Verrucomicrobiae;o__Chthoniobacterales;f__Chthoniobacteraceae;g__Candidatus_Udaeobacter;s__	0.994697321806273
3a27b13c61c236afa9c9554c2d0de2da	d__Bacteria;p__Bacteroidota;c__Bacteroidia;o__Sphingobacteriales;f__env.OPS_17;g__env.OPS_17;s__	0.9999981769858967
48e97145d5264e9be9cc530eff0971fb	d__Bacteria;p__Bacteroidota;c__Bacteroidia;o__Chitinophagales;f__Chitinophagaceae;g__Sediminibacterium;s__	0.999027953679608
7d64a519f11643880ec081e44fb05ec2	d__Bacteria;p__Chloroflexi;c__Chloroflexia;o__Thermomicrobiales;f__JG30-KF-CM45;g__JG30-KF-CM45;s__	0.9998934793744764
824bb3d1d07f23ba2509721c80030ab9	d__Bacteria;p__Chloroflexi;c__Ktedonobacteria;o__B12-WMSP1;f__B12-WMSP1;g__B12-WMSP1;s__	0.999999339535966
409cf96e3fc8f83aea07673454289361	d__Bacteria;p__Acidobacteriota;c__Acidobacteriae;o__Acidobacteriales;f__uncultured;g__uncultured;s__	0.845808133825637
3f733a84fcfd4af1be7bc2bfa12e92be	d__Bacteria;p__Verrucomicrobiota;c__Verrucomicrobiae;o__Pedosphaerales;f__Pedosphaeraceae;g__Pedosphaeraceae;s__	0.9999232298874715
0271ff89862ce612b373fcb91213336e	d__Bacteria;p__Gemmatimonadota;c__Gemmatimonadetes;o__Gemmatimonadales;f__Gemmatimonadaceae;g__uncultured;s__	0.9974500946645998
238ef38cd2757785a78f3de5d226c0ed	d__Bacteria;p__Dependentiae;c__Babeliae;o__Babeliales;f__Vermiphilaceae;g__Vermiphilaceae;s__	0.995029525429788
695d55b5a4f3ede2c0152b36842d18a2	d__Bacteria;p__WPS-2;c__WPS-2;o__WPS-2;f__WPS-2;g__WPS-2;s__	0.9999885697971658
3b7a2a487ff2da5a8baacec2647c7b79	d__Bacteria;p__Patescibacteria;c__Parcubacteria	0.9993530586041202
089660f224a8de834b71979c59a23756	d__Bacteria;p__Actinobacteriota;c__Actinobacteria;o__Micrococcales;f__Micrococcaceae	0.9997254125224695
4ec34296dff92ec91766f23da94ba029	d__Bacteria;p__Actinobacteriota;c__Acidimicrobiia;o__Microtrichales;f__Ilumatobacteraceae;g__CL500-29_marine_group;s__	0.9350816737764686
2cd0e45cdbe168955df61865905ec9af	d__Bacteria;p__Proteobacteria;c__Alphaproteobacteria;o__Rhizobiales;f__Rhizobiales_Incertae_Sedis;g__Phreatobacter;s__	0.9325614750563231
17b3a56c9e85faac4cc52b0579f2bbd5	d__Bacteria;p__Proteobacteria;c__Gammaproteobacteria;o__Xanthomonadales;f__Xanthomonadaceae;g__Arenimonas;s__	0.999260254556098
c4b7564889c6b2c0d7152eab55482c3c	d__Bacteria;p__Proteobacteria;c__Gammaproteobacteria;o__Gammaproteobacteria_Incertae_Sedis;f__Unknown_Family;g__Acidibacter;s__	0.9626365027414986
c8db0de6aaed5c1c457a1f934d09246b	d__Bacteria;p__Planctomycetota;c__Planctomycetes;o__Isosphaerales;f__Isosphaeraceae;g__uncultured;s__	0.9609184532131041
b2d4ada1d5c945da17bbd0f1af4d7f95	d__Bacteria;p__Armatimonadota;c__Fimbriimonadia;o__Fimbriimonadales;f__Fimbriimonadaceae;g__Fimbriimonadaceae;s__	0.9977499185222936
44f37bc23a33365b37cfa6ff87baad46	d__Bacteria;p__Patescibacteria;c__Parcubacteria;o__Candidatus_Nomurabacteria;f__Candidatus_Nomurabacteria;g__Candidatus_Nomurabacteria;s__	0.9998418646521104
70c23be00bb8b2e7300ef0c7afb01924	d__Bacteria;p__Bacteroidota;c__Bacteroidia;o__Cytophagales;f__Cytophagaceae;g__Cytophaga;s__	0.8604522565041739
21c99e2067505070252abf5e089ee778	d__Bacteria;p__Planctomycetota;c__Phycisphaerae;o__Tepidisphaerales;f__WD2101_soil_group;g__WD2101_soil_group;s__	0.9999746486726198
5b76000ade0a305f9c35b3fe647c011c	d__Bacteria;p__Verrucomicrobiota;c__Verrucomicrobiae;o__Opitutales;f__Opitutaceae;g__Opitutus;s__	0.8328749874131209
af83c1e73e21e9c02e1e3e9a8c276449	d__Bacteria;p__Verrucomicrobiota;c__Verrucomicrobiae;o__Chthoniobacterales;f__Chthoniobacteraceae;g__Candidatus_Udaeobacter;s__	0.9998720447411952
66643955ffd17c6a5ac96ac24882b99a	d__Bacteria;p__Planctomycetota;c__Planctomycetes;o__Isosphaerales;f__Isosphaeraceae	0.9999951633978851
936927d6edd3a3ee65d3e1272faec196	d__Bacteria;p__Proteobacteria;c__Gammaproteobacteria;o__Burkholderiales;f__Comamonadaceae	0.9999927396474502
664fa7c0161fdf0b1213f920491442ba	d__Bacteria;p__Proteobacteria;c__Gammaproteobacteria;o__Burkholderiales;f__Comamonadaceae;g__Rhodoferax;s__	0.7142686409778874
44b077e3687b3120cf1c95eb1e6b9503	d__Bacteria;p__Proteobacteria;c__Gammaproteobacteria;o__Burkholderiales;f__Oxalobacteraceae;g__uncultured;s__	0.9182050814421698
9bff83c8ac13ecb620d4b2a29aab34f9	d__Bacteria;p__Gemmatimonadota;c__Gemmatimonadetes;o__Gemmatimonadales;f__Gemmatimonadaceae;g__Gemmatimonas;s__	0.9960135456637907
13e58c31514ef3c4a23d75215a650335	d__Bacteria;p__Proteobacteria;c__Gammaproteobacteria;o__Diplorickettsiales;f__Diplorickettsiaceae;g__uncultured;s__	0.8426214478016401
c5b584512e5c46e859805808f6beae33	d__Bacteria;p__Chloroflexi;c__Ktedonobacteria;o__Ktedonobacterales;f__Ktedonobacteraceae;g__uncultured;s__	0.9915509047287053
628717873efaf0b512ea612ea6d1fc1a	d__Bacteria;p__Chloroflexi;c__Ktedonobacteria;o__Ktedonobacterales;f__Ktedonobacteraceae;g__JG30a-KF-32;s__	0.9999732595021155
cf5c8104cffea2af1715f53d8ce2473e	d__Bacteria;p__Chloroflexi;c__Chloroflexia;o__Kallotenuales;f__AKIW781;g__AKIW781;s__	0.9997291183632215
33ca5f6e8405ac32519139bd64e7fb2d	d__Bacteria;p__Acidobacteriota;c__Acidobacteriae;o__Bryobacterales;f__Bryobacteraceae;g__Bryobacter;s__	0.8865406927593658
f60b43fc01957ce1b6b881f343aba98e	d__Bacteria;p__Bacteroidota;c__Bacteroidia;o__Sphingobacteriales;f__Sphingobacteriaceae;g__Mucilaginibacter;s__	0.9975572885668855
441a9c07d117807f3afdf167d0b34010	d__Bacteria;p__Actinobacteriota;c__Thermoleophilia;o__Gaiellales;f__Gaiellaceae;g__Gaiella;s__	0.9632066414472142
09338a5e0fdb951f9cd6f89baded2002	d__Bacteria;p__Verrucomicrobiota;c__Verrucomicrobiae;o__Chthoniobacterales;f__Chthoniobacteraceae;g__Candidatus_Udaeobacter;s__	0.9996125719469285
0e9a11fc4f10c5964f210f52b413a256	d__Bacteria;p__Chloroflexi;c__Ktedonobacteria;o__B12-WMSP1;f__B12-WMSP1;g__B12-WMSP1;s__	0.9999969049176662
07567ea6adba66a959de76fcd0e70256	d__Bacteria;p__Proteobacteria;c__Gammaproteobacteria;o__Burkholderiales;f__Comamonadaceae	0.9999999973681339
93c34f2b162d28ea70c1ecbea993050f	d__Bacteria;p__Acidobacteriota;c__Holophagae;o__Subgroup_7;f__Subgroup_7;g__Subgroup_7;s__	0.9998025085337832
1df043135272820ac7d3da0487eb7003	d__Bacteria;p__Chloroflexi;c__Ktedonobacteria;o__Ktedonobacterales;f__Ktedonobacteraceae	0.9984320639177462
2cdb344ed398cc0ff41902e2a21dc940	d__Bacteria;p__Proteobacteria;c__Gammaproteobacteria;o__Diplorickettsiales;f__Diplorickettsiaceae;g__uncultured;s__	0.7206028804249126
6c0f6d479db7182b77007f1dbaca5d83	d__Bacteria;p__Chloroflexi;c__Ktedonobacteria;o__B12-WMSP1;f__B12-WMSP1;g__B12-WMSP1;s__	0.9999914940814794
5ffc676af852966ee42b0dc0ffc23d4a	d__Bacteria;p__Bdellovibrionota;c__Oligoflexia;o__0319-6G20;f__0319-6G20;g__0319-6G20;s__	0.9998814459249822
ccaa054d9b94af844a51f54e2082910d	d__Bacteria;p__Bacteroidota;c__Bacteroidia;o__Sphingobacteriales;f__Sphingobacteriaceae;g__Mucilaginibacter;s__	0.990073982039791
150c05751aee886fad16956c33224a6c	d__Bacteria;p__Acidobacteriota;c__Acidobacteriae;o__Acidobacteriales;f__uncultured;g__uncultured;s__	0.9978429489106011
4eda21376f836c98f0d38688287e56b3	d__Bacteria;p__Actinobacteriota;c__Actinobacteria;o__Corynebacteriales;f__Mycobacteriaceae;g__Mycobacterium;s__	0.9999841127508489
564cc7b1613c7c3c077a6cc4f5eb1672	d__Bacteria;p__Proteobacteria;c__Gammaproteobacteria;o__Pseudomonadales;f__Pseudomonadaceae;g__Pseudomonas;s__	0.9997336607860939
4b47b183c9139ce967ce5812ddfc2680	d__Bacteria;p__Patescibacteria;c__Parcubacteria;o__Candidatus_Nomurabacteria;f__Candidatus_Nomurabacteria;g__Candidatus_Nomurabacteria;s__	0.9995621926801777
925bfcfe3e6334ce5308eee3a5d68cd5	d__Bacteria;p__Actinobacteriota;c__Thermoleophilia;o__Gaiellales	0.9999990560731284
36bade39741633e6fdc40d917c07ca73	d__Bacteria;p__Patescibacteria;c__Parcubacteria	0.9682394082294932
3007929a5e04a0c7b1b57dee43c10c70	d__Bacteria;p__Acidobacteriota;c__Acidobacteriae;o__Acidobacteriales;f__Acidobacteriaceae_(Subgroup_1);g__uncultured;s__	0.7207742133597674
5eabb76be1d2d4b99f85d4a09cab2ee0	d__Bacteria;p__Chloroflexi;c__Ktedonobacteria;o__Ktedonobacterales;f__Ktedonobacteraceae;g__uncultured;s__	0.9097694996395753
dffaefc8e7f6521e370ec5de31347e0f	d__Bacteria;p__Proteobacteria;c__Alphaproteobacteria;o__uncultured;f__uncultured;g__uncultured;s__	0.926851617506105
937a0ed4f40711dac40eb7b0285accfc	d__Bacteria;p__Actinobacteriota;c__Actinobacteria;o__Catenulisporales;f__Catenulisporaceae;g__Catenulispora;s__	0.9999726113101658
0deeebdd46fcdb505ae4a21312fa9822	d__Bacteria;p__Acidobacteriota;c__Blastocatellia;o__Blastocatellales;f__Blastocatellaceae	0.999999919711899
a8dfc5916268405be8e508b71433ffd8	d__Bacteria;p__Proteobacteria;c__Gammaproteobacteria;o__Xanthomonadales;f__Rhodanobacteraceae;g__Rhodanobacter;s__	0.9887718236145585
b779a66f7b7c06820937f0072408228f	d__Bacteria;p__Proteobacteria;c__Alphaproteobacteria;o__Rhizobiales;f__Beijerinckiaceae;g__1174-901-12;s__	0.8037370898421206
640fafe8240b452e4d7b27715e5b3376	d__Bacteria;p__Gemmatimonadota;c__Gemmatimonadetes;o__Gemmatimonadales;f__Gemmatimonadaceae;g__Gemmatimonas;s__	0.8472390946481427
2fc32efc2b1afe9e809bc3784783122b	d__Bacteria;p__Planctomycetota;c__Planctomycetes;o__Gemmatales;f__Gemmataceae;g__Gemmata;s__	0.8966536364507139
b931291e8720d20c32333a5a8df1affe	d__Bacteria;p__Proteobacteria;c__Alphaproteobacteria;o__Sphingomonadales;f__Sphingomonadaceae;g__Sphingomonas;s__	0.933003118128696
c1ff7f973afdb3580f8c78780077e69a	d__Bacteria;p__Planctomycetota;c__Planctomycetes;o__Planctomycetales;f__uncultured;g__uncultured;s__	0.9998982017012658
5d52b369c4c3397bdcbe82342d6aa012	d__Bacteria;p__Chloroflexi	0.9442861390931457
ca2777e9af57bd4b823473a110d07676	d__Bacteria;p__Planctomycetota;c__Planctomycetes;o__Isosphaerales;f__Isosphaeraceae	0.999989974671645
d86a5f213c3caa0cd6dca70f8996882c	d__Bacteria;p__Planctomycetota;c__Planctomycetes;o__Gemmatales;f__Gemmataceae;g__uncultured;s__	0.9902564848348907
af9f7ddf2fd80866acb5e94b214be9ce	d__Bacteria;p__Armatimonadota;c__Fimbriimonadia;o__Fimbriimonadales;f__Fimbriimonadaceae;g__Fimbriimonadaceae;s__	0.9999837313324965
6b41c048da5a162a06143666a13433c3	d__Bacteria;p__Acidobacteriota;c__Holophagae;o__Subgroup_7;f__Subgroup_7;g__Subgroup_7;s__	0.9999982371112899
25d626a0881ca9060ff97eee496f4c24	d__Bacteria;p__Verrucomicrobiota;c__Chlamydiae;o__Chlamydiales;f__Parachlamydiaceae	0.985126211415345
d022e8bcb11d1ca002bee81d558714eb	d__Bacteria;p__Planctomycetota;c__Planctomycetes;o__Isosphaerales;f__Isosphaeraceae;g__Tundrisphaera;s__	0.9948225349813246
13fcbad1e889adada9630f924e89125f	d__Bacteria;p__Chloroflexi	0.7156115070045916
fcc877462643edc17506a5b7a632ca90	d__Bacteria;p__Planctomycetota;c__Phycisphaerae;o__Tepidisphaerales;f__WD2101_soil_group;g__WD2101_soil_group;s__	0.999972935139386
0bbd7ddbb07300fccbe5c7f820a869a5	d__Bacteria;p__Patescibacteria;c__Parcubacteria;o__Parcubacteria;f__Parcubacteria;g__Parcubacteria;s__	0.8546959573593419
324d062a3dc0ae80071150ab33040d84	d__Bacteria;p__Planctomycetota;c__Planctomycetes;o__Pirellulales;f__Pirellulaceae;g__uncultured;s__	0.9537875700837257
137750b429487eeb564388e88d4b6b93	d__Bacteria;p__Planctomycetota;c__Planctomycetes;o__Planctomycetales;f__uncultured;g__uncultured;s__	0.9992561721683524
19e221ce0244d2d97ef065b13c86e4c9	d__Bacteria;p__Planctomycetota;c__Planctomycetes;o__Planctomycetales;f__Schlesneriaceae;g__Schlesneria;s__	0.9999950067653349
b6facf4af9eef95632cc481027d5d6a1	d__Bacteria;p__Bacteroidota;c__Bacteroidia;o__Chitinophagales;f__37-13;g__37-13;s__	0.9999848939142302
0d4e85ff64c2adc57b71c91274dfc281	d__Bacteria;p__Verrucomicrobiota;c__Verrucomicrobiae;o__Chthoniobacterales;f__Chthoniobacteraceae;g__Candidatus_Udaeobacter;s__	0.9998846515276167
4e5e366db6d1994678100161919d9201	d__Bacteria;p__Verrucomicrobiota;c__Verrucomicrobiae;o__Chthoniobacterales;f__Chthoniobacteraceae;g__Chthoniobacter;s__	0.9995211367929068
74fc11500ea252cacd072a902547f6fb	d__Bacteria;p__Patescibacteria;c__Microgenomatia;o__Candidatus_Daviesbacteria;f__Candidatus_Daviesbacteria;g__Candidatus_Daviesbacteria;s__	0.9997766418460089
05a57b30dec9544848c0956e14e99ac4	d__Bacteria;p__Acidobacteriota;c__Holophagae;o__Subgroup_7;f__Subgroup_7;g__Subgroup_7;s__	0.9999978875524534
633ccdc56ecd2b521d2dc77fb06634f9	d__Bacteria;p__Patescibacteria;c__Parcubacteria;o__Candidatus_Kaiserbacteria;f__Candidatus_Kaiserbacteria;g__Candidatus_Kaiserbacteria;s__	0.992584371079732
38544fae96575715ff53733c0325795e	d__Bacteria;p__Acidobacteriota;c__Holophagae;o__Subgroup_7;f__Subgroup_7;g__Subgroup_7;s__	0.9999980522945503
f5d92369dd26c3a8b0c0204fbc9e0586	d__Bacteria;p__Proteobacteria;c__Alphaproteobacteria;o__Sphingomonadales;f__Sphingomonadaceae;g__Sphingomonas;s__	0.9034309067184578
82eb678bee3cb5de01553fde14583c17	d__Bacteria;p__Chloroflexi;c__Chloroflexia;o__Thermomicrobiales;f__JG30-KF-CM45;g__JG30-KF-CM45;s__	0.9999275991399844
463090bd1e3607d923ac0af8c9e776b5	d__Bacteria;p__Patescibacteria;c__Parcubacteria;o__Candidatus_Vogelbacteria;f__Candidatus_Vogelbacteria;g__Candidatus_Vogelbacteria;s__	0.7958716034857894
4e76d12e468221853a981c2f62ad3ca7	d__Bacteria;p__Gemmatimonadota;c__Gemmatimonadetes;o__Gemmatimonadales;f__Gemmatimonadaceae;g__Gemmatimonas;s__	0.8003526834040456
e6d6babdae25571b85d9e31d7f7bb180	d__Bacteria;p__Bacteroidota;c__Bacteroidia;o__Cytophagales;f__Cytophagaceae;g__Cytophaga;s__	0.9959443894509458
4a3a803a29c435bf731df696a96edad7	d__Bacteria;p__Bacteroidota;c__Bacteroidia;o__Chitinophagales;f__Chitinophagaceae;g__Heliimonas;s__	0.9589794591648854
aa9e0c12d59313a8adb588890b2f43d0	d__Bacteria;p__Chloroflexi;c__Ktedonobacteria;o__Ktedonobacterales;f__Ktedonobacteraceae;g__uncultured;s__	0.9921750714462131
2572fd2fc88a3a130109c4023ad67b0e	d__Bacteria;p__Verrucomicrobiota;c__Verrucomicrobiae;o__Opitutales;f__Opitutaceae;g__Opitutus;s__	0.9216368845232308
fe974bd9275cb0c25219d4d9ef14f74f	d__Bacteria;p__Actinobacteriota;c__Actinobacteria;o__Micrococcales;f__Microbacteriaceae	0.9996192364703451
5517f28b9d444533369932296545c107	d__Bacteria;p__Chloroflexi;c__Ktedonobacteria;o__Ktedonobacterales;f__Ktedonobacteraceae;g__JG30a-KF-32;s__	0.9992773466443158
f39b39bbc41f0a4179c526a525a8a0fd	d__Bacteria;p__Bacteroidota;c__Bacteroidia;o__Cytophagales;f__Cytophagaceae;g__Cytophaga;s__	0.9994978963166236
5de44028bb48e685ae43d641c541814e	d__Bacteria;p__Planctomycetota;c__Planctomycetes;o__Isosphaerales;f__Isosphaeraceae;g__Tundrisphaera;s__	0.723544822783031
2bb88c4ffe70dd9f70594f3434d22d5d	d__Bacteria;p__Verrucomicrobiota;c__Verrucomicrobiae;o__Chthoniobacterales;f__Chthoniobacteraceae;g__Candidatus_Udaeobacter;s__	0.9455069787740935
116a1b5445fa19a260f4440af2bdf971	d__Bacteria;p__Actinobacteriota;c__Actinobacteria;o__Propionibacteriales;f__Nocardioidaceae;g__Nocardioides;s__	0.998056326798592
c6f064b60f8f53b330a8c1de8650f264	d__Bacteria;p__Acidobacteriota;c__Acidobacteriae;o__Subgroup_2;f__Subgroup_2;g__Subgroup_2;s__	0.9999999832049299
c5ab86e37d4deea99107cb1412b70de2	d__Bacteria;p__Actinobacteriota;c__Thermoleophilia;o__Gaiellales;f__uncultured;g__uncultured;s__	0.8903851241429257
9ab696295c71f2e45782955187db2c93	d__Bacteria;p__Proteobacteria;c__Alphaproteobacteria;o__Caulobacterales;f__Caulobacteraceae;g__Caulobacter;s__	0.8079642264577607
db8b2234e6e58a94c35628cf96ba4feb	d__Bacteria;p__Acidobacteriota;c__Acidobacteriae;o__Acidobacteriales;f__Acidobacteriaceae_(Subgroup_1);g__Granulicella;s__	0.9861204849717093
73fd9b48b94a70eb8fa3f95dce069016	d__Bacteria;p__Planctomycetota;c__Planctomycetes;o__Gemmatales;f__Gemmataceae;g__uncultured;s__	0.9546322808635168
242e4adb6afb9ad0a190dbe9028e38ab	d__Bacteria;p__Bacteroidota;c__Bacteroidia;o__Chitinophagales;f__Chitinophagaceae;g__Edaphobaculum;s__	0.9994686942362777
300b948fc9e5cb5cbf8a2b789e8bad3e	d__Bacteria;p__Proteobacteria;c__Gammaproteobacteria;o__Diplorickettsiales;f__Diplorickettsiaceae;g__uncultured;s__	0.9943773856319781
83b338b6f4be93fbc6cb24991c448d2a	d__Bacteria;p__Planctomycetota;c__Planctomycetes;o__Planctomycetales;f__Schlesneriaceae;g__Schlesneria;s__	0.9999893998070417
155e3e28d4cff0330f5e37264fba99e8	d__Bacteria;p__Bacteroidota;c__Bacteroidia;o__Chitinophagales;f__Chitinophagaceae;g__uncultured;s__	0.9866195965678616
81bf1f5b811b6cce7e99d4433343467d	d__Bacteria;p__Acidobacteriota;c__Acidobacteriae;o__Bryobacterales;f__Bryobacteraceae;g__Bryobacter;s__	0.9573702173125304
5fc9e9e8443bc7c02cc4a9aa01fb8dc4	d__Bacteria;p__Myxococcota;c__Polyangia;o__Haliangiales;f__Haliangiaceae;g__Haliangium;s__	0.9994686880148043
cfc48e4ddab62e6db9b5965cb72c9e53	d__Bacteria;p__Planctomycetota;c__Planctomycetes;o__Gemmatales;f__Gemmataceae;g__uncultured;s__	0.999254762022925
fa1678738f738fa59d2d64d0d5009794	d__Bacteria;p__Patescibacteria;c__Parcubacteria;o__Candidatus_Kaiserbacteria;f__Candidatus_Kaiserbacteria;g__Candidatus_Kaiserbacteria;s__	0.9999639127834322
7c198f8ac7fd8ff1a7db478b1625febf	d__Bacteria;p__Gemmatimonadota;c__Gemmatimonadetes;o__Gemmatimonadales;f__Gemmatimonadaceae;g__uncultured;s__	0.99213851169587
e05ba804a94314525c8e3dc7786d8679	d__Bacteria;p__Gemmatimonadota;c__Gemmatimonadetes;o__Gemmatimonadales;f__Gemmatimonadaceae;g__uncultured;s__	0.997713539583
16ef0fba7ab0f828c398cca56e490bcc	d__Bacteria;p__Proteobacteria;c__Alphaproteobacteria;o__Paracaedibacterales;f__Paracaedibacteraceae;g__Candidatus_Paracaedibacter;s__	0.9992803586110661
7f63f10930eaf8bd78ac8a15cae8937b	d__Bacteria;p__Patescibacteria;c__Parcubacteria;o__Parcubacteria;f__Parcubacteria;g__Parcubacteria;s__	0.9999768296091761
438a8af8aadaae0977b09bf511717651	d__Bacteria;p__Planctomycetota;c__Phycisphaerae;o__Tepidisphaerales;f__WD2101_soil_group;g__WD2101_soil_group;s__	0.9999996334523008
e1335f148ec4988022ca73a17ea7ca48	d__Bacteria;p__Bacteroidota;c__Kapabacteria;o__Kapabacteriales;f__Kapabacteriales;g__Kapabacteriales;s__	0.9964475569638817
8c408c794172387fad525e125e59744d	d__Bacteria;p__Acidobacteriota;c__Acidobacteriae;o__Subgroup_2;f__Subgroup_2;g__Subgroup_2;s__	0.9999994257010713
b27e62840825775492918e92e9071a9c	d__Bacteria;p__Bdellovibrionota;c__Oligoflexia;o__Oligoflexales;f__Oligoflexaceae;g__uncultured;s__	0.9962734535405696
f40cf68b77adf0f3e419495f66b42b61	d__Bacteria;p__Acidobacteriota;c__Holophagae;o__Subgroup_7;f__Subgroup_7;g__Subgroup_7;s__	0.9999947834159779
7995d306c3d9753bf04f9dfab4fc4f0c	d__Bacteria;p__Proteobacteria;c__Alphaproteobacteria;o__Micropepsales;f__Micropepsaceae;g__uncultured;s__	0.9856824852488083
8514d4a3630096886929cf05f299d820	d__Bacteria;p__Acidobacteriota;c__Acidobacteriae;o__Solibacterales;f__Solibacteraceae;g__Candidatus_Solibacter;s__	0.9995874462015886
def29bf2632330ac7d02c5f3845520f7	d__Bacteria;p__Planctomycetota;c__Phycisphaerae;o__Phycisphaerales;f__Phycisphaeraceae;g__uncultured;s__	0.9985127392997066
c18b9673bd8286a5ac59c8bd18b3bd7e	d__Bacteria;p__Verrucomicrobiota;c__Verrucomicrobiae;o__Chthoniobacterales;f__Xiphinematobacteraceae;g__Candidatus_Xiphinematobacter;s__	0.9853321998023998
35666cd80d7937d6e167208ca851fc85	d__Bacteria;p__Proteobacteria;c__Gammaproteobacteria;o__Diplorickettsiales;f__Diplorickettsiaceae;g__uncultured;s__	0.7593445756488939
b7fd35d514290f64fed06dafe0f28306	d__Bacteria;p__Planctomycetota;c__Planctomycetes;o__Gemmatales;f__Gemmataceae;g__Fimbriiglobus;s__	0.9866421921271816
b41edb3b6cceae83034fd468018adc30	d__Bacteria;p__Proteobacteria;c__Gammaproteobacteria;o__Xanthomonadales;f__Rhodanobacteraceae;g__Rhodanobacter;s__	0.9487503731241391
b0c1a1f901df07a96510c23303441d77	d__Bacteria;p__Acidobacteriota;c__Acidobacteriae;o__Solibacterales;f__Solibacteraceae;g__Candidatus_Solibacter;s__	0.968497073656279
29610cdd00e90755cdb002523b4dd112	d__Bacteria;p__Chloroflexi;c__Chloroflexia;o__Chloroflexales;f__Roseiflexaceae;g__uncultured;s__	0.9999906226862538
de7b80fa496f1a1dc23d54bff5bf7f4f	d__Bacteria;p__Patescibacteria;c__Parcubacteria	0.9999299316782012
a9bad2ff341643e6bcfd232675b319bb	d__Bacteria;p__Proteobacteria;c__Alphaproteobacteria;o__Paracaedibacterales;f__Paracaedibacteraceae;g__Candidatus_Paracaedibacter;s__	0.995795390911329
8053849d33dc9cd869ffbd9047db57b6	d__Bacteria;p__RCP2-54;c__RCP2-54;o__RCP2-54;f__RCP2-54;g__RCP2-54;s__	0.983363900294097
bdb0df4a7d6ff743c1a582d5773b5d31	d__Bacteria;p__Verrucomicrobiota;c__Verrucomicrobiae;o__Chthoniobacterales;f__Chthoniobacteraceae;g__Candidatus_Udaeobacter;s__	0.9233611964328466
d9b336d6378352442495b73c139b5437	d__Bacteria;p__Chloroflexi;c__KD4-96;o__KD4-96;f__KD4-96;g__KD4-96;s__	0.9999156736183746
c15de83b44cd5ef9f86cc3b89ae1b12f	d__Bacteria;p__Verrucomicrobiota;c__Verrucomicrobiae;o__Chthoniobacterales;f__Chthoniobacteraceae;g__Candidatus_Udaeobacter;s__	0.9954697403203576
18d00414d21dd875a6665be9cb0cc987	d__Bacteria;p__Verrucomicrobiota;c__Verrucomicrobiae;o__Chthoniobacterales;f__Chthoniobacteraceae;g__Candidatus_Udaeobacter;s__	0.998168776737396
fd418df8e5350168e5be5eddaf282b92	d__Bacteria;p__Proteobacteria;c__Gammaproteobacteria;o__Gammaproteobacteria_Incertae_Sedis;f__Unknown_Family;g__Acidibacter;s__	0.87121316441053
451e67217ba807db83d306bc96abddcf	d__Bacteria;p__Gemmatimonadota;c__Gemmatimonadetes;o__Gemmatimonadales;f__Gemmatimonadaceae;g__uncultured;s__	0.9988837258239205
efb6fb480a667f4bf84ff7b24d567c7e	d__Bacteria;p__Acidobacteriota;c__Acidobacteriae;o__Acidobacteriales;f__Acidobacteriaceae_(Subgroup_1);g__Granulicella;s__	0.9037272752561784
0d29f08fd148e1cfef6b8e5210b576cf	d__Bacteria;p__Planctomycetota;c__Phycisphaerae;o__Tepidisphaerales;f__CPla-3_termite_group;g__CPla-3_termite_group;s__	0.9999999737994475
37b647b69e16f1be9f66f944dcefabc5	d__Bacteria;p__Chloroflexi;c__Ktedonobacteria;o__B12-WMSP1;f__B12-WMSP1;g__B12-WMSP1;s__	0.999999149847972
4fcb0f0817b60bf490263b0aea6ccb2e	d__Bacteria;p__Planctomycetota;c__Planctomycetes;o__Pirellulales;f__Pirellulaceae;g__Pirellula;s__	0.9916704376048773
9c3c7ace65dd5f131a19c84c5b835797	d__Bacteria;p__Bacteroidota;c__Bacteroidia;o__Chitinophagales;f__Chitinophagaceae;g__uncultured;s__	0.8257529200254472
ceaeb53cc1e1bffc137d97aac16d3d55	d__Bacteria;p__Planctomycetota;c__Planctomycetes;o__Planctomycetales;f__uncultured;g__uncultured;s__	0.9950681001863193
a45708849d0b69ce93a4af5c0366280b	d__Bacteria;p__Nitrospirota;c__Nitrospiria;o__Nitrospirales;f__Nitrospiraceae;g__Nitrospira;s__	0.9933212647658831
e135c30f01f03150570200f9fc128adf	d__Bacteria;p__Verrucomicrobiota;c__Chlamydiae;o__Chlamydiales;f__Parachlamydiaceae;g__Neochlamydia;s__	0.9901168653288328
1e9e90cb01a23a7c0ef641588166b4d6	d__Bacteria;p__Chloroflexi;c__Anaerolineae;o__SBR1031;f__SBR1031;g__SBR1031;s__	0.7212027089664341
b305f2e33cdb1c8ec2c53932af20ee74	d__Bacteria;p__Proteobacteria;c__Alphaproteobacteria;o__Rhizobiales;f__Labraceae;g__Labrys;s__	0.9991948110731286
d118da7375b7c7f0905eb55aca928aab	d__Bacteria;p__Acidobacteriota;c__Acidobacteriae;o__Acidobacteriales;f__Acidobacteriaceae_(Subgroup_1);g__uncultured;s__	0.7107251640841323
043cf2f2ad2a77dc3615d1abfe133a34	d__Bacteria;p__Chloroflexi;c__Ktedonobacteria;o__Ktedonobacterales;f__Ktedonobacteraceae;g__HSB_OF53-F07;s__	0.9999988253335708
1db4b5c3dad285a4d0e134a447c85fb7	d__Bacteria;p__Patescibacteria	0.9456320966873104
cec6fe918d22c23b2853ef7c24a5944c	d__Bacteria;p__Chloroflexi;c__Ktedonobacteria;o__C0119;f__C0119;g__C0119;s__	0.9921973519943158
14d511836a6949e86690c217cc71bbe8	d__Bacteria;p__Acidobacteriota;c__Holophagae;o__Subgroup_7;f__Subgroup_7;g__Subgroup_7;s__	0.9997423317423246
6f529afadce9fc85119d3088831b9a13	d__Bacteria;p__Myxococcota;c__Polyangia;o__Haliangiales;f__Haliangiaceae;g__Haliangium;s__	0.999736296416425
e7ec7b103bbde4ac24ad0f367f222a9d	d__Bacteria;p__Verrucomicrobiota;c__Verrucomicrobiae;o__Chthoniobacterales;f__Chthoniobacteraceae;g__LD29;s__	0.7590884198201655
4bae562a3ff20ed792d3f4dec2b42dc6	d__Bacteria;p__Chloroflexi;c__Ktedonobacteria;o__Ktedonobacterales;f__Ktedonobacteraceae;g__uncultured;s__	0.9924021150815563
644db5a72b63680beed87d5a12337d25	d__Bacteria;p__Verrucomicrobiota;c__Verrucomicrobiae;o__Chthoniobacterales;f__Chthoniobacteraceae;g__Candidatus_Udaeobacter;s__	0.9957210072030325
4784990692c9deb428efde762c814a28	d__Bacteria;p__Acidobacteriota;c__Acidobacteriae;o__Bryobacterales;f__Bryobacteraceae;g__Bryobacter;s__	0.8149453066554653
1724c95434bdbc4efa31f745d16ced90	d__Bacteria;p__Patescibacteria;c__Microgenomatia;o__Candidatus_Pacebacteria;f__Candidatus_Pacebacteria;g__Candidatus_Pacebacteria;s__	0.9766352391997759
2f7d049f2d680cd96b5dea8aecfd0dbe	d__Bacteria;p__Patescibacteria;c__Parcubacteria;o__Candidatus_Kaiserbacteria;f__Candidatus_Kaiserbacteria;g__Candidatus_Kaiserbacteria;s__	0.9713770640620093
d35cfcd8e4065712c2e24ecc855e547a	d__Bacteria;p__Planctomycetota;c__Phycisphaerae;o__Tepidisphaerales;f__WD2101_soil_group;g__WD2101_soil_group;s__	0.9999854283635281
175ddbd418fc3a3e72888e5938269826	d__Bacteria;p__Acidobacteriota;c__Blastocatellia;o__Pyrinomonadales;f__Pyrinomonadaceae;g__RB41;s__	0.9999877266660353
2957f3ea6b9e226626854f189e1cb84c	d__Bacteria;p__Planctomycetota;c__Planctomycetes;o__Gemmatales;f__Gemmataceae;g__uncultured;s__	0.9950462871521487
b46aa027608c4a73253100aa8d1d6241	d__Bacteria;p__Chloroflexi;c__TK10;o__TK10;f__TK10;g__TK10;s__	0.9999454122474704
2f38c65ab5939ade663519935b365465	d__Bacteria;p__Acidobacteriota;c__Acidobacteriae;o__Subgroup_2;f__Subgroup_2;g__Subgroup_2;s__	0.9999999905394077
b18ab7b5ff7c18e15e930d42496868ee	d__Bacteria;p__Verrucomicrobiota;c__Verrucomicrobiae;o__Chthoniobacterales;f__Chthoniobacteraceae;g__Chthoniobacter;s__	0.9985959052817219
53a75fe1c7aedca731b147090f0ef251	d__Bacteria;p__Planctomycetota;c__Phycisphaerae;o__Tepidisphaerales;f__WD2101_soil_group;g__WD2101_soil_group;s__	0.9999827486601489
450bb88b0c705612f1e5693cec4a46d0	d__Bacteria;p__Proteobacteria;c__Alphaproteobacteria;o__Holosporales;f__Holosporaceae;g__uncultured;s__	0.999946902558579
a159e2b8c290b32e7f98188cd6e467c6	d__Bacteria;p__Verrucomicrobiota;c__Verrucomicrobiae;o__Chthoniobacterales;f__Chthoniobacteraceae;g__Chthoniobacter;s__	0.875415703143468
44014f7be8ffef342795c36d3bba5934	d__Bacteria;p__Acidobacteriota;c__Holophagae;o__Subgroup_7;f__Subgroup_7;g__Subgroup_7;s__	0.9999990385219991
7c2bb33e7653a0f68eef04f11f8ef325	d__Bacteria;p__Verrucomicrobiota;c__Verrucomicrobiae;o__Chthoniobacterales;f__Chthoniobacteraceae;g__Candidatus_Udaeobacter;s__	0.999821652735373
61f4c7e9da503a1e9efe75727490b9a9	d__Bacteria;p__Acidobacteriota;c__Acidobacteriae;o__Solibacterales;f__Solibacteraceae;g__Candidatus_Solibacter;s__	0.9972981736044828
f2cac78a7e8a65a00310c7b21445b515	d__Bacteria;p__Chloroflexi;c__Chloroflexia;o__Kallotenuales;f__AKIW781;g__AKIW781;s__	0.9996037991442709
84ef8c9875b6fed721008998f56df1a7	d__Bacteria;p__Chloroflexi;c__Ktedonobacteria;o__C0119;f__C0119;g__C0119;s__	0.9993681110224835
b1c2f420a74588090ad3e49c6d084d89	d__Bacteria;p__Planctomycetota;c__Planctomycetes;o__Gemmatales;f__Gemmataceae;g__uncultured;s__	0.8795078790222465
3517d9b409334a0eb676fe2e68d11dc1	d__Bacteria;p__Proteobacteria;c__Gammaproteobacteria;o__Burkholderiales;f__Burkholderiaceae;g__Limnobacter;s__	0.8173311106407758
b6bc8f95d78ef7194079a69d65837578	d__Bacteria;p__Bacteroidota;c__Bacteroidia;o__Chitinophagales;f__Chitinophagaceae;g__Flavisolibacter;s__	0.9844364303310293
e7940307d6dec1cecf6ac63671b71f59	d__Bacteria;p__Bacteroidota;c__Bacteroidia;o__Chitinophagales;f__Chitinophagaceae;g__uncultured;s__	0.8155279331332194
14431a225add454c1a4609ade33f0e6f	d__Bacteria;p__Proteobacteria;c__Alphaproteobacteria;o__Sphingomonadales;f__Sphingomonadaceae;g__Sphingomonas;s__	0.7071257749230048
68e80a8fab467e575b7e3bd35d4834cf	d__Bacteria;p__Patescibacteria;c__Parcubacteria	0.9998590451406145
9329d68433ddf71d66bacd32468f914d	d__Bacteria;p__Chloroflexi;c__Anaerolineae;o__SBR1031;f__SBR1031;g__SBR1031;s__	0.8112080102260357
148af57e1c8d3e69fee9c7b5fcd6c1f7	d__Bacteria;p__Verrucomicrobiota;c__Chlamydiae;o__Chlamydiales;f__Parachlamydiaceae	0.9877371580937893
031e1a4a0aa034ddde2e0b0e9a6bd65e	d__Bacteria;p__Planctomycetota;c__Planctomycetes;o__Isosphaerales;f__Isosphaeraceae	0.9999998548600654
391f602076da1fe11afeb0fabf723036	d__Bacteria;p__Verrucomicrobiota;c__Verrucomicrobiae;o__Chthoniobacterales;f__Chthoniobacteraceae;g__Candidatus_Udaeobacter;s__	0.9993904199964775
b4503e547fbca1471ca7fd60a1105000	d__Bacteria;p__Planctomycetota;c__Planctomycetes;o__Gemmatales;f__Gemmataceae;g__Gemmata;s__	0.998463577941042
bf47900757fc1cdc1280d43a6c8d4393	d__Bacteria;p__Proteobacteria;c__Gammaproteobacteria;o__Burkholderiales;f__Comamonadaceae	0.9999866189020705
4939998e053f21dd83c13efac50c8714	d__Bacteria;p__Bacteroidota;c__Bacteroidia;o__Chitinophagales;f__Chitinophagaceae	0.9999403967272318
409e17e008cf01dff07ba9a21cf6d30e	d__Bacteria;p__Acidobacteriota;c__Blastocatellia;o__Blastocatellales;f__Blastocatellaceae	0.9999998500928057
f5cc630a9354fca9c15e3e8f07ebd448	d__Bacteria;p__Chloroflexi;c__Anaerolineae;o__Anaerolineae;f__Anaerolineae;g__Anaerolineae;s__	0.9998609538405374
e752b0d0262fd282e224965e8d4c62cc	d__Bacteria;p__Proteobacteria;c__Gammaproteobacteria;o__Xanthomonadales;f__Xanthomonadaceae;g__uncultured;s__	0.9579487713116805
5f8ed2505f132cbf0b9d61640ec1a58a	d__Bacteria;p__Proteobacteria;c__Gammaproteobacteria;o__Burkholderiales;f__Comamonadaceae	0.9999853520910904
f438ea8eaa6ddf6e5a78d97e2fa5f18e	d__Bacteria;p__Acidobacteriota;c__Blastocatellia;o__Blastocatellales;f__Blastocatellaceae	0.9999999557633228
1629d5f0e0ed307b77fe192298cce176	d__Bacteria;p__Chloroflexi;c__Anaerolineae;o__RBG-13-54-9;f__RBG-13-54-9;g__RBG-13-54-9;s__	0.9877726480391799
6dc9459f79409814e6bfe21bbc4a26e9	d__Bacteria;p__Verrucomicrobiota;c__Verrucomicrobiae;o__Chthoniobacterales;f__Chthoniobacteraceae;g__Chthoniobacter;s__	0.9953480136121958
4c7c886199fddf8a5d7904e8ef530a8c	d__Bacteria;p__Gemmatimonadota;c__Gemmatimonadetes;o__Gemmatimonadales;f__Gemmatimonadaceae	0.9999341804828694
49250e4d6444216f2de306e6b8eeebed	d__Bacteria;p__Acidobacteriota;c__Acidobacteriae	0.9999995735408446
fcc5b27a681b1bdb965e6ae430976aa4	d__Bacteria;p__Patescibacteria;c__Parcubacteria	0.9968773541364555
b0f7afd9e81cd0b6edbe298d062b94a1	d__Bacteria;p__Actinobacteriota;c__Actinobacteria;o__Corynebacteriales;f__Nocardiaceae;g__Nocardia;s__	0.9997769498596495
e04c4a90790e8e23df808c9c03423405	d__Bacteria;p__Chloroflexi;c__TK10;o__TK10;f__TK10;g__TK10;s__	0.9999582115388154
4990d9471c24b69fe7405ce118bac40a	d__Bacteria;p__Planctomycetota;c__Phycisphaerae;o__Tepidisphaerales;f__WD2101_soil_group;g__WD2101_soil_group;s__	0.9999969089001324
a5dcee2045ec3efec8b35bc8861c2a61	d__Bacteria;p__Verrucomicrobiota;c__Verrucomicrobiae;o__Pedosphaerales;f__Pedosphaeraceae;g__ADurb.Bin063-1;s__	0.7149032388954347
5e7264be2932850f5f4e4fbd50ef43d2	d__Bacteria;p__Actinobacteriota;c__Thermoleophilia;o__Solirubrobacterales;f__Solirubrobacteraceae;g__Conexibacter;s__	0.8359397623152223
b9c45eaf2e7fe6b8d21d30de436def61	d__Bacteria;p__Acidobacteriota;c__Acidobacteriae;o__Bryobacterales;f__Bryobacteraceae;g__Bryobacter;s__	0.9546837312730265
38f315080da5ee282fa0caf9f9b5960d	d__Bacteria;p__Bacteroidota;c__Bacteroidia;o__Chitinophagales;f__Chitinophagaceae;g__Sediminibacterium;s__	0.9985027484996362
455b2da135bde93bf0dea78f9b6624b8	d__Bacteria;p__Proteobacteria;c__Gammaproteobacteria;o__Diplorickettsiales;f__Diplorickettsiaceae;g__uncultured;s__	0.9947508657458307
8914f2696eb1d2b4db41e876ec13e89b	d__Bacteria;p__Acidobacteriota;c__Acidobacteriae;o__Acidobacteriales;f__uncultured;g__uncultured;s__	0.9998856712359769
d469336e9bc9f1686dd6e901b28a6a71	d__Bacteria;p__Patescibacteria;c__Parcubacteria;o__Candidatus_Adlerbacteria;f__Candidatus_Adlerbacteria;g__Candidatus_Adlerbacteria;s__	0.8840252660456969
f1195145e5a57e7a691c6a03c8f8f00c	d__Bacteria;p__Proteobacteria;c__Gammaproteobacteria	0.9999779425480646
fed44f4ef413163de74a3ba7c6496ebb	d__Bacteria;p__Verrucomicrobiota;c__Verrucomicrobiae;o__Chthoniobacterales;f__Chthoniobacteraceae;g__Chthoniobacter;s__	0.9790381028933914
db3d08b3008d4f6db6d5080d38660b2c	d__Bacteria;p__Verrucomicrobiota;c__Verrucomicrobiae;o__Chthoniobacterales;f__Terrimicrobiaceae;g__Terrimicrobium;s__	0.997170452856164
fc810bfe4e4e549961e54c40c4675eee	d__Bacteria;p__Acidobacteriota;c__Holophagae;o__Subgroup_7;f__Subgroup_7;g__Subgroup_7;s__	0.999794802051594
53afe77d859919371eb2450e57778018	d__Bacteria;p__Gemmatimonadota;c__Gemmatimonadetes;o__Gemmatimonadales;f__Gemmatimonadaceae;g__uncultured;s__	0.9998315461320247
608d3d56139d90ba249c62989992cd6d	d__Bacteria;p__Chloroflexi;c__TK10;o__TK10;f__TK10;g__TK10;s__	0.9999409151699309
0d85c8e629891a2c4e685f0087bcc0be	d__Bacteria;p__Chloroflexi;c__Ktedonobacteria;o__Ktedonobacterales;f__Ktedonobacteraceae;g__uncultured;s__	0.8925707923354482
ced42e968ce97370d9f0110b0c094d9c	d__Bacteria;p__Planctomycetota;c__Planctomycetes;o__Isosphaerales;f__Isosphaeraceae;g__Tundrisphaera;s__	0.9878551972803665
2c89a7598dd654a9ef8c6c2f1f8ef7ec	d__Bacteria;p__Verrucomicrobiota;c__Verrucomicrobiae;o__Chthoniobacterales;f__Chthoniobacteraceae;g__Candidatus_Udaeobacter;s__	0.9989549746870774
244bc89a856d05a3989caa66d7576745	d__Bacteria;p__Planctomycetota;c__Planctomycetes;o__Gemmatales;f__Gemmataceae;g__uncultured;s__	0.9891975323440273
860114c5bf4ed667af4234fce4d963a6	d__Bacteria;p__Proteobacteria;c__Alphaproteobacteria;o__Micropepsales;f__Micropepsaceae;g__uncultured;s__	0.9843549520932617
eb7e275fe7bba7c86b992c4770320f7e	d__Bacteria;p__Chloroflexi;c__Anaerolineae;o__SBR1031	0.765230291023144
586d8a81c761c3b3a1e77797e390acf1	d__Bacteria;p__Chloroflexi;c__KD4-96;o__KD4-96;f__KD4-96;g__KD4-96;s__	0.9999974081014836
469858f62fd78d19ca5a67551777157c	d__Bacteria;p__Proteobacteria;c__Alphaproteobacteria;o__Rhizobiales;f__Xanthobacteraceae;g__Xanthobacteraceae;s__	0.8363834403369633
cd60fd549d6c06ed34ef34797d289004	d__Bacteria;p__Patescibacteria;c__Microgenomatia;o__Candidatus_Pacebacteria;f__Candidatus_Pacebacteria;g__Candidatus_Pacebacteria;s__	0.9999887526493149
96384812e4ae777bec09ac25f363f6c8	d__Bacteria;p__Proteobacteria;c__Gammaproteobacteria;o__Pseudomonadales;f__Pseudomonadaceae;g__Pseudomonas;s__	0.9995499664114171
aab8f09ef31d68b49e7177f857ea21a1	d__Bacteria;p__Proteobacteria;c__Alphaproteobacteria;o__Micropepsales;f__Micropepsaceae;g__uncultured;s__	0.9600075372908311
f09d518c7ab51c055e3f637c78939232	d__Bacteria;p__Proteobacteria;c__Alphaproteobacteria;o__Caulobacterales;f__Caulobacteraceae;g__Asticcacaulis;s__	0.9999985870983358
3a7cda00bd82139307cff30e5c65f46f	d__Bacteria;p__Proteobacteria;c__Alphaproteobacteria;o__Rhizobiales;f__Xanthobacteraceae	0.9954557212605064
6e4f9b8b5ad0bb045504e84168133568	d__Bacteria;p__Verrucomicrobiota;c__Verrucomicrobiae;o__Chthoniobacterales;f__Chthoniobacteraceae;g__Candidatus_Udaeobacter;s__	0.9992094420933111
81e71df9e4e71f55e66a40e41c93dea3	d__Bacteria;p__Chloroflexi;c__Anaerolineae;o__Anaerolineales;f__Anaerolineaceae;g__uncultured;s__	0.8001323089537978
02535de9e6eb910aa460fbdc83b628c4	d__Bacteria;p__Planctomycetota;c__Planctomycetes;o__Gemmatales;f__Gemmataceae;g__uncultured;s__	0.896659021210877
df7cf668726313e446a6850a61c330e8	d__Bacteria;p__Proteobacteria;c__Alphaproteobacteria;o__Rhizobiales;f__Devosiaceae	0.9992212433832033
3e8cbabd6bf71cf46ef64eec3ae6e657	d__Bacteria;p__Firmicutes;c__Clostridia;o__Clostridiales;f__Clostridiaceae;g__Clostridium_sensu_stricto_13;s__	0.9989257740462198
19a2eff452477fa7318b22ea5138e197	d__Bacteria;p__Chloroflexi;c__Chloroflexia;o__Thermomicrobiales;f__JG30-KF-CM45;g__JG30-KF-CM45;s__	0.9998044318516102
61b7c5bbb654d80f54787af5ec06d690	d__Bacteria;p__Verrucomicrobiota;c__Verrucomicrobiae;o__Chthoniobacterales;f__Chthoniobacteraceae;g__Candidatus_Udaeobacter;s__	0.9956701268604649
8d7265d8ce6522b4210f81c844410aa7	d__Bacteria;p__Bdellovibrionota;c__Bdellovibrionia;o__Bdellovibrionales;f__Bdellovibrionaceae;g__Bdellovibrio;s__	0.9986280625043891
51ad9234e0a5c37b50697c898a5b9b5e	d__Bacteria;p__Proteobacteria;c__Gammaproteobacteria;o__Burkholderiales;f__Comamonadaceae;g__Variovorax;s__	0.945533468160612
9d8911d083b9de646ed9e349d6b20fcd	d__Bacteria;p__Patescibacteria;c__Parcubacteria;o__Candidatus_Zambryskibacteria;f__Candidatus_Zambryskibacteria;g__Candidatus_Zambryskibacteria;s__	0.999825361813569
f9f0bcf628338804ffd8f06bde1a5e14	d__Bacteria;p__Proteobacteria;c__Gammaproteobacteria;o__Burkholderiales;f__Nitrosomonadaceae;g__mle1-7;s__	0.9936526317246598
3c28108ed510c26d15a3f141400a6314	d__Bacteria;p__Proteobacteria;c__Gammaproteobacteria;o__Burkholderiales;f__Comamonadaceae	0.9999964020553826
f0ad943d1e17495f6233cb5f1e461352	d__Bacteria;p__Acidobacteriota;c__Holophagae;o__Subgroup_7;f__Subgroup_7;g__Subgroup_7;s__	0.999647382927226
7bdd53ce6fc08c09f8e628152ad9279e	d__Bacteria;p__Verrucomicrobiota;c__Chlamydiae;o__Chlamydiales;f__Parachlamydiaceae;g__Neochlamydia;s__	0.9499542100046288
ed074f41f552469c14b9fd1271431188	d__Bacteria;p__Chloroflexi;c__Anaerolineae;o__Anaerolineae;f__Anaerolineae;g__Anaerolineae;s__	0.9999956826811713
0ed921a001ce3dca3b1f16a30c898a57	d__Bacteria;p__Proteobacteria;c__Gammaproteobacteria;o__Burkholderiales	0.999992541343678
3919f3b7562c020b4095e06b0f8cb8bf	d__Bacteria;p__Planctomycetota;c__Phycisphaerae;o__Tepidisphaerales;f__WD2101_soil_group;g__WD2101_soil_group;s__	0.9999989712406891
843717c69ee375a0fccecb829334cf90	d__Bacteria;p__Proteobacteria;c__Alphaproteobacteria;o__Micropepsales;f__Micropepsaceae;g__uncultured;s__	0.9984832330616447
552b4dcb4ee742f32670e60f83165bd6	d__Bacteria;p__Acidobacteriota;c__Holophagae;o__Subgroup_7;f__Subgroup_7;g__Subgroup_7;s__	0.9998622674259543
daff8e30d69b124aaff94d496c044501	d__Bacteria;p__Bacteroidota;c__Bacteroidia;o__Chitinophagales;f__Chitinophagaceae;g__Parafilimonas;s__	0.999947812901407
cd4d2eb0496f94659f1dd590e185446f	d__Bacteria;p__Acidobacteriota;c__Acidobacteriae;o__Bryobacterales;f__Bryobacteraceae;g__Bryobacter;s__	0.9848970184450183
d5a29150b1349d81fb80d3fb69d1e102	d__Bacteria;p__Chloroflexi;c__P2-11E;o__P2-11E;f__P2-11E;g__P2-11E;s__	0.9999998302435957
934868756fe66a92ced1d7215a1af07f	d__Bacteria;p__Bacteroidota;c__Bacteroidia;o__Chitinophagales;f__Chitinophagaceae;g__uncultured;s__	0.9881652556437693
772f9a7bfefc99cebab58919735db18c	d__Bacteria;p__Proteobacteria;c__Gammaproteobacteria;o__Burkholderiales;f__A21b;g__A21b;s__	0.9999438345740713
9b207a1ce6c8f835ae277d693133dd0c	d__Bacteria;p__Cyanobacteria;c__Cyanobacteriia;o__Chloroplast;f__Chloroplast;g__Chloroplast;s__	0.9993736432966395
72033c9dc2b260dae2235001d826a2b8	d__Bacteria;p__Bacteroidota;c__Bacteroidia;o__Sphingobacteriales;f__Sphingobacteriaceae;g__Mucilaginibacter;s__	0.9957417718691853
f76b555b1ceda004d7aaf82f3ffb1f7c	d__Bacteria;p__Armatimonadota;c__Chthonomonadetes;o__Chthonomonadales;f__Chthonomonadaceae;g__Chthonomonas;s__	0.9966448500867694
459c163845926e047dd01730105f271c	d__Bacteria;p__Patescibacteria;c__Microgenomatia;o__Candidatus_Pacebacteria;f__Candidatus_Pacebacteria;g__Candidatus_Pacebacteria;s__	0.9999888142385536
40ec4f0d756e13754fa09a4bd016fc76	d__Bacteria;p__Bacteroidota;c__Bacteroidia;o__Sphingobacteriales;f__Sphingobacteriaceae;g__Mucilaginibacter;s__	0.9801556915474717
9e20c4a95ecac1021faea63f88d11478	d__Bacteria;p__Planctomycetota;c__Phycisphaerae;o__Tepidisphaerales;f__WD2101_soil_group;g__WD2101_soil_group;s__	0.9999995590191424
a319f0f169a25b020a14811b1e0c3d8b	d__Bacteria;p__Proteobacteria;c__Gammaproteobacteria;o__Gammaproteobacteria_Incertae_Sedis;f__Unknown_Family;g__Candidatus_Ovatusbacter;s__	0.9984295633716126
1ad7f9d804e9b6fc5fc9fbd748829123	d__Bacteria;p__Proteobacteria;c__Alphaproteobacteria;o__Rhizobiales;f__Xanthobacteraceae;g__Tardiphaga;s__	0.989093391810131
055c3687bb318f0474ca8e49d53b98b3	d__Bacteria;p__Patescibacteria;c__Saccharimonadia;o__Saccharimonadales;f__WWH38;g__WWH38;s__	0.8451508947688089
9b5ca9f5db2e3c4b438c3d4867a59d17	d__Bacteria;p__Chloroflexi;c__Anaerolineae;o__SBR1031;f__A4b;g__A4b;s__	0.7197105612681572
21ec5824b18fcc359dfcf889940c059b	d__Bacteria;p__Verrucomicrobiota;c__Chlamydiae;o__Chlamydiales;f__Parachlamydiaceae;g__Neochlamydia;s__	0.9605831121211913
f5dabc3d18f90a5ab79d39eb14479da2	d__Bacteria;p__Chloroflexi;c__Ktedonobacteria;o__Ktedonobacterales;f__Ktedonobacteraceae;g__JG30a-KF-32;s__	0.9960637245759673
643e60dd60f7b2a375320d31bf40ff60	d__Bacteria;p__Chloroflexi;c__AD3;o__AD3;f__AD3;g__AD3;s__	0.9991704426406443
bfffa8f11c7cf88150dc651f1552a734	d__Bacteria;p__Verrucomicrobiota;c__Verrucomicrobiae;o__Methylacidiphilales;f__Methylacidiphilaceae;g__uncultured;s__	0.9999966107338902
dd7369a3f87847e0046006eabf389d14	d__Bacteria;p__Planctomycetota;c__Phycisphaerae;o__Phycisphaerales;f__Phycisphaeraceae;g__uncultured;s__	0.999183700153089
c7ae323fd0bb85d25783f5067142e879	d__Bacteria;p__Proteobacteria;c__Gammaproteobacteria;o__Coxiellales;f__Coxiellaceae;g__Coxiella;s__	0.9230329539878952
fe0c9b4847d26b14f782c7c6f37b2cc7	d__Bacteria;p__Chloroflexi;c__KD4-96;o__KD4-96;f__KD4-96;g__KD4-96;s__	0.9999898753630235
1188076226bea12306b8e08fab91892a	d__Bacteria;p__Acidobacteriota;c__Acidobacteriae;o__Bryobacterales;f__Bryobacteraceae;g__Bryobacter;s__	0.9192393584680786
6a03bda9c582a981c93547343a27d37f	d__Bacteria;p__Bacteroidota;c__Bacteroidia;o__Chitinophagales;f__Chitinophagaceae;g__Terrimonas;s__	0.869274555541086
4e11bc1661fdecce5c2ed2d3eed77840	d__Bacteria;p__Verrucomicrobiota;c__Chlamydiae;o__Chlamydiales;f__Parachlamydiaceae	0.9971040597642931
7b5a427b386176f7caef96e43b91ee29	d__Bacteria;p__Planctomycetota;c__Planctomycetes;o__Isosphaerales;f__Isosphaeraceae;g__uncultured;s__	0.9512252232328849
22616b32c48317b54b26768a8fb08337	d__Bacteria;p__Acidobacteriota;c__Acidobacteriae;o__Acidobacteriales;f__Acidobacteriaceae_(Subgroup_1);g__Granulicella;s__	0.9992663239098026
6654ef40a32c63c8c501335dff483115	d__Bacteria;p__Verrucomicrobiota;c__Verrucomicrobiae;o__Chthoniobacterales;f__Chthoniobacteraceae;g__Candidatus_Udaeobacter;s__	0.9995535688116691
ba7fef0f79d77df6f32967177b0d9ba2	d__Bacteria;p__Planctomycetota;c__Planctomycetes;o__Gemmatales;f__Gemmataceae;g__uncultured;s__	0.9912539113419307
d8608e8b1cc87c4815755d75475a27f1	d__Bacteria;p__Acidobacteriota;c__Acidobacteriae;o__Subgroup_2;f__Subgroup_2;g__Subgroup_2;s__	0.9999999823029669
da51adce4212e4dd7f681c7d49afde28	d__Bacteria;p__Acidobacteriota;c__Acidobacteriae;o__Bryobacterales;f__Bryobacteraceae;g__Bryobacter;s__	0.8621607644181483
5619b00fc49b4e235956f04ecd1cd864	d__Bacteria;p__Patescibacteria;c__Microgenomatia;o__Candidatus_Daviesbacteria;f__Candidatus_Daviesbacteria;g__Candidatus_Daviesbacteria;s__	0.9999935926922838
7ba22c34f55c6bf3c43543a25ab0b03f	d__Bacteria;p__Planctomycetota;c__Phycisphaerae;o__Tepidisphaerales;f__WD2101_soil_group;g__WD2101_soil_group;s__	0.999995986271654
b105bff494a4c98b9c14dfc33f1e73c5	d__Bacteria;p__Bacteroidota;c__Bacteroidia;o__Chitinophagales;f__Chitinophagaceae;g__Edaphobaculum;s__	0.9994071259248114
227f822214c49450447a568500710f44	d__Bacteria;p__Verrucomicrobiota;c__Verrucomicrobiae;o__Chthoniobacterales;f__Chthoniobacteraceae;g__Candidatus_Udaeobacter;s__	0.9935597121673881
6b04b722f25acd62572647ce8261de60	d__Bacteria;p__Patescibacteria;c__Parcubacteria	0.9997982730049154
4a5466d0cdb011bed3afaf3bbdd2cef8	d__Bacteria;p__Proteobacteria;c__Gammaproteobacteria;o__Burkholderiales;f__Comamonadaceae	0.9999867163263654
64087cf121f908f5ac45b53ace998173	d__Bacteria;p__Verrucomicrobiota;c__Chlamydiae;o__Chlamydiales;f__Criblamydiaceae;g__Estrella;s__	0.8811548798648524
4cc2f7a9e2594fea1b6b4c99b120f9df	d__Bacteria;p__Verrucomicrobiota;c__Verrucomicrobiae;o__Pedosphaerales;f__Pedosphaeraceae;g__Pedosphaeraceae;s__	0.9911740055505
ea817b1ef004757fb8447cc00ff927ed	d__Bacteria;p__Planctomycetota;c__Planctomycetes;o__Isosphaerales;f__Isosphaeraceae;g__Tundrisphaera;s__	0.993250342860227
6a90a732d3f80dc734eee707586682ef	d__Bacteria;p__Verrucomicrobiota;c__Chlamydiae;o__Chlamydiales;f__Parachlamydiaceae;g__Neochlamydia;s__	0.9906763616234135
172d43f1e301708fdb5078dfebb52621	d__Bacteria;p__Acidobacteriota;c__Acidobacteriae;o__Acidobacteriales;f__Acidobacteriaceae_(Subgroup_1);g__uncultured;s__	0.8851009167606437
024cbcc36c25a001d8ffd3e0fa3e68bb	d__Bacteria;p__Patescibacteria;c__Microgenomatia;o__Candidatus_Daviesbacteria;f__Candidatus_Daviesbacteria;g__Candidatus_Daviesbacteria;s__	0.9999893356057544
49db0f2619884c8cc620bedd3a9ee4e2	d__Bacteria;p__Bacteroidota;c__Bacteroidia;o__Sphingobacteriales;f__Sphingobacteriaceae;g__Mucilaginibacter;s__	0.9810093527630831
5a6ee4e9b9013458bcfeb368994670eb	d__Bacteria;p__Acidobacteriota;c__Holophagae;o__Subgroup_7;f__Subgroup_7;g__Subgroup_7;s__	0.9997594153567249
47b69a9e0a91af535e14ec24b50a1d10	d__Bacteria;p__Acidobacteriota;c__Acidobacteriae;o__Acidobacteriales;f__uncultured;g__uncultured;s__	0.9978163918325759
d56dd943d6dea8a4ed1c09784cfcf6df	d__Bacteria;p__Proteobacteria;c__Gammaproteobacteria;o__Xanthomonadales;f__Xanthomonadaceae;g__uncultured;s__	0.9944675100934162
12b7d6402ef8ee412aab4001118ea91c	d__Bacteria;p__Acidobacteriota;c__Acidobacteriae;o__Bryobacterales;f__Bryobacteraceae;g__Bryobacter;s__	0.7799127608833991
d1bc9737ded50e617d17c247e886bda0	d__Bacteria;p__Proteobacteria;c__Gammaproteobacteria;o__Burkholderiales;f__Comamonadaceae	0.9999891039971456
a155609b7b9bc4c173100f5b181ae30e	d__Bacteria;p__Planctomycetota;c__Phycisphaerae;o__Tepidisphaerales;f__WD2101_soil_group;g__WD2101_soil_group;s__	0.9999959002875211
3d0af1401cb3ab67094556158f061a50	d__Bacteria;p__Proteobacteria;c__Alphaproteobacteria;o__Acetobacterales;f__Acetobacteraceae	0.9999969498697097
38aae6237744de7ab9713b77e068f314	d__Bacteria;p__Proteobacteria;c__Alphaproteobacteria;o__Rhizobiales;f__Xanthobacteraceae;g__uncultured;s__	0.8669610019130356
2685959aee2c30b2bfc1290c1a80d7f3	d__Bacteria;p__Verrucomicrobiota;c__Verrucomicrobiae;o__Chthoniobacterales;f__Chthoniobacteraceae;g__Candidatus_Udaeobacter;s__	0.9997907776100854
80c3e0644f072553345cb5f51a1bed22	d__Bacteria;p__Planctomycetota;c__Phycisphaerae;o__Tepidisphaerales;f__WD2101_soil_group;g__WD2101_soil_group;s__	0.9999814384498829
fa493129dccf4de2d3edc3e586ba0f55	d__Bacteria;p__Patescibacteria;c__Saccharimonadia;o__Saccharimonadales;f__WWH38;g__WWH38;s__	0.9987810405619424
5bcc2940423943f6724242c5bd839389	d__Bacteria;p__Planctomycetota;c__BD7-11;o__BD7-11;f__BD7-11;g__BD7-11;s__	0.9943221213660624
1e95a17e4d0528d439387cb241bfceb0	d__Bacteria;p__Acidobacteriota;c__Acidobacteriae;o__Solibacterales;f__Solibacteraceae;g__Candidatus_Solibacter;s__	0.9851040120543615
9115b9dcf617ad09dd8b679c750f2902	d__Bacteria;p__Chloroflexi;c__Ktedonobacteria;o__Ktedonobacterales;f__Ktedonobacteraceae;g__uncultured;s__	0.9869774851367344
c9c64300fb4c71e06ffe7a6a4113d1b7	d__Bacteria;p__Gemmatimonadota;c__Gemmatimonadetes;o__Gemmatimonadales;f__Gemmatimonadaceae;g__uncultured;s__	0.9996662837859666
0b8cac6f8556ed3019cef4349e44b059	d__Bacteria;p__Acidobacteriota;c__Acidobacteriae;o__Acidobacteriales;f__Acidobacteriaceae_(Subgroup_1);g__Granulicella;s__	0.9981519444546199
e61735d985ad7dbf345c0cb926290e59	d__Bacteria;p__Patescibacteria	0.9879171880482157
91564ac01bf75ab623d327e6cf2e6bb7	d__Bacteria;p__Verrucomicrobiota;c__Verrucomicrobiae;o__Pedosphaerales;f__Pedosphaeraceae;g__uncultured;s__	0.9991634790773197
9b8f91068d7fde3765022f0cbf1b842a	d__Bacteria;p__WPS-2;c__WPS-2;o__WPS-2;f__WPS-2;g__WPS-2;s__	0.9696883992407966
db939d51c3ec079b8bee6b9df8e53ade	d__Bacteria;p__Patescibacteria;c__Microgenomatia;o__Candidatus_Levybacteria;f__Candidatus_Levybacteria;g__Candidatus_Levybacteria;s__	0.999928851823966
8d6f19363fa2be3a0ce4011c1c8f37d2	d__Bacteria;p__Verrucomicrobiota;c__Verrucomicrobiae;o__Chthoniobacterales;f__Chthoniobacteraceae;g__Candidatus_Udaeobacter;s__	0.9987808412424726
2f2517f116c89a4b222a2da0ba44c32d	d__Bacteria;p__Patescibacteria;c__Parcubacteria;o__Candidatus_Adlerbacteria;f__Candidatus_Adlerbacteria;g__Candidatus_Adlerbacteria;s__	0.7951999647525334
014533f0264e1a3174799fa6b4aa4189	d__Bacteria;p__Myxococcota;c__Polyangia;o__Haliangiales;f__Haliangiaceae;g__Haliangium;s__	0.9997367812914179
4ef609557515afb24ab1d61837b81d96	d__Bacteria;p__Gemmatimonadota;c__Gemmatimonadetes;o__Gemmatimonadales;f__Gemmatimonadaceae;g__uncultured;s__	0.9973188987320061
5a3f1ad934c491e5b98aa56174cffd6e	d__Bacteria;p__Planctomycetota;c__Planctomycetes;o__Isosphaerales;f__Isosphaeraceae	0.9999986078856858
7f4dd06fb5381578dae5ba2e90f323bd	d__Bacteria;p__Actinobacteriota;c__Actinobacteria;o__Frankiales;f__Frankiaceae;g__Jatrophihabitans;s__	0.9995281550519487
944fae93fb2004e3539b7c9000c7a11d	d__Bacteria;p__Planctomycetota;c__Phycisphaerae;o__Tepidisphaerales;f__WD2101_soil_group;g__WD2101_soil_group;s__	0.9999796298235103
e047956a82060df9b5dd2bfed80c5a51	d__Bacteria;p__Planctomycetota;c__Planctomycetes;o__Pirellulales;f__Pirellulaceae	0.99511951310568
cd910e1207ee5e51fa018997f7e3a4ad	d__Bacteria;p__Bdellovibrionota;c__Bdellovibrionia;o__Bdellovibrionales;f__Bdellovibrionaceae;g__Bdellovibrio;s__	0.9999963111414272
4ebf01fc7e6fbb1dd0e499b19f101ebd	d__Bacteria;p__Planctomycetota;c__Planctomycetes;o__Pirellulales;f__Pirellulaceae;g__Pir4_lineage;s__	0.9927577941274377
ca4d663ca3d3769e009d2a0d948a9497	d__Bacteria;p__Actinobacteriota;c__Thermoleophilia;o__Solirubrobacterales;f__Solirubrobacteraceae;g__Conexibacter;s__	0.7494832636587788
bd84c5743796f904cb2395784f66431b	d__Bacteria;p__Acidobacteriota;c__Acidobacteriae;o__Acidobacteriales;f__Acidobacteriaceae_(Subgroup_1);g__Acidobacteriaceae_(Subgroup_1);s__	0.7026150248709393
09764ee7742fe75fc71f401066dc641c	d__Bacteria;p__Gemmatimonadota;c__Gemmatimonadetes;o__Gemmatimonadales;f__Gemmatimonadaceae;g__uncultured;s__	0.9994329064816987
dace19dce7e6e63fe95af90086f73907	d__Bacteria;p__Acidobacteriota;c__Blastocatellia;o__Blastocatellales;f__Blastocatellaceae;g__Blastocatella;s__	0.9630648211610097
c820a3276f281f8a218d6e8b6b3eb8d7	d__Bacteria;p__Chloroflexi;c__AD3;o__AD3;f__AD3;g__AD3;s__	0.9998618250909695
a7ab23f337145536ff4aea67d2ea35a1	d__Bacteria;p__Chloroflexi;c__Ktedonobacteria;o__Ktedonobacterales;f__Ktedonobacteraceae	0.9996949453614368
5826f2d9b4eece8b7ebcaecfbc5eb302	d__Bacteria;p__Patescibacteria;c__Parcubacteria;o__Candidatus_Nomurabacteria;f__Candidatus_Nomurabacteria;g__Candidatus_Nomurabacteria;s__	0.9996012991253856
91265253668dd4eb03a0b850d3e48449	d__Bacteria;p__Acidobacteriota;c__Acidobacteriae;o__Acidobacteriales;f__uncultured;g__uncultured;s__	0.999684525730183
271b1ca1c99b2c798de24d0886e72354	d__Bacteria;p__Bacteroidota;c__Bacteroidia;o__Chitinophagales;f__Chitinophagaceae;g__Puia;s__	0.9115338640683206
dd1569c1de914f7bebeaad82eb870933	d__Bacteria;p__Proteobacteria;c__Gammaproteobacteria;o__Burkholderiales;f__Nitrosomonadaceae;g__MND1;s__	0.9859943492962668
2545e823810c2617f689a80a1de29695	d__Bacteria;p__Bacteroidota;c__Bacteroidia;o__Sphingobacteriales;f__KD3-93;g__KD3-93;s__	0.9997740031780501
a1a5c81c202c0e1765dc87db12e5acf3	d__Bacteria;p__Proteobacteria;c__Gammaproteobacteria;o__Xanthomonadales;f__Xanthomonadaceae;g__uncultured;s__	0.9820191132437958
9f70568e56715a5ea904e234093e9e2b	d__Bacteria;p__Proteobacteria;c__Gammaproteobacteria;o__Burkholderiales;f__Burkholderiaceae;g__Limnobacter;s__	0.8869785319027381
feb79c1abfc7398bcfc09959efd53a94	d__Bacteria;p__Bacteroidota;c__Bacteroidia;o__Chitinophagales;f__Chitinophagaceae;g__Edaphobaculum;s__	0.9983049629326715
544e5a5c293a36c2b6a5e76b11f82155	d__Bacteria;p__Acidobacteriota;c__Vicinamibacteria;o__Vicinamibacterales;f__uncultured;g__uncultured;s__	0.9999938664279236
2d0a88b260ffe2f199affd9f23419b4e	d__Bacteria;p__Actinobacteriota;c__Thermoleophilia;o__Solirubrobacterales;f__Solirubrobacteraceae;g__uncultured;s__	0.8475604346155934
e951ed300d03175a9e11acda650d4398	d__Bacteria;p__Proteobacteria;c__Gammaproteobacteria;o__Coxiellales;f__Coxiellaceae;g__Coxiella;s__	0.9091252676684223
c8de68989d1d7586b1b1ddbe579967bd	d__Bacteria;p__Proteobacteria;c__Alphaproteobacteria;o__Acetobacterales;f__Acetobacteraceae;g__Acidiphilium;s__	0.9105441086332291
e68cc623615f27983c9d8357f92a1708	d__Bacteria;p__Acidobacteriota;c__Acidobacteriae;o__Bryobacterales;f__Bryobacteraceae;g__Bryobacter;s__	0.9739560866837513
9ef6d0afc7430e821105fb378e080187	d__Bacteria;p__Acidobacteriota;c__Holophagae;o__Subgroup_7;f__Subgroup_7;g__Subgroup_7;s__	0.9998886620834708
740cf05e815d15775b198a9ec2e9ba86	d__Bacteria;p__Chloroflexi;c__AD3;o__AD3;f__AD3;g__AD3;s__	0.9975326854478881
1a5c4555de7a76703d3bae7937a4a5fa	d__Bacteria;p__Planctomycetota;c__Planctomycetes;o__Planctomycetales;f__uncultured;g__uncultured;s__	0.9959108612876875
81f222fae5e5ba63935e1b0f4e62a0de	d__Bacteria;p__Proteobacteria;c__Gammaproteobacteria;o__Coxiellales;f__Coxiellaceae;g__Coxiella;s__	0.8961909814615087
7754b77f38462c11d7396cf61a08f029	d__Bacteria;p__Bacteroidota;c__Bacteroidia;o__Sphingobacteriales;f__Sphingobacteriaceae;g__Mucilaginibacter;s__	0.99948324206226
af6187fb1b3a62f2bf162451084f0bce	d__Bacteria;p__Patescibacteria;c__Saccharimonadia;o__Saccharimonadales;f__Saccharimonadales;g__Saccharimonadales;s__	0.9253974170741992
ac5e1e358abf0ecd0348d24e99ffb9b3	d__Bacteria;p__Gemmatimonadota;c__Gemmatimonadetes;o__Gemmatimonadales;f__Gemmatimonadaceae	0.9995159122558663
391c4287b7f79407f18cee92314ca5f1	d__Bacteria;p__Verrucomicrobiota;c__Verrucomicrobiae;o__Chthoniobacterales;f__Chthoniobacteraceae;g__Candidatus_Udaeobacter;s__	0.984347072803836
94e10dd582eb0ac1e63f69759bfb7c50	d__Bacteria;p__Bacteroidota;c__Bacteroidia;o__Sphingobacteriales;f__Sphingobacteriaceae;g__Mucilaginibacter;s__	0.9884263666835562
2a53980cbd7f520981b8311a948cdd26	d__Bacteria;p__Bacteroidota;c__Bacteroidia;o__Chitinophagales;f__Chitinophagaceae	0.9997714741834018
a0471f1c2f656a680f3647a8178da65d	d__Bacteria;p__Armatimonadota;c__Armatimonadia;o__Armatimonadales;f__Armatimonadales;g__Armatimonadales;s__	0.9998694583392119
c81441144ff222f8823f0d584e144f79	d__Bacteria;p__Acidobacteriota;c__Blastocatellia;o__Blastocatellales;f__Blastocatellaceae;g__Blastocatella;s__	0.9973727825981326
3bc5609426eba652cfc3df46b9d011cf	d__Bacteria;p__Verrucomicrobiota;c__Verrucomicrobiae;o__Chthoniobacterales;f__Chthoniobacteraceae;g__Candidatus_Udaeobacter;s__	0.9946570846742349
c4d67ee93f3019d8bb7b2e62e965bc24	d__Bacteria;p__Planctomycetota;c__Planctomycetes;o__Isosphaerales;f__Isosphaeraceae;g__Candidatus_Nostocoida;s__	0.8967041804050061
5ac1e8fbaccd93e0fe5a0c10ce8dab63	d__Bacteria;p__Acidobacteriota;c__Holophagae;o__Subgroup_7;f__Subgroup_7;g__Subgroup_7;s__	0.9938376366233227
cf2ac5f63a458696b32ff382b1f00875	d__Bacteria;p__Actinobacteriota;c__Actinobacteria;o__Micrococcales;f__Intrasporangiaceae;g__Oryzihumus;s__	0.828784602667528
f23db53957cd1183121a08ed5c5ceecc	d__Bacteria;p__Myxococcota;c__Polyangia;o__Polyangiales;f__Sandaracinaceae;g__Sandaracinus;s__	0.9324646773249121
714fec077cdd2bf535d7c6cfe61ac1de	d__Bacteria;p__Acidobacteriota;c__Blastocatellia;o__Blastocatellales;f__Blastocatellaceae;g__uncultured;s__	0.8833965730249522
8ff4c2f63b9df30f6f4dd8f126f995b9	d__Bacteria;p__Proteobacteria;c__Alphaproteobacteria;o__Micropepsales;f__Micropepsaceae;g__uncultured;s__	0.9935700321100018
ba264c12c11338c3a17832adcdfd773f	d__Bacteria;p__Planctomycetota;c__Planctomycetes;o__Gemmatales;f__Gemmataceae;g__uncultured;s__	0.9948307537637291
82f6922de24b0d3227d29e856dee5df4	d__Bacteria;p__Armatimonadota;c__Chthonomonadetes;o__Chthonomonadales;f__Chthonomonadaceae;g__Chthonomonas;s__	0.9999997397652064
4e48ce2a459949d458f2c9e29546a8dd	d__Bacteria;p__Chloroflexi;c__Anaerolineae;o__SBR1031	0.8381109165126008
b83d5590776607a9497a47d73e89fede	d__Bacteria;p__Patescibacteria;c__Parcubacteria;o__Parcubacteria;f__Parcubacteria;g__Parcubacteria;s__	0.9878154235113769
54e88582e5106c866ac15c8f3d6be6db	d__Bacteria;p__Verrucomicrobiota;c__Verrucomicrobiae;o__Chthoniobacterales;f__Chthoniobacteraceae;g__Candidatus_Udaeobacter;s__	0.9602419512596618
d1c608e0598188586c196e923ffe9b2c	d__Bacteria;p__Planctomycetota;c__Planctomycetes;o__Gemmatales;f__Gemmataceae;g__uncultured;s__	0.7926723798606113
16fe6fcedccd92491c00ea99e7796fba	d__Bacteria;p__Planctomycetota;c__Planctomycetes;o__Gemmatales;f__Gemmataceae;g__uncultured;s__	0.9997634362464228
2e8e3439b1a68f65f178afaca8b5203a	d__Bacteria;p__Verrucomicrobiota;c__Verrucomicrobiae;o__Chthoniobacterales;f__Chthoniobacteraceae;g__Candidatus_Udaeobacter;s__	0.9959441593968468
d003363030b72b61fa59a9dacc04274b	d__Bacteria;p__Planctomycetota;c__Planctomycetes;o__Gemmatales;f__Gemmataceae;g__uncultured;s__	0.9955077181133976
645a5e914efee0542ab469b0c540f362	d__Bacteria;p__Planctomycetota;c__Planctomycetes;o__Gemmatales;f__Gemmataceae;g__Gemmata;s__	0.9961507306777285
250fb458c72e0f5565750bbf6df2322b	d__Bacteria;p__Bacteroidota;c__Bacteroidia;o__Sphingobacteriales;f__Sphingobacteriaceae;g__Mucilaginibacter;s__	0.9963975721019086
850bc25aa45f902f7612f25f458c2543	d__Bacteria;p__Verrucomicrobiota;c__Verrucomicrobiae;o__Chthoniobacterales;f__Chthoniobacteraceae;g__Candidatus_Udaeobacter;s__	0.9999416238951383
a81f01ff1e8fd483cbcc91765fb17032	d__Bacteria;p__Acidobacteriota;c__Holophagae;o__Subgroup_7;f__Subgroup_7;g__Subgroup_7;s__	0.9991521627646807
12324c456d2d682a2e2a8dd52a59439c	d__Bacteria;p__Actinobacteriota;c__Acidimicrobiia	0.9989100637369722
1ef7f0cd367d1a0ff243d99483949879	d__Bacteria;p__Acidobacteriota;c__Holophagae;o__Subgroup_7;f__Subgroup_7;g__Subgroup_7;s__	0.9923869761532854
0890f065d843bffb00a376e47f852d2b	d__Bacteria;p__Verrucomicrobiota;c__Chlamydiae;o__Chlamydiales;f__Parachlamydiaceae;g__uncultured;s__	0.9595444610388218
6f72ec8bbcd73b8f35770ab0fc77ffda	d__Bacteria;p__Proteobacteria;c__Alphaproteobacteria;o__Acetobacterales;f__Acetobacteraceae	0.999997691358017
f873580984a2ad933b5f0233bc644005	d__Bacteria;p__Patescibacteria;c__Saccharimonadia;o__Saccharimonadales;f__Saccharimonadaceae;g__TM7a;s__	0.988412790613009
9fdb4c37c4ba03eb2932a76b7bb17a46	d__Bacteria;p__Planctomycetota;c__Planctomycetes;o__Gemmatales;f__Gemmataceae;g__uncultured;s__	0.9997618097311042
08054f7f36beec46f19f6e344c8b4736	d__Bacteria;p__Planctomycetota;c__Planctomycetes;o__Gemmatales;f__Gemmataceae;g__Gemmata;s__	0.9006640880621188
e42386ff8c6db7d5bde0b88748089541	d__Bacteria;p__Acidobacteriota;c__Acidobacteriae;o__Bryobacterales;f__Bryobacteraceae;g__Bryobacter;s__	0.7540733442659742
41311b1a30e527c0eb972769ffa7f7e3	d__Bacteria;p__Acidobacteriota;c__Acidobacteriae;o__Acidobacteriales;f__Acidobacteriaceae_(Subgroup_1);g__uncultured;s__	0.9024705704839362
364ac7dd8dc785cc7724056853cfc066	d__Bacteria;p__Planctomycetota;c__Planctomycetes;o__Gemmatales;f__Gemmataceae;g__uncultured;s__	0.9996697539018855
4106c7678d590263425c20f5f49cb9b9	d__Bacteria;p__Acidobacteriota;c__Blastocatellia;o__Pyrinomonadales;f__Pyrinomonadaceae;g__RB41;s__	0.9949145517207865
18b36ac58ea3b278e236e48621173420	d__Bacteria;p__Acidobacteriota;c__Blastocatellia;o__Pyrinomonadales;f__Pyrinomonadaceae;g__RB41;s__	0.9999706085837204
afa4b54e8dbe1a2d98c12ac734b64729	d__Bacteria;p__Bacteroidota;c__Bacteroidia;o__Sphingobacteriales;f__Sphingobacteriaceae;g__Mucilaginibacter;s__	0.9946851233605983
40a8b316bca6cd9a0e4a21c9ea7644d8	d__Bacteria;p__Bdellovibrionota;c__Bdellovibrionia;o__Bdellovibrionales;f__Bdellovibrionaceae;g__Bdellovibrio;s__	0.9999977635864067
8da9d0f5e0627fa2698c25a73fb9b2af	d__Bacteria;p__Bacteroidota;c__Bacteroidia;o__Chitinophagales;f__Chitinophagaceae;g__Puia;s__	0.9914066803949022
1825fd4bd8f4e17fe74b3ac51b74ba7e	d__Bacteria;p__Chloroflexi;c__Ktedonobacteria;o__Ktedonobacterales;f__Ktedonobacteraceae;g__uncultured;s__	0.8830756060540884
f157cefc14f7dc25cee374959fb48e59	d__Bacteria;p__Proteobacteria;c__Alphaproteobacteria;o__Rhizobiales;f__Beijerinckiaceae;g__Roseiarcus;s__	0.9982928389326033
2303073ae2eb1e22347be5f96fec1567	d__Bacteria;p__Myxococcota;c__Myxococcia;o__Myxococcales;f__Myxococcaceae;g__uncultured;s__	0.7225147608102149
0b3c07bddb8e7e3bd1c96031f640386f	d__Bacteria;p__Cyanobacteria;c__Cyanobacteriia;o__Chloroplast;f__Chloroplast;g__Chloroplast;s__	0.9999991932511832
3bbe69463358b48d42839d3c3b7caa13	d__Bacteria;p__Patescibacteria;c__Parcubacteria;o__Candidatus_Kaiserbacteria;f__Candidatus_Kaiserbacteria;g__Candidatus_Kaiserbacteria;s__	0.9917835220810586
dd111d6d3350ad44f7ae49ff2dad13f2	d__Bacteria;p__Gemmatimonadota;c__Gemmatimonadetes;o__Gemmatimonadales;f__Gemmatimonadaceae	0.9996930460604734
9eb2c3ec3640cb3743162e1303a128f4	d__Bacteria;p__Myxococcota;c__Polyangia;o__Haliangiales;f__Haliangiaceae;g__Haliangium;s__	0.9950220364902922
2cbd87dde809f3a647730e18dcd38413	d__Bacteria;p__Verrucomicrobiota;c__Verrucomicrobiae;o__Pedosphaerales;f__Pedosphaeraceae;g__uncultured;s__	0.996989288592093
fa57924d6333165a2ac14c448aa056e8	d__Bacteria;p__Proteobacteria;c__Alphaproteobacteria;o__Acetobacterales;f__Acetobacteraceae	0.999993220155937
c4ee7047645e9620d48550a45b038bab	d__Bacteria;p__Acidobacteriota;c__Blastocatellia;o__Blastocatellales;f__Blastocatellaceae;g__JGI_0001001-H03;s__	0.7868680785378963
f2fa1c7591488e8fdf29f8f8e2210a28	d__Bacteria;p__Bacteroidota;c__Bacteroidia;o__Sphingobacteriales;f__Sphingobacteriaceae;g__Mucilaginibacter;s__	0.9970753635204779
44f085a0cbf006c89364dcdeead685f5	d__Bacteria;p__Chloroflexi;c__KD4-96;o__KD4-96;f__KD4-96;g__KD4-96;s__	0.9999934797593798
d6133b5baaea52401698e5fe02bcce29	d__Bacteria;p__Chloroflexi;c__Anaerolineae;o__Caldilineales;f__Caldilineaceae;g__uncultured;s__	0.9916245463167283
42f60168b5e035cd24f7ebab7412f23c	d__Bacteria;p__Proteobacteria;c__Alphaproteobacteria;o__Caulobacterales;f__Caulobacteraceae;g__uncultured;s__	0.8063007156550516
2138b8f968bb4214e50fae533ffdcafd	d__Bacteria;p__Verrucomicrobiota;c__Verrucomicrobiae;o__Chthoniobacterales;f__Chthoniobacteraceae;g__Chthoniobacter;s__	0.9972479617220955
3f8b8f1f1b46d468da55f498a9fd6c86	d__Bacteria;p__Actinobacteriota;c__Actinobacteria;o__Streptomycetales;f__Streptomycetaceae;g__Streptacidiphilus;s__	0.9032846924273231
06525a6b28680138951caac143c624e2	d__Bacteria;p__Planctomycetota;c__Phycisphaerae;o__Phycisphaerales;f__Phycisphaeraceae;g__uncultured;s__	0.9986778711050787
acf2bf1f1912762bd3f9e9e1fd65f471	d__Bacteria;p__Patescibacteria;c__ABY1;o__Candidatus_Magasanikbacteria;f__Candidatus_Magasanikbacteria;g__Candidatus_Magasanikbacteria;s__	0.9949199327835854
77864b43989518985651209182a85343	d__Bacteria;p__Gemmatimonadota;c__Gemmatimonadetes;o__Gemmatimonadales;f__Gemmatimonadaceae;g__Gemmatimonas;s__	0.702185913188098
5da7c02d8b5b93109fe6509607e66c92	d__Bacteria;p__Proteobacteria;c__Alphaproteobacteria;o__Rickettsiales;f__Mitochondria;g__Mitochondria;s__	0.978756896853878
9576813bfedd9fc6db3cb6cf87bbfbc3	d__Bacteria;p__Proteobacteria;c__Gammaproteobacteria;o__Burkholderiales;f__A21b;g__A21b;s__	0.9999313622455778
596cb3642b4fe4cabdc6ca0fd5562fcd	d__Bacteria;p__Bacteroidota;c__Bacteroidia;o__Sphingobacteriales;f__env.OPS_17;g__env.OPS_17;s__	0.9999994929311959
5a07ac9e8aa48f00c0c191839b0565af	d__Bacteria;p__Chloroflexi;c__Ktedonobacteria;o__C0119;f__C0119;g__C0119;s__	0.999345713260582
0a44cb4775f6fe8733f84de7a73f2256	d__Bacteria;p__Proteobacteria;c__Gammaproteobacteria;o__Burkholderiales;f__Nitrosomonadaceae;g__Ellin6067;s__	0.9999978970625364
0897ef31f1850f80d10a12210cba8c70	d__Bacteria;p__Patescibacteria;c__Saccharimonadia;o__Saccharimonadales;f__WWH38;g__WWH38;s__	0.7979542358715682
f733bd86e272fb48090dbee2376e83c1	d__Bacteria;p__Patescibacteria;c__Parcubacteria;o__Candidatus_Kaiserbacteria;f__Candidatus_Kaiserbacteria;g__Candidatus_Kaiserbacteria;s__	0.9999044234603122
7b167e2998eb80a2c42657e08ce1c015	d__Bacteria;p__Planctomycetota;c__Phycisphaerae;o__Tepidisphaerales;f__WD2101_soil_group;g__WD2101_soil_group;s__	0.9999931087023542
3c2721817745b3b8f971abdb9127328d	d__Bacteria;p__Planctomycetota;c__Planctomycetes;o__Gemmatales;f__Gemmataceae;g__uncultured;s__	0.9935089297768561
00849ae1f6e2226aa508d0452028dc53	d__Bacteria;p__Actinobacteriota;c__Thermoleophilia;o__Solirubrobacterales;f__Solirubrobacteraceae;g__uncultured;s__	0.726441107331937
b3b8e2accd7661f893cdd1e4e0db71a9	d__Bacteria;p__Planctomycetota;c__Phycisphaerae;o__Tepidisphaerales;f__WD2101_soil_group;g__WD2101_soil_group;s__	0.9999810338294499
9038e4d8cc4ec59307b17300fdbd8ea4	d__Bacteria;p__Patescibacteria;c__Saccharimonadia;o__Saccharimonadales	0.999995738654225
65703b7fe7a5194b64a9f4e3156041f1	d__Bacteria;p__Verrucomicrobiota;c__Verrucomicrobiae;o__Chthoniobacterales;f__Chthoniobacteraceae;g__Candidatus_Udaeobacter;s__	0.9976245060246361
160487b7eb8ab59ec211b7f4a0a6c9f8	d__Bacteria;p__Chloroflexi;c__Chloroflexia;o__Kallotenuales;f__AKIW781;g__AKIW781;s__	0.9999974198582923
f804ca926e4a225597f1216ca3073d43	d__Bacteria;p__Myxococcota;c__Polyangia;o__Haliangiales;f__Haliangiaceae;g__Haliangium;s__	0.999089480967837
8dfa551fd73d6695ce7ec8f774de48a1	d__Bacteria;p__Armatimonadota;c__Fimbriimonadia;o__Fimbriimonadales;f__Fimbriimonadaceae;g__Fimbriimonadaceae;s__	0.9998591963328256
20ddddcda2d56608aa536c9b52050757	d__Bacteria;p__Patescibacteria;c__Microgenomatia;o__Candidatus_Daviesbacteria;f__Candidatus_Daviesbacteria;g__Candidatus_Daviesbacteria;s__	0.9989715542991343
fb9a321264bd1f4042b8b379962a6673	d__Bacteria;p__Planctomycetota;c__Planctomycetes;o__Gemmatales;f__Gemmataceae;g__uncultured;s__	0.9951997355881673
c4f72b583a8eeb4135f28d55a02c443e	d__Bacteria;p__Planctomycetota;c__Planctomycetes;o__Isosphaerales;f__Isosphaeraceae	0.9999923001595321
f24cf3fdde1b4923d6dbae1c70cbffa5	d__Bacteria;p__Patescibacteria	0.9249797922820819
0506b5430eabea5ca33d40143978c46a	d__Bacteria;p__Bacteroidota;c__Bacteroidia;o__Sphingobacteriales;f__Sphingobacteriaceae;g__Mucilaginibacter;s__	0.9995311112489201
8f2bf7b81e3faa891ab334d6a4098e12	d__Bacteria;p__Proteobacteria;c__Alphaproteobacteria;o__Rhizobiales;f__Beijerinckiaceae;g__Roseiarcus;s__	0.9970670521154263
0045e55411a024789a392482b7615e26	d__Bacteria;p__Proteobacteria;c__Gammaproteobacteria;o__Diplorickettsiales;f__Diplorickettsiaceae;g__uncultured;s__	0.9967596621992877
826e112f80f17be133d2fc3d526dba12	d__Bacteria;p__Acidobacteriota;c__Acidobacteriae;o__Solibacterales;f__Solibacteraceae;g__Candidatus_Solibacter;s__	0.984072833213272
af700aaa6f4a389a8f6ec38ba875a459	d__Bacteria;p__Acidobacteriota;c__Blastocatellia;o__Pyrinomonadales;f__Pyrinomonadaceae;g__RB41;s__	0.9999219175523942
fbc7275cfdf367eecd69bcb4812b3362	d__Bacteria;p__Proteobacteria;c__Gammaproteobacteria;o__Burkholderiales;f__Oxalobacteraceae;g__Massilia;s__	0.9858072390454626
3872a3cefc11c83ed92d712c01042e02	d__Bacteria;p__WPS-2;c__WPS-2;o__WPS-2;f__WPS-2;g__WPS-2;s__	0.9999992309614756
4ee8fb539b8c05b2a25836f483c5c085	d__Bacteria;p__Chloroflexi;c__Anaerolineae;o__Caldilineales;f__Caldilineaceae;g__uncultured;s__	0.9823359867548334
ca8b45aeb805be10905e9a6593d893e9	d__Bacteria;p__Acidobacteriota;c__Acidobacteriae;o__Acidobacteriales;f__uncultured;g__uncultured;s__	0.9993117238053009
04a4373ceb5bbf9ebf3b8223cc98195e	d__Bacteria;p__Proteobacteria;c__Alphaproteobacteria;o__Reyranellales;f__Reyranellaceae;g__Reyranella;s__	0.99999962038335
5cd9888f54cabd80a64169789e12ebe6	d__Bacteria;p__Patescibacteria;c__Microgenomatia;o__Candidatus_Daviesbacteria;f__Candidatus_Daviesbacteria;g__Candidatus_Daviesbacteria;s__	0.9999998255705559
d3be23bcc8cc8976b097bc33813215c1	d__Bacteria;p__Proteobacteria;c__Gammaproteobacteria;o__Burkholderiales;f__Comamonadaceae;g__Variovorax;s__	0.9191056051826278
deaa852081b83dbf5194505778529489	d__Bacteria;p__Proteobacteria;c__Gammaproteobacteria;o__Gammaproteobacteria_Incertae_Sedis;f__Unknown_Family;g__Acidibacter;s__	0.977706059483097
babd05d627c1d505d62884a4c5e45e8f	d__Bacteria;p__Myxococcota;c__Polyangia;o__Polyangiales;f__BIrii41;g__BIrii41;s__	0.9999179538836082
cbe2d111bb19a712fe467c41e858daa3	d__Bacteria;p__Cyanobacteria;c__Cyanobacteriia;o__Chloroplast;f__Chloroplast;g__Chloroplast;s__	0.9999853605875234
3c317f59ca348920d93c3060dfaf4a2f	d__Bacteria;p__WPS-2;c__WPS-2;o__WPS-2;f__WPS-2;g__WPS-2;s__	0.999986914276475
1a93f0d0269e671881e798d8129580da	d__Bacteria;p__Acidobacteriota;c__Blastocatellia;o__Pyrinomonadales;f__Pyrinomonadaceae;g__RB41;s__	0.9997268599693274
9c8e700acf0ac506677622cb9fa46721	d__Bacteria;p__Acidobacteriota;c__Acidobacteriae;o__Acidobacteriales	0.9999999403817807
80a21daf7e1e0dbf5b6f93ba90ffa6a5	d__Bacteria;p__Proteobacteria;c__Gammaproteobacteria;o__Burkholderiales;f__Comamonadaceae	0.9999998227991427
e9f8f4ca4ea0a0d051ac3f78a665f6f5	d__Bacteria;p__WPS-2;c__WPS-2;o__WPS-2;f__WPS-2;g__WPS-2;s__	0.9999999399264272
118170178491d8d6d7d000d05661c3bc	d__Bacteria;p__Proteobacteria;c__Alphaproteobacteria;o__Rhodospirillales;f__uncultured;g__uncultured;s__	0.9677014073226413
4f2a56da9faf217332a9ffff7ba27beb	d__Bacteria;p__Actinobacteriota;c__Actinobacteria;o__Corynebacteriales;f__Nocardiaceae;g__Nocardia;s__	0.9994539444682959
f0ae2a6c20c1bc24dcf25b843618c025	d__Bacteria;p__Proteobacteria;c__Alphaproteobacteria;o__Sphingomonadales;f__Sphingomonadaceae;g__Sphingomonas;s__	0.8951651328485253
8e6c1fead75ecfcdd5bd8ef9bf44511f	d__Bacteria;p__Proteobacteria;c__Gammaproteobacteria;o__Burkholderiales;f__Comamonadaceae	0.9999964389257422
0978936d8a958c93481e40e01972473e	d__Bacteria;p__Verrucomicrobiota;c__Chlamydiae;o__Chlamydiales;f__Criblamydiaceae;g__Estrella;s__	0.8670287403335555
4579a243c07016fc64a546b2da7893f9	d__Bacteria;p__Cyanobacteria;c__Vampirivibrionia;o__Obscuribacterales;f__Obscuribacteraceae;g__Obscuribacteraceae;s__	0.9998376582780492
01af7ea473273549b5af935c0129f35a	d__Bacteria;p__Proteobacteria;c__Alphaproteobacteria;o__Reyranellales;f__Reyranellaceae;g__Reyranella;s__	0.9999999631380951
19833ddb94a37643a3deb8abdcea0b47	d__Bacteria;p__Patescibacteria;c__Saccharimonadia;o__Saccharimonadales;f__Saccharimonadales;g__Saccharimonadales;s__	0.9838585243991875
0aec1319e9c35bfd5f83a847c1d63dc1	d__Bacteria;p__Chloroflexi;c__Ktedonobacteria;o__C0119;f__C0119;g__C0119;s__	0.9997488476531934
8e0c2512f574de1fa9f7435305ea6daf	d__Bacteria;p__Chloroflexi;c__Ktedonobacteria;o__Ktedonobacterales;f__Ktedonobacteraceae;g__1921-2;s__	0.9679650507660195
836bf20849618ca44897c19d0ba0f139	d__Bacteria;p__Verrucomicrobiota;c__Verrucomicrobiae;o__Chthoniobacterales;f__Chthoniobacteraceae;g__Candidatus_Udaeobacter;s__	0.8898960254990879
bbf255a75244d4df931304105dad5e3f	d__Bacteria;p__Planctomycetota;c__Planctomycetes;o__Gemmatales;f__Gemmataceae;g__Gemmata;s__	0.9994849093994783
11a56f3e7b6d8f59b93e6a83cf2fc971	d__Bacteria;p__Armatimonadota;c__Fimbriimonadia;o__Fimbriimonadales;f__Fimbriimonadaceae;g__Fimbriimonadaceae;s__	0.9998615682402877
c385afa96edd80217eee74554d897dcc	d__Bacteria;p__Patescibacteria;c__Parcubacteria;o__Parcubacteria;f__Parcubacteria;g__Parcubacteria;s__	0.9998978740079291
e3ff15abce6533c42df2cdd256e0bbe3	d__Bacteria;p__WPS-2;c__WPS-2;o__WPS-2;f__WPS-2;g__WPS-2;s__	0.9999849636970016
3d4022a1085dc2bf7820eb7e5d881876	d__Bacteria;p__Proteobacteria;c__Gammaproteobacteria;o__Gammaproteobacteria_Incertae_Sedis;f__Unknown_Family;g__Candidatus_Berkiella;s__	0.9676343420408934
3c44b89738e0d59879f920cb3195dcf0	d__Bacteria;p__Verrucomicrobiota;c__Verrucomicrobiae;o__Chthoniobacterales;f__Chthoniobacteraceae;g__Candidatus_Udaeobacter;s__	0.9994639624889955
7c0758f224f909c33ad1b56c730674b3	d__Bacteria;p__Chloroflexi;c__Chloroflexia;o__Chloroflexales;f__Roseiflexaceae;g__uncultured;s__	0.9999911227488488
65d082891c1401ad0b95376e58d29258	d__Bacteria;p__Chloroflexi;c__Ktedonobacteria;o__Ktedonobacterales;f__Ktedonobacteraceae;g__HSB_OF53-F07;s__	0.9999937994173074
df2dc114e579516d4d926976d2966c11	d__Bacteria;p__Patescibacteria;c__Saccharimonadia;o__Saccharimonadales;f__Saccharimonadaceae;g__TM7a;s__	0.9956866209329225
3347c3a1bd893d7ff84a0ccfd87b2f17	d__Bacteria;p__Acidobacteriota;c__Acidobacteriae;o__Subgroup_2;f__Subgroup_2;g__Subgroup_2;s__	0.9999873990142701
e8b3829a493ebc94a42b8e0ae4197f00	d__Bacteria;p__Planctomycetota;c__Planctomycetes;o__Gemmatales;f__Gemmataceae;g__uncultured;s__	0.998659089849691
4e27086c517a3743f0fd8c73dcd62f47	d__Bacteria;p__Bacteroidota;c__Bacteroidia;o__Chitinophagales;f__Chitinophagaceae;g__Sediminibacterium;s__	0.9987421044604966
615590c0c1dd3ca03ac373addc1e7c86	d__Bacteria;p__Gemmatimonadota;c__Gemmatimonadetes;o__Gemmatimonadales;f__Gemmatimonadaceae;g__uncultured;s__	0.9976576125212313
1044690a9bec9537271a49e37e30e6e2	d__Bacteria;p__Actinobacteriota	0.7464113224224357
211171240e2e90516e4787ae789b6cfc	d__Bacteria;p__Chloroflexi;c__AD3;o__AD3;f__AD3;g__AD3;s__	0.9059654890805312
19c21157d431e05363c841854597335c	d__Bacteria;p__Planctomycetota;c__Planctomycetes;o__Gemmatales;f__Gemmataceae;g__uncultured;s__	0.994665356819439
6d1be12fe210c6648301f863bee6a85f	d__Bacteria;p__Cyanobacteria;c__Vampirivibrionia;o__Obscuribacterales;f__Obscuribacteraceae;g__Obscuribacteraceae;s__	0.9971247438958101
f55770be7e0b11e2619dcb09cd431106	d__Bacteria;p__Planctomycetota;c__Planctomycetes;o__Planctomycetales;f__uncultured;g__uncultured;s__	0.9998325052630966
fcc6a2b04a12acc486009a9501f3db3a	d__Bacteria;p__Actinobacteriota;c__Acidimicrobiia;o__Microtrichales;f__Iamiaceae;g__Iamia;s__	0.9901616438844568
39395054eb83df4ce22e1e0a6d3c6417	d__Bacteria;p__Proteobacteria;c__Alphaproteobacteria;o__Rickettsiales;f__Rickettsiaceae;g__Candidatus_Megaira;s__	0.8303899050356642
71859584d4d02b29925faec3f86f68ed	d__Bacteria;p__Proteobacteria;c__Gammaproteobacteria;o__Burkholderiales;f__A21b;g__A21b;s__	0.9378804954585933
d565f70e1f937cd9712498a9985cbf90	d__Bacteria;p__Chloroflexi;c__Ktedonobacteria;o__B12-WMSP1;f__B12-WMSP1;g__B12-WMSP1;s__	0.9999988862843401
306e458308bc41f023e106a4458da4c4	d__Bacteria;p__Patescibacteria;c__Parcubacteria;o__Candidatus_Nomurabacteria;f__Candidatus_Nomurabacteria;g__Candidatus_Nomurabacteria;s__	0.9998097571071715
f8dee51e185874fb2c101303e1ef48c0	d__Bacteria;p__Verrucomicrobiota;c__Chlamydiae;o__Chlamydiales;f__Simkaniaceae	0.8140931939584348
d7a7e4c6d67849a574a2827ef0f3a6ca	d__Bacteria;p__Dependentiae;c__Babeliae;o__Babeliales	0.9999972506778839
d0be09a0d2650232c4b232b958ac3b7e	d__Bacteria;p__Myxococcota;c__Polyangia;o__Polyangiales;f__BIrii41;g__BIrii41;s__	0.999705037681052
b8ca25b32ace2484b1d5dd2b536f7a57	d__Bacteria;p__Actinobacteriota;c__Acidimicrobiia;o__uncultured;f__uncultured;g__uncultured;s__	0.9953468019124038
25a2790c2fe5b9c02b44e3596ab5d87e	d__Bacteria;p__Chloroflexi;c__KD4-96;o__KD4-96;f__KD4-96;g__KD4-96;s__	0.999975740534795
40068c45cbc97d7b55c753797974217e	d__Bacteria;p__Chloroflexi;c__Ktedonobacteria;o__Ktedonobacterales;f__Ktedonobacteraceae;g__uncultured;s__	0.9925844747127833
d14603c8b235b329bcbbd6ebd0ff9938	d__Bacteria;p__Chloroflexi;c__Chloroflexia;o__Kallotenuales;f__AKIW781;g__AKIW781;s__	0.9998123560237382
35cd41d125cf3d2d9204a8eb4c9380f4	d__Bacteria;p__Proteobacteria;c__Gammaproteobacteria;o__Xanthomonadales;f__Rhodanobacteraceae;g__Rhodanobacter;s__	0.9669306775074786
4f91affbb2ae2dcece51a6151da7f401	d__Bacteria;p__Planctomycetota;c__Phycisphaerae;o__Tepidisphaerales;f__WD2101_soil_group;g__WD2101_soil_group;s__	0.999999568818034
9a918a517cbb4eca3b755ad4c5161df7	d__Bacteria;p__Proteobacteria;c__Gammaproteobacteria;o__Pseudomonadales;f__Pseudomonadaceae;g__Pseudomonas;s__	0.9999443094138246
3e025f9752f62117a05ae9f5ac87897a	d__Bacteria;p__Chloroflexi;c__Anaerolineae;o__Anaerolineae;f__Anaerolineae;g__Anaerolineae;s__	0.9998663485078032
88c7409e207ef2eea95d25cc30c206bf	d__Bacteria;p__Planctomycetota;c__Planctomycetes;o__Isosphaerales;f__Isosphaeraceae;g__Tundrisphaera;s__	0.995607347646163
64912e77b3d00826f7d029fcea8e2bb9	d__Bacteria;p__Nitrospirota;c__Nitrospiria;o__Nitrospirales;f__Nitrospiraceae;g__Nitrospira;s__	0.9999932739665345
dd164a6a4c9a9b8dbdd5e8ffaae2e86b	d__Bacteria;p__Patescibacteria;c__Parcubacteria;o__Parcubacteria;f__Parcubacteria;g__Parcubacteria;s__	0.9999836563576759
aa2227e13305a550ec214da642d271ae	d__Bacteria;p__Gemmatimonadota;c__Gemmatimonadetes;o__Gemmatimonadales;f__Gemmatimonadaceae;g__Gemmatimonas;s__	0.981798773555967
e198b573cd4f3b0adbc6a038211a4398	d__Bacteria;p__Planctomycetota;c__Planctomycetes;o__Gemmatales;f__Gemmataceae;g__uncultured;s__	0.9957125138505931
cc0266d9770bbf83444d2b33d9ad9632	d__Bacteria;p__Planctomycetota;c__Planctomycetes;o__Planctomycetales;f__uncultured;g__uncultured;s__	0.9995681829543207
1b8cd071beb25d929eb44dcd6e62fdce	d__Bacteria;p__Chloroflexi;c__KD4-96;o__KD4-96;f__KD4-96;g__KD4-96;s__	0.9999903033714506
973abcd139dfd09dedecf197a1addf18	d__Bacteria;p__Gemmatimonadota;c__Gemmatimonadetes;o__Gemmatimonadales;f__Gemmatimonadaceae;g__uncultured;s__	0.9819267913517694
529fc77d306374c55abac3393d647284	d__Bacteria;p__Planctomycetota;c__Planctomycetes;o__Gemmatales;f__Gemmataceae;g__uncultured;s__	0.9464739367340238
1e773c50de63263ed094ef7a3d616d55	d__Bacteria;p__Proteobacteria;c__Alphaproteobacteria;o__Rickettsiales;f__AB1;g__AB1;s__	0.9518488578662256
4abc6557c35b82108d99a716667b3a6f	d__Bacteria;p__Proteobacteria;c__Gammaproteobacteria;o__Gammaproteobacteria_Incertae_Sedis;f__Unknown_Family;g__Candidatus_Berkiella;s__	0.9607634798238222
b8279a9909be6c814c88abeac4a7aa9b	d__Bacteria;p__Chloroflexi;c__JG30-KF-CM66;o__JG30-KF-CM66;f__JG30-KF-CM66;g__JG30-KF-CM66;s__	0.9804576786808897
2a7fbd5194279a706e3af3e8eeafe73c	d__Bacteria;p__Verrucomicrobiota;c__Verrucomicrobiae;o__Chthoniobacterales;f__Chthoniobacteraceae;g__Candidatus_Udaeobacter;s__	0.9973652353100743
0fac1c933a54296aa85d9decd4e53afd	d__Bacteria;p__Actinobacteriota;c__Actinobacteria;o__Corynebacteriales;f__Mycobacteriaceae;g__Mycobacterium;s__	0.9999736885376979
1f7395ed144f98f7df47b968d5f7453b	d__Bacteria;p__Patescibacteria;c__Parcubacteria;o__Candidatus_Nomurabacteria;f__Candidatus_Nomurabacteria;g__Candidatus_Nomurabacteria;s__	0.9997544694890804
7b1ca29e8f9aa8ac923c1f6fbbdfdcd4	d__Bacteria;p__Planctomycetota;c__Phycisphaerae;o__Tepidisphaerales;f__WD2101_soil_group;g__WD2101_soil_group;s__	0.9999985388355003
40b289a93c751e3410fdfa23ad8bbd2f	d__Bacteria;p__Verrucomicrobiota;c__Verrucomicrobiae;o__Opitutales;f__Opitutaceae	0.9999999830000094
926d4998960f6e4d5619af7c13de9e7c	d__Bacteria;p__Patescibacteria;c__Parcubacteria;o__Candidatus_Adlerbacteria;f__Candidatus_Adlerbacteria;g__Candidatus_Adlerbacteria;s__	0.9937807655783841
f2715f8d20b9ace17d3661a7b6b1c784	d__Bacteria;p__Acidobacteriota;c__Acidobacteriae;o__Bryobacterales;f__Bryobacteraceae;g__Bryobacter;s__	0.8167336465102687
50ed228696d72440df847d1906a8d119	d__Bacteria;p__Proteobacteria;c__Gammaproteobacteria;o__Legionellales;f__Legionellaceae;g__Legionella;s__	0.9997106251287702
b341617d801136b9fef273b6c03b2ec9	d__Bacteria;p__Bacteroidota;c__Bacteroidia;o__Sphingobacteriales;f__Sphingobacteriaceae;g__Mucilaginibacter;s__	0.9977140939317919
fa97273dc6cb2b20eff48d1026c9b2da	d__Bacteria;p__Bacteroidota;c__Bacteroidia;o__Sphingobacteriales;f__Sphingobacteriaceae;g__Mucilaginibacter;s__	0.9954805112990588
b009f332fc31906f394d06fa3454f3c6	d__Bacteria;p__Gemmatimonadota;c__Gemmatimonadetes;o__Gemmatimonadales;f__Gemmatimonadaceae;g__Gemmatimonas;s__	0.8719153254984812
897e8dc15fc70d284a2143e97979eb86	d__Bacteria;p__Acidobacteriota;c__Vicinamibacteria;o__Vicinamibacterales;f__uncultured;g__uncultured;s__	0.9999983180426218
33529375348ca935bd52c015db265be9	d__Bacteria;p__Actinobacteriota;c__Acidimicrobiia;o__IMCC26256;f__IMCC26256;g__IMCC26256;s__	0.9991898966419248
ac8783c00f1c207dcf52e9670403b4be	d__Bacteria;p__Acidobacteriota;c__Acidobacteriae;o__Bryobacterales;f__Bryobacteraceae;g__Bryobacter;s__	0.9475135152330907
b87ae4fd20af7c871c6e6dd66857ea45	d__Bacteria;p__Cyanobacteria;c__Cyanobacteriia;o__Chloroplast;f__Chloroplast;g__Chloroplast;s__	0.9891419904981709
55885ca62c7318d84f10a98d5438b105	d__Bacteria;p__Planctomycetota;c__Planctomycetes;o__Gemmatales;f__Gemmataceae;g__uncultured;s__	0.9347370411133821
25a0dcfb5db7835f3da76c037b817a2f	d__Bacteria;p__Acidobacteriota;c__Blastocatellia;o__Pyrinomonadales;f__Pyrinomonadaceae;g__RB41;s__	0.9998831384106585
ffc37e6a5f6db9de9ca1ed933bce8f38	d__Bacteria;p__Planctomycetota;c__Phycisphaerae;o__Tepidisphaerales;f__WD2101_soil_group;g__WD2101_soil_group;s__	0.9999494217803453
9beb9612374a586d879ffb763d1f0611	d__Bacteria;p__Bacteroidota;c__Bacteroidia;o__Sphingobacteriales;f__Sphingobacteriaceae;g__Mucilaginibacter;s__	0.9610513809572352
1d3be74f4b78a364d5c846d27affaa45	d__Bacteria;p__Chloroflexi;c__Ktedonobacteria;o__B12-WMSP1;f__B12-WMSP1;g__B12-WMSP1;s__	0.9999990264679091
3f656425558ab6c1e99c822462ac6f83	d__Bacteria;p__Bdellovibrionota;c__Oligoflexia;o__0319-6G20;f__0319-6G20;g__0319-6G20;s__	0.9999359486307183
e15cf1464b64790a0db82b1eb0ef92fd	d__Bacteria;p__Actinobacteriota;c__Actinobacteria;o__Micrococcales;f__Microbacteriaceae	0.9996799391574678
28ff5b68aeb3dd35c28b9897e4ed930f	d__Bacteria;p__Patescibacteria;c__Parcubacteria	0.9835623086917512
16f058d37d71bd5ad428da8fe275ea56	d__Bacteria;p__Chloroflexi;c__Anaerolineae;o__SBR1031;f__A4b;g__A4b;s__	0.9988258045219549
6118bf104f460054d5939338a2c4b614	d__Bacteria;p__Planctomycetota;c__Phycisphaerae;o__Tepidisphaerales;f__WD2101_soil_group;g__WD2101_soil_group;s__	0.9999834632236826
90b646b06222354e7ca69517fa2f5503	d__Bacteria;p__Gemmatimonadota;c__Gemmatimonadetes;o__Gemmatimonadales;f__Gemmatimonadaceae	0.9996844365193482
bb0667b23f34d294f52fc9192e14bb08	d__Bacteria;p__Myxococcota;c__Myxococcia;o__Myxococcales;f__Anaeromyxobacteraceae;g__Anaeromyxobacter;s__	0.9989121946825835
112fa523f5dc2482e73da50137c9943c	d__Bacteria;p__Patescibacteria;c__Microgenomatia;o__Candidatus_Levybacteria;f__Candidatus_Levybacteria;g__Candidatus_Levybacteria;s__	0.9998688425727383
7600a42187cb3e5b2cf788e0f5be926b	d__Bacteria;p__Chloroflexi;c__Ktedonobacteria;o__Ktedonobacterales;f__Ktedonobacteraceae;g__Ktedonobacteraceae;s__	0.9998593658094265
97e112370057b01ac9364fc344f188df	d__Bacteria;p__Proteobacteria;c__Gammaproteobacteria;o__Burkholderiales;f__A21b;g__A21b;s__	0.9997328024931914
607d59c14f2df7d02d405ce4cab50404	d__Bacteria;p__Cyanobacteria;c__Cyanobacteriia;o__Chloroplast;f__Chloroplast;g__Chloroplast;s__	0.9983266650613861
3c8be6f2db768007b99bbca80bdd6089	d__Bacteria;p__Gemmatimonadota;c__Gemmatimonadetes;o__Gemmatimonadales;f__Gemmatimonadaceae	0.9999432332470967
5fc7854008a49a6bbd684a51b741379b	d__Bacteria;p__Proteobacteria;c__Gammaproteobacteria;o__Burkholderiales;f__Burkholderiaceae;g__Burkholderia-Caballeronia-Paraburkholderia;s__	0.9859755802150799
c490c72df21fefcb1ea6074634067daf	d__Bacteria;p__Chloroflexi;c__Anaerolineae;o__SBR1031	0.7631455324523019
b98b7fad580e11eb039404e35ecd8300	d__Bacteria;p__Chloroflexi;c__Ktedonobacteria;o__B12-WMSP1;f__B12-WMSP1;g__B12-WMSP1;s__	0.9999163965514152
f6599dc743e68f856a9bf348aca34bfe	d__Bacteria;p__Verrucomicrobiota;c__Chlamydiae;o__Chlamydiales;f__Parachlamydiaceae;g__uncultured;s__	0.8346321375996593
c181d2ccbc64a862613a548364cf2bfe	d__Bacteria;p__Proteobacteria;c__Gammaproteobacteria;o__Xanthomonadales;f__Xanthomonadaceae;g__uncultured;s__	0.9388604314466918
f5809eab28dd3ec72f52b9d2f7e27f2c	d__Bacteria;p__Planctomycetota;c__Phycisphaerae;o__Tepidisphaerales;f__WD2101_soil_group;g__WD2101_soil_group;s__	0.9999785367547339
3fa8f74e5faa62072640b5464284f047	d__Bacteria;p__Actinobacteriota;c__Actinobacteria;o__Catenulisporales;f__Catenulisporaceae;g__Catenulispora;s__	0.9999646691740982
1aabaf8abaf7c53277c40ccfa95eeeb2	d__Bacteria;p__Armatimonadota;c__Fimbriimonadia;o__Fimbriimonadales;f__Fimbriimonadaceae;g__Fimbriimonadaceae;s__	0.9998419636422332
789518df1f5db2455ccdc16a36d358e8	d__Bacteria;p__Chloroflexi;c__AD3;o__AD3;f__AD3;g__AD3;s__	0.9991900165002005
7877f3f83c8c5481b60e7cf7e6db8345	d__Bacteria;p__Chloroflexi;c__AD3;o__AD3;f__AD3;g__AD3;s__	0.9886427274078581
ee129308c1c5870937009c9346e5bb2a	d__Bacteria;p__Planctomycetota;c__Planctomycetes;o__Pirellulales;f__Pirellulaceae;g__Pirellula;s__	0.9994109102208626
c0fd64a80f3bd7aea34a16c65cb30514	d__Bacteria;p__Patescibacteria;c__Parcubacteria;o__Candidatus_Nomurabacteria;f__Candidatus_Nomurabacteria;g__Candidatus_Nomurabacteria;s__	0.8228785077104189
96cf6910c7a4f1769732787c758848fc	d__Bacteria;p__Proteobacteria;c__Alphaproteobacteria;o__Rhizobiales;f__Rhizobiaceae;g__Phyllobacterium;s__	0.966053748685449
e75fe3643d1bf96360ec69a03062b3e2	d__Bacteria;p__Verrucomicrobiota;c__Verrucomicrobiae;o__Chthoniobacterales;f__Chthoniobacteraceae;g__Candidatus_Udaeobacter;s__	0.9916637580813429
80458afcac085502e2393fb2dc442776	d__Bacteria;p__Proteobacteria;c__Alphaproteobacteria;o__Rhizobiales;f__Rhizobiales_Incertae_Sedis;g__uncultured;s__	0.9543273736459165
8d2cc03621a5d37ca9a8544a79db5d9d	d__Bacteria;p__Actinobacteriota;c__Acidimicrobiia;o__Microtrichales;f__Iamiaceae;g__Iamia;s__	0.8188330617865806
2157714731c8b48039c67d6dd56213cb	d__Bacteria;p__Bacteroidota;c__Bacteroidia;o__Chitinophagales;f__Chitinophagaceae;g__uncultured;s__	0.7517359944643901
7e2a3bd8031dfd89995c8cecbc13f17a	d__Bacteria;p__Bacteroidota;c__Bacteroidia;o__Sphingobacteriales;f__Sphingobacteriaceae;g__Mucilaginibacter;s__	0.9939634142244864
41d4f48f4d462d8a9d6f0d2709ffed4a	d__Bacteria;p__Bacteroidota;c__Bacteroidia;o__Chitinophagales;f__Chitinophagaceae;g__Parafilimonas;s__	0.9999760836170644
c5883ef51ea23a36db50a27711acb9a3	d__Bacteria;p__Actinobacteriota;c__Acidimicrobiia;o__Microtrichales;f__uncultured;g__uncultured;s__	0.8853665878007031
f91202acb6aed2f6f29ab2b22e25d548	d__Bacteria;p__Patescibacteria;c__Parcubacteria;o__GWA2-38-13b;f__GWA2-38-13b;g__GWA2-38-13b;s__	0.9086601626524218
8a59b670280035471dd5cb90d4388b3f	d__Bacteria;p__Actinobacteriota;c__Actinobacteria;o__Corynebacteriales;f__Nocardiaceae;g__Rhodococcus;s__	0.9996212297197457
f60cf90fa6e93ca5e49cac15a99e8be1	d__Bacteria;p__Actinobacteriota;c__Thermoleophilia;o__Solirubrobacterales;f__Solirubrobacteraceae	0.9821196296958419
71a0239fa78640291c7e3c67b6388479	d__Bacteria;p__Actinobacteriota;c__Thermoleophilia;o__Gaiellales	0.9999995146592715
58f55f3078e3a6646be91cdda2c68856	d__Bacteria;p__Chloroflexi;c__AD3;o__AD3;f__AD3;g__AD3;s__	0.9888582006128827
b5fe644b8545b28a3d84f632674a7992	d__Bacteria;p__Planctomycetota;c__Planctomycetes;o__Gemmatales;f__Gemmataceae;g__Gemmata;s__	0.9976859330656882
28e814ae7a8d090f266e4714f5817b60	d__Bacteria;p__Gemmatimonadota;c__Gemmatimonadetes;o__Gemmatimonadales;f__Gemmatimonadaceae;g__Gemmatimonas;s__	0.750014753813797
ce09b5f08c112e3a3d53942f240e0c92	d__Bacteria;p__Planctomycetota;c__Planctomycetes;o__Gemmatales;f__Gemmataceae;g__uncultured;s__	0.9752427986820903
45cc5141e211de7e522b8a4ec246c648	d__Bacteria;p__Planctomycetota;c__Planctomycetes;o__Planctomycetales;f__uncultured;g__uncultured;s__	0.9966393092091719
b1d23caef7cf4da1bd3d468d105de6c7	d__Bacteria;p__Proteobacteria;c__Gammaproteobacteria;o__Burkholderiales;f__Burkholderiaceae;g__Limnobacter;s__	0.7253196165333864
e2fb826b4e2f1b16e62508f808901595	d__Bacteria;p__Patescibacteria;c__Parcubacteria	0.9968291352921353
7cd317a1654862ca3ddd514e3c28c891	d__Bacteria;p__Cyanobacteria;c__Cyanobacteriia;o__Chloroplast;f__Chloroplast;g__Chloroplast;s__	0.9996396682701035
1d1aa0a6f6106b9404ddf7f07fd0be1f	d__Bacteria;p__Planctomycetota;c__Phycisphaerae;o__Tepidisphaerales;f__CPla-3_termite_group;g__CPla-3_termite_group;s__	0.9999995071733074
35b3645180e280fa0ba385fe6dd5d6dc	d__Bacteria;p__Gemmatimonadota;c__Gemmatimonadetes;o__Gemmatimonadales;f__Gemmatimonadaceae	0.999890276845841
1205264cfed029e55c6b3e8dd668e057	d__Bacteria;p__Nitrospirota;c__Nitrospiria;o__Nitrospirales;f__Nitrospiraceae;g__Nitrospira;s__	0.9911481795467801
a0902a55d4118c1266efcddab58df9a2	d__Bacteria;p__Planctomycetota;c__vadinHA49;o__vadinHA49;f__vadinHA49;g__vadinHA49;s__	0.9999449187733553
55712a4ca2d2607b5844635ab14ca3f9	d__Bacteria;p__Patescibacteria;c__Parcubacteria;o__Candidatus_Kaiserbacteria;f__Candidatus_Kaiserbacteria;g__Candidatus_Kaiserbacteria;s__	0.9999609084950727
b31cd66216fd7beb3b350b59af0171fa	d__Bacteria;p__Planctomycetota;c__Planctomycetes;o__Isosphaerales;f__Isosphaeraceae;g__Candidatus_Nostocoida;s__	0.7094107193747334
853e6c6cb3ca2215e957a4c0bd311ec5	d__Bacteria;p__Verrucomicrobiota;c__Verrucomicrobiae;o__Chthoniobacterales;f__Chthoniobacteraceae;g__Candidatus_Udaeobacter;s__	0.9973693867395413
ec0abe62b159ad8f4cc3a43db4bf91f0	d__Bacteria;p__Verrucomicrobiota;c__Verrucomicrobiae;o__Chthoniobacterales;f__Chthoniobacteraceae;g__Candidatus_Udaeobacter;s__	0.998491878053043
35bcbd60bfe6e3659c87a6c56ceb70a6	d__Bacteria;p__Proteobacteria;c__Gammaproteobacteria;o__Burkholderiales;f__Oxalobacteraceae;g__Massilia;s__	0.9838040699064408
adc8fd454c5ffab408ee46e1d4610296	d__Bacteria;p__Chloroflexi;c__KD4-96;o__KD4-96;f__KD4-96;g__KD4-96;s__	0.9999947092727677
48186c398dfbd77c0d18448263119135	d__Bacteria;p__Bacteroidota;c__Bacteroidia;o__Chitinophagales;f__Chitinophagaceae;g__uncultured;s__	0.9881569185243895
2c15a589796bb99d5aebaba4ff9bee41	d__Bacteria;p__Patescibacteria;c__Parcubacteria;o__Candidatus_Kaiserbacteria;f__Candidatus_Kaiserbacteria;g__Candidatus_Kaiserbacteria;s__	0.9999825908446348
40a4b186568ccec3821abb3337ad2719	d__Bacteria;p__Proteobacteria;c__Alphaproteobacteria;o__Elsterales;f__uncultured;g__uncultured;s__	0.9852448817093202
2f313a09ba057f18999b740788ef8c02	d__Bacteria;p__Proteobacteria;c__Gammaproteobacteria	0.9999462124702567
ab264c5e0daa49c439d2a05d25dd2575	d__Bacteria;p__Proteobacteria;c__Gammaproteobacteria;o__Burkholderiales;f__Comamonadaceae;g__Leptothrix;s__	0.7080562568639525
969df8e4a921d97486178d9733be8f77	d__Bacteria;p__Gemmatimonadota;c__Gemmatimonadetes;o__Gemmatimonadales;f__Gemmatimonadaceae	0.9998901565756424
c35e1642f7a8b03fdc02c626c7265d5e	d__Bacteria;p__Proteobacteria;c__Gammaproteobacteria;o__Burkholderiales;f__Comamonadaceae;g__Polaromonas;s__	0.9736191376088742
9ce9d638cc9e586861e661e8bcf2a941	d__Bacteria;p__Proteobacteria;c__Alphaproteobacteria;o__Sphingomonadales;f__Sphingomonadaceae;g__Rhizorhapis;s__	0.7635053790229429
24855dbc6dbc92cbe9c97ffaad3aa43a	d__Bacteria;p__Verrucomicrobiota;c__Verrucomicrobiae;o__Chthoniobacterales;f__Xiphinematobacteraceae;g__Candidatus_Xiphinematobacter;s__	0.9932012314618626
8661dec59b623ee4d06102451c29c0e7	d__Bacteria;p__Chloroflexi;c__Dehalococcoidia;o__S085;f__S085;g__S085;s__	0.99541004020111
2a71a0e7062a930d54712878ee390250	d__Bacteria;p__Proteobacteria;c__Gammaproteobacteria;o__Burkholderiales;f__Nitrosomonadaceae;g__Ellin6067;s__	0.9999990184127782
45c7e602051db65ebdb341ad07b560d9	d__Bacteria;p__Verrucomicrobiota;c__Verrucomicrobiae;o__Chthoniobacterales;f__Chthoniobacteraceae;g__Candidatus_Udaeobacter;s__	0.9993106003376319
0db8f7148207a2c87e49ba21bf608976	d__Bacteria;p__Planctomycetota;c__Planctomycetes;o__Pirellulales;f__Pirellulaceae;g__uncultured;s__	0.8824451472402521
b3415e5788a7e06b84fc8290bdc6990d	d__Bacteria;p__Planctomycetota;c__Phycisphaerae;o__Tepidisphaerales;f__WD2101_soil_group;g__WD2101_soil_group;s__	0.9999791430940914
7018772ca5a14a9b6f1bda72d22b8fcb	d__Bacteria;p__Proteobacteria;c__Alphaproteobacteria;o__Rhizobiales;f__Xanthobacteraceae;g__Afipia;s__	0.9584185217402258
67ef87bc52c6d891cc9eb148481545cb	d__Bacteria;p__Proteobacteria;c__Gammaproteobacteria;o__Burkholderiales;f__Comamonadaceae	0.9999995750954915
ab0fe97f8375e4d09724b4e2a79e59c6	d__Bacteria;p__Patescibacteria	0.9896606988267641
a170b9e07a230f5c65bdf27d837cf634	d__Bacteria;p__Acidobacteriota;c__Acidobacteriae;o__Acidobacteriales;f__uncultured;g__uncultured;s__	0.9761655101647858
e24f89d7a933d63fcfc516bef1308d25	d__Bacteria;p__Acidobacteriota;c__Acidobacteriae	0.9999999089399956
dc5e34a4a3f9e23ba40480c501e3bd75	d__Bacteria;p__Verrucomicrobiota;c__Verrucomicrobiae;o__Chthoniobacterales;f__Chthoniobacteraceae;g__Candidatus_Udaeobacter;s__	0.9999122310452262
9dd65eb2dfb0ec9ceac0a0a4ef493415	d__Bacteria;p__RCP2-54;c__RCP2-54;o__RCP2-54;f__RCP2-54;g__RCP2-54;s__	0.9941862399586766
f42b3b72b67b3cd78d135828bc22072c	d__Bacteria;p__Patescibacteria;c__Parcubacteria;o__Parcubacteria;f__Parcubacteria;g__Parcubacteria;s__	0.999980425926095
47d4c548f031f06a700b40c6559b54dc	d__Bacteria;p__Planctomycetota;c__Planctomycetes;o__Isosphaerales;f__Isosphaeraceae;g__uncultured;s__	0.9920158230918031
0713c6c44e3c991c35dc71c4ec9953e1	d__Bacteria;p__Verrucomicrobiota;c__Verrucomicrobiae;o__Pedosphaerales;f__Pedosphaeraceae;g__uncultured;s__	0.9960249215580529
3a91265f3bd2c4135f62eb222def9767	d__Bacteria;p__Acidobacteriota;c__Acidobacteriae;o__Solibacterales;f__Solibacteraceae;g__Candidatus_Solibacter;s__	0.9803854522432939
2b9be2bc6bd0f6b7525a454f138e9e3a	d__Bacteria;p__Patescibacteria;c__Saccharimonadia;o__Saccharimonadales;f__Saccharimonadales;g__Saccharimonadales;s__	0.8003469217186111
fddec7ab9b4ab4854a6f1c5827e97ebc	d__Bacteria;p__Patescibacteria;c__Microgenomatia;o__Candidatus_Pacebacteria;f__Candidatus_Pacebacteria;g__Candidatus_Pacebacteria;s__	0.9999889245191294
1a64eb4c065dedd6f7707baee90717db	d__Bacteria;p__Chloroflexi;c__Ktedonobacteria;o__Ktedonobacterales;f__Ktedonobacteraceae	0.9997578400600708
24e0c542702639c291bb055377ef3182	d__Bacteria;p__Proteobacteria;c__Gammaproteobacteria;o__Burkholderiales;f__Comamonadaceae	0.9999881045234169
005b620962db6459e20f7f343190460e	d__Bacteria;p__Proteobacteria;c__Gammaproteobacteria	0.998947067347451
14ac1e834b08e2c858394f37fd329162	d__Bacteria;p__Patescibacteria;c__Parcubacteria	0.9998017026745586
aebe36a873ebbcb7c28f9be84680d81a	d__Bacteria;p__Verrucomicrobiota;c__Verrucomicrobiae;o__Chthoniobacterales;f__Chthoniobacteraceae;g__Candidatus_Udaeobacter;s__	0.9942484770448502
7c8192ae5a3c6ce79ac978fc85410e25	d__Bacteria;p__Actinobacteriota;c__Actinobacteria;o__Frankiales;f__Geodermatophilaceae;g__Antricoccus;s__	0.9733511338143004
87b4466383627b73799744fe8e54eb50	d__Bacteria;p__Acidobacteriota;c__Acidobacteriae;o__Acidobacteriales;f__uncultured;g__uncultured;s__	0.986616799764705
b5c39af8a92d5b5e6739494f1573e751	d__Bacteria;p__Acidobacteriota;c__Acidobacteriae;o__Acidobacteriales;f__uncultured;g__uncultured;s__	0.9993225919196763
026f17002b58a93a395068bc107de708	d__Bacteria;p__Chloroflexi;c__Gitt-GS-136;o__Gitt-GS-136;f__Gitt-GS-136;g__Gitt-GS-136;s__	0.9999997030958966
8b78c8b0b8e2a20fb14fedeef28f6e11	d__Bacteria;p__Patescibacteria;c__Microgenomatia;o__Candidatus_Daviesbacteria;f__Candidatus_Daviesbacteria;g__Candidatus_Daviesbacteria;s__	0.999994690995517
a75029c798421c1466a25622fe0c6deb	d__Bacteria;p__Chloroflexi;c__AD3;o__AD3;f__AD3;g__AD3;s__	0.9948571721154509
e438373829dfceb6da03fc4f69d915ac	d__Bacteria;p__Proteobacteria;c__Gammaproteobacteria;o__Burkholderiales;f__Burkholderiaceae;g__Limnobacter;s__	0.8783313470972788
6e3f3c193fe13380d933c56dfd83b78d	d__Bacteria;p__Verrucomicrobiota;c__Verrucomicrobiae;o__Chthoniobacterales;f__Chthoniobacteraceae;g__Chthoniobacter;s__	0.9946931458408638
cdafc1fcadb936666f303cdd3830acc6	d__Bacteria;p__Patescibacteria;c__Parcubacteria;o__Parcubacteria;f__Parcubacteria;g__Parcubacteria;s__	0.9999650092109275
064192ed91c4b0e04108bf4073e27f0d	d__Bacteria;p__Proteobacteria;c__Gammaproteobacteria;o__Burkholderiales;f__Comamonadaceae	0.9999998580029624
385d04a5d996eb9ee3b9bd1240ecc2b5	d__Bacteria;p__Chloroflexi;c__Ktedonobacteria;o__C0119;f__C0119;g__C0119;s__	0.9997182430608627
07f768ba084f9ceb5c1e6111f704a558	d__Bacteria;p__Proteobacteria;c__Alphaproteobacteria;o__Rhizobiales;f__Xanthobacteraceae;g__uncultured;s__	0.7117734499604331
125019a60ee0be904d4b532698968737	d__Bacteria;p__Planctomycetota;c__Planctomycetes;o__Pirellulales;f__Pirellulaceae;g__uncultured;s__	0.9925257652647134
de0517cb44418bad2438409cfb16cf70	d__Bacteria;p__Patescibacteria;c__Parcubacteria;o__Candidatus_Nomurabacteria;f__Candidatus_Nomurabacteria;g__Candidatus_Nomurabacteria;s__	0.9945515717574576
93174510a389871272644f4cca2fc7c0	d__Bacteria;p__Acidobacteriota;c__Vicinamibacteria;o__Vicinamibacterales;f__uncultured;g__uncultured;s__	0.9999458512794953
e6b302d0132b2c56cd4c5916d3de9574	d__Bacteria;p__Myxococcota;c__Polyangia;o__Haliangiales;f__Haliangiaceae;g__Haliangium;s__	0.9854696521549671
bf575f0774cd35b39fd37765ab4ffd82	d__Bacteria;p__Planctomycetota;c__Planctomycetes;o__Gemmatales;f__Gemmataceae;g__uncultured;s__	0.99113930161707
264f8555c324fafe170d84ff2d130479	d__Bacteria;p__Patescibacteria;c__Parcubacteria	0.9999410741463587
2b831ff4df6ee634f5ba052bbe628f7e	d__Bacteria;p__Chloroflexi;c__AD3;o__AD3;f__AD3;g__AD3;s__	0.9861792143104618
9ba632f1334147923fd234c1d534ddbe	d__Bacteria;p__Proteobacteria;c__Alphaproteobacteria;o__Sphingomonadales;f__Sphingomonadaceae	0.9999999394545956
158dada9c67c0810db45cb6a64b44120	d__Bacteria;p__Verrucomicrobiota;c__Verrucomicrobiae;o__Chthoniobacterales;f__Chthoniobacteraceae;g__Candidatus_Udaeobacter;s__	0.9994660426427916
0ce6c648077fdf289bb3f18607f3c769	d__Bacteria;p__Verrucomicrobiota;c__Verrucomicrobiae;o__Chthoniobacterales;f__Chthoniobacteraceae;g__Candidatus_Udaeobacter;s__	0.9853375411453426
a477a00f038c9516af7bc6865097c8a5	d__Bacteria;p__Planctomycetota;c__Planctomycetes;o__Gemmatales;f__Gemmataceae;g__Gemmata;s__	0.8959186634106017
f4664bdd3a8141d5e29132d3fe63db52	d__Bacteria;p__Proteobacteria;c__Gammaproteobacteria;o__Burkholderiales;f__Comamonadaceae	0.9999761917148497
f3a6708f846b060ff29cdcc7be6c4975	d__Bacteria;p__Planctomycetota;c__Planctomycetes;o__Gemmatales;f__Gemmataceae;g__Fimbriiglobus;s__	0.9883895626267234
182587945d0778dda3a85dd135fb9781	d__Bacteria;p__Planctomycetota;c__Planctomycetes;o__Gemmatales;f__Gemmataceae;g__uncultured;s__	0.9913255307921512
d20bb47dd3cb3d5e7d0071e071d33d09	d__Bacteria;p__Acidobacteriota;c__Acidobacteriae;o__Acidobacteriales;f__Koribacteraceae;g__Candidatus_Koribacter;s__	0.9021547415822527
ea2c43e796d495c3186ee6dcec19ca96	d__Bacteria;p__Chloroflexi;c__Anaerolineae;o__SBR1031;f__A4b;g__A4b;s__	0.9988077566954568
7795ea84f9748f0985d66933fcf1a049	d__Bacteria;p__Chloroflexi;c__Ktedonobacteria;o__Ktedonobacterales;f__Ktedonobacteraceae;g__uncultured;s__	0.8725786383719832
325a5aa682ed771d486f575975b4c6e8	d__Bacteria;p__Proteobacteria;c__Gammaproteobacteria;o__Burkholderiales;f__TRA3-20;g__TRA3-20;s__	0.9986278465004439
087778a162f17c62b03d2449a6ddfec2	d__Bacteria;p__Proteobacteria;c__Gammaproteobacteria;o__Burkholderiales;f__Oxalobacteraceae	0.9977739504458043
8d38ffd4e658f6a54cc85b6c122892b9	d__Bacteria;p__Verrucomicrobiota;c__Verrucomicrobiae;o__Pedosphaerales;f__Pedosphaeraceae;g__Pedosphaeraceae;s__	0.993086288241171
104d51afdf71061ea63d04b3620d73cc	d__Bacteria;p__Actinobacteriota;c__Actinobacteria;o__Frankiales;f__Frankiaceae;g__Jatrophihabitans;s__	0.9985392267997949
0f59c261c89f809c90f834cc041dba26	d__Bacteria;p__Proteobacteria;c__Gammaproteobacteria;o__Diplorickettsiales;f__Diplorickettsiaceae;g__uncultured;s__	0.9991142902876308
b224cac7b93b358879b0307df45384c0	d__Bacteria;p__Planctomycetota;c__Phycisphaerae;o__Tepidisphaerales;f__WD2101_soil_group;g__WD2101_soil_group;s__	0.9999989706152417
f0873a770561698af34f5b99b29c4b51	d__Bacteria;p__Chloroflexi	0.9072912092591592
08aa687314fea4d07a6b9d4748cab9ec	d__Bacteria;p__Proteobacteria;c__Gammaproteobacteria;o__Burkholderiales;f__Nitrosomonadaceae;g__Ellin6067;s__	0.9999971465353281
d4567e7cc29621ff3360a38386e3d68e	d__Bacteria;p__Acidobacteriota;c__Vicinamibacteria;o__Vicinamibacterales;f__uncultured;g__uncultured;s__	0.9999977145884852
c43156e1e43b00c492ca858a994c0802	d__Bacteria;p__Verrucomicrobiota;c__Chlamydiae;o__Chlamydiales;f__Parachlamydiaceae;g__Candidatus_Protochlamydia;s__	0.9599195884906885
db5cc3a1d8c7f0637fb86ea596ca2352	d__Bacteria;p__Bacteroidota;c__Bacteroidia;o__Sphingobacteriales;f__Sphingobacteriaceae;g__Mucilaginibacter;s__	0.9939561347036524
a099e40c0fce4a527b5be2b162586485	d__Bacteria;p__Acidobacteriota;c__Acidobacteriae;o__Acidobacteriales;f__Acidobacteriaceae_(Subgroup_1);g__Granulicella;s__	0.9843956962065548
61e9d04cd556e6cb33ca77ea101996a8	d__Bacteria;p__Patescibacteria;c__Parcubacteria	0.9994145891752494
b3b9a8722d6ae59a2bb69021190156a4	d__Bacteria;p__Planctomycetota;c__Planctomycetes;o__Gemmatales;f__Gemmataceae;g__uncultured;s__	0.9937333905144679
a641c9d12459df7f2c5b65ed46c21c95	d__Bacteria;p__Acidobacteriota;c__Acidobacteriae;o__Bryobacterales;f__Bryobacteraceae;g__Bryobacter;s__	0.9929164167830565
acbe963417250256100dc74140734a35	d__Bacteria;p__Proteobacteria;c__Alphaproteobacteria;o__Micropepsales;f__Micropepsaceae	0.9998965210482215
d2a250c3ec3388f58ade42d1cd395e96	d__Bacteria;p__Chloroflexi;c__Anaerolineae;o__SBR1031	0.8646561029137199
6d823d16d8da711d6e2480b2e13da002	d__Bacteria;p__Verrucomicrobiota;c__Verrucomicrobiae;o__Pedosphaerales;f__Pedosphaeraceae;g__Pedosphaeraceae;s__	0.995163034658722
1d0ce53c11a1b592fc488ce7aa8882e1	d__Bacteria;p__Planctomycetota;c__Planctomycetes;o__Gemmatales;f__Gemmataceae;g__Fimbriiglobus;s__	0.9990154702911229
742e2adb73a1158c341be3d138991558	d__Bacteria;p__Bacteroidota;c__Bacteroidia;o__Chitinophagales;f__Chitinophagaceae;g__Flavisolibacter;s__	0.9892258055974639
a68d8d6c676d906efe1a34973dae04f5	d__Bacteria;p__Proteobacteria;c__Alphaproteobacteria;o__Acetobacterales;f__Acetobacteraceae	0.999998048333544
388628366d445c11d3fb4f3bccafd022	d__Bacteria;p__Verrucomicrobiota;c__Verrucomicrobiae;o__Opitutales;f__Opitutaceae	0.9999994728673408
e01f675655033a09594b84189a924f34	d__Bacteria;p__Gemmatimonadota;c__Gemmatimonadetes;o__Gemmatimonadales;f__Gemmatimonadaceae	0.9996106422854459
5f343b67ecbfb7ba09d3bf4cfef69eb4	d__Bacteria;p__Verrucomicrobiota;c__Verrucomicrobiae;o__Chthoniobacterales;f__Chthoniobacteraceae;g__Candidatus_Udaeobacter;s__	0.9999106118057264
add3a41d47880bf9467d21ba09195fe6	d__Bacteria;p__Proteobacteria;c__Alphaproteobacteria;o__Micropepsales;f__Micropepsaceae;g__uncultured;s__	0.9916606116915033
6d537f32997aa65123a0003945a0de3d	d__Bacteria;p__Proteobacteria;c__Gammaproteobacteria;o__Burkholderiales;f__A21b;g__A21b;s__	0.9998769910979928
5fc95be4572a9fbab0397f698aac8647	d__Bacteria;p__Planctomycetota;c__Planctomycetes;o__Gemmatales;f__Gemmataceae;g__uncultured;s__	0.9968875708887742
1016ad85490c2b6581a3c8cea4e4396c	d__Bacteria;p__Acidobacteriota;c__Acidobacteriae;o__Bryobacterales;f__Bryobacteraceae;g__Bryobacter;s__	0.9499797606881619
47ea99bcd2f540e0c656e3ecdf9accaf	d__Bacteria;p__Proteobacteria;c__Alphaproteobacteria;o__Sphingomonadales;f__Sphingomonadaceae;g__Sphingomonas;s__	0.9312012540929552
a66a26f4e804f8d9f09832806724b9ae	d__Bacteria;p__Planctomycetota;c__Planctomycetes;o__Isosphaerales;f__Isosphaeraceae;g__Tundrisphaera;s__	0.8153353095143121
bf4b15111c5dac512ed1415a4e5f292f	d__Bacteria;p__Planctomycetota;c__Planctomycetes;o__Gemmatales;f__Gemmataceae;g__uncultured;s__	0.9930272863292547
d01fcb177e89d67eac89c99a7cc5d0ce	d__Bacteria;p__Planctomycetota;c__vadinHA49;o__vadinHA49;f__vadinHA49;g__vadinHA49;s__	0.9752194490135511
f0bbdfc9014a250fe4ccd29d27813f5e	d__Bacteria;p__Planctomycetota;c__Phycisphaerae;o__Tepidisphaerales;f__WD2101_soil_group;g__WD2101_soil_group;s__	0.9999499000287241
cf2c59b343f3f5afa8833c5dd0705527	d__Bacteria;p__Planctomycetota;c__Planctomycetes;o__Isosphaerales;f__Isosphaeraceae;g__Tundrisphaera;s__	0.8181427871366204
718512568ef52007a519fb0776f99760	d__Bacteria;p__Bacteroidota;c__Bacteroidia;o__Sphingobacteriales;f__env.OPS_17;g__env.OPS_17;s__	0.9999997630631295
acb76fea310328af0cf6d8dfefa31dad	d__Bacteria;p__Verrucomicrobiota;c__Verrucomicrobiae;o__Chthoniobacterales;f__Chthoniobacteraceae;g__Candidatus_Udaeobacter;s__	0.9988921561082653
5b606a86c0f45149cf205b8c33ca4e68	d__Bacteria;p__Bacteroidota;c__Bacteroidia;o__Chitinophagales;f__Chitinophagaceae	0.9999966097663594
ccea06a34d70929348efa8606f96385d	d__Bacteria;p__Armatimonadota;c__Fimbriimonadia;o__Fimbriimonadales;f__Fimbriimonadaceae;g__Fimbriimonadaceae;s__	0.9998430489763349
280b308c19e4103a0baf280bc93a664d	d__Bacteria;p__Proteobacteria;c__Gammaproteobacteria;o__Gammaproteobacteria_Incertae_Sedis;f__Unknown_Family;g__Candidatus_Ovatusbacter;s__	0.9715173456004612
3efff9f4d5c6d2e24f1ee3d7b8a92ac0	d__Bacteria;p__Planctomycetota;c__Phycisphaerae;o__Tepidisphaerales;f__WD2101_soil_group;g__WD2101_soil_group;s__	0.9999837867323296
967f350adc2cec7e0ba0ec93fc250485	d__Bacteria;p__Armatimonadota;c__Fimbriimonadia;o__Fimbriimonadales;f__Fimbriimonadaceae;g__Fimbriimonadaceae;s__	0.9998995101102148
2f03518ce0c762d0212d838624913eeb	d__Bacteria;p__Patescibacteria	0.9787327539953864
1b44d899a2d0173ad1773745d5f22c5a	d__Bacteria;p__Actinobacteriota;c__Acidimicrobiia;o__IMCC26256;f__IMCC26256;g__IMCC26256;s__	0.9982868205243782
119088c447594742b221b270301f03ef	d__Bacteria;p__Planctomycetota;c__vadinHA49;o__vadinHA49;f__vadinHA49;g__vadinHA49;s__	0.9998431436747175
53d677ce4e5bcd0f8e121ada7dfddf57	d__Bacteria;p__Planctomycetota;c__Planctomycetes;o__Isosphaerales;f__Isosphaeraceae	0.9999901382816323
00fa5c21b218d9d6315ff9e334587815	d__Bacteria;p__Acidobacteriota;c__Blastocatellia;o__Pyrinomonadales;f__Pyrinomonadaceae;g__RB41;s__	0.9928225891691905
01e08cca3c314eba3db299d3f391b12f	d__Bacteria;p__Bacteroidota;c__Bacteroidia;o__Chitinophagales;f__Chitinophagaceae;g__uncultured;s__	0.8126225106628249
c2bd2037651d6c324cdfc6b49d05df3e	d__Bacteria;p__Acidobacteriota;c__Holophagae;o__Subgroup_7;f__Subgroup_7;g__Subgroup_7;s__	0.9999905707898942
e17db2722658ac56a23572bfd7bf6974	d__Bacteria;p__Planctomycetota;c__Planctomycetes;o__Gemmatales;f__Gemmataceae;g__uncultured;s__	0.9922312170551882
c3c27b94df1e43a1d2eb31451ac25fc6	d__Bacteria;p__Planctomycetota;c__Planctomycetes;o__Gemmatales;f__Gemmataceae;g__uncultured;s__	0.9941168863173507
f44b956d7233da2f0db1b9c2abe0e7e9	d__Bacteria;p__Proteobacteria;c__Gammaproteobacteria;o__Burkholderiales;f__SC-I-84;g__SC-I-84;s__	0.9981669493218411
6ab3eecbd62acc014d06a3d5038698b7	d__Bacteria;p__Actinobacteriota;c__Actinobacteria;o__Frankiales;f__Frankiaceae;g__Jatrophihabitans;s__	0.9990370706653063
4a2e0be5390fec9a266463cb635b930a	d__Bacteria;p__Gemmatimonadota;c__Gemmatimonadetes;o__Gemmatimonadales;f__Gemmatimonadaceae	0.9990688572794144
9a49b903ecb399084ef520e77014f6e4	d__Bacteria;p__Patescibacteria;c__Saccharimonadia;o__Saccharimonadales;f__Saccharimonadales;g__Saccharimonadales;s__	0.9129420460586738
21af4c7cf0eaa55f63eeecbfd77e99c1	d__Bacteria;p__Verrucomicrobiota;c__Verrucomicrobiae;o__Chthoniobacterales;f__Chthoniobacteraceae;g__Candidatus_Udaeobacter;s__	0.9963603246825624
f8ec4b63d54835363d8484e429ea6a13	d__Bacteria;p__Actinobacteriota;c__Acidimicrobiia;o__IMCC26256;f__IMCC26256;g__IMCC26256;s__	0.9959596493628755
c7ee06da5e4e69602ba6f93b83ed246d	d__Bacteria;p__Verrucomicrobiota;c__Chlamydiae;o__Chlamydiales;f__Parachlamydiaceae;g__Candidatus_Protochlamydia;s__	0.9482663330166818
b1dfab76e1e732c2d5b871bca147509c	d__Bacteria;p__Planctomycetota;c__Planctomycetes;o__Isosphaerales;f__Isosphaeraceae	0.9997171452330882
3782615359633dfc4544a233b7110903	d__Bacteria;p__Planctomycetota;c__Planctomycetes;o__Isosphaerales;f__Isosphaeraceae	0.9999564627498523
98effee9f5f1128950255507a18b6d74	d__Bacteria;p__Chloroflexi;c__Ktedonobacteria;o__Ktedonobacterales;f__Ktedonobacteraceae;g__uncultured;s__	0.7263392263150359
44679b3740f308c7cba92ab1c478971e	d__Bacteria;p__Actinobacteriota;c__Acidimicrobiia;o__IMCC26256;f__IMCC26256;g__IMCC26256;s__	0.9987065906885556
580ec6701eec3503279b0501b828ca04	d__Bacteria;p__Planctomycetota;c__Planctomycetes;o__Isosphaerales;f__Isosphaeraceae	0.9999849462466177
cc4fa9cc34c8d5ecdad8eae58eb2aacd	d__Bacteria;p__Actinobacteriota;c__Acidimicrobiia;o__Microtrichales;f__Ilumatobacteraceae;g__uncultured;s__	0.9256506328582461
b698822baaeb523baa623445d3b716e6	d__Bacteria;p__Acidobacteriota;c__Acidobacteriae;o__Bryobacterales;f__Bryobacteraceae;g__Bryobacter;s__	0.9983938146292544
bbab6f2fc195447ed4a38fc8c8f41c40	d__Bacteria;p__Proteobacteria;c__Gammaproteobacteria;o__Burkholderiales;f__Comamonadaceae	0.9999935894342232
d4fc790f9e671bf1eb3ec5aa8ded2bfd	d__Bacteria;p__Verrucomicrobiota;c__Verrucomicrobiae;o__Opitutales;f__Puniceicoccaceae;g__Cerasicoccus;s__	0.7636507547270607
675d9360dbeec777cff8da9d24384325	d__Bacteria;p__Proteobacteria;c__Alphaproteobacteria;o__Caulobacterales;f__Caulobacteraceae;g__uncultured;s__	0.7554420281740255
196102809aa5e349661e03b483e9a668	d__Bacteria;p__Acidobacteriota;c__Acidobacteriae;o__Bryobacterales;f__Bryobacteraceae;g__Bryobacter;s__	0.9965938093559202
dc715ff081309d5790a09aadbbd934a9	d__Bacteria;p__Chloroflexi;c__Ktedonobacteria;o__Ktedonobacterales;f__Ktedonobacteraceae;g__uncultured;s__	0.9678793938172744
3e29b645bef6eed13f42c84107172be2	d__Bacteria;p__Actinobacteriota;c__Acidimicrobiia;o__IMCC26256;f__IMCC26256;g__IMCC26256;s__	0.9983323488919502
fb5edbe80d155367063682375bcef93b	d__Bacteria;p__Planctomycetota;c__vadinHA49;o__vadinHA49;f__vadinHA49;g__vadinHA49;s__	0.9998022325056579
70bab090d804c9902b361f54c5f27be4	d__Bacteria;p__Proteobacteria;c__Alphaproteobacteria;o__Rickettsiales;f__Mitochondria;g__Mitochondria;s__	0.9756066023666701
520ddea17f82d8e8ac2956d1740a4982	d__Bacteria;p__Planctomycetota;c__Phycisphaerae;o__Tepidisphaerales;f__WD2101_soil_group;g__WD2101_soil_group;s__	0.9999883926524894
4b77af53fc8a0bb6fc46dde3679d497a	d__Bacteria;p__Bacteroidota;c__Bacteroidia;o__Chitinophagales;f__Chitinophagaceae;g__Flavisolibacter;s__	0.9832703607573221
5d21b8d15ce31bb1694e507bd15584d9	d__Bacteria;p__Actinobacteriota;c__Acidimicrobiia;o__Microtrichales;f__uncultured;g__uncultured;s__	0.8633243486973567
6ef886477209cf2b3361aee932d80eff	d__Bacteria;p__Acidobacteriota;c__Acidobacteriae;o__Acidobacteriales;f__Acidobacteriaceae_(Subgroup_1);g__Granulicella;s__	0.905117775640553
718790d7fae62d6ae1d553e7dafdfe08	d__Bacteria;p__Planctomycetota;c__Planctomycetes;o__Gemmatales;f__Gemmataceae;g__uncultured;s__	0.992015119772593
251818dca4be010b77d75fd33f95d6e9	d__Bacteria;p__Planctomycetota;c__Phycisphaerae;o__Tepidisphaerales;f__WD2101_soil_group;g__WD2101_soil_group;s__	0.9999789815678323
d6bbb04817b333ab5a5828adf9b9b2b4	d__Bacteria;p__Proteobacteria;c__Gammaproteobacteria;o__Diplorickettsiales;f__Diplorickettsiaceae;g__Aquicella;s__	0.9991365288254838
7def7758b6966e87129416909ef6666d	d__Bacteria;p__Actinobacteriota;c__Thermoleophilia;o__Gaiellales	0.9999998836050066
3b445c25e8d8de35d79544185c383826	d__Bacteria;p__Acidobacteriota;c__Acidobacteriae;o__Acidobacteriales;f__Acidobacteriaceae_(Subgroup_1);g__Granulicella;s__	0.9838691113881982
a7cf4ace0213cfcad7827928d1168b60	d__Bacteria;p__Planctomycetota;c__Planctomycetes;o__Gemmatales;f__Gemmataceae;g__uncultured;s__	0.9013311564609873
fd99f51d7c486a1e8c53888ddbac3bb2	d__Bacteria;p__Proteobacteria;c__Gammaproteobacteria;o__Xanthomonadales;f__Xanthomonadaceae;g__uncultured;s__	0.9097378841448482
3a7f171ef4459c2e45f03cf7dcc33256	d__Bacteria;p__Proteobacteria;c__Alphaproteobacteria;o__Rickettsiales;f__SM2D12;g__SM2D12;s__	0.9965270826906469
caf16ae61926311a0d2d60ef3db6217d	d__Bacteria;p__Proteobacteria;c__Gammaproteobacteria;o__Burkholderiales;f__TRA3-20;g__TRA3-20;s__	0.9983968006606138
733af571483830eb55f62752768c8d65	d__Bacteria;p__Chloroflexi;c__Anaerolineae;o__SBR1031	0.8201060817904005
e2bf70dfdc8a7c46bbd26017898c3bc1	d__Bacteria;p__Actinobacteriota;c__Thermoleophilia;o__Gaiellales;f__uncultured;g__uncultured;s__	0.9398507337050361
678d3614abb2e04eb60d1f4f8cdb75ce	d__Bacteria;p__Patescibacteria;c__Parcubacteria;o__Candidatus_Kaiserbacteria;f__Candidatus_Kaiserbacteria;g__Candidatus_Kaiserbacteria;s__	0.9967792445478788
09a8436fd6d2baa6acb78d6ab7bcf33f	d__Bacteria;p__Bacteroidota;c__Bacteroidia;o__Sphingobacteriales;f__Sphingobacteriaceae;g__Mucilaginibacter;s__	0.9992862621862824
b0ea03b59ae6ed06b35fad55beb7aadc	d__Bacteria;p__Acidobacteriota;c__Acidobacteriae;o__Acidobacteriales;f__Acidobacteriaceae_(Subgroup_1);g__uncultured;s__	0.9313809917592483
93828e0ecc1100629f9c65be19dc148e	d__Bacteria;p__Chloroflexi;c__KD4-96;o__KD4-96;f__KD4-96;g__KD4-96;s__	0.9999977017907019
dde1aa54a179a8d930c519e8e1ed8d12	d__Bacteria;p__Myxococcota;c__Polyangia;o__Haliangiales;f__Haliangiaceae;g__Haliangium;s__	0.9523500741494412
fbb8eea80e0988749cf25253ef0b9c2b	d__Bacteria;p__Planctomycetota;c__Planctomycetes;o__Gemmatales;f__Gemmataceae;g__uncultured;s__	0.9948652264214237
f852fb41a735b3e238499b08e1cd48c8	d__Bacteria;p__Planctomycetota;c__Planctomycetes;o__Gemmatales;f__Gemmataceae;g__Gemmata;s__	0.9988396809808985
09190b8821c14acd802ae449777838c3	d__Bacteria;p__Armatimonadota;c__uncultured;o__uncultured;f__uncultured;g__uncultured;s__	0.8836971758755026
c17f7759c741bad1e638ed0b1554b900	d__Bacteria;p__Chloroflexi;c__Anaerolineae;o__RBG-13-54-9;f__RBG-13-54-9;g__RBG-13-54-9;s__	0.9993009561925279
120bfbad85fc51d9e47678f60f05df71	d__Bacteria;p__Acidobacteriota;c__Acidobacteriae;o__Subgroup_13;f__Subgroup_13;g__Subgroup_13;s__	0.9999999194131167
0f92634321c2a5934ede825e247ef574	d__Bacteria;p__Chloroflexi;c__Ktedonobacteria;o__Ktedonobacterales;f__Ktedonobacteraceae	0.9999540104390746
7a9df11c39c2f2a6bbbab387cbf92ddc	d__Bacteria;p__Proteobacteria;c__Gammaproteobacteria;o__Gammaproteobacteria_Incertae_Sedis;f__Unknown_Family;g__Candidatus_Ovatusbacter;s__	0.996945317386094
5eb535659c74c4e37fc1955aed4bc470	d__Bacteria;p__Proteobacteria;c__Gammaproteobacteria;o__Diplorickettsiales;f__Diplorickettsiaceae;g__uncultured;s__	0.9993382962454125
f9bbb9385115999066d9ea95671f215e	d__Bacteria;p__Planctomycetota;c__Phycisphaerae;o__Tepidisphaerales;f__WD2101_soil_group;g__WD2101_soil_group;s__	0.999978559030254
41177ab50d628ef49939c5a67ef337a9	d__Bacteria;p__Dependentiae;c__Babeliae;o__Babeliales;f__UBA12409;g__UBA12409;s__	0.7881859996570219
9a9debd659893fc38515ad53a9fb0223	d__Bacteria;p__Planctomycetota;c__Planctomycetes;o__Gemmatales;f__Gemmataceae;g__uncultured;s__	0.9500510423489159
0d04c44fb14ee3385f631b0f19a89588	d__Bacteria;p__Proteobacteria;c__Gammaproteobacteria;o__Burkholderiales;f__Oxalobacteraceae	0.9624073710869554
e5541edd2785723ebb714503f84177ff	d__Bacteria;p__Verrucomicrobiota;c__Verrucomicrobiae;o__Chthoniobacterales;f__Chthoniobacteraceae;g__Candidatus_Udaeobacter;s__	0.9935110336219501
5a855b8c54150f3ef876dc66fb35b7b7	d__Bacteria;p__Acidobacteriota;c__Vicinamibacteria;o__Vicinamibacterales;f__uncultured;g__uncultured;s__	0.9998696377319971
644255f635fa0d432d2e51094a06c3e5	d__Bacteria;p__Proteobacteria;c__Gammaproteobacteria;o__Burkholderiales;f__Comamonadaceae;g__Caenimonas;s__	0.7011846495506914
95e0991319fe14b6ca7b442bc834d5de	d__Bacteria;p__Acidobacteriota;c__Acidobacteriae;o__Bryobacterales;f__Bryobacteraceae;g__Bryobacter;s__	0.8868263058991627
6e693a32846bd03256e3c74cbb86f711	d__Bacteria;p__Abditibacteriota;c__Abditibacteria;o__Abditibacteriales;f__Abditibacteriaceae;g__Abditibacterium;s__	0.9999999745161009
78148e5be9b9f1add002efa99b658cf0	d__Bacteria;p__Verrucomicrobiota;c__Verrucomicrobiae;o__Chthoniobacterales;f__Chthoniobacteraceae;g__Candidatus_Udaeobacter;s__	0.999027431622344
f45bd7595c7ec96e92964060244492f1	d__Bacteria;p__Patescibacteria;c__Parcubacteria;o__Candidatus_Kaiserbacteria;f__Candidatus_Kaiserbacteria;g__Candidatus_Kaiserbacteria;s__	0.9997075424175648
d279de53d34198bec3b1c5a5a29a376a	d__Bacteria;p__Planctomycetota;c__Planctomycetes;o__Planctomycetales;f__uncultured;g__uncultured;s__	0.9996696451833865
536a4617d2e3999e8cde7fba1010f2ee	d__Bacteria;p__Proteobacteria;c__Gammaproteobacteria;o__Burkholderiales;f__Comamonadaceae	0.9999947608342863
498d01644f81128aa8c6514034fd4ec3	d__Bacteria;p__Patescibacteria;c__Microgenomatia;o__Candidatus_Daviesbacteria;f__Candidatus_Daviesbacteria;g__Candidatus_Daviesbacteria;s__	0.999990611262255
3b1422aaa6b41c840a8740f52492642e	d__Bacteria;p__Verrucomicrobiota;c__Chlamydiae;o__Chlamydiales;f__Parachlamydiaceae;g__Neochlamydia;s__	0.8713947217143486
dd9eb7991d486076ecb900220e305d16	d__Bacteria;p__Gemmatimonadota;c__Gemmatimonadetes;o__Gemmatimonadales;f__Gemmatimonadaceae	0.9999373889491392
8d3fbb414cd988009f7b99444a2b4287	d__Bacteria;p__Planctomycetota;c__Planctomycetes;o__Isosphaerales;f__Isosphaeraceae;g__uncultured;s__	0.9960697185870045
684d4c8b4f975785bb42ffaf1e89e5a1	d__Bacteria;p__Verrucomicrobiota;c__Verrucomicrobiae;o__Chthoniobacterales;f__Terrimicrobiaceae;g__Terrimicrobium;s__	0.9934688612189593
12fe32e407f08af1a0433b84195f15e0	d__Bacteria;p__Cyanobacteria;c__Cyanobacteriia;o__Chloroplast;f__Chloroplast;g__Chloroplast;s__	0.999797361455439
289d8bee0dc19368471ff6056c3eb537	d__Bacteria;p__Chloroflexi;c__Ktedonobacteria;o__Ktedonobacterales;f__Ktedonobacteraceae;g__uncultured;s__	0.9924348142333193
19c886c583f80ad37c2fd314e5524113	d__Bacteria;p__Myxococcota;c__Polyangia;o__Haliangiales;f__Haliangiaceae;g__Haliangium;s__	0.9840457052760136
415faf37b89a97020c94d4f35983621a	d__Bacteria;p__Acidobacteriota;c__Acidobacteriae;o__Solibacterales;f__Solibacteraceae;g__Candidatus_Solibacter;s__	0.9924385774954755
1c95e2673392a5ce264ae4e1bf6fc554	d__Bacteria;p__Chloroflexi;c__Ktedonobacteria;o__C0119;f__C0119;g__C0119;s__	0.9996938632912331
d94c118c79507993bb112ad349f558f9	d__Bacteria;p__Chloroflexi;c__Ktedonobacteria;o__Ktedonobacterales;f__Ktedonobacteraceae	0.9996763539139608
386810aef2aa71abe3b755f9350551c3	d__Bacteria;p__Proteobacteria;c__Gammaproteobacteria;o__Burkholderiales	0.9999952945497322
d38b33ededc5ce4ecaa92a255f5176c0	d__Bacteria;p__Actinobacteriota;c__Actinobacteria;o__Micrococcales;f__Intrasporangiaceae	0.9902149519576152
ca8c9cde9184b89a5125fe627203a651	d__Bacteria;p__Verrucomicrobiota;c__Verrucomicrobiae;o__Pedosphaerales;f__Pedosphaeraceae;g__uncultured;s__	0.9986184969298455
c274bdb502ac75011bcf5ee247369590	d__Bacteria;p__Chloroflexi;c__Ktedonobacteria;o__B12-WMSP1;f__B12-WMSP1;g__B12-WMSP1;s__	0.9999398891031814
baf53d14d10fb8cf2f882967e330da68	d__Bacteria;p__Bacteroidota;c__Bacteroidia;o__Sphingobacteriales;f__Sphingobacteriaceae;g__Mucilaginibacter;s__	0.9995070205873098
062df8ee8d847adf69057df7e66d6726	d__Bacteria;p__Chloroflexi;c__Ktedonobacteria;o__Ktedonobacterales;f__Ktedonobacteraceae;g__1921-2;s__	0.8165606000385232
b110bfc227e6d9712a1a44bcf9f8f17d	d__Bacteria;p__Acidobacteriota;c__Holophagae;o__Subgroup_7;f__Subgroup_7;g__Subgroup_7;s__	0.9999959470952708
fb992ba503b937565acf0d5beea861c4	d__Bacteria;p__Planctomycetota;c__Planctomycetes;o__Gemmatales;f__Gemmataceae;g__Gemmata;s__	0.9935088929309528
f5b99d1c5aba9472eb480bc3eba20558	d__Bacteria;p__Verrucomicrobiota;c__Verrucomicrobiae;o__Chthoniobacterales;f__Chthoniobacteraceae;g__Candidatus_Udaeobacter;s__	0.9141302498917253
001b2a17ea76bd0c78e1333056ae6362	d__Bacteria;p__Patescibacteria;c__Parcubacteria;o__Candidatus_Yanofskybacteria;f__Candidatus_Yanofskybacteria;g__Candidatus_Yanofskybacteria;s__	0.9752850354556155
e98b0e1e5aa61bb0dd085c4b63100f2b	d__Bacteria;p__Proteobacteria;c__Alphaproteobacteria;o__Rhizobiales;f__Hyphomicrobiaceae;g__Hyphomicrobium;s__	0.9931843436364819
3112cf27a0881d50242593c289be4263	d__Bacteria;p__Patescibacteria;c__Parcubacteria;o__Parcubacteria;f__Parcubacteria;g__Parcubacteria;s__	0.9999257111816481
d28b65f9c718353e394c3a1187361f17	d__Bacteria;p__Bacteroidota;c__Bacteroidia;o__Chitinophagales;f__Chitinophagaceae;g__uncultured;s__	0.9865290674405421
0c685ee0af14b2be327f8c074f4bb53f	d__Bacteria;p__Bacteroidota;c__Kapabacteria;o__Kapabacteriales;f__Kapabacteriales;g__Kapabacteriales;s__	0.998433787060958
4551833a112a552931262525f545cb57	d__Bacteria;p__Gemmatimonadota;c__Gemmatimonadetes;o__Gemmatimonadales;f__Gemmatimonadaceae;g__uncultured;s__	0.9998949327371073
2c7d7b7fb62bf8d999c670b8ca808016	d__Bacteria;p__Proteobacteria;c__Alphaproteobacteria;o__Rhizobiales;f__Xanthobacteraceae;g__Pseudolabrys;s__	0.9872187154373808
cea440f36ebfa5786e155e8ac9520e5a	d__Bacteria;p__Planctomycetota;c__Planctomycetes;o__Isosphaerales;f__Isosphaeraceae	0.9996383360176774
6d24d771fc5d2a54c5f36c13e7cb1667	d__Bacteria;p__Proteobacteria;c__Gammaproteobacteria;o__Burkholderiales;f__Comamonadaceae;g__Caenimonas;s__	0.7051810693904025
9e88b1636aa4af7eeb3e059084d8b30d	d__Bacteria;p__RCP2-54;c__RCP2-54;o__RCP2-54;f__RCP2-54;g__RCP2-54;s__	0.989285358299323
91107d6c0744bbbdd9eb4f9122fae730	d__Bacteria;p__Acidobacteriota;c__Holophagae;o__Subgroup_7;f__Subgroup_7;g__Subgroup_7;s__	0.9998412380011398
445048b093d75ab0832157d4b466d74d	d__Bacteria;p__Proteobacteria;c__Gammaproteobacteria;o__Gammaproteobacteria_Incertae_Sedis;f__Unknown_Family;g__Acidibacter;s__	0.987891229908773
92839d8258afa84c0fe6501c7c701d0c	d__Bacteria;p__Acidobacteriota;c__Holophagae;o__Subgroup_7;f__Subgroup_7;g__Subgroup_7;s__	0.999997802926115
6b9a42b0baec02982010aceddc532836	d__Bacteria;p__Acidobacteriota;c__Acidobacteriae;o__Acidobacteriales;f__uncultured;g__uncultured;s__	0.9991114216855472
5443b450f672e5eec9bc0314708c62d4	d__Bacteria;p__Acidobacteriota;c__Acidobacteriae;o__Acidobacteriales;f__Acidobacteriaceae_(Subgroup_1);g__Granulicella;s__	0.996875009180575
93f6e56dfee38b2bc77f786ae868c219	d__Bacteria;p__Chloroflexi;c__Ktedonobacteria;o__Ktedonobacterales;f__Ktedonobacteraceae;g__uncultured;s__	0.9647974226417303
42714d6216e0a18b151367964f3e7eb8	d__Bacteria;p__Acidobacteriota;c__Acidobacteriae	0.999995384043906
dadec01e3455c628736bf0985958a224	d__Bacteria;p__Proteobacteria;c__Gammaproteobacteria;o__Diplorickettsiales;f__Diplorickettsiaceae;g__uncultured;s__	0.7084444001624901
e867b940fec6180af4996e3d0611c0c6	d__Bacteria;p__Planctomycetota;c__Planctomycetes;o__Gemmatales;f__Gemmataceae;g__uncultured;s__	0.9406902566175752
50975f6be522a9935a713e0a392e1415	d__Bacteria;p__Actinobacteriota;c__Thermoleophilia;o__Solirubrobacterales;f__Solirubrobacteraceae;g__uncultured;s__	0.9421018050352954
5cc8766252fa0ea9ecf69f0546b26dbd	d__Bacteria;p__Proteobacteria;c__Alphaproteobacteria;o__Sphingomonadales;f__Sphingomonadaceae;g__Sphingomonas;s__	0.9620252989140685
9d79621b2a645e7d19ab07d13d322b9e	d__Bacteria;p__Chloroflexi;c__Chloroflexia;o__Chloroflexales;f__Roseiflexaceae;g__uncultured;s__	0.9999924712018975
966a519884b28d51134ff95c591c91c3	d__Bacteria;p__Patescibacteria;c__Parcubacteria;o__Candidatus_Nomurabacteria;f__Candidatus_Nomurabacteria;g__Candidatus_Nomurabacteria;s__	0.9992394279007717
38c16e1898ccc96cfec0fb83d0719179	d__Bacteria;p__Planctomycetota;c__vadinHA49;o__vadinHA49;f__vadinHA49;g__vadinHA49;s__	0.9996841119562294
1c032af9d5f34459c66155969719a44a	d__Bacteria;p__Verrucomicrobiota;c__Verrucomicrobiae;o__Chthoniobacterales;f__Chthoniobacteraceae;g__Chthoniobacter;s__	0.9940218463701574
02140a8d9a4c7c154d2f3ef354f1a3d3	d__Bacteria;p__Verrucomicrobiota;c__Verrucomicrobiae;o__Chthoniobacterales;f__Chthoniobacteraceae;g__Candidatus_Udaeobacter;s__	0.9998606643837238
6d7ffe3f65c4a995e8cde50ca63f5c36	d__Bacteria;p__Proteobacteria;c__Gammaproteobacteria;o__Burkholderiales	0.9999878176530524
fec88ee0213bb653d1c6657f6e9fa177	d__Bacteria;p__Planctomycetota;c__Planctomycetes;o__Gemmatales;f__Gemmataceae;g__uncultured;s__	0.9957366780159063
c4df5cf6b34c77b0473c288d59e3e59d	d__Bacteria;p__Planctomycetota;c__Phycisphaerae;o__Tepidisphaerales;f__CPla-3_termite_group;g__CPla-3_termite_group;s__	0.9999947826616981
48645948f8c3e9541b9dc6e3a6455569	d__Bacteria;p__Patescibacteria;c__Saccharimonadia;o__Saccharimonadales;f__Saccharimonadales;g__Saccharimonadales;s__	0.8708048503184116
64e3a2b15d4f6b5d50208b9510d6400b	d__Bacteria;p__Planctomycetota;c__Planctomycetes;o__Gemmatales;f__Gemmataceae;g__uncultured;s__	0.9570946860640784
9bc9a78621af964b4feabb73bc4f5f7d	d__Bacteria;p__Proteobacteria;c__Alphaproteobacteria;o__Rhizobiales;f__Rhizobiaceae;g__Mesorhizobium;s__	0.7660073321564111
ff82705456ae9ecc2fb7b831c27274da	d__Bacteria;p__Actinobacteriota;c__Actinobacteria;o__Pseudonocardiales;f__Pseudonocardiaceae;g__Umezawaea;s__	0.9902607745959031
998aa3ae1a2b9b73eac2075190de72c9	d__Bacteria;p__Acidobacteriota;c__Blastocatellia;o__Blastocatellales;f__Blastocatellaceae	0.9999995076431576
da002712453496872eb9592fd8f5a34b	d__Bacteria;p__Verrucomicrobiota;c__Verrucomicrobiae;o__Opitutales;f__Opitutaceae	0.9999999792255572
33cfa9b2662e6e27631449a3aa7465ec	d__Bacteria;p__Chloroflexi;c__Ktedonobacteria;o__C0119;f__C0119;g__C0119;s__	0.9998822879348027
313ac820b27e852621193fe64276e25f	d__Bacteria;p__Proteobacteria;c__Gammaproteobacteria;o__Gammaproteobacteria_Incertae_Sedis;f__Unknown_Family;g__Candidatus_Ovatusbacter;s__	0.9997642379232022
66ba03c1698ac84e227fc8895f470a5d	d__Bacteria;p__Verrucomicrobiota;c__Verrucomicrobiae;o__Chthoniobacterales;f__Chthoniobacteraceae;g__Candidatus_Udaeobacter;s__	0.9998240502525364
f6f25c03176a04049b845f2aaa16fdc2	d__Bacteria;p__Verrucomicrobiota;c__Verrucomicrobiae;o__Opitutales;f__Opitutaceae;g__Opitutus;s__	0.8725163364595752
e53c082d43ce21b8bcc1debfdc521e69	d__Bacteria;p__Planctomycetota;c__Phycisphaerae;o__Tepidisphaerales;f__WD2101_soil_group;g__WD2101_soil_group;s__	0.9999995749584281
adf898622484b19b48d5caa53f1ffc6a	d__Bacteria;p__Planctomycetota;c__Planctomycetes;o__Gemmatales;f__Gemmataceae;g__Fimbriiglobus;s__	0.8485229626323205
a78164927c7e3b8165761d6b76fa29f3	d__Bacteria;p__Chloroflexi;c__Chloroflexia;o__Kallotenuales;f__AKIW781;g__AKIW781;s__	0.9996248065357356
9fa3923451fe58e6591606f5f358399a	d__Bacteria;p__Chloroflexi;c__Anaerolineae;o__Anaerolineae;f__Anaerolineae;g__Anaerolineae;s__	0.9999932585150625
778c430dc8b1f4a32e982f5debaf9507	d__Bacteria;p__Chloroflexi;c__KD4-96;o__KD4-96;f__KD4-96;g__KD4-96;s__	0.9999776326983588
64b64d2e1df901739929100b08a771b6	d__Bacteria;p__Proteobacteria;c__Gammaproteobacteria;o__Burkholderiales;f__Comamonadaceae	0.9987608209752298
8745a7f36de9fa2ae967854556c76283	d__Bacteria;p__Acidobacteriota;c__Acidobacteriae;o__Solibacterales;f__Solibacteraceae;g__Candidatus_Solibacter;s__	0.9936319869526541
fb7a004a12cc1f609593bd2736c87a43	d__Bacteria;p__Verrucomicrobiota;c__Verrucomicrobiae;o__Chthoniobacterales;f__Chthoniobacteraceae;g__Candidatus_Udaeobacter;s__	0.983116922880868
6c909d14b6c0f3edc853bb6d04ffdf2c	d__Bacteria;p__Proteobacteria;c__Gammaproteobacteria;o__Coxiellales;f__Coxiellaceae;g__Coxiella;s__	0.8614265539466908
4bf1c573d374f0ec6b3c78a6206fd8e8	d__Bacteria;p__Verrucomicrobiota;c__Verrucomicrobiae;o__Chthoniobacterales;f__Chthoniobacteraceae;g__Chthoniobacter;s__	0.8143426565147877
03225cba2ab2d280fb482e2971ba9a6f	d__Bacteria;p__Chloroflexi;c__Ktedonobacteria;o__Ktedonobacterales;f__Ktedonobacteraceae;g__uncultured;s__	0.9873785201137311
2e1f7f818962ef311758cb0a6bd484c9	d__Bacteria;p__Proteobacteria;c__Gammaproteobacteria;o__Burkholderiales;f__Comamonadaceae;g__Rhodoferax;s__	0.8325103009056899
49939eb49d6670274548d951efc806b4	d__Bacteria;p__Myxococcota;c__Polyangia;o__Haliangiales;f__Haliangiaceae;g__Haliangium;s__	0.780378912345947
4e8839787c4aec65807c75c424325230	d__Bacteria;p__Proteobacteria;c__Alphaproteobacteria;o__Caulobacterales;f__Caulobacteraceae;g__Asticcacaulis;s__	0.9999975181606362
e8c3573d0d2e6bd6e10cf198606d1f69	d__Bacteria;p__Proteobacteria;c__Gammaproteobacteria;o__Gammaproteobacteria_Incertae_Sedis;f__Unknown_Family;g__Acidibacter;s__	0.9886623272038041
cac93be7062fde5656cd089ceb393b44	d__Bacteria;p__Chloroflexi;c__Anaerolineae;o__Caldilineales;f__Caldilineaceae;g__uncultured;s__	0.9614028322232006
99cf11dbf57c63bc293713e57ccf5fdc	d__Bacteria;p__Planctomycetota;c__Planctomycetes;o__Gemmatales;f__Gemmataceae;g__uncultured;s__	0.9993759932664229
fd77cc7ccdc0a1a36578898fc139fb0a	d__Bacteria;p__Actinobacteriota;c__Thermoleophilia;o__Solirubrobacterales;f__Solirubrobacteraceae;g__uncultured;s__	0.9065545544201887
be8e9acca951a76223a7f69a261cb06f	d__Bacteria;p__Bacteroidota;c__Bacteroidia;o__Sphingobacteriales;f__Sphingobacteriaceae;g__Mucilaginibacter;s__	0.9989549868903033
8e29e9010d5e0332970091f21316a2a9	d__Bacteria;p__Proteobacteria;c__Gammaproteobacteria;o__Burkholderiales;f__Oxalobacteraceae	0.9983153864361728
e46c2fb12456ef1813074fe8afcb48cd	d__Bacteria;p__Proteobacteria;c__Gammaproteobacteria;o__Burkholderiales;f__Comamonadaceae	0.999999856401954
01c1e771a3c40ed55a6e0929f1b86781	d__Bacteria;p__Planctomycetota;c__Planctomycetes;o__Gemmatales;f__Gemmataceae;g__uncultured;s__	0.9772665630614393
6f7011a491dc595c92e10656bd4c5d04	d__Bacteria;p__Abditibacteriota;c__Abditibacteria;o__Abditibacteriales;f__Abditibacteriaceae;g__Abditibacterium;s__	0.9999999343523335
75a8530925b83baf16ed0076401b6a3e	d__Bacteria;p__Chloroflexi;c__Ktedonobacteria;o__C0119;f__C0119;g__C0119;s__	0.9995198526438677
59ea9203054d084a0a956b3027de287c	d__Bacteria;p__Acidobacteriota;c__Blastocatellia;o__Blastocatellales;f__Blastocatellaceae	0.9999997677375347
4aac4c5d05823917e33249c0c32e3a8d	d__Bacteria;p__Planctomycetota;c__Planctomycetes;o__Isosphaerales;f__Isosphaeraceae;g__Tundrisphaera;s__	0.7793643894697525
686c6068425de871b7548ef71e5629e1	d__Bacteria;p__Actinobacteriota;c__Actinobacteria;o__Pseudonocardiales;f__Pseudonocardiaceae;g__Pseudonocardia;s__	0.9995155766661994
a085a26ab149af9c46bbedeec9dc1523	d__Bacteria;p__Acidobacteriota;c__Acidobacteriae;o__Solibacterales;f__Solibacteraceae;g__Candidatus_Solibacter;s__	0.9981833393879052
28c137b2dc745a14dc5ac52cf789e640	d__Bacteria;p__Bdellovibrionota;c__Oligoflexia;o__0319-6G20;f__0319-6G20;g__0319-6G20;s__	0.9997145435310728
0080f968bff49c50c38e116f1a58aa1a	d__Bacteria;p__Patescibacteria;c__Saccharimonadia;o__Saccharimonadales;f__LWQ8;g__LWQ8;s__	0.9638484283416822
a8b5ecc444f756a11b0e24e36c381276	d__Bacteria;p__Bacteroidota;c__Bacteroidia;o__Sphingobacteriales;f__Sphingobacteriaceae;g__Mucilaginibacter;s__	0.9818116877236658
9dec951f9bd287cedc990b5c4d232e55	d__Bacteria;p__Acidobacteriota;c__Holophagae;o__Subgroup_7;f__Subgroup_7;g__Subgroup_7;s__	0.9999991229854155
a46e7e9e748c87b9b1d9b63b7d63e53b	d__Bacteria;p__Proteobacteria;c__Gammaproteobacteria;o__Diplorickettsiales;f__Diplorickettsiaceae;g__Aquicella;s__	0.9999832852684847
1e5692e55f5344fa158d5bb906fd6334	d__Bacteria;p__Acidobacteriota;c__Blastocatellia;o__Pyrinomonadales;f__Pyrinomonadaceae;g__RB41;s__	0.99921790657832
a16a516f70cbfcea8a5c52b603d5821b	d__Bacteria;p__Proteobacteria;c__Gammaproteobacteria;o__Burkholderiales;f__SC-I-84;g__SC-I-84;s__	0.9857667564195808
7d7fde54f6b436bf279444b551905001	d__Bacteria;p__Proteobacteria;c__Gammaproteobacteria;o__Burkholderiales	0.9999926769434533
65cabb3742d27a21e884b58e95f97a78	d__Bacteria;p__Planctomycetota;c__Planctomycetes;o__Isosphaerales;f__Isosphaeraceae;g__uncultured;s__	0.9679760753143366
71f8e9e1ad84fdebf3e0d9c2a83ef9b5	d__Bacteria;p__Bacteroidota;c__Bacteroidia;o__Chitinophagales;f__Chitinophagaceae;g__uncultured;s__	0.9919899555296898
c59e990c09c5496c42d83ffa780c003a	d__Bacteria;p__Planctomycetota;c__Planctomycetes;o__Gemmatales;f__Gemmataceae;g__Gemmata;s__	0.8581407712813931
ae8ac9d730fdf6b80fbda26768af73fc	d__Bacteria;p__Proteobacteria;c__Alphaproteobacteria;o__Caulobacterales;f__Caulobacteraceae;g__Phenylobacterium;s__	0.9931824834619547
9d80431975fbf6745a44f1732ccd584e	d__Bacteria;p__Chloroflexi;c__Ktedonobacteria;o__C0119;f__C0119;g__C0119;s__	0.9994659988671882
8a2bc39d0a868457b06d0577ad2d1815	d__Bacteria;p__Patescibacteria;c__Saccharimonadia;o__Saccharimonadales;f__Saccharimonadaceae;g__TM7a;s__	0.97069228400688
1b04fc69ebcec445ecce9d0192eb4227	d__Bacteria;p__Planctomycetota;c__Planctomycetes;o__Isosphaerales;f__Isosphaeraceae	0.9999806890557431
5b6a4b2694b8fb4b64ca4f8ee274cffc	d__Bacteria;p__Proteobacteria;c__Alphaproteobacteria;o__Acetobacterales;f__Acetobacteraceae	0.9999916961271369
5811a51942a604290fe7d4cf2dfd2544	d__Bacteria;p__Acidobacteriota;c__Blastocatellia;o__Blastocatellales;f__Blastocatellaceae;g__Blastocatella;s__	0.9893173495877804
cba9664a4647aadc1986697611588165	d__Bacteria;p__Gemmatimonadota;c__Gemmatimonadetes;o__Gemmatimonadales;f__Gemmatimonadaceae;g__Gemmatimonas;s__	0.9896647133099277
2ed5cd805e3d64d736c7613103cae3b9	d__Bacteria;p__Proteobacteria;c__Gammaproteobacteria;o__Burkholderiales	0.9999944632751436
800b431803e052494331e9c1c0bb6082	d__Bacteria;p__Planctomycetota;c__Planctomycetes;o__Planctomycetales;f__uncultured;g__uncultured;s__	0.9959467420177478
2c43596c741c1507b53f1392baf37a4d	d__Bacteria;p__Proteobacteria;c__Alphaproteobacteria;o__Sphingomonadales;f__Sphingomonadaceae;g__Sphingomonas;s__	0.8904475198557765
2f04cf7134231601dda147199dbd4099	d__Bacteria;p__Planctomycetota;c__Planctomycetes;o__Gemmatales;f__Gemmataceae;g__uncultured;s__	0.9506541248882563
4a319f3a6d653af1cd82a3b25be50a22	d__Bacteria;p__Chloroflexi	0.9074732276982942
a3867d4dc8175535e9bb46c7819a1dbd	d__Bacteria;p__Chloroflexi;c__Ktedonobacteria;o__B12-WMSP1;f__B12-WMSP1;g__B12-WMSP1;s__	0.999873495618482
5a9dec8e9a6e24158f1f5b4ef593282f	d__Bacteria;p__Proteobacteria;c__Gammaproteobacteria;o__Xanthomonadales;f__Xanthomonadaceae	0.9996934652292284
87eb3126cc122afbc3d3756a9b31adb7	d__Bacteria;p__Proteobacteria;c__Gammaproteobacteria;o__Gammaproteobacteria_Incertae_Sedis;f__Unknown_Family;g__Unknown_Family;s__	0.9639517372736764
c61b1a87d13af1281b04b0c554baa9f2	d__Bacteria;p__Proteobacteria;c__Gammaproteobacteria;o__Gammaproteobacteria_Incertae_Sedis;f__Unknown_Family;g__Candidatus_Ovatusbacter;s__	0.9831822061239633
7f2578bd66dbb9e62d8f043571bf3445	d__Bacteria;p__Proteobacteria;c__Gammaproteobacteria;o__Burkholderiales;f__Burkholderiaceae;g__Limnobacter;s__	0.8177052172225816
93bd8b903d532c3ce328c3f06e280341	d__Bacteria;p__Gemmatimonadota;c__Gemmatimonadetes;o__Gemmatimonadales;f__Gemmatimonadaceae;g__Gemmatimonas;s__	0.9939426001927114
655b2c6ab9f761aa55f0e4e29d73dceb	d__Bacteria;p__Acidobacteriota;c__Vicinamibacteria;o__Vicinamibacterales;f__uncultured;g__uncultured;s__	0.9998651031213158
a4ac64827c1b6c0dde4d1b97574cc026	d__Bacteria;p__Patescibacteria;c__Microgenomatia;o__Candidatus_Woesebacteria;f__Candidatus_Woesebacteria;g__Candidatus_Woesebacteria;s__	0.9997364515433582
1e7a13b0590364b45b3c3fd07d1d5541	d__Bacteria;p__Proteobacteria;c__Gammaproteobacteria;o__Burkholderiales	0.9999850902839504
245e7ecc43b53fc20271dddaac89cd6f	d__Bacteria	0.9999623415135155
01d8f601d8d504c5decb1b928dfb6e11	d__Bacteria;p__Bdellovibrionota;c__Bdellovibrionia;o__Bdellovibrionales;f__Bdellovibrionaceae;g__Bdellovibrio;s__	0.998868161713082
2a4c26dde6b406e470d7050b8c6c491f	d__Bacteria;p__Proteobacteria;c__Alphaproteobacteria;o__Acetobacterales;f__Acetobacteraceae;g__Acidiphilium;s__	0.724497260882322
9b1214ae0222eb47fc4dbd681345525a	d__Bacteria;p__Verrucomicrobiota;c__Verrucomicrobiae;o__Methylacidiphilales;f__Methylacidiphilaceae;g__uncultured;s__	0.9999955230603235
0e7f4bbfdd7b616cef7d8991d34e9c07	d__Bacteria;p__Chloroflexi;c__Ktedonobacteria;o__Ktedonobacterales;f__Ktedonobacteraceae;g__JG30a-KF-32;s__	0.9966688631024798
36b10362a3dd2da55b00ec7d0e23dcb4	d__Bacteria;p__Planctomycetota;c__Planctomycetes;o__Gemmatales;f__Gemmataceae;g__uncultured;s__	0.976077278085507
3707dc08f37f6dd64661220eb45244cd	d__Bacteria;p__Bacteroidota;c__Bacteroidia;o__Chitinophagales;f__Chitinophagaceae;g__uncultured;s__	0.8043430170231276
0d0294a9fd5fe7f94e163f1704d8ad50	d__Bacteria;p__Acidobacteriota;c__Blastocatellia;o__Blastocatellales;f__Blastocatellaceae	0.9999999101768327
f46d8e9f1a8992b147361391ad5cfa11	d__Bacteria;p__Patescibacteria;c__Parcubacteria;o__Parcubacteria;f__Parcubacteria;g__Parcubacteria;s__	0.9999834787134287
a7946af54b77011c4755a312ea93b8eb	d__Bacteria;p__Acidobacteriota;c__Vicinamibacteria;o__Vicinamibacterales;f__uncultured;g__uncultured;s__	0.9999861186979581
33374f3c2588cd1e86e59e4201c2d769	d__Bacteria;p__Verrucomicrobiota;c__Verrucomicrobiae;o__Chthoniobacterales;f__Chthoniobacteraceae;g__Candidatus_Udaeobacter;s__	0.9964125780473638
be85985f3b7666d872ff9f14b8d059e0	d__Bacteria;p__Chloroflexi;c__Ktedonobacteria;o__C0119;f__C0119;g__C0119;s__	0.922027437330788
2f74a69355bfff16665566c81fb7532f	d__Bacteria;p__Acidobacteriota;c__Acidobacteriae;o__Bryobacterales;f__Bryobacteraceae;g__Bryobacter;s__	0.999701335025975
b35ee2bf27d886d0fd96d0cd104735a7	d__Bacteria;p__Verrucomicrobiota;c__Verrucomicrobiae;o__Opitutales;f__Opitutaceae;g__Opitutus;s__	0.8868281655547473
2b41342f807cc80e1aaab9da0f5d7dcc	d__Bacteria;p__Patescibacteria;c__Microgenomatia;o__Candidatus_Pacebacteria;f__Candidatus_Pacebacteria;g__Candidatus_Pacebacteria;s__	0.999969423306961
d1160ee2154486291bc0e4a17ec2c5bb	d__Bacteria;p__Bacteroidota;c__Bacteroidia;o__Chitinophagales;f__Chitinophagaceae;g__uncultured;s__	0.9924765162980691
050ff54a1f502552c5f430bf8c2155e4	d__Bacteria;p__Bacteroidota;c__Bacteroidia;o__Cytophagales;f__uncultured;g__uncultured;s__	0.99999995095891
f75de5f1e766c93211e40716d2715edc	d__Bacteria;p__Cyanobacteria;c__Cyanobacteriia;o__Chloroplast;f__Chloroplast;g__Chloroplast;s__	0.9995543794992668
87aaca55853a8bf9fb48b41822888034	d__Bacteria;p__Planctomycetota;c__Planctomycetes;o__Isosphaerales;f__Isosphaeraceae	0.9999998036733655
31c8aae5871b641435169237d499a816	d__Bacteria;p__Planctomycetota;c__Planctomycetes;o__Gemmatales;f__Gemmataceae;g__uncultured;s__	0.9722880881748932
cab63ae081f9f536bfd8d83ce51b4f67	d__Bacteria;p__Verrucomicrobiota;c__Verrucomicrobiae;o__Chthoniobacterales;f__Chthoniobacteraceae;g__Candidatus_Udaeobacter;s__	0.9990276238438099
8d5902ea519ed9112ce078a8ded00704	d__Bacteria;p__Gemmatimonadota;c__Gemmatimonadetes;o__Gemmatimonadales;f__Gemmatimonadaceae;g__Gemmatimonas;s__	0.9946576519439998
05408964804c1b3594f307f646607025	d__Bacteria;p__Planctomycetota;c__Planctomycetes;o__Gemmatales;f__Gemmataceae;g__uncultured;s__	0.9958574779492828
d7ea0a291b2752403bd3ec630e25b7f3	d__Bacteria;p__Verrucomicrobiota;c__Verrucomicrobiae;o__Chthoniobacterales;f__Chthoniobacteraceae;g__Candidatus_Udaeobacter;s__	0.9820661570697097
4b2e7335a33e09ff926bdf94798a469d	d__Bacteria;p__Chloroflexi;c__AD3;o__AD3;f__AD3;g__AD3;s__	0.9999992862721274
30c3b36e3f78d85d661e93956668bd37	d__Bacteria;p__Planctomycetota;c__Planctomycetes;o__Gemmatales;f__Gemmataceae	0.9998273445840224
eb9b8c2c9b635146d60941a9b458aecd	d__Bacteria;p__Planctomycetota;c__Phycisphaerae;o__Tepidisphaerales;f__WD2101_soil_group;g__WD2101_soil_group;s__	0.9999577331686016
d4297d35072bf98e7128e1e2d3fe1269	d__Bacteria;p__Planctomycetota;c__Planctomycetes;o__Gemmatales;f__Gemmataceae;g__uncultured;s__	0.99979587544054
ab38ac3575fc84f93b01c8c17ecac6f3	d__Bacteria;p__Patescibacteria;c__Parcubacteria;o__Parcubacteria;f__Parcubacteria;g__Parcubacteria;s__	0.9999696627022366
8fe0f7d31fc03d84a7e9b6332cf35d37	d__Bacteria;p__Patescibacteria;c__Saccharimonadia;o__Saccharimonadales	0.9999983978191316
e01dbb35febb4107053e4ad971216474	d__Bacteria;p__Acidobacteriota;c__Acidobacteriae;o__Acidobacteriales;f__uncultured;g__uncultured;s__	0.9962676824771853
270a290e01798e4bdeae375dcd324bd7	d__Bacteria;p__Proteobacteria;c__Gammaproteobacteria;o__Coxiellales;f__Coxiellaceae;g__Coxiella;s__	0.923922370254701
3f397de59ab65d05e2f834485b12eeec	d__Bacteria;p__Planctomycetota;c__Planctomycetes;o__Gemmatales;f__Gemmataceae;g__uncultured;s__	0.9770586258102624
e6123be092e29f87c22843600376778c	d__Bacteria;p__Bacteroidota;c__Bacteroidia;o__Sphingobacteriales;f__Sphingobacteriaceae;g__Mucilaginibacter;s__	0.999126519422697
92d81445430eb64200a8f972f4705d1c	d__Bacteria;p__Chloroflexi;c__Anaerolineae;o__SBR1031	0.8707957508972173
2222e91f554a2b6175e4a7908edb3250	d__Bacteria;p__Proteobacteria;c__Alphaproteobacteria;o__Rhizobiales;f__Xanthobacteraceae;g__Rhodoplanes;s__	0.9767083313289867
c697250e19ce96437f0e308e55ee6472	d__Bacteria;p__Proteobacteria;c__Gammaproteobacteria;o__Gammaproteobacteria_Incertae_Sedis;f__Unknown_Family;g__Candidatus_Ovatusbacter;s__	0.916755900890457
abeab0da1cde5d8c6790a502c7a501d4	d__Bacteria;p__Bacteroidota;c__Bacteroidia;o__Chitinophagales;f__Chitinophagaceae;g__uncultured;s__	0.9103643804756462
43af84a215b023ff41b7a6c3f1ec0327	d__Bacteria;p__Verrucomicrobiota;c__Verrucomicrobiae;o__Pedosphaerales;f__Pedosphaeraceae;g__Pedosphaeraceae;s__	0.9956127969931714
3516dc863ae0453315136c46ce973848	d__Bacteria;p__Proteobacteria;c__Gammaproteobacteria;o__Burkholderiales;f__Comamonadaceae;g__Polaromonas;s__	0.9649579690082077
3f2503841d2badf0c7332b277cd49822	d__Bacteria;p__Patescibacteria;c__Parcubacteria;o__Candidatus_Azambacteria;f__Candidatus_Azambacteria;g__Candidatus_Azambacteria;s__	0.7036675470451328
a5b9e20cbb89d2ccaa011dfe5bdb157a	d__Bacteria;p__Acidobacteriota;c__Acidobacteriae;o__Acidobacteriales;f__uncultured;g__uncultured;s__	0.7653063297462056
928f502b3dd4cb9f94b319df1721b45c	d__Bacteria;p__Planctomycetota;c__Phycisphaerae;o__Tepidisphaerales;f__WD2101_soil_group;g__WD2101_soil_group;s__	0.9999785109866024
0f279a6b0dd84e3fc34e879987e38949	d__Bacteria;p__Proteobacteria;c__Alphaproteobacteria;o__Acetobacterales;f__Acetobacteraceae;g__Acidiphilium;s__	0.9215756545908911
7f54ac01bc7057e26576f1928a7f4119	d__Bacteria;p__Acidobacteriota;c__Holophagae;o__Subgroup_7;f__Subgroup_7;g__Subgroup_7;s__	0.9999963521395073
ffed726bd9f7d0328e923a87bc402a53	d__Bacteria;p__Proteobacteria;c__Gammaproteobacteria;o__Burkholderiales;f__A21b;g__A21b;s__	0.9245424821536787
1a8fa7d96537eba133a183d0d65d619a	d__Bacteria;p__Verrucomicrobiota;c__Verrucomicrobiae;o__Chthoniobacterales;f__Chthoniobacteraceae;g__Candidatus_Udaeobacter;s__	0.9968319877576963
ac20a541f929217a918a318cef943529	d__Bacteria;p__Proteobacteria;c__Alphaproteobacteria;o__Rhizobiales;f__Hyphomicrobiaceae;g__Hyphomicrobium;s__	0.9582506821387357
59bae05711f6649c644d3860bc3169e9	d__Bacteria;p__Chloroflexi;c__Ktedonobacteria;o__Ktedonobacterales;f__Ktedonobacteraceae;g__1921-2;s__	0.8325712542904097
17f84524b88c9fb02a3e39671c246545	d__Bacteria;p__Planctomycetota;c__Phycisphaerae;o__Tepidisphaerales;f__WD2101_soil_group;g__WD2101_soil_group;s__	0.9999220789098888
87401350d8be907ac6ac7e54af71f67a	d__Bacteria;p__Chloroflexi;c__KD4-96;o__KD4-96;f__KD4-96;g__KD4-96;s__	0.9999865069962335
8d5d2ec7e7b857cde606fbdf93d398d6	d__Bacteria;p__Actinobacteriota;c__Acidimicrobiia;o__IMCC26256;f__IMCC26256;g__IMCC26256;s__	0.9989010207100835
b2c4f5447a7cbc39d09a5ea554bba445	d__Bacteria;p__Chloroflexi;c__Ktedonobacteria;o__C0119;f__C0119;g__C0119;s__	0.9993071722837472
a67e9ae87abca1193aae622b160f0340	d__Bacteria;p__Planctomycetota;c__Planctomycetes;o__Gemmatales;f__Gemmataceae;g__uncultured;s__	0.995229801202572
91c30d1d1300b4e6b5cf658f45bfc662	d__Bacteria;p__RCP2-54;c__RCP2-54;o__RCP2-54;f__RCP2-54;g__RCP2-54;s__	0.9938964257477801
0d33ec653c2d30fa231bf6091ee8b999	d__Bacteria;p__Actinobacteriota;c__Actinobacteria;o__Pseudonocardiales;f__Pseudonocardiaceae;g__Pseudonocardia;s__	0.9993239587897595
d146c3a92aa004076bb1bee7608fdd21	d__Bacteria;p__Armatimonadota;c__Armatimonadia;o__Armatimonadales;f__Armatimonadales;g__Armatimonadales;s__	0.999866262177803
8724a7f7104272abd1217a82483ee8e4	d__Bacteria;p__Chloroflexi;c__Ktedonobacteria;o__C0119;f__C0119;g__C0119;s__	0.9997487552751533
fac01bb9b0b31135a6d0c1774af0ee78	d__Bacteria;p__Acidobacteriota;c__Holophagae;o__Subgroup_7;f__Subgroup_7;g__Subgroup_7;s__	0.9999988746525695
a5c0fae0b026c3bd8e1f2b43a980bc2d	d__Bacteria;p__Chloroflexi;c__Chloroflexia;o__Kallotenuales;f__AKIW781;g__AKIW781;s__	0.9997928984888426
f277f6085cbba3da9af007268363c095	d__Bacteria;p__Actinobacteriota;c__Acidimicrobiia;o__Microtrichales;f__Iamiaceae;g__Iamia;s__	0.9903050706154405
35e990408a14443f358390ff4553658e	d__Bacteria;p__Gemmatimonadota;c__Gemmatimonadetes;o__Gemmatimonadales;f__Gemmatimonadaceae	0.9995718755639494
25180fb16fb22d1cf69481b19d082239	d__Bacteria;p__Proteobacteria;c__Alphaproteobacteria;o__Caulobacterales;f__Caulobacteraceae;g__Caulobacter;s__	0.9952345207735933
65d891ca0c1b0ba2cf085ddbbe2c5d69	d__Bacteria;p__Planctomycetota;c__Planctomycetes;o__Planctomycetales;f__Schlesneriaceae;g__Schlesneria;s__	0.9999971025745165
84a51b064a5b089d7255628bedd6589c	d__Bacteria;p__Verrucomicrobiota;c__Verrucomicrobiae;o__Chthoniobacterales;f__Chthoniobacteraceae;g__Candidatus_Udaeobacter;s__	0.9887180387267912
aa3a6e08f0e93c02e1cf7791702ae489	d__Bacteria;p__Planctomycetota;c__Planctomycetes;o__Gemmatales;f__Gemmataceae;g__uncultured;s__	0.9006708663869895
ad1b591335ff9f8523e6a384cf47a58e	d__Bacteria;p__Actinobacteriota;c__Acidimicrobiia;o__Microtrichales;f__Ilumatobacteraceae;g__CL500-29_marine_group;s__	0.8872087816442461
0509a805228b0a06a91b0a8454f4f993	d__Bacteria;p__Patescibacteria;c__Saccharimonadia;o__Saccharimonadales;f__Saccharimonadales;g__Saccharimonadales;s__	0.9315012293561645
593643679ae491b9b04b80998ad77c30	d__Bacteria;p__Planctomycetota;c__Planctomycetes;o__Isosphaerales;f__Isosphaeraceae	0.9999994114140415
2b776cf4e4129fa32348f375dfbd20f0	d__Bacteria;p__Acidobacteriota;c__Holophagae;o__Subgroup_7;f__Subgroup_7;g__Subgroup_7;s__	0.9998006403022222
0968ba98210e2c0a925abce6c01a7299	d__Bacteria;p__Verrucomicrobiota;c__Verrucomicrobiae;o__Chthoniobacterales;f__Chthoniobacteraceae;g__Candidatus_Udaeobacter;s__	0.9951776058201887
7686727fea8c840df014e5c0eaedf7bf	d__Bacteria;p__Chloroflexi;c__Ktedonobacteria;o__B12-WMSP1;f__B12-WMSP1;g__B12-WMSP1;s__	0.999998238709383
5a9697bd2b6beffda2d70f921e8bb62b	d__Bacteria;p__Bacteroidota;c__Bacteroidia;o__Chitinophagales;f__uncultured;g__uncultured;s__	0.7595216896032695
e7ce03cb499e41017e5ba550920fe864	d__Bacteria;p__Proteobacteria;c__Alphaproteobacteria;o__Acetobacterales;f__Acetobacteraceae;g__uncultured;s__	0.8251634003078944
c3f47f6071aa0b862b800f39121e3262	d__Bacteria;p__Patescibacteria;c__Parcubacteria;o__Candidatus_Kaiserbacteria;f__Candidatus_Kaiserbacteria;g__Candidatus_Kaiserbacteria;s__	0.9961924076471003
d87671f5ea34ab86221819aa6b28514b	d__Bacteria;p__Acidobacteriota;c__Acidobacteriae	0.9999994551581034
391b8c1e7fc7c4eb300dcd60679be090	d__Bacteria;p__Myxococcota;c__Polyangia;o__mle1-27;f__mle1-27;g__mle1-27;s__	0.9982722622907781
8cddee4bf463b641818ced6e12734af9	d__Bacteria;p__Actinobacteriota;c__Acidimicrobiia;o__IMCC26256;f__IMCC26256;g__IMCC26256;s__	0.9848829203658754
84b2cd42a24f23a07e8b2be7a28d7ae2	d__Bacteria;p__Proteobacteria;c__Gammaproteobacteria	0.9998264891884665
195e5b00f7f55c73d23886d830cae4af	d__Bacteria;p__Patescibacteria;c__Parcubacteria;o__Parcubacteria;f__Parcubacteria;g__Parcubacteria;s__	0.9999667803953727
7a66f2fd5e398e38059585f1b90e428d	d__Bacteria;p__Bacteroidota;c__Bacteroidia;o__Chitinophagales;f__Chitinophagaceae;g__Ferruginibacter;s__	0.9679581737061653
195741e5e9aefbc52bb8d09ab6cef37d	d__Bacteria;p__Chloroflexi;c__AD3;o__AD3;f__AD3;g__AD3;s__	0.9999064269863194
0454243a3e0d75e7619921bb64a35f2a	d__Bacteria;p__Proteobacteria;c__Alphaproteobacteria;o__Rickettsiales;f__Mitochondria;g__Mitochondria;s__	0.9707066334986095
bd175a21428681c256dd06f764145d5d	d__Bacteria;p__Acidobacteriota;c__Acidobacteriae;o__Acidobacteriales;f__Koribacteraceae;g__Candidatus_Koribacter;s__	0.8671417260082984
ef062233701099befb0e4aefe960a4e9	d__Bacteria;p__Bdellovibrionota;c__Bdellovibrionia;o__Bdellovibrionales;f__Bdellovibrionaceae;g__Bdellovibrio;s__	0.9999926412411538
ca2850b3b0c8ce757c2c5f1d6f52fa55	d__Bacteria;p__Proteobacteria;c__Gammaproteobacteria;o__Burkholderiales;f__Nitrosomonadaceae;g__Ellin6067;s__	0.9999988576018939
3771889151b610bd02481ac3f2085bae	d__Bacteria;p__Planctomycetota;c__Planctomycetes;o__Gemmatales;f__Gemmataceae;g__uncultured;s__	0.9139713531087652
ca25eb0ad707fd0009f4ecebab884d39	d__Bacteria;p__Chloroflexi;c__Ktedonobacteria;o__C0119;f__C0119;g__C0119;s__	0.9998022743693771
4c493ce6166abee1135c9224c030db03	d__Bacteria;p__Actinobacteriota;c__Thermoleophilia;o__Gaiellales;f__Gaiellaceae;g__Gaiella;s__	0.7421784166734858
2a3a4c422d809f70a7fc7da9ac390a5f	d__Bacteria;p__Verrucomicrobiota;c__Verrucomicrobiae;o__Pedosphaerales;f__Pedosphaeraceae;g__Pedosphaeraceae;s__	0.9999246179922833
07982c7fd70daafd464135e1112aab53	d__Bacteria;p__Proteobacteria;c__Gammaproteobacteria;o__Burkholderiales;f__Nitrosomonadaceae;g__mle1-7;s__	0.9943728586343813
24f176d3c615826db0de09f98c45d50a	d__Bacteria;p__Acidobacteriota;c__Acidobacteriae;o__Acidobacteriales;f__uncultured;g__uncultured;s__	0.9994207781513876
ec67b67ad8022d51544cb1157a8e8a0b	d__Bacteria;p__Bacteroidota;c__Ignavibacteria;o__SJA-28;f__SJA-28;g__SJA-28;s__	0.9999604237280277
a74fa4ab8def779e655038f9b1e9da39	d__Bacteria;p__Bdellovibrionota;c__Bdellovibrionia;o__Bdellovibrionales;f__Bdellovibrionaceae;g__Bdellovibrio;s__	0.9979877800222551
2422e47de29ff780f527737d3590858a	d__Bacteria	0.9999753107916743
d53c574c5c83dcfe79c02d9d868c6b4d	d__Bacteria;p__Actinobacteriota;c__Acidimicrobiia	0.9997833153936158
92136df07d5a2417d42b311b2c067143	d__Bacteria;p__Verrucomicrobiota;c__Verrucomicrobiae;o__Chthoniobacterales;f__Chthoniobacteraceae;g__Candidatus_Udaeobacter;s__	0.9984211341653888
9abeeaf0c23d4db817450cf97967cdfa	d__Bacteria;p__Gemmatimonadota;c__Gemmatimonadetes;o__Gemmatimonadales;f__Gemmatimonadaceae;g__Gemmatimonas;s__	0.968827841718602
97d69068dce1a02438d8bff36b00fb65	d__Bacteria;p__Verrucomicrobiota;c__Verrucomicrobiae;o__Chthoniobacterales;f__Chthoniobacteraceae;g__Chthoniobacter;s__	0.9900973323659378
45050dc508f9b370511f7e83cd1a7b0f	d__Bacteria;p__Bdellovibrionota;c__Bdellovibrionia;o__Bdellovibrionales;f__Bdellovibrionaceae;g__Bdellovibrio;s__	0.9999972359219784
f11ac54a7c24c323530f0f93d90d51b4	d__Bacteria;p__Armatimonadota;c__Chthonomonadetes;o__Chthonomonadales;f__Chthonomonadaceae;g__Chthonomonas;s__	0.9999997556204804
21f85eaeca515bcee063a051d989895c	d__Bacteria;p__Verrucomicrobiota;c__Verrucomicrobiae;o__Chthoniobacterales;f__Chthoniobacteraceae;g__Chthoniobacter;s__	0.9992789391468939
f9acc649b2c120b77d330131b91fd18d	d__Bacteria;p__Planctomycetota;c__Planctomycetes;o__Gemmatales;f__Gemmataceae;g__Gemmata;s__	0.9991715129642849
c2ac31ebe1439114e571b9b871f726e7	d__Bacteria;p__Proteobacteria;c__Alphaproteobacteria;o__Acetobacterales;f__Acetobacteraceae	0.999836377635191
7565c5436b494ab43028317f60fb34d4	d__Bacteria;p__Planctomycetota;c__Planctomycetes;o__Gemmatales;f__Gemmataceae;g__uncultured;s__	0.8545824147278788
0abc7dc1e26732df28d7c75b5fa9501f	d__Bacteria;p__Bacteroidota;c__Bacteroidia;o__Sphingobacteriales;f__Sphingobacteriaceae;g__Mucilaginibacter;s__	0.9948244533077046
2658dd56f558e6f336756ff1730b6a80	d__Bacteria;p__Planctomycetota;c__vadinHA49;o__vadinHA49;f__vadinHA49;g__vadinHA49;s__	0.9997798940121779
134adf771a06a5cfbea87ca073b8a0c0	d__Bacteria;p__Acidobacteriota;c__Holophagae;o__Subgroup_7;f__Subgroup_7;g__Subgroup_7;s__	0.9997492880902265
73450e0955860c5acaabb5706037e029	d__Bacteria;p__Planctomycetota;c__Planctomycetes;o__Gemmatales;f__Gemmataceae;g__Gemmata;s__	0.9992099479900958
7dba4235378699c7d72b8d88cad19bf6	d__Bacteria;p__Chloroflexi;c__Ktedonobacteria;o__B12-WMSP1;f__B12-WMSP1;g__B12-WMSP1;s__	0.9998510727070536
664eff43795a5cfa6ed1c6783eb42726	d__Bacteria;p__Patescibacteria;c__Parcubacteria;o__Candidatus_Nomurabacteria;f__Candidatus_Nomurabacteria;g__Candidatus_Nomurabacteria;s__	0.9821460365483854
493818d30b293722119ec9f1e0ed5805	d__Bacteria;p__Chloroflexi;c__Ktedonobacteria;o__C0119;f__C0119;g__C0119;s__	0.999499402479481
3ccae52d51d67cbe4d0a00eb25f7937e	d__Bacteria;p__Dependentiae;c__Babeliae;o__Babeliales;f__Babeliaceae;g__Babeliaceae;s__	0.9851105743047746
5db7e87331ca0ac88801bffb886948bd	d__Bacteria;p__Acidobacteriota;c__Vicinamibacteria;o__Vicinamibacterales;f__uncultured;g__uncultured;s__	0.9999975980154403
35582f7eb36e55c56d61675b776111a3	d__Bacteria;p__Gemmatimonadota;c__Gemmatimonadetes;o__Gemmatimonadales;f__Gemmatimonadaceae;g__uncultured;s__	0.9795522170293434
db9de41d0b9360920b0b75b508dd7118	d__Bacteria;p__Chloroflexi;c__Ktedonobacteria;o__C0119;f__C0119;g__C0119;s__	0.9996126583387227
4999d45f55fb5165f2545333bee8b7da	d__Bacteria;p__Chloroflexi;c__Ktedonobacteria;o__B12-WMSP1;f__B12-WMSP1;g__B12-WMSP1;s__	0.9999979941208261
b30a5cae3ae93695564c8c0609d47b26	d__Bacteria;p__Chloroflexi;c__Ktedonobacteria;o__Ktedonobacterales;f__Ktedonobacteraceae	0.9997646779840454
217db1893de33fd7ac05aa872e6a3e68	d__Bacteria;p__Bacteroidota;c__Bacteroidia;o__Chitinophagales;f__Chitinophagaceae;g__Flavitalea;s__	0.9985617791624448
10f7c6c2edbab96671c32b152761325c	d__Bacteria;p__Chloroflexi;c__JG30-KF-CM66;o__JG30-KF-CM66;f__JG30-KF-CM66;g__JG30-KF-CM66;s__	0.9701891967721292
efe059e9a547d236c5d95636dff962b0	d__Bacteria;p__Patescibacteria;c__Microgenomatia;o__Candidatus_Levybacteria;f__Candidatus_Levybacteria;g__Candidatus_Levybacteria;s__	0.9998654313504454
199043835ded458b60137903e2dfb35d	d__Bacteria;p__Acidobacteriota;c__Acidobacteriae;o__Acidobacteriales;f__Acidobacteriaceae_(Subgroup_1)	0.9999992283761877
e9d301a09d03c7fb4d5f8c1e8169cac5	d__Bacteria;p__Acidobacteriota;c__Acidobacteriae;o__Solibacterales;f__Solibacteraceae;g__Candidatus_Solibacter;s__	0.9840192574534342
1d5d00cd1dd780a1edbee3d3310e9a25	d__Bacteria;p__Proteobacteria;c__Alphaproteobacteria;o__Acetobacterales;f__Acetobacteraceae	0.999803528991134
b105276da012853b9a1943ab89ff0076	d__Bacteria;p__Proteobacteria;c__Gammaproteobacteria;o__Burkholderiales;f__Comamonadaceae	0.999989788869841
af578e64295dd01ef21c4e27cca03e57	d__Bacteria;p__Actinobacteriota;c__Acidimicrobiia;o__IMCC26256;f__IMCC26256;g__IMCC26256;s__	0.7024888647775378
4e922420682c25c95d9851c88b9951ce	d__Bacteria;p__Armatimonadota;c__Chthonomonadetes;o__Chthonomonadales;f__Chthonomonadaceae;g__Chthonomonas;s__	0.9959977717590558
2e29bf1151d9f8b5a9ad6ab4f6f1a004	d__Bacteria;p__Patescibacteria;c__Parcubacteria;o__Parcubacteria;f__Parcubacteria;g__Parcubacteria;s__	0.9999685519389259
b17fdabdbf317af172582a82c9e9d791	d__Bacteria;p__Patescibacteria;c__Microgenomatia;o__Candidatus_Daviesbacteria;f__Candidatus_Daviesbacteria;g__Candidatus_Daviesbacteria;s__	0.999992177839272
8695764ba87524ab6772e9ab9f5082ba	d__Bacteria;p__Verrucomicrobiota;c__Chlamydiae;o__Chlamydiales;f__Parachlamydiaceae;g__Candidatus_Protochlamydia;s__	0.9637166889898133
dd3a804a52787158b5def49b9de86778	d__Bacteria;p__Acidobacteriota;c__Blastocatellia;o__Pyrinomonadales;f__Pyrinomonadaceae;g__RB41;s__	0.9998914994573813
17a638caad56289112f977d2822c3042	d__Bacteria;p__Planctomycetota;c__Phycisphaerae;o__Tepidisphaerales;f__WD2101_soil_group;g__WD2101_soil_group;s__	0.9999907963645338
f656494ab41a68412e3803b1226faac9	d__Bacteria;p__Chloroflexi;c__Ktedonobacteria;o__Ktedonobacterales;f__Ktedonobacteraceae;g__uncultured;s__	0.9054242026587321
7b309011797d0e39d1221be9c5faba3b	d__Bacteria;p__Verrucomicrobiota;c__Verrucomicrobiae;o__Methylacidiphilales;f__Methylacidiphilaceae;g__uncultured;s__	0.9999969894442826
71f971e522ef22d6defd264bf583467b	d__Bacteria;p__Chloroflexi;c__Ktedonobacteria;o__Ktedonobacterales;f__Ktedonobacteraceae;g__JG30a-KF-32;s__	0.9938961629754693
9eef7ed6f84dcc9f469cb083376ac5bf	d__Bacteria;p__Acidobacteriota;c__Acidobacteriae;o__Bryobacterales;f__Bryobacteraceae;g__Bryobacter;s__	0.7523216222387021
28c72f96ce38e1f0511b1263f18bd51c	d__Bacteria;p__Acidobacteriota;c__Acidobacteriae;o__Solibacterales;f__Solibacteraceae;g__Candidatus_Solibacter;s__	0.9916253544193
ae680e91da009a810ae738cd4aca3e1f	d__Bacteria;p__Chloroflexi;c__Ktedonobacteria;o__C0119;f__C0119;g__C0119;s__	0.8869479353278005
6b927df9ff60047ea70a731b7ab6bf30	d__Bacteria;p__Proteobacteria;c__Alphaproteobacteria;o__Reyranellales;f__Reyranellaceae;g__Reyranella;s__	0.9999999640120627
90e2a71efbbce6a994d0c2039885e8a0	d__Bacteria;p__Proteobacteria;c__Alphaproteobacteria;o__Acetobacterales;f__Acetobacteraceae;g__Acidiphilium;s__	0.8760456392203888
adcefd4282b5b4764cf060eb0f64a0a9	d__Bacteria;p__Proteobacteria;c__Gammaproteobacteria;o__Xanthomonadales;f__Xanthomonadaceae;g__uncultured;s__	0.9017278328366831
905e3c61b337382349dc0d25e6417025	d__Bacteria;p__Proteobacteria;c__Alphaproteobacteria;o__Rickettsiales;f__SM2D12;g__SM2D12;s__	0.9862804128715177
2c5976b48c20b5471b05ace7b9853f50	d__Bacteria;p__Bacteroidota;c__Bacteroidia;o__Chitinophagales;f__Chitinophagaceae;g__Terrimonas;s__	0.8833914508218108
aa4e085019cb7f8e9637a6c8e332f2a5	d__Bacteria;p__Planctomycetota;c__Planctomycetes;o__Gemmatales;f__Gemmataceae;g__Gemmata;s__	0.8802967257999068
ab36bab7a3512b0e3d90615a65fb35cf	d__Bacteria;p__Chloroflexi;c__Ktedonobacteria;o__C0119;f__C0119;g__C0119;s__	0.9921256875308165
d96bbe39bc0c2cfd0d3c93a17ec6c186	d__Bacteria;p__Verrucomicrobiota;c__Verrucomicrobiae;o__Chthoniobacterales;f__Chthoniobacteraceae;g__Chthoniobacter;s__	0.843684573899518
793f44ac5618b8a4bdf721bbdaca95ed	d__Bacteria;p__Planctomycetota;c__Planctomycetes;o__Isosphaerales;f__Isosphaeraceae;g__Candidatus_Nostocoida;s__	0.9122406380012483
d082815655bfdeee92225f14c4730ee3	d__Bacteria;p__Planctomycetota;c__Planctomycetes;o__Gemmatales;f__Gemmataceae;g__Fimbriiglobus;s__	0.9645086249534703
33ad8bcdfac3f604ef522ac3bf0ce759	d__Bacteria;p__Armatimonadota;c__Armatimonadia;o__Armatimonadales;f__Armatimonadales;g__Armatimonadales;s__	0.9998463991681985
414ec36a16cf36559d69f267b4c61744	d__Bacteria;p__Actinobacteriota;c__Actinobacteria;o__Frankiales;f__Nakamurellaceae;g__Nakamurella;s__	0.9984636071647781
868e0257650ce8158c3b9eee68e77486	d__Bacteria;p__Chloroflexi;c__Anaerolineae;o__SBR1031;f__SBR1031;g__SBR1031;s__	0.7185418046188992
f03dab6f3d826e831dab5d5e2be53826	d__Bacteria;p__Acidobacteriota;c__Acidobacteriae;o__Bryobacterales;f__Bryobacteraceae;g__Bryobacter;s__	0.9876642862552797
555c59186b6573cb640559222804e158	d__Bacteria;p__Actinobacteriota;c__Acidimicrobiia	0.9999394563425505
0befff456f79028dd2eb85fe772f79dc	d__Bacteria;p__Actinobacteriota;c__Acidimicrobiia;o__IMCC26256;f__IMCC26256;g__IMCC26256;s__	0.9990371347309213
5daebb09ef54d0d1a06e7e2362596993	d__Bacteria;p__Actinobacteriota;c__Thermoleophilia;o__Gaiellales;f__Gaiellaceae;g__Gaiella;s__	0.8564169010914354
7270e7a5b1413cf2114703d1211b460a	d__Bacteria;p__Bacteroidota;c__Bacteroidia;o__Chitinophagales;f__Chitinophagaceae;g__uncultured;s__	0.9863991991065933
64af3e26456a88f0fa06f8b65f3fc8b1	d__Bacteria;p__Proteobacteria;c__Gammaproteobacteria;o__Burkholderiales;f__Comamonadaceae	0.9999997123164276
467dd6e1bef80fe0e8e40d5835680336	d__Bacteria;p__Chloroflexi	0.8012539562335074
c3ab15e15213f664ee9d1b8f1d9a90f8	d__Bacteria;p__Chloroflexi;c__Ktedonobacteria;o__Ktedonobacterales;f__Ktedonobacteraceae;g__JG30a-KF-32;s__	0.9989817716340431
860b4ac2d23ad631b2228b00d8ad8e40	d__Bacteria;p__Chloroflexi;c__Ktedonobacteria;o__C0119;f__C0119;g__C0119;s__	0.9995061773251176
de80c908277f47085412dbfa211a3ea3	d__Bacteria;p__Proteobacteria;c__Gammaproteobacteria;o__Burkholderiales;f__A21b;g__A21b;s__	0.9988630607081201
cc6f46b4842ee50aed32fd05dd241dde	d__Bacteria;p__Proteobacteria;c__Gammaproteobacteria;o__Burkholderiales;f__Comamonadaceae	0.9999752303456355
653188f7cb9de405a462274009ae6af7	d__Bacteria;p__Patescibacteria;c__Saccharimonadia;o__Saccharimonadales;f__Saccharimonadales;g__Saccharimonadales;s__	0.9376771487111004
5f4a489ce4466c9497e274de7b35d5a9	d__Bacteria;p__Chloroflexi;c__Ktedonobacteria;o__C0119;f__C0119;g__C0119;s__	0.9282034917025885
afac9bc07cc9ac10c40549b103dea725	d__Bacteria;p__Verrucomicrobiota;c__Verrucomicrobiae;o__Chthoniobacterales;f__Chthoniobacteraceae;g__Candidatus_Udaeobacter;s__	0.9992034204596268
de4c33543b300a2a051fc15ebb24f461	d__Bacteria;p__Proteobacteria;c__Gammaproteobacteria;o__Burkholderiales;f__Comamonadaceae	0.9999999893474654
355cba636b32097e658ad0a54f96d173	d__Bacteria;p__Chloroflexi;c__Anaerolineae;o__SBR1031;f__A4b;g__A4b;s__	0.9992575291612772
e86eb200a173d09d8ae882405638ab1f	d__Bacteria;p__Planctomycetota;c__Planctomycetes;o__Planctomycetales;f__uncultured;g__uncultured;s__	0.9997610726193126
d1f3a1d5b24b86307c2b9629b26e92f8	d__Bacteria;p__Proteobacteria;c__Gammaproteobacteria;o__Gammaproteobacteria_Incertae_Sedis;f__Unknown_Family;g__Candidatus_Ovatusbacter;s__	0.9996819780376789
cccad06004e9a02122874884655a22c5	d__Bacteria;p__Chloroflexi;c__Ktedonobacteria;o__C0119;f__C0119;g__C0119;s__	0.9994246004785704
121df2594cb481eaa221920187d9095f	d__Bacteria;p__Acidobacteriota;c__Acidobacteriae;o__Bryobacterales;f__Bryobacteraceae;g__Bryobacter;s__	0.7957166110170055
f8f90599193df2737db23987d352012b	d__Bacteria;p__Bacteroidota;c__Bacteroidia;o__Sphingobacteriales;f__Sphingobacteriaceae;g__Mucilaginibacter;s__	0.9952804720464853
8a7f9c16c698d477c556fe42b28f6f16	d__Bacteria;p__Acidobacteriota;c__Blastocatellia;o__Pyrinomonadales;f__Pyrinomonadaceae;g__RB41;s__	0.9999448963631911
5c4e66d3ebfa11be1c9b26745421146d	d__Bacteria;p__Gemmatimonadota;c__Gemmatimonadetes;o__Gemmatimonadales;f__Gemmatimonadaceae;g__Gemmatimonas;s__	0.9716750167135076
aebf6caaf59b1f84d5db0ef219db3709	d__Bacteria;p__Patescibacteria;c__ABY1;o__Candidatus_Magasanikbacteria;f__Candidatus_Magasanikbacteria;g__Candidatus_Magasanikbacteria;s__	0.9773308835541038
a396f5fc534f4ed99a6ead58c9036f04	d__Bacteria;p__Patescibacteria;c__Parcubacteria;o__Parcubacteria;f__Parcubacteria;g__Parcubacteria;s__	0.8697052144957114
c41fff040c23fdfa6331ec78cda968a7	d__Bacteria;p__Planctomycetota;c__Phycisphaerae;o__Tepidisphaerales;f__WD2101_soil_group;g__WD2101_soil_group;s__	0.9999774333653593
b2db08a7f44e70c0784bd29f1aa9e681	d__Bacteria;p__Verrucomicrobiota;c__Verrucomicrobiae;o__Opitutales;f__Opitutaceae;g__Lacunisphaera;s__	0.9959581491530053
fb9cb51aa7e1a0a7cc58af37d9785ea5	d__Bacteria;p__Chloroflexi;c__Anaerolineae;o__SBR1031;f__A4b;g__A4b;s__	0.9986914895510123
fc92f6b05033445a5e93b572f3f56c81	d__Bacteria;p__Verrucomicrobiota;c__Verrucomicrobiae;o__Chthoniobacterales;f__Chthoniobacteraceae;g__Candidatus_Udaeobacter;s__	0.9988446654045988
ce677cc5a8cec6a57b3315eef3144719	d__Bacteria;p__Bacteroidota;c__Bacteroidia;o__Chitinophagales;f__Chitinophagaceae;g__Edaphobaculum;s__	0.9990283026476243
b387a8cb808a2b9b67fdd997b14e2c11	d__Bacteria;p__Patescibacteria;c__Gracilibacteria;o__Candidatus_Peribacteria;f__Candidatus_Peribacteria;g__Candidatus_Peribacteria;s__	0.9999949938625686
146b89fea43e54fdf430888557e9bb4b	d__Bacteria;p__Planctomycetota;c__Planctomycetes;o__Gemmatales;f__Gemmataceae;g__uncultured;s__	0.9993804101956991
bb6ecaa755a767235818604a343c45d6	d__Bacteria;p__Actinobacteriota;c__Actinobacteria;o__Micrococcales;f__Intrasporangiaceae	0.9900234321149041
9c27459d9fb9211ee71e3353264d813c	d__Bacteria;p__Bacteroidota;c__Bacteroidia;o__Sphingobacteriales;f__env.OPS_17;g__env.OPS_17;s__	0.9609363905500324
14809a8dd437c51c3b9f6a4d1237bb13	d__Bacteria;p__Verrucomicrobiota;c__Verrucomicrobiae;o__Pedosphaerales;f__Pedosphaeraceae;g__Pedosphaeraceae;s__	0.9999430535892132
70c61625db87e5ccb51a7a1000b7d02f	d__Bacteria;p__Patescibacteria;c__Microgenomatia;o__Candidatus_Daviesbacteria;f__Candidatus_Daviesbacteria;g__Candidatus_Daviesbacteria;s__	0.9999998677507537
f2ce0a2c8215b409bcda542851557629	d__Bacteria;p__Acidobacteriota;c__Acidobacteriae;o__Acidobacteriales;f__Acidobacteriaceae_(Subgroup_1);g__Granulicella;s__	0.8763340224034043
d5d645918dbeb75560ea964e7c77664c	d__Bacteria;p__Planctomycetota;c__Planctomycetes;o__Gemmatales;f__Gemmataceae;g__uncultured;s__	0.9307777636571734
5a7a5ae0f190cdb06269e899fd7c79ca	d__Bacteria;p__Planctomycetota;c__BD7-11;o__BD7-11;f__BD7-11;g__BD7-11;s__	0.9939581625086131
ce4d2b07e7ec9479e6f54aebace6ef34	d__Bacteria;p__Bacteroidota;c__Bacteroidia;o__Sphingobacteriales;f__AKYH767;g__AKYH767;s__	0.9821859027437495
9585898b22449a2ab7d3f4ef2dd2a059	d__Bacteria;p__Armatimonadota;c__Armatimonadia;o__Armatimonadales;f__Armatimonadales;g__Armatimonadales;s__	0.9999108398293979
131134337065ca322d8232ddc4b99477	d__Bacteria;p__Actinobacteriota;c__Actinobacteria;o__Pseudonocardiales;f__Pseudonocardiaceae;g__Crossiella;s__	0.9985172736467779
233be8cf21bd4ada1a091030d696ce60	d__Bacteria;p__Acidobacteriota;c__Acidobacteriae;o__Bryobacterales;f__Bryobacteraceae;g__Bryobacter;s__	0.9572260231314254
c0a4f948a465ac892e32bf6ac38521a2	d__Bacteria;p__Planctomycetota;c__Phycisphaerae;o__Tepidisphaerales;f__WD2101_soil_group;g__WD2101_soil_group;s__	0.9999986790513644
01abc5176326dc6816d10a9d56df365b	d__Bacteria;p__Elusimicrobiota;c__Lineage_IIa;o__Lineage_IIa;f__Lineage_IIa;g__Lineage_IIa;s__	0.9999897534236782
527f85baa29ae396088ec3c0db096118	d__Bacteria;p__Acidobacteriota;c__Acidobacteriae;o__Bryobacterales;f__Bryobacteraceae;g__Bryobacter;s__	0.9009889844391512
c2a93563fed413f842cdf18b544514f5	d__Bacteria;p__Bacteroidota;c__Bacteroidia;o__Cytophagales;f__Microscillaceae	0.9999533042567064
8bd410e7ec6e1049eb4edbbfdee9d392	d__Bacteria;p__Bacteroidota;c__Bacteroidia;o__Chitinophagales;f__Chitinophagaceae;g__Edaphobaculum;s__	0.998152828129265
a5507d8fa28353cfa91dc2e84e3c00e0	d__Bacteria;p__Actinobacteriota;c__Acidimicrobiia;o__Microtrichales;f__Ilumatobacteraceae;g__CL500-29_marine_group;s__	0.9689243698029014
486a91507bdb4047e882a9a34c7f43f6	d__Bacteria;p__Planctomycetota;c__Planctomycetes;o__Isosphaerales;f__Isosphaeraceae;g__Tundrisphaera;s__	0.9881208989226491
d2323d0d4795bd02da19634374e53ac8	d__Bacteria;p__Proteobacteria;c__Alphaproteobacteria;o__Acetobacterales;f__Acetobacteraceae;g__Rhodovastum;s__	0.871177140660017
fbcfebf8163501905f61ba4882a0f4a3	d__Bacteria;p__Patescibacteria;c__Parcubacteria	0.9998816386623343
ce5d1ffeb8f5f4dbdb74f213898b3de0	d__Bacteria;p__Acidobacteriota;c__Holophagae;o__Subgroup_7;f__Subgroup_7;g__Subgroup_7;s__	0.9999992676765269
3f82c9038893ce19c1245b8d0fb57858	d__Bacteria;p__Myxococcota;c__Polyangia;o__Haliangiales;f__Haliangiaceae;g__Haliangium;s__	0.7321580323254078
f3862db32e8f8aedb21bfae6f675a3be	d__Bacteria;p__Chloroflexi;c__Ktedonobacteria;o__Ktedonobacterales;f__Ktedonobacteraceae;g__uncultured;s__	0.8998613236650486
d13b1b8ac9867a11a5cc6ad25f3f0acf	d__Bacteria;p__Chloroflexi;c__Ktedonobacteria;o__Ktedonobacterales;f__Ktedonobacteraceae;g__uncultured;s__	0.9947801333213205
bcd74607bcaa3e550ef876a96ea89525	d__Bacteria;p__Patescibacteria;c__Parcubacteria;o__Parcubacteria;f__Parcubacteria;g__Parcubacteria;s__	0.8564227824540657
c8d078b550ed76f7ae521ec37bb2ff85	d__Bacteria;p__Verrucomicrobiota;c__Verrucomicrobiae;o__Pedosphaerales;f__Pedosphaeraceae;g__Pedosphaeraceae;s__	0.9958647056245851
eea86ac10dc68c3f982d2f97e8a5e178	d__Bacteria;p__Bacteroidota;c__Bacteroidia;o__Chitinophagales;f__Chitinophagaceae;g__Parafilimonas;s__	0.999913687209685
2b8e659581b8cbdf83a6ed30dfe26550	d__Bacteria;p__Proteobacteria;c__Gammaproteobacteria;o__Gammaproteobacteria_Incertae_Sedis;f__Unknown_Family;g__Candidatus_Berkiella;s__	0.9916477687404575
39c9e5c0622372746b14f26e07f37690	d__Bacteria;p__Actinobacteriota;c__Acidimicrobiia;o__IMCC26256;f__IMCC26256;g__IMCC26256;s__	0.9917497396741947
6073e54a697bc73fa6444e35e4de50bb	d__Bacteria;p__Chloroflexi;c__Ktedonobacteria;o__Ktedonobacterales;f__Ktedonobacteraceae;g__1921-2;s__	0.8767571236213673
a4046035c6335eb5affaca0f3d83e54d	d__Bacteria;p__Proteobacteria;c__Gammaproteobacteria;o__Burkholderiales;f__Oxalobacteraceae	0.9965087310664213
5f58cbe2b86de585c6d82bb5a56bbdd0	d__Bacteria;p__Verrucomicrobiota;c__Verrucomicrobiae;o__Chthoniobacterales;f__Chthoniobacteraceae;g__Candidatus_Udaeobacter;s__	0.9997356907136673
9a77520f8fdee14d7e016f2ca5560c5b	d__Bacteria;p__Acidobacteriota;c__Acidobacteriae;o__Elev-16S-1166;f__Elev-16S-1166;g__Elev-16S-1166;s__	0.9995246208989853
969874e642c37a74f07fbac5691b2cab	d__Bacteria;p__Chloroflexi;c__Ktedonobacteria;o__C0119;f__C0119;g__C0119;s__	0.9963601614009402
68d9b7c785bc3bbd6d160e3aa31dc44a	d__Bacteria;p__Proteobacteria;c__Gammaproteobacteria;o__Burkholderiales;f__TRA3-20;g__TRA3-20;s__	0.9981056761736881
ecf03d070af9890ea0b99ff58ada394e	d__Bacteria;p__Proteobacteria;c__Alphaproteobacteria;o__Micropepsales;f__Micropepsaceae;g__uncultured;s__	0.9866214367258342
84a87843608bf4d751e1815d58ca7dd5	d__Bacteria;p__Bacteroidota;c__Bacteroidia;o__Chitinophagales;f__Chitinophagaceae	0.9999968914517267
a9493b24a5f8a624286a1b665c3463df	d__Bacteria;p__Patescibacteria;c__Parcubacteria;o__Parcubacteria;f__Parcubacteria;g__Parcubacteria;s__	0.9999554138541662
0183d097a1615287695bce48a7338fc7	d__Bacteria;p__Chloroflexi;c__Chloroflexia;o__Thermomicrobiales;f__AKYG1722;g__AKYG1722;s__	0.9999450239254493
fc65f8d23d4ef8090cd2fff471d989b8	d__Bacteria;p__Bacteroidota;c__Bacteroidia;o__Chitinophagales;f__Chitinophagaceae;g__Flavisolibacter;s__	0.9859367136763384
0a19f799ee4342f1dbc53174c81ebcc8	d__Bacteria;p__Proteobacteria;c__Gammaproteobacteria;o__Burkholderiales;f__Comamonadaceae	0.9999948195492026
cbe9a5fe44b673c19f0f868ea6a3769b	d__Bacteria;p__Patescibacteria;c__Microgenomatia;o__Candidatus_Levybacteria;f__Candidatus_Levybacteria;g__Candidatus_Levybacteria;s__	0.9998356434934372
d98f3ccf67871695198476d40edb954f	d__Bacteria;p__Proteobacteria;c__Gammaproteobacteria;o__Burkholderiales;f__Oxalobacteraceae	0.9932246115730825
645a6ae15dcb9d0f2f607b57aecf7ed8	d__Bacteria;p__Chloroflexi;c__Ktedonobacteria;o__C0119;f__C0119;g__C0119;s__	0.9994562238574615
e2133cceb22bca66e96208ea99ac248b	d__Bacteria;p__Acidobacteriota;c__Blastocatellia;o__Pyrinomonadales;f__Pyrinomonadaceae;g__RB41;s__	0.9992233164443215
3309e0bc51501ec18709c9b33a975894	d__Bacteria;p__Planctomycetota;c__vadinHA49;o__vadinHA49;f__vadinHA49;g__vadinHA49;s__	0.9893097999732121
00e724d44c084d3e22e69114db56fe59	d__Bacteria;p__Verrucomicrobiota;c__Verrucomicrobiae;o__Chthoniobacterales;f__Chthoniobacteraceae;g__Candidatus_Udaeobacter;s__	0.9993764714154867
fc378d729608a34fd21dc908fd39741d	d__Bacteria;p__Patescibacteria;c__Parcubacteria;o__Candidatus_Nomurabacteria;f__Candidatus_Nomurabacteria;g__Candidatus_Nomurabacteria;s__	0.9910455058789998
3fec4ce13ac484e1e8422f0716815355	d__Bacteria;p__Verrucomicrobiota;c__Verrucomicrobiae;o__Chthoniobacterales;f__Chthoniobacteraceae;g__Candidatus_Udaeobacter;s__	0.9933051138250675
a9943b702e51a4a3d80141a91c2becc5	d__Bacteria;p__Bacteroidota;c__Bacteroidia;o__Chitinophagales;f__Chitinophagaceae;g__Ferruginibacter;s__	0.9836546400091022
554323002c6f2547949d140abfe20e4e	d__Bacteria;p__Proteobacteria;c__Gammaproteobacteria;o__Diplorickettsiales;f__Diplorickettsiaceae;g__uncultured;s__	0.9989677279167694
7b3fbecee97dcc4181969c3901dc4531	d__Bacteria;p__Chloroflexi;c__Ktedonobacteria;o__Ktedonobacterales;f__Ktedonobacteraceae;g__G12-WMSP1;s__	0.9988841474003239
e60785fdda185ab7ae1c2d2177840855	d__Bacteria;p__Bacteroidota;c__Bacteroidia;o__Sphingobacteriales;f__Sphingobacteriaceae;g__Mucilaginibacter;s__	0.9911533504073309
010dbd9667663af703fbe8b718d754e1	d__Bacteria;p__Verrucomicrobiota;c__Verrucomicrobiae;o__Chthoniobacterales;f__Chthoniobacteraceae;g__Chthoniobacter;s__	0.9998434608213237
738a98416987eaba9f1e1ae24719917f	d__Bacteria;p__Acidobacteriota;c__Vicinamibacteria;o__Vicinamibacterales;f__uncultured;g__uncultured;s__	0.9929598229056966
6cece3bdfbd940f64863b8e6fd6cd920	d__Bacteria;p__Bacteroidota;c__Bacteroidia;o__Sphingobacteriales;f__Sphingobacteriaceae;g__Mucilaginibacter;s__	0.9982070325674522
2f1aa3a468e36d05ac95eb5ffd2e65ee	d__Bacteria;p__Bacteroidota;c__Bacteroidia;o__Chitinophagales;f__Chitinophagaceae;g__uncultured;s__	0.9682203492224448
d47a512d7b30553dbf4abaae0e705f5d	d__Bacteria;p__Armatimonadota;c__Chthonomonadetes;o__Chthonomonadales;f__Chthonomonadaceae;g__Chthonomonas;s__	0.9999994600655989
ac2266aeec50295e97918571240c9af7	d__Bacteria;p__Patescibacteria;c__Parcubacteria;o__Candidatus_Azambacteria;f__Candidatus_Azambacteria;g__Candidatus_Azambacteria;s__	0.9233406201579071
aef16ba6bbbab6d94a15b6eb3d779db3	d__Bacteria;p__Myxococcota;c__Myxococcia;o__Myxococcales;f__Anaeromyxobacteraceae;g__Anaeromyxobacter;s__	0.9969291858164037
f704a248736495a20929f02029c6a558	d__Bacteria;p__Patescibacteria;c__Parcubacteria	0.9876568561968352
2847a1424d6b0a0dc42f9ed5c42c1a3f	d__Bacteria;p__Cyanobacteria;c__Cyanobacteriia;o__Chloroplast;f__Chloroplast;g__Chloroplast;s__	0.9999983071952104
a95b7e21427c8b06bb077cff394d587c	d__Bacteria;p__Bacteroidota;c__Bacteroidia;o__Chitinophagales;f__Chitinophagaceae;g__uncultured;s__	0.989521631078444
c72020ae088b14e72b467a744a87e920	d__Bacteria;p__Proteobacteria;c__Gammaproteobacteria;o__Burkholderiales;f__Oxalobacteraceae	0.999178421168857
b7e54c800887862eff4557723d9082f4	d__Bacteria;p__Planctomycetota;c__Planctomycetes;o__Isosphaerales;f__Isosphaeraceae;g__Tundrisphaera;s__	0.8472876197959747
d681fb69edcc6d0cf75603bf7dd9bbb6	d__Bacteria;p__Bacteroidota;c__Bacteroidia;o__Chitinophagales;f__Chitinophagaceae;g__uncultured;s__	0.951254586324101
a500a4347731a65e902e876f897d423c	d__Bacteria;p__Chloroflexi;c__Ktedonobacteria;o__Ktedonobacterales;f__Ktedonobacteraceae;g__JG30a-KF-32;s__	0.9327070103959226
b514cc24f2a4b631177de430711c37d3	d__Bacteria;p__Myxococcota;c__Polyangia;o__Polyangiales;f__Polyangiaceae;g__Pajaroellobacter;s__	0.9975771453306155
aaab0aeee6d57a884929239b09bca16e	d__Bacteria;p__Chloroflexi;c__Ktedonobacteria;o__Ktedonobacterales;f__Ktedonobacteraceae;g__JG30a-KF-32;s__	0.99915289270706
113c3e0af90bcd4546fd2e0a35527cec	d__Bacteria;p__Planctomycetota;c__Planctomycetes;o__Gemmatales;f__Gemmataceae;g__Fimbriiglobus;s__	0.7930502768388641
2c750171a164f81836ef3dbaf421ec65	d__Bacteria;p__Chloroflexi;c__Ktedonobacteria;o__Ktedonobacterales;f__Ktedonobacteraceae;g__JG30a-KF-32;s__	0.9335159639619207
f21f86dd5898183f4893f56638a23875	d__Bacteria;p__Actinobacteriota;c__Thermoleophilia;o__Solirubrobacterales;f__Solirubrobacteraceae	0.9726264608226145
5483b22df47e9379cea5c60b7cf1ac44	d__Bacteria;p__Proteobacteria;c__Gammaproteobacteria;o__Burkholderiales;f__Comamonadaceae	0.9999998317423696
6a004175d958a3547408ff75d3234d7f	d__Bacteria;p__Patescibacteria	0.9660974466737243
044ce7c42d9989e3cf492ff3c5b5cf09	d__Bacteria;p__Patescibacteria;c__Saccharimonadia;o__Saccharimonadales	0.9999882688922063
a40e5568aca61dd1d83e30d52f4f0915	d__Bacteria;p__Verrucomicrobiota;c__Verrucomicrobiae;o__Chthoniobacterales;f__Chthoniobacteraceae;g__Candidatus_Udaeobacter;s__	0.9950924086332621
c6b0f61518b3cfa653cbc9d13d27caca	d__Bacteria;p__Verrucomicrobiota;c__Verrucomicrobiae;o__Pedosphaerales;f__Pedosphaeraceae;g__Pedosphaeraceae;s__	0.9942157334036817
7b7bd6dfea18a195e698b096dbe60e9d	d__Bacteria;p__Verrucomicrobiota;c__Chlamydiae;o__Chlamydiales	0.9999865422953738
3ac545328be3b1f707b050e7aa4b4a0a	d__Bacteria;p__Bacteroidota;c__Bacteroidia;o__Chitinophagales;f__Chitinophagaceae;g__uncultured;s__	0.9942284029248504
cd260b9a546ecee6b7349a3dce27155b	d__Bacteria;p__Planctomycetota;c__Planctomycetes;o__Gemmatales;f__Gemmataceae;g__uncultured;s__	0.9872067308268901
de70cb63c0fd8f9f5bbcb916da84b2bd	d__Bacteria;p__Actinobacteriota;c__Actinobacteria;o__Frankiales;f__Acidothermaceae;g__Acidothermus;s__	0.9982132679498482
c51756790988080f6e70d3be2d82c525	d__Bacteria;p__Acidobacteriota;c__Acidobacteriae;o__Acidobacteriales;f__Acidobacteriaceae_(Subgroup_1);g__Granulicella;s__	0.9850359908004261
2c45be60042084c73a176a725fe7bffc	d__Bacteria;p__Planctomycetota;c__Planctomycetes;o__Isosphaerales;f__Isosphaeraceae;g__uncultured;s__	0.9804940821778955
d2d93f408d9e0b7e32a8a12a0ce64ada	d__Bacteria;p__Cyanobacteria;c__Cyanobacteriia;o__Chloroplast;f__Chloroplast;g__Chloroplast;s__	0.9534096471779469
72782cc823355d143c5d28766dedd616	d__Bacteria;p__Bacteroidota;c__Kapabacteria;o__Kapabacteriales;f__Kapabacteriales;g__Kapabacteriales;s__	0.9291408644085964
e7f7391ac2044fb929211aecb6580d29	d__Bacteria;p__Planctomycetota;c__Planctomycetes;o__Gemmatales;f__Gemmataceae;g__Fimbriiglobus;s__	0.7827753611695788
a68c4b8d985b3c9a911d9a950e1204fe	d__Bacteria;p__Verrucomicrobiota;c__Verrucomicrobiae;o__Chthoniobacterales;f__Chthoniobacteraceae;g__Chthoniobacter;s__	0.9768213694541464
6a68325ddd3bbc6dccbb36c786ddeead	d__Bacteria;p__Verrucomicrobiota;c__Verrucomicrobiae;o__Chthoniobacterales;f__Terrimicrobiaceae;g__Terrimicrobium;s__	0.996926389214445
ae94040bce88046489a538cc9b17f145	d__Bacteria;p__Chloroflexi;c__Ktedonobacteria;o__C0119;f__C0119;g__C0119;s__	0.9996924196810708
eacff6cacc99a64e59a94943bd33a1e3	d__Bacteria;p__Patescibacteria	0.9780681994813507
08c5b684c284dc57e5bc5d82ced3bcfe	d__Bacteria;p__Proteobacteria;c__Gammaproteobacteria;o__Coxiellales;f__Coxiellaceae;g__Coxiella;s__	0.9599016741257146
45e9faff88cebe89f775d8e2a76bd403	d__Bacteria;p__Patescibacteria;c__Parcubacteria;o__Parcubacteria;f__Parcubacteria;g__Parcubacteria;s__	0.9987454922464927
b8063907411122dd74ee11b549e1621c	d__Bacteria;p__Planctomycetota;c__Planctomycetes;o__Gemmatales;f__Gemmataceae;g__Zavarzinella;s__	0.8957193205970371
705ea969f0f6dfcb0cc1b28a3ec28685	d__Bacteria;p__Planctomycetota;c__Planctomycetes;o__Isosphaerales;f__Isosphaeraceae	0.9999928875689947
9fbc2f37eb7c5fc42095dc18d8b79ba0	d__Bacteria;p__Acidobacteriota;c__Blastocatellia;o__Pyrinomonadales;f__Pyrinomonadaceae;g__RB41;s__	0.9950896020210376
aae67e5569c1463bf488ea0f2d6127d6	d__Bacteria;p__Proteobacteria;c__Gammaproteobacteria;o__Burkholderiales;f__Comamonadaceae;g__Rhizobacter;s__	0.8554511134533379
369043ce0e135d213dd56b6bb1f09bce	d__Bacteria;p__Proteobacteria;c__Gammaproteobacteria;o__Burkholderiales	0.999999990260293
7408d865487b56d8407c94d353af907f	d__Bacteria;p__Actinobacteriota;c__Acidimicrobiia;o__Microtrichales;f__Iamiaceae;g__Iamia;s__	0.9753594759456214
29f761779b8598af8f0fc82db2acc25f	d__Bacteria;p__Planctomycetota;c__Planctomycetes;o__Planctomycetales;f__uncultured;g__uncultured;s__	0.9946057193550302
eb4aa84b5859251aa325f4364ec1e821	d__Bacteria;p__Verrucomicrobiota;c__Verrucomicrobiae;o__Chthoniobacterales;f__Chthoniobacteraceae;g__Candidatus_Udaeobacter;s__	0.9999128411740127
209e18e69f8d9adc94726239cf7e5fc3	d__Bacteria;p__Proteobacteria;c__Alphaproteobacteria;o__Rickettsiales;f__Mitochondria;g__Mitochondria;s__	0.9679219052247541
1d2aab81fcb5a22392db4c46df54952e	d__Bacteria;p__Cyanobacteria;c__Vampirivibrionia;o__Vampirovibrionales;f__Vampirovibrionaceae;g__Vampirovibrionaceae;s__	0.9999764134091768
79a50fe80c6cce8be06496325120fb50	d__Bacteria;p__Bacteroidota;c__Bacteroidia;o__Cytophagales;f__Cytophagaceae;g__Cytophaga;s__	0.9950157615309109
3c99fedbbc12f6c4c52fbc3de29277d6	d__Bacteria;p__Planctomycetota;c__Phycisphaerae;o__Tepidisphaerales;f__WD2101_soil_group;g__WD2101_soil_group;s__	0.9999774045273546
20f1bcc4cda100b0829d1f16dacf3ed6	d__Bacteria;p__Patescibacteria;c__Parcubacteria;o__GWA2-38-13b;f__GWA2-38-13b;g__GWA2-38-13b;s__	0.9600352294295486
858bfd6d8ec86489907966a7ef689d6a	d__Bacteria;p__Bacteroidota;c__Bacteroidia;o__Chitinophagales;f__Chitinophagaceae	0.9999969618992597
b59092c399c462e07fca1b347590d68d	d__Bacteria;p__Proteobacteria;c__Alphaproteobacteria;o__Rhizobiales;f__KF-JG30-B3;g__KF-JG30-B3;s__	0.9999937786349993
241e4ab594ac50d34de733e8dda6aa89	d__Bacteria;p__Patescibacteria;c__Parcubacteria;o__Candidatus_Nomurabacteria;f__Candidatus_Nomurabacteria;g__Candidatus_Nomurabacteria;s__	0.9335786322049603
086c7b0c9dd60ab960cf3ee217b3ddc7	d__Bacteria;p__Proteobacteria;c__Gammaproteobacteria;o__Coxiellales;f__Coxiellaceae;g__Coxiella;s__	0.9285023738526715
fb0c395090e09244e0aac6d998c4cea2	d__Bacteria;p__Elusimicrobiota;c__Lineage_IIa;o__Lineage_IIa;f__Lineage_IIa;g__Lineage_IIa;s__	0.9999992022824016
464feea121f9242847ed74fc7692d6ea	d__Bacteria;p__Myxococcota;c__Polyangia;o__Polyangiales;f__Polyangiaceae;g__Pajaroellobacter;s__	0.9957033866387305
4ee7d1fca617da0ee4922afe0535e385	d__Bacteria;p__Gemmatimonadota;c__Gemmatimonadetes;o__Gemmatimonadales;f__Gemmatimonadaceae;g__Gemmatimonas;s__	0.9981325538565679
8225f067a77f556698d7a328eea87d3c	d__Bacteria;p__Actinobacteriota;c__Acidimicrobiia;o__Microtrichales;f__uncultured;g__uncultured;s__	0.8304146375011008
3db62d8b8b182d3b50b61fb068137d1e	d__Bacteria;p__Chloroflexi;c__Ktedonobacteria;o__Ktedonobacterales;f__Ktedonobacteraceae;g__JG30a-KF-32;s__	0.9940307751985465
9a1f4e8de607929c793f14d0bcd23157	d__Bacteria;p__Patescibacteria;c__Saccharimonadia;o__Saccharimonadales;f__Saccharimonadales;g__Saccharimonadales;s__	0.7586018964740336
f365377abb8eebb97b2064f7bcb298e8	d__Bacteria;p__Acidobacteriota;c__Blastocatellia;o__Pyrinomonadales;f__Pyrinomonadaceae;g__RB41;s__	0.9998731141546804
df42ed0c9f04c00aa47f298295db1427	d__Bacteria;p__Actinobacteriota;c__Acidimicrobiia;o__Microtrichales;f__Ilumatobacteraceae;g__uncultured;s__	0.9022269728741366
c75022434a48147ee460cf49f65a5471	d__Bacteria;p__Cyanobacteria;c__Sericytochromatia;o__Sericytochromatia;f__Sericytochromatia;g__Sericytochromatia;s__	0.999997525232281
45cbddfc741cbff6066ce61402d2267a	d__Bacteria;p__Elusimicrobiota;c__Lineage_IIa;o__Lineage_IIa;f__Lineage_IIa;g__Lineage_IIa;s__	0.9999888657558229
7c0297fb0e37033db6740625e4ab0806	d__Bacteria;p__Acidobacteriota;c__Vicinamibacteria;o__Vicinamibacterales;f__uncultured;g__uncultured;s__	0.999405588075655
131646a61858acb05fa05b231d87c671	d__Bacteria;p__Verrucomicrobiota;c__Verrucomicrobiae;o__Chthoniobacterales;f__Chthoniobacteraceae;g__Candidatus_Udaeobacter;s__	0.9989692626320732
bd08d860d8e6073cb649228cc5e05f78	d__Bacteria;p__Proteobacteria;c__Gammaproteobacteria;o__Pseudomonadales;f__Pseudomonadaceae;g__Pseudomonas;s__	0.9867963292873843
70d9194d9e1ba171f170f8306786b522	d__Bacteria;p__Acidobacteriota;c__Acidobacteriae;o__Subgroup_2;f__Subgroup_2;g__Subgroup_2;s__	0.9675215159606134
b870051b22681ee7a9d7c5c861ce0bfe	d__Bacteria;p__Planctomycetota;c__Planctomycetes;o__Gemmatales;f__Gemmataceae;g__uncultured;s__	0.9994155149587991
97ec0096fbae5540804be0fa8a2409d6	d__Bacteria;p__Bacteroidota;c__Bacteroidia;o__Sphingobacteriales;f__Sphingobacteriaceae;g__Mucilaginibacter;s__	0.9980730482190023
729e28fc9ba8ee91e6ddfa339f040900	d__Bacteria;p__Gemmatimonadota;c__Gemmatimonadetes;o__Gemmatimonadales;f__Gemmatimonadaceae;g__uncultured;s__	0.9990808440586153
4ed679c15a8d3ed5434ce4a0e573d239	d__Bacteria;p__Verrucomicrobiota;c__Verrucomicrobiae;o__Chthoniobacterales;f__Chthoniobacteraceae;g__Candidatus_Udaeobacter;s__	0.9975155889322015
e075a986660c022e89769b239ca91874	d__Bacteria;p__Armatimonadota;c__Fimbriimonadia;o__Fimbriimonadales;f__Fimbriimonadaceae;g__Fimbriimonadaceae;s__	0.999718089688715
8ec185846dee954cff3a87bc1c0360f2	d__Bacteria;p__Planctomycetota;c__Planctomycetes;o__Gemmatales;f__Gemmataceae;g__Gemmata;s__	0.9994758585392257
751519f87856cd975e5a4d7f45c1c67f	d__Bacteria;p__Planctomycetota;c__Planctomycetes;o__Isosphaerales;f__Isosphaeraceae	0.9999907005489286
d63368c24397b3879e072d9a19b63004	d__Bacteria;p__Myxococcota;c__Myxococcia;o__Myxococcales;f__Anaeromyxobacteraceae;g__Anaeromyxobacter;s__	0.9995888374635907
1f1fb77a532496e2cbeea84c45d0b2af	d__Bacteria;p__Verrucomicrobiota;c__Verrucomicrobiae;o__Chthoniobacterales;f__Chthoniobacteraceae;g__Candidatus_Udaeobacter;s__	0.9736378273655992
07442ecd93a5237fe45aba6b4bbd1200	d__Bacteria;p__Bacteroidota;c__Ignavibacteria;o__SJA-28;f__SJA-28;g__SJA-28;s__	0.9999976773981957
e6fdb1e454086c08e91d882be399cf42	d__Bacteria;p__Bacteroidota;c__Bacteroidia;o__Chitinophagales;f__Chitinophagaceae;g__Heliimonas;s__	0.9916686747976803
3def34831e84d881fa641975bc845b18	d__Bacteria;p__Chloroflexi;c__Ktedonobacteria;o__C0119;f__C0119;g__C0119;s__	0.9996215241955599
cc82ad73d49ffe22d663434f1eebb541	d__Bacteria;p__Actinobacteriota;c__Thermoleophilia;o__Gaiellales	0.9999994872300673
dba0f05752fa7da61c9a29d9c9769ffb	d__Bacteria;p__Acidobacteriota;c__Acidobacteriae;o__Solibacterales;f__Solibacteraceae;g__Candidatus_Solibacter;s__	0.996905287988231
cb28056cc43fba2f8896810229069842	d__Bacteria;p__Bacteroidota;c__Bacteroidia;o__Sphingobacteriales;f__AKYH767;g__AKYH767;s__	0.9872265839745573
a7e3fb602d3bc310f6f21488c537b69c	d__Bacteria;p__Acidobacteriota;c__Blastocatellia;o__Pyrinomonadales;f__Pyrinomonadaceae;g__RB41;s__	0.9978285758853774
e75d865b7036c551aed47fac882e97b7	d__Bacteria;p__Actinobacteriota;c__Acidimicrobiia	0.9999417081852309
bbb31cd352d4df6f0b5391cb0230eb4b	d__Bacteria;p__Armatimonadota;c__Fimbriimonadia;o__Fimbriimonadales;f__Fimbriimonadaceae;g__Fimbriimonadaceae;s__	0.9986597022685345
5d4685b0e09fc3f441a7a5edd3611d5f	d__Bacteria;p__Proteobacteria;c__Alphaproteobacteria;o__Rickettsiales;f__Rickettsiaceae;g__Candidatus_Megaira;s__	0.8142323217664381
25a2c1ecd4db20db8d02fa6a2fe353a5	d__Bacteria;p__Myxococcota;c__Myxococcia;o__Myxococcales;f__Anaeromyxobacteraceae;g__Anaeromyxobacter;s__	0.9973556547380167
c8b3933faf643c99844aef8d75811359	d__Bacteria;p__Acidobacteriota;c__Blastocatellia;o__Pyrinomonadales;f__Pyrinomonadaceae;g__RB41;s__	0.9977897781224248
ddcbb20061610f83287c33a625d71323	d__Bacteria;p__Myxococcota;c__Polyangia;o__Haliangiales;f__Haliangiaceae;g__Haliangium;s__	0.99977517299748
45e36768ea563c410bac33c2d4a5a0c9	d__Bacteria;p__Verrucomicrobiota;c__Verrucomicrobiae;o__Chthoniobacterales;f__Chthoniobacteraceae;g__Candidatus_Udaeobacter;s__	0.9955122353920728
e9d8c8d63901048515873b580a979912	d__Bacteria;p__Actinobacteriota;c__Actinobacteria;o__Pseudonocardiales;f__Pseudonocardiaceae;g__Pseudonocardia;s__	0.9996577349790543
11a2fc391b17600f1dafc56263db4d6a	d__Bacteria;p__Proteobacteria;c__Alphaproteobacteria;o__Rhizobiales;f__Xanthobacteraceae;g__Pseudolabrys;s__	0.850394037964617
d443ba54ddf3677ee4dd7d483a633bc3	d__Bacteria;p__Proteobacteria;c__Gammaproteobacteria;o__Diplorickettsiales;f__Diplorickettsiaceae;g__uncultured;s__	0.9985812367733452
7d65ace1af4c4e16745848ee8560b785	d__Bacteria;p__Bacteroidota;c__Bacteroidia;o__Chitinophagales;f__Chitinophagaceae;g__uncultured;s__	0.9841070488168067
3941fb2848233616de1edffdb02a67ee	d__Bacteria;p__Armatimonadota;c__Fimbriimonadia;o__Fimbriimonadales;f__Fimbriimonadaceae;g__Fimbriimonadaceae;s__	0.9996497430704779
f21776a6f89a9cb77bed4b00320f2c01	d__Bacteria;p__Gemmatimonadota;c__Gemmatimonadetes;o__Gemmatimonadales;f__Gemmatimonadaceae;g__Gemmatimonas;s__	0.9878469880730357
62079dd99f4f6be7d2cd616ebeeb3846	d__Bacteria;p__Planctomycetota;c__Planctomycetes;o__Gemmatales;f__Gemmataceae;g__uncultured;s__	0.7862715942554687
808576454023680c66ecd4fde7e9b5ce	d__Bacteria;p__Patescibacteria;c__Gracilibacteria;o__Candidatus_Peribacteria;f__Candidatus_Peribacteria;g__Candidatus_Peribacteria;s__	0.9999983007640991
860d5b23efc73e2880ec9552da80fef9	d__Bacteria;p__Patescibacteria;c__Saccharimonadia;o__Saccharimonadales;f__WWH38;g__WWH38;s__	0.9763872511637067
70d35a2e63a3f3f9233504a4b80d4df6	d__Bacteria;p__Verrucomicrobiota;c__Verrucomicrobiae;o__Chthoniobacterales;f__Chthoniobacteraceae;g__Candidatus_Udaeobacter;s__	0.9998108595873962
132f83ef50b3af3bf61d73864e0641b1	d__Bacteria;p__Proteobacteria;c__Gammaproteobacteria;o__Burkholderiales;f__Oxalobacteraceae	0.7839676857434499
92396beb6c0247432d1afc29199d36e8	d__Bacteria;p__Elusimicrobiota;c__Lineage_IIa;o__Lineage_IIa;f__Lineage_IIa;g__Lineage_IIa;s__	0.9999992260710695
e7786d526ae03a18feeaa334abd1c506	d__Bacteria;p__Patescibacteria;c__Parcubacteria;o__Candidatus_Vogelbacteria;f__Candidatus_Vogelbacteria;g__Candidatus_Vogelbacteria;s__	0.7911730535046517
ed563200b13e5f52150b6a0ed6224619	d__Bacteria;p__Bacteroidota;c__Bacteroidia;o__Chitinophagales;f__Chitinophagaceae;g__uncultured;s__	0.8704704843977982
60730afb5e64154517485d391658aa30	d__Bacteria;p__Patescibacteria;c__Microgenomatia;o__Candidatus_Pacebacteria;f__Candidatus_Pacebacteria;g__Candidatus_Pacebacteria;s__	0.9463277124117514
3fd605032cd6c61dc1820d3a5e75fdbc	d__Bacteria;p__Planctomycetota;c__Planctomycetes;o__Gemmatales;f__Gemmataceae;g__uncultured;s__	0.9721858554314917
4098febdf787e2fc648a6575da70d34a	d__Bacteria;p__Proteobacteria;c__Gammaproteobacteria;o__Burkholderiales;f__Oxalobacteraceae;g__Massilia;s__	0.8848661072298787
69ea1def93a2e737bf7f1638a7288435	d__Bacteria;p__Armatimonadota;c__Chthonomonadetes;o__Chthonomonadales;f__Chthonomonadaceae;g__Chthonomonas;s__	0.9999983428484231
e340458217722137825eb3a61300b764	d__Bacteria;p__Patescibacteria;c__Saccharimonadia;o__Saccharimonadales	0.9999899580797428
0d849e9ba0142c9c0efb71f9dac0f07e	d__Bacteria;p__Bacteroidota;c__Bacteroidia;o__Cytophagales;f__Microscillaceae	0.9997644253149751
0dc839496bb31e7c81a4bcb3ce9bf6b7	d__Bacteria;p__Patescibacteria;c__Parcubacteria;o__Parcubacteria;f__Parcubacteria;g__Parcubacteria;s__	0.9045614192054077
2855970864e24df1f16f339ae939df1e	d__Bacteria;p__Proteobacteria;c__Alphaproteobacteria;o__Rhizobiales;f__Devosiaceae;g__Devosia;s__	0.7749339809585439
1592e71d7eca218f3841049f98aade47	d__Bacteria;p__Proteobacteria;c__Gammaproteobacteria;o__Burkholderiales;f__A21b;g__A21b;s__	0.9981127867480853
c518f29142e0e95de4b187b580f35c84	d__Bacteria;p__Planctomycetota;c__Planctomycetes;o__Planctomycetales;f__Schlesneriaceae;g__Schlesneria;s__	0.9999518751287686
2cc3f7b0755465ca23de1aad09501208	d__Bacteria;p__Bdellovibrionota;c__Oligoflexia;o__0319-6G20;f__0319-6G20;g__0319-6G20;s__	0.9991193236934355
fc2fc0895513d805569c2f404613be40	d__Bacteria;p__Verrucomicrobiota;c__Verrucomicrobiae;o__Chthoniobacterales;f__Chthoniobacteraceae;g__Candidatus_Udaeobacter;s__	0.9686711990790219
e28028c1514bd1ebd0f9921605d49fab	d__Bacteria;p__Armatimonadota;c__Fimbriimonadia;o__Fimbriimonadales;f__Fimbriimonadaceae;g__Fimbriimonadaceae;s__	0.9983881512824434
5d57b3fa8aadfa7567b8cf0ff97c26f4	d__Bacteria;p__Chloroflexi;c__JG30-KF-CM66;o__JG30-KF-CM66;f__JG30-KF-CM66;g__JG30-KF-CM66;s__	0.950748811648754
4bafe24ea22bb2effe934b7dd93622f0	d__Bacteria;p__Bacteroidota;c__Bacteroidia;o__Sphingobacteriales;f__env.OPS_17;g__env.OPS_17;s__	0.9999997855346922
a9d885f0089342ab64072024e2b0524e	d__Bacteria;p__Proteobacteria;c__Gammaproteobacteria;o__Diplorickettsiales;f__Diplorickettsiaceae;g__uncultured;s__	0.9808812764533887
ac4bb453b78ac61b57d6e19cff25d675	d__Bacteria;p__Planctomycetota;c__vadinHA49;o__vadinHA49;f__vadinHA49;g__vadinHA49;s__	0.9999431612225547
754c9b1a4fceda574f613ef8c1cd4e71	d__Bacteria;p__Bacteroidota;c__Bacteroidia;o__Chitinophagales;f__Chitinophagaceae;g__uncultured;s__	0.9614450089153888
e3109a11d4c97e4ec87d423328f09221	d__Bacteria;p__Proteobacteria;c__Gammaproteobacteria;o__Burkholderiales	0.9999802932609826
be6096d02e485e390de3f9a4447d6dcb	d__Bacteria;p__Chloroflexi;c__AD3;o__AD3;f__AD3;g__AD3;s__	0.9170197272608728
c33b9031cecd8df35947d8090566d99e	d__Bacteria;p__Patescibacteria;c__Parcubacteria;o__Candidatus_Kaiserbacteria;f__Candidatus_Kaiserbacteria;g__Candidatus_Kaiserbacteria;s__	0.9998239328893486
4ec7dca224205b7d3e2cf20e4de2f76d	d__Bacteria;p__Proteobacteria;c__Alphaproteobacteria;o__Rhizobiales;f__Beijerinckiaceae;g__Roseiarcus;s__	0.9998912150682562
7be899d249325a1f25bb660b2402376f	d__Bacteria;p__Planctomycetota;c__Planctomycetes;o__Isosphaerales;f__Isosphaeraceae;g__uncultured;s__	0.9719789327115425
8aac16af011314c3bc68d6c95c6746ed	d__Bacteria;p__Proteobacteria;c__Gammaproteobacteria;o__Burkholderiales;f__SC-I-84;g__SC-I-84;s__	0.955388546262042
946cc7a71dd1f4c0661256de4ceff782	d__Bacteria;p__Chloroflexi;c__Ktedonobacteria;o__C0119;f__C0119;g__C0119;s__	0.9998152955625178
054b134b9becb04eca5b029028169828	d__Bacteria;p__Bacteroidota;c__Bacteroidia;o__Cytophagales;f__Cytophagaceae;g__Cytophaga;s__	0.9999993713898321
039fe791fdb402d5805888d6a0847cdb	d__Bacteria;p__Proteobacteria;c__Gammaproteobacteria;o__Gammaproteobacteria_Incertae_Sedis;f__Unknown_Family;g__Candidatus_Ovatusbacter;s__	0.9995408315280198
80856dc4c1479418203b274f72973c83	d__Bacteria;p__Proteobacteria;c__Gammaproteobacteria;o__Gammaproteobacteria_Incertae_Sedis;f__Unknown_Family;g__Candidatus_Ovatusbacter;s__	0.9621029867172081
6daedfa509000297e5bef5b8e4a26bc4	d__Bacteria;p__Verrucomicrobiota;c__Verrucomicrobiae;o__Opitutales;f__Opitutaceae;g__Lacunisphaera;s__	0.9929730836636443
5fd83ba000a732e03876ef7330490f4c	d__Bacteria;p__Verrucomicrobiota;c__Verrucomicrobiae;o__Opitutales;f__Opitutaceae	0.9999999996686342
bb1a60837a1ca46de59ba5879e1b7ab0	d__Bacteria;p__Planctomycetota;c__Planctomycetes;o__Pirellulales;f__Pirellulaceae;g__Pirellula;s__	0.9980455882625205
dc48c481468c8a66dd70fd79e108a77e	d__Bacteria;p__Verrucomicrobiota;c__Chlamydiae;o__Chlamydiales;f__Parachlamydiaceae;g__uncultured;s__	0.817179892087541
debfff27fc8597a47e9186d90ee70798	d__Bacteria;p__Planctomycetota;c__Planctomycetes;o__Gemmatales;f__Gemmataceae;g__Fimbriiglobus;s__	0.9981990553181896
bd0352d0d018a4cd0be67ac8c35e6236	d__Bacteria;p__Proteobacteria;c__Alphaproteobacteria;o__Rhizobiales	0.9815807175810025
f37213cb2c2b6c0b66799332cf78d673	d__Bacteria;p__Bacteroidota;c__Bacteroidia;o__Sphingobacteriales;f__env.OPS_17;g__env.OPS_17;s__	0.99997937367873
ec8e7eca8dd14d40937dfbc9313d2dc7	d__Bacteria;p__Planctomycetota;c__Planctomycetes;o__Gemmatales;f__Gemmataceae;g__Gemmata;s__	0.9952912233025291
61ace6cb4c378b5fccd898a9d905fe01	d__Bacteria	0.9999021717626337
feccd3c32820322b3f479de41923c86d	d__Bacteria;p__Patescibacteria;c__Microgenomatia;o__Candidatus_Pacebacteria;f__Candidatus_Pacebacteria;g__Candidatus_Pacebacteria;s__	0.9636651586476224
a4699dfb2ef70e6ac57b83d51a873407	d__Bacteria;p__Bacteroidota;c__Bacteroidia;o__Chitinophagales;f__Chitinophagaceae;g__uncultured;s__	0.9295907618314566
4326138fbd1f41ee09e2a0859ab273e3	d__Bacteria;p__Proteobacteria;c__Alphaproteobacteria;o__Rickettsiales;f__Mitochondria;g__Mitochondria;s__	0.9809338067541749
d689940c9b117f1e31f99ea1d6fbb8e5	d__Bacteria;p__Chloroflexi;c__KD4-96;o__KD4-96;f__KD4-96;g__KD4-96;s__	0.9999951798757459
1d1aefe2e0d260a49a13112dc328b49c	d__Bacteria;p__Bacteroidota;c__Bacteroidia;o__Chitinophagales;f__Chitinophagaceae;g__uncultured;s__	0.9852452911625879
182ce97ed9a724604af35efae095f22e	d__Bacteria;p__Proteobacteria;c__Gammaproteobacteria;o__Burkholderiales	0.9999923508293227
580475e0edae84c1a57586626aaf1e3f	d__Bacteria;p__Acidobacteriota;c__Blastocatellia;o__Pyrinomonadales;f__Pyrinomonadaceae;g__RB41;s__	0.9999103948074347
34178067e09c3d983d2cf6d5fb82bd8a	d__Bacteria;p__Bacteroidota;c__Bacteroidia;o__Cytophagales;f__Cytophagaceae;g__Sporocytophaga;s__	0.9948139877052677
b446521e741cf254ccfcc86e0cda5b5f	d__Bacteria;p__Planctomycetota;c__Phycisphaerae;o__Tepidisphaerales;f__WD2101_soil_group;g__WD2101_soil_group;s__	0.9998306713980921
0211d452e08fc403f622b699bc6b5098	d__Bacteria;p__Myxococcota;c__Polyangia;o__Polyangiales;f__BIrii41;g__BIrii41;s__	0.9997573378117123
98013b37424cd53de632583747b179bf	d__Bacteria;p__Patescibacteria;c__Parcubacteria;o__Parcubacteria;f__Parcubacteria;g__Parcubacteria;s__	0.7847348301101894
55d6cf84e361850ee89990ca84e6bbcb	d__Bacteria;p__Bacteroidota;c__Bacteroidia;o__Sphingobacteriales;f__AKYH767;g__AKYH767;s__	0.9912710221229367
96e2c850b5a5a0b5ee60033763a7bf21	d__Bacteria;p__Actinobacteriota;c__Actinobacteria;o__Pseudonocardiales;f__Pseudonocardiaceae;g__Pseudonocardia;s__	0.9994131900400743
677d7b51160e5f5765f99aee023d5789	d__Bacteria;p__Bacteroidota;c__Bacteroidia;o__Chitinophagales;f__Chitinophagaceae;g__uncultured;s__	0.9869209078810685
a381d86088998a47af543e207fb973e9	d__Bacteria;p__Proteobacteria;c__Alphaproteobacteria;o__Rickettsiales;f__Rickettsiaceae	0.9997968452481691
db0cc8b85835dc7a27e70c44ea635d0d	d__Bacteria;p__Chloroflexi;c__Ktedonobacteria;o__Ktedonobacterales;f__Ktedonobacteraceae;g__JG30a-KF-32;s__	0.9961031626787655
6aac4ca6de323108ffc5161ab3d90f77	d__Bacteria;p__Chloroflexi;c__Ktedonobacteria;o__Ktedonobacterales;f__Ktedonobacteraceae;g__JG30a-KF-32;s__	0.9992099869948259
1c3b39c6019a1a686740e96107da14ea	d__Bacteria;p__Proteobacteria;c__Alphaproteobacteria;o__Rhizobiales;f__Beijerinckiaceae	0.9354655463813694
e074ffb41b4d14292f941bec0af0eaf7	d__Bacteria;p__Chloroflexi;c__Ktedonobacteria;o__Ktedonobacterales;f__Ktedonobacteraceae;g__JG30a-KF-32;s__	0.9179792109267689
b0efcb45288fbd85817d70ba6bc772cb	d__Bacteria;p__Chloroflexi;c__AD3;o__AD3;f__AD3;g__AD3;s__	0.9936058795982292
ebed9278ce5de09388c7fd35bbb5d75a	d__Bacteria;p__Chloroflexi;c__Ktedonobacteria;o__Ktedonobacterales;f__Ktedonobacteraceae	0.9980377070796254
8d49e4655869c027aac049d9c688ffc8	d__Bacteria;p__Proteobacteria;c__Gammaproteobacteria	0.9988848146921708
70800be4d4f470d4513a1c556f44ae47	d__Bacteria;p__Proteobacteria;c__Gammaproteobacteria;o__Burkholderiales;f__Oxalobacteraceae;g__Paraherbaspirillum;s__	0.707064573445122
9a62bacbd05fdb3fc836d0995513bfb1	d__Bacteria;p__Proteobacteria;c__Gammaproteobacteria;o__Xanthomonadales;f__Xanthomonadaceae;g__uncultured;s__	0.9571769512447141
7ad5bc664d65b054eeb53905f7738a9a	d__Bacteria;p__Proteobacteria;c__Gammaproteobacteria;o__Burkholderiales;f__A21b;g__A21b;s__	0.9695743477065317
cd5f03ca85421925fbbd1b60b03f566f	d__Bacteria;p__Verrucomicrobiota;c__Verrucomicrobiae;o__Chthoniobacterales;f__Chthoniobacteraceae;g__Chthoniobacter;s__	0.9981897735076732
4fa6e3b71626fea32f91130d21b9ffee	d__Bacteria;p__Proteobacteria;c__Gammaproteobacteria;o__Burkholderiales;f__Nitrosomonadaceae;g__Ellin6067;s__	0.9999974211711161
8d77d68a5bb348943a46f12cf21501d7	d__Bacteria;p__Actinobacteriota;c__Acidimicrobiia;o__Microtrichales	0.7858891766174398
d60cb03bc549768423fa426b4d65f6c8	d__Bacteria;p__Acidobacteriota;c__Holophagae;o__Subgroup_7;f__Subgroup_7;g__Subgroup_7;s__	0.9999986002909357
2ccfaa174d4ab214875668086b540e02	d__Bacteria;p__Patescibacteria;c__Microgenomatia;o__Candidatus_Pacebacteria;f__Candidatus_Pacebacteria;g__Candidatus_Pacebacteria;s__	0.9999659569166852
c6e551d8825d15baef17a88a7ec641c8	d__Bacteria;p__Cyanobacteria;c__Cyanobacteriia;o__Chloroplast;f__Chloroplast;g__Chloroplast;s__	0.9992059351904078
b2a8dd9c3b9efcc2603ca8209de95080	d__Bacteria;p__Patescibacteria;c__Parcubacteria;o__Candidatus_Kaiserbacteria;f__Candidatus_Kaiserbacteria;g__Candidatus_Kaiserbacteria;s__	0.8321434037985368
f57deff367b69e1c7fd889c3ab410e96	d__Bacteria;p__Gemmatimonadota;c__Gemmatimonadetes;o__Gemmatimonadales;f__Gemmatimonadaceae;g__Gemmatimonas;s__	0.9923613455136135
943af9df36d451f00d61f29a5482e6e6	d__Bacteria;p__Planctomycetota;c__Planctomycetes;o__Gemmatales;f__Gemmataceae;g__uncultured;s__	0.9950283320524663
a8558ad0a1d3e9ae52522008059837fb	d__Bacteria;p__Actinobacteriota;c__Actinobacteria;o__Pseudonocardiales;f__Pseudonocardiaceae;g__Crossiella;s__	0.9942035667371332
a17cb2795c372791e386cc29b4ef5730	d__Bacteria;p__Gemmatimonadota;c__Gemmatimonadetes;o__Gemmatimonadales;f__Gemmatimonadaceae	0.9999135869490352
6b32516b6fd8cb9965e6f4170318b9cf	d__Bacteria;p__Bacteroidota;c__Bacteroidia;o__Chitinophagales;f__Chitinophagaceae;g__Ferruginibacter;s__	0.9871317385845017
bd43188dbc5c0e716f0383635f53ecce	d__Bacteria;p__Chloroflexi;c__Ktedonobacteria;o__C0119;f__C0119;g__C0119;s__	0.9997077083699464
62d871c8504266a3e709a5452655b90c	d__Bacteria;p__Verrucomicrobiota;c__Verrucomicrobiae;o__Pedosphaerales;f__Pedosphaeraceae;g__Pedosphaera;s__	0.8857481491596323
0c2173b210792b0f9bb35172bf39ec07	d__Bacteria;p__Proteobacteria;c__Gammaproteobacteria;o__Burkholderiales;f__Nitrosomonadaceae;g__Nitrosospira;s__	0.9987965724182907
0a8024032cdf34d3bc2ee06fc097dea9	d__Bacteria;p__Proteobacteria;c__Gammaproteobacteria;o__Xanthomonadales;f__Xanthomonadaceae	0.9806816279595958
2832c8810c9874803261b57716729457	d__Bacteria;p__Bacteroidota;c__Bacteroidia;o__Sphingobacteriales;f__Sphingobacteriaceae;g__Mucilaginibacter;s__	0.9972493091903772
6a160ced55ebfe24d082e870a562e9ba	d__Bacteria;p__Chloroflexi;c__Chloroflexia;o__Chloroflexales;f__Roseiflexaceae;g__uncultured;s__	0.9999936204483783
640e9cb0189a8e00dc313461f6b7ac64	d__Bacteria;p__Bacteroidota;c__Bacteroidia;o__Sphingobacteriales;f__KD3-93;g__KD3-93;s__	0.9998338763580098
0a3aef7e46ed403a5a485ee54ca0830c	d__Bacteria;p__Planctomycetota;c__Planctomycetes;o__Planctomycetales;f__uncultured;g__uncultured;s__	0.9284065583024568
d33d4d7eb65169449bbf819eb2be3617	d__Bacteria;p__Chloroflexi;c__Ktedonobacteria;o__C0119;f__C0119;g__C0119;s__	0.9173786653047256
6884d870395eebb1d965fbbed588ef56	d__Bacteria;p__Acidobacteriota;c__Holophagae;o__Subgroup_7;f__Subgroup_7;g__Subgroup_7;s__	0.9999974993523042
a9bb0efdbc28af10ef0a37cab166b4a6	d__Bacteria;p__Proteobacteria;c__Gammaproteobacteria;o__Xanthomonadales;f__Rhodanobacteraceae;g__Rhodanobacter;s__	0.9590586630217299
64de043f9d7e684daf57c4f5a1d41159	d__Bacteria;p__Proteobacteria;c__Alphaproteobacteria;o__Rickettsiales;f__Mitochondria;g__Mitochondria;s__	0.972300240833292
4b56a6130937da9c28e4f049d45517b5	d__Bacteria;p__Myxococcota;c__Polyangia;o__Haliangiales;f__Haliangiaceae;g__Haliangium;s__	0.8228692802078349
a30bc66f1cfc1826fe42d2151a69c13b	d__Bacteria;p__Patescibacteria;c__Saccharimonadia;o__Saccharimonadales	0.9999991764206098
35e0fdadf084971bf28da2aaaeceb8f5	d__Bacteria;p__Bdellovibrionota;c__Oligoflexia;o__0319-6G20;f__0319-6G20;g__0319-6G20;s__	0.9999555920556126
1291c5f27df52bce2982cbec8f22f6dd	d__Bacteria;p__Proteobacteria;c__Alphaproteobacteria;o__Acetobacterales;f__Acetobacteraceae	0.9999748824645085
02a01a7f9663e42bad6c605690e3596f	d__Bacteria;p__Chloroflexi;c__Anaerolineae;o__SBR1031;f__A4b;g__A4b;s__	0.998207413005639
08e60d301d9dd7db88de78e62188af59	d__Bacteria;p__Planctomycetota;c__Planctomycetes;o__Isosphaerales;f__Isosphaeraceae	0.9996743218881079
a293d85f9869754476b72a5e36620723	d__Bacteria;p__Myxococcota;c__Myxococcia;o__Myxococcales;f__Anaeromyxobacteraceae;g__Anaeromyxobacter;s__	0.999350284994376
551733bda4bd308a480099e243565020	d__Bacteria;p__Bacteroidota;c__Bacteroidia;o__Chitinophagales;f__Chitinophagaceae;g__Ferruginibacter;s__	0.996740301757294
c66eaea7e35f9b6e0cd8e702e4e73e5a	d__Bacteria;p__Patescibacteria;c__Parcubacteria;o__Parcubacteria;f__Parcubacteria;g__Parcubacteria;s__	0.9433587747575082
c40894c66022db659dc895d1d98239e4	d__Bacteria;p__Proteobacteria;c__Gammaproteobacteria;o__Coxiellales;f__Coxiellaceae;g__Coxiella;s__	0.8019352360881228
f5ff8626f2534772a07578847600d834	d__Bacteria;p__Acidobacteriota;c__Holophagae;o__Subgroup_7;f__Subgroup_7;g__Subgroup_7;s__	0.9999990979149321
0d9de3eab459e874233771714b7596e2	d__Bacteria;p__Planctomycetota;c__Phycisphaerae;o__Tepidisphaerales;f__WD2101_soil_group;g__WD2101_soil_group;s__	0.9999807825936111
dd9fe5a38436132c3bed8e149a2ab48f	d__Bacteria;p__Chloroflexi;c__Ktedonobacteria;o__C0119;f__C0119;g__C0119;s__	0.9942899319295158
7ca98cb5eea4815e9f175fd5fae6fde4	d__Bacteria;p__Bacteroidota;c__Bacteroidia;o__Chitinophagales;f__Chitinophagaceae;g__uncultured;s__	0.991765925604383
b15f533b968254dc107ea578b8274917	d__Bacteria;p__Acidobacteriota;c__Blastocatellia;o__Pyrinomonadales;f__Pyrinomonadaceae;g__RB41;s__	0.9916503433798355
f6bae06e5bfcfe536345587cd6fb976c	d__Bacteria;p__Patescibacteria;c__Saccharimonadia;o__Saccharimonadales;f__Saccharimonadales;g__Saccharimonadales;s__	0.9602662766978816
249787d72da30fd8fee6bfb905104ed6	d__Bacteria;p__Proteobacteria;c__Gammaproteobacteria;o__Burkholderiales;f__Oxalobacteraceae	0.9984735850279494
c535d4167594dc61a58b0adcf50747c1	d__Bacteria;p__Desulfobacterota;c__Desulfuromonadia;o__Geobacterales;f__Geobacteraceae;g__Geobacter;s__	0.986135310963325
11867987790b8b1ca1940901139de60a	d__Bacteria;p__Proteobacteria;c__Gammaproteobacteria;o__Gammaproteobacteria_Incertae_Sedis;f__Unknown_Family;g__Candidatus_Ovatusbacter;s__	0.9989347929408535
f0ddee2f2989b21e607f740053e46a07	d__Bacteria;p__Planctomycetota;c__Phycisphaerae;o__Tepidisphaerales;f__CPla-3_termite_group;g__CPla-3_termite_group;s__	0.9999997893697463
43cc5b4da24b00d3a236ed30a7b201b2	d__Bacteria;p__Verrucomicrobiota;c__Verrucomicrobiae;o__Chthoniobacterales;f__Chthoniobacteraceae;g__Chthoniobacter;s__	0.9916954438283966
43352a6ac85d27cccef5f11c3ac308b0	d__Bacteria;p__Verrucomicrobiota;c__Verrucomicrobiae;o__Chthoniobacterales;f__Chthoniobacteraceae;g__Candidatus_Udaeobacter;s__	0.9997345379929684
a7ce0acc53b63ff92b6b474961f6f5d6	d__Bacteria;p__Proteobacteria;c__Gammaproteobacteria;o__Burkholderiales;f__Comamonadaceae;g__Caenimonas;s__	0.7777531561488746
21595b897830f0edf4bbc148df305d90	d__Bacteria;p__Proteobacteria;c__Alphaproteobacteria;o__Elsterales;f__uncultured;g__uncultured;s__	0.999505072897513
8fed0afbeac7481bdbbe76d7870da860	d__Bacteria;p__Bdellovibrionota;c__Bdellovibrionia;o__Bdellovibrionales;f__Bdellovibrionaceae;g__Bdellovibrio;s__	0.9997535472302506
fd2927dc7c34faddce25bc85a3211c7c	d__Bacteria;p__Proteobacteria;c__Alphaproteobacteria;o__Rickettsiales;f__Rickettsiales;g__Candidatus_Jidaibacter;s__	0.9964998914568006
d4e9a8295f8a76a5175f971f67721963	d__Bacteria;p__Verrucomicrobiota;c__Verrucomicrobiae;o__Chthoniobacterales;f__Chthoniobacteraceae;g__Candidatus_Udaeobacter;s__	0.9992905644162935
842074bef98464a8da687d537c45fc8d	d__Bacteria;p__Acidobacteriota;c__Holophagae;o__Subgroup_7;f__Subgroup_7;g__Subgroup_7;s__	0.9999979366092162
f1e7a883a7c5e05c48eae8f7c5066fc6	d__Bacteria;p__Planctomycetota;c__Planctomycetes;o__Gemmatales;f__Gemmataceae;g__uncultured;s__	0.9997843265311702
25e1b366841ec2f1d1cba1c09048a05e	d__Bacteria;p__Bacteroidota;c__Bacteroidia;o__Chitinophagales;f__Chitinophagaceae;g__uncultured;s__	0.9804429258318949
50c0d77058cfce341a207c941940e153	d__Bacteria;p__Armatimonadota;c__Fimbriimonadia;o__Fimbriimonadales;f__Fimbriimonadaceae;g__Fimbriimonadaceae;s__	0.9970993670552748
a068c06efad64f1b5947a407f031d50a	d__Bacteria;p__Gemmatimonadota;c__Gemmatimonadetes;o__Gemmatimonadales;f__Gemmatimonadaceae;g__Gemmatimonas;s__	0.8659694043401824
864c273879ae412803023dd0b28da190	d__Bacteria;p__Firmicutes;c__Bacilli;o__Paenibacillales;f__Paenibacillaceae;g__Paenibacillus;s__	0.8525711216247157
d8e6344f6068f7868a6fc920fb2ccfe9	d__Bacteria;p__Verrucomicrobiota;c__Verrucomicrobiae;o__Verrucomicrobiales;f__Rubritaleaceae;g__Luteolibacter;s__	0.9765925624842878
111ed9f44c12e57d557d703f708d60ec	d__Bacteria;p__Bacteroidota;c__Bacteroidia;o__Cytophagales;f__Microscillaceae	0.9999928980963069
da0d5b1b85982a474f9d0d400ba079d6	d__Bacteria;p__Acidobacteriota;c__Blastocatellia;o__Blastocatellales;f__Blastocatellaceae;g__Blastocatella;s__	0.9963149620622606
dd9902af9217a6a4bb5c0f9c655dbe51	d__Bacteria;p__Bacteroidota;c__Bacteroidia;o__Sphingobacteriales;f__Sphingobacteriaceae;g__Mucilaginibacter;s__	0.9995741725583274
28125d614dac9a0d4735739d4537a1da	d__Bacteria;p__Myxococcota;c__Myxococcia;o__Myxococcales;f__Anaeromyxobacteraceae;g__Anaeromyxobacter;s__	0.9985952465092782
2bd17e61e992162cf4e181076e2ba885	d__Bacteria;p__Chloroflexi;c__Ktedonobacteria;o__C0119;f__C0119;g__C0119;s__	0.9961396074551108
9f46ca61980f7d10999d22b72d2b530a	d__Bacteria	0.9999687624130523
94de764c1dc0f5927daac66e86652827	d__Bacteria;p__Verrucomicrobiota;c__Verrucomicrobiae;o__Pedosphaerales;f__Pedosphaeraceae;g__uncultured;s__	0.9955194547872387
b53ca17125855467156e01dd90cacc67	d__Bacteria;p__Acidobacteriota;c__Acidobacteriae;o__Bryobacterales;f__Bryobacteraceae;g__Bryobacter;s__	0.9807723349357552
9c26b706b363f9cd5144c538d501c9c9	d__Bacteria;p__Proteobacteria;c__Alphaproteobacteria;o__Rhodospirillales;f__uncultured;g__uncultured;s__	0.9649666092292942
27e871040dab886c78ac3017db974ba3	d__Bacteria;p__Planctomycetota;c__Planctomycetes;o__Isosphaerales;f__Isosphaeraceae;g__uncultured;s__	0.7320812792509933
26cb9f7da375d6d481ee70c7527fe38f	d__Bacteria;p__Proteobacteria;c__Gammaproteobacteria;o__Xanthomonadales	0.995628320189319
3f66e2d607251400e86d58dcf9d0af5b	d__Bacteria;p__Verrucomicrobiota;c__Verrucomicrobiae;o__Chthoniobacterales;f__Chthoniobacteraceae;g__Candidatus_Udaeobacter;s__	0.9995643663116628
0c0aa688829ce67e0337d44eef83d936	d__Bacteria;p__Chloroflexi;c__Ktedonobacteria;o__C0119;f__C0119;g__C0119;s__	0.9180659574985609
e3438e54450268db6cb5b3264f8e3fdd	d__Bacteria;p__Armatimonadota;c__uncultured;o__uncultured;f__uncultured;g__uncultured;s__	0.9673671509824436
4715d53169ab1150850478780631a48f	d__Bacteria;p__Proteobacteria;c__Alphaproteobacteria;o__Micropepsales;f__Micropepsaceae;g__uncultured;s__	0.7606528518065474
427ce9a05fbc51f9f22de0d544336cff	d__Bacteria;p__Proteobacteria;c__Alphaproteobacteria;o__Holosporales;f__Holosporaceae;g__uncultured;s__	0.9999855334131031
59675d70360247ae5705b53afee20301	d__Bacteria;p__Planctomycetota;c__BD7-11;o__BD7-11;f__BD7-11;g__BD7-11;s__	0.9930916148303931
3651f963626b070d94ae6f34f79456a8	d__Bacteria;p__Acidobacteriota;c__Acidobacteriae;o__Bryobacterales;f__Bryobacteraceae;g__Bryobacter;s__	0.9995098889427538
fe72eb48808f1fd4b5262b41062f673a	d__Bacteria;p__Actinobacteriota;c__Acidimicrobiia;o__Microtrichales;f__Ilumatobacteraceae;g__CL500-29_marine_group;s__	0.9740638155886953
3bbb233ceb561095ac94c052a8124f7f	d__Bacteria;p__Patescibacteria;c__Parcubacteria;o__Parcubacteria;f__Parcubacteria;g__Parcubacteria;s__	0.7288987533850643
c231c50a95e6080c1ded6609902e9480	d__Bacteria;p__Chloroflexi;c__Chloroflexia;o__Chloroflexales;f__Roseiflexaceae;g__uncultured;s__	0.9999809349739737
e502e68c6e41299e69d905266a44bb3c	d__Bacteria;p__Planctomycetota;c__Planctomycetes;o__Gemmatales;f__Gemmataceae;g__uncultured;s__	0.9813435031929288
4f9f1cbaff37af6535feb43e050a5f92	d__Bacteria;p__Elusimicrobiota;c__Lineage_IIa;o__Lineage_IIa;f__Lineage_IIa;g__Lineage_IIa;s__	0.9999952791628194
d8fe203df628ad434b4aad83d588599f	d__Bacteria;p__Chloroflexi;c__Ktedonobacteria;o__C0119;f__C0119;g__C0119;s__	0.9993175175426956
fd84fa27a32a19612cdf8240fae67b2b	d__Bacteria;p__Chloroflexi;c__Ktedonobacteria;o__Ktedonobacterales;f__Ktedonobacteraceae;g__JG30a-KF-32;s__	0.9845921193526087
2ee7fccd44ac3aac3ace0738bea02914	d__Bacteria;p__Patescibacteria;c__Parcubacteria;o__Candidatus_Nomurabacteria;f__Candidatus_Nomurabacteria;g__Candidatus_Nomurabacteria;s__	0.969609376033157
d97fbc548597dc1fd99e2c7431501ff9	d__Bacteria;p__Chloroflexi;c__Ktedonobacteria;o__C0119;f__C0119;g__C0119;s__	0.9994832099808467
3b790641ced4b88f01e843bd27f321af	d__Bacteria;p__Chloroflexi	0.7710808178479982
ad7fd2978389fda32579d8695491c606	d__Bacteria;p__Planctomycetota;c__Phycisphaerae;o__Tepidisphaerales;f__CPla-3_termite_group;g__CPla-3_termite_group;s__	0.9999999496077704
5dd7150ea58a68fa88a33ee921d8e9c0	d__Bacteria;p__RCP2-54;c__RCP2-54;o__RCP2-54;f__RCP2-54;g__RCP2-54;s__	0.968047326775924
7f7765080d87a26992e914be3d05b61a	d__Bacteria;p__Actinobacteriota;c__Actinobacteria;o__Frankiales	0.776770703344457
94c09c320b084ce68f912e81764a0e37	d__Bacteria;p__Proteobacteria;c__Alphaproteobacteria;o__Rhodospirillales;f__uncultured;g__uncultured;s__	0.9790066869543868
7dac7a08cfeb2ecbd5afaf08d03958a3	d__Bacteria;p__Chloroflexi;c__Ktedonobacteria;o__Ktedonobacterales;f__Ktedonobacteraceae	0.9984394338205089
ce0186e777f26c303ac9db5c62543403	d__Bacteria;p__Acidobacteriota;c__Acidobacteriae;o__Solibacterales;f__Solibacteraceae;g__Candidatus_Solibacter;s__	0.981360732137307
5a55d4de000fdb4e1bd50d452884a958	d__Bacteria;p__Elusimicrobiota;c__Lineage_IIa;o__Lineage_IIa;f__Lineage_IIa;g__Lineage_IIa;s__	0.9998499885363766
6ea8657886ecfa654a932e60a8c4d162	d__Bacteria;p__Acidobacteriota;c__Acidobacteriae;o__Acidobacteriales;f__uncultured;g__uncultured;s__	0.8234734999699012
fe3b5c1a9b67885c9c1a4dee2c3eef0a	d__Bacteria;p__Actinobacteriota;c__Thermoleophilia;o__Solirubrobacterales;f__67-14;g__67-14;s__	0.9999855625470091
c0b6a3fe16266cba1bc643bd6468182a	d__Bacteria;p__Chloroflexi;c__Ktedonobacteria;o__Ktedonobacterales;f__Ktedonobacteraceae;g__JG30a-KF-32;s__	0.922077287559135
f77c3eea4d1700d8e5dcae7e51efa16a	d__Bacteria;p__Bacteroidota;c__Ignavibacteria;o__SJA-28;f__SJA-28;g__SJA-28;s__	0.9999977185718639
c32322dc6004e6242823553a3c830ae2	d__Bacteria;p__Bacteroidota;c__Kapabacteria;o__Kapabacteriales;f__Kapabacteriales;g__Kapabacteriales;s__	0.9859823862577173
04ca4d5e72a890dea6b66fde0c62ac18	d__Bacteria;p__Chloroflexi;c__Anaerolineae;o__SBR1031;f__SBR1031;g__SBR1031;s__	0.8576993116875883
ea707aeb49873772c57b1009d78f3b11	d__Bacteria;p__Chloroflexi;c__Ktedonobacteria;o__Ktedonobacterales;f__Ktedonobacteraceae;g__JG30a-KF-32;s__	0.8948433660386128
454710b73b8a4b200846f7b0ee2db9b5	d__Bacteria;p__Verrucomicrobiota;c__Verrucomicrobiae;o__Chthoniobacterales;f__Chthoniobacteraceae;g__Candidatus_Udaeobacter;s__	0.9739322889100117
ef4c7962096f3f623e9f5daca3389f23	d__Bacteria;p__Proteobacteria;c__Alphaproteobacteria;o__Rickettsiales;f__Mitochondria;g__Mitochondria;s__	0.9750456682921131
ac91c30a4b3e7a08996b24f7e59a6e63	d__Bacteria;p__Bacteroidota;c__Bacteroidia;o__Sphingobacteriales;f__Sphingobacteriaceae;g__Mucilaginibacter;s__	0.9985123626373638
3d45edc2813397f808b29b27dd19a15b	d__Bacteria;p__Proteobacteria;c__Alphaproteobacteria;o__Paracaedibacterales;f__Paracaedibacteraceae;g__Candidatus_Paracaedibacter;s__	0.9280407317855119
270c7e420336c8d3ca6be595086776cf	d__Bacteria;p__Acidobacteriota;c__Acidobacteriae;o__Subgroup_2;f__Subgroup_2;g__Subgroup_2;s__	0.9999999610761002
55bd1e85bf07140de1e2188bf519d784	d__Bacteria;p__Patescibacteria	0.9885002702685839
45f5a9b9946ef7b0cb6afc5c68cb2737	d__Bacteria;p__Proteobacteria;c__Alphaproteobacteria;o__Acetobacterales;f__Acetobacteraceae;g__uncultured;s__	0.8735330018101201
a3faf9c63babf8f2d4ef85053367ae72	d__Bacteria;p__Chloroflexi;c__Ktedonobacteria;o__Ktedonobacterales;f__Ktedonobacteraceae;g__JG30a-KF-32;s__	0.9945567285845167
df3520e9798555b06a62f8abf8b91a0b	d__Bacteria;p__Proteobacteria;c__Gammaproteobacteria;o__Burkholderiales;f__Comamonadaceae;g__Polaromonas;s__	0.7371432959574353
faae83cd8a0d36b9d8c7edadaea35cbd	d__Bacteria;p__Verrucomicrobiota;c__Verrucomicrobiae;o__Chthoniobacterales;f__Chthoniobacteraceae;g__Candidatus_Udaeobacter;s__	0.9944021678118388
059715bc308e3b6f10785b71f4a64a7c	d__Bacteria;p__Verrucomicrobiota;c__Verrucomicrobiae;o__Chthoniobacterales;f__Chthoniobacteraceae;g__Candidatus_Udaeobacter;s__	0.999022272303835
82b9fc0e11695fdb05e226c536b4bfcb	d__Bacteria;p__Bacteroidota;c__Bacteroidia;o__Chitinophagales;f__Chitinophagaceae;g__uncultured;s__	0.9823480016453298
bceef58e18a008f6d29098c845c14daf	d__Bacteria;p__Firmicutes;c__Bacilli;o__Paenibacillales;f__Paenibacillaceae;g__Paenibacillus;s__	0.7616359569456194
7922a81e2eea6ef66ece389f361628a8	d__Bacteria;p__Verrucomicrobiota;c__Verrucomicrobiae;o__Chthoniobacterales;f__Terrimicrobiaceae;g__FukuN18_freshwater_group;s__	0.9999782694712971
37dee946f379a42f38a93a4da36901d4	d__Bacteria;p__Verrucomicrobiota;c__Verrucomicrobiae;o__Chthoniobacterales;f__Chthoniobacteraceae;g__Chthoniobacter;s__	0.9995804819752875
7ca9e9b31805bbfb1b80a3d38a58e348	d__Bacteria;p__Myxococcota;c__Myxococcia;o__Myxococcales;f__Anaeromyxobacteraceae;g__Anaeromyxobacter;s__	0.9977152537905674
5d862114baa0bf0016437367012e6fe4	d__Bacteria;p__Dependentiae;c__Babeliae;o__Babeliales;f__Vermiphilaceae;g__Vermiphilaceae;s__	0.9615107872946094
0457815c3ef40dcc09dbb4de0d98bc4c	d__Bacteria;p__Proteobacteria;c__Alphaproteobacteria;o__Rickettsiales;f__SM2D12;g__SM2D12;s__	0.9957768341958162
a4898e2666c2eb7eaa8cae545891d65f	d__Bacteria;p__Proteobacteria;c__Alphaproteobacteria;o__Rickettsiales;f__Mitochondria;g__Mitochondria;s__	0.9978053222308616
dabb5758a730bab4ca0a6b1be7dfeeaf	d__Bacteria;p__Patescibacteria;c__Parcubacteria;o__Parcubacteria;f__Parcubacteria;g__Parcubacteria;s__	0.7672125230065937
4bb9ec6f602bfa85af9673a0c9dfab29	d__Bacteria;p__Verrucomicrobiota;c__Verrucomicrobiae;o__Methylacidiphilales;f__Methylacidiphilaceae;g__uncultured;s__	0.9999750751116019
a630918760f8ab80a158ab066e8e4208	d__Bacteria;p__Bacteroidota;c__Bacteroidia;o__Sphingobacteriales;f__KD3-93;g__KD3-93;s__	0.9997687733302837
71bf9593cceabd0a47913347f131efb7	d__Bacteria;p__Chloroflexi;c__Ktedonobacteria;o__Ktedonobacterales;f__Ktedonobacteraceae;g__JG30a-KF-32;s__	0.9954211732478891
a90671f1d84d6be0d38d87b2a8f4a71d	d__Bacteria;p__Verrucomicrobiota;c__Chlamydiae;o__Chlamydiales;f__Parachlamydiaceae;g__Candidatus_Protochlamydia;s__	0.9884220718824407
63aa3ce36812cd6515da5162094be722	d__Bacteria;p__Patescibacteria	0.9886753167215295
ded34ce40acd96866c8cc3597b73fe4b	d__Bacteria	0.9999974179426945
49d6429dd7933101a5b4f6c667a972d9	d__Bacteria;p__Proteobacteria;c__Alphaproteobacteria;o__Caulobacterales;f__Caulobacteraceae;g__uncultured;s__	0.9622768104856244
968bcaf2b406ac8a8dc82f3fcffd8cb4	d__Bacteria;p__Cyanobacteria;c__Cyanobacteriia;o__Chloroplast;f__Chloroplast;g__Chloroplast;s__	0.9983226898412971
3da9544e11965319947e60dbeafbe752	d__Bacteria;p__Planctomycetota;c__Phycisphaerae;o__Tepidisphaerales;f__WD2101_soil_group;g__WD2101_soil_group;s__	0.9999934950678097
70a31a7de09ab2e91def8196cb1413cd	d__Bacteria;p__Gemmatimonadota;c__Gemmatimonadetes;o__Gemmatimonadales;f__Gemmatimonadaceae;g__Gemmatimonas;s__	0.9980411707088657
b3f3ad38f5bc36ae14cd3edd3d16136c	d__Bacteria;p__Bacteroidota;c__Bacteroidia;o__Chitinophagales;f__Chitinophagaceae;g__uncultured;s__	0.9722771940637348
ae7610b4a49e03b807b37a6d326c237e	d__Bacteria;p__Chloroflexi;c__Ktedonobacteria;o__Ktedonobacterales;f__Ktedonobacteraceae	0.9999159961880384
05da2ea877edb709a28199876c290c24	d__Bacteria;p__Bacteroidota;c__Bacteroidia;o__Chitinophagales;f__Chitinophagaceae;g__uncultured;s__	0.9697098426961376
f1cf00e8c9fc0657eefd20f0278d506e	d__Bacteria;p__Planctomycetota;c__Planctomycetes;o__Pirellulales;f__Pirellulaceae;g__Pir4_lineage;s__	0.9836775817017858
d97cbea36f13cf050e4e687d461ffc7e	d__Bacteria;p__Proteobacteria;c__Gammaproteobacteria;o__Burkholderiales;f__Nitrosomonadaceae;g__Ellin6067;s__	0.9999978215003434
e55270de452bb68baece54e24b5e8d1f	d__Bacteria;p__Proteobacteria;c__Alphaproteobacteria;o__Rhizobiales;f__Xanthobacteraceae	0.9987004608064193
ae637b7644636153f5591341249746d3	d__Bacteria;p__Actinobacteriota;c__Thermoleophilia;o__Solirubrobacterales;f__67-14;g__67-14;s__	0.9999884524135859
9feecccc04825faa3deb4c842cbff1b4	d__Bacteria;p__Proteobacteria;c__Alphaproteobacteria;o__Rhodospirillales;f__uncultured;g__uncultured;s__	0.9746582260558178
a8bdc6e99fcbdfb505a02ae79ce88d5f	d__Bacteria;p__Patescibacteria;c__Saccharimonadia;o__Saccharimonadales;f__Saccharimonadales;g__Saccharimonadales;s__	0.9928954170076064
cc9e0e0958dcd33b6ac1aeafbc8d575b	d__Bacteria;p__Chloroflexi;c__Ktedonobacteria;o__Ktedonobacterales;f__Ktedonobacteraceae;g__JG30a-KF-32;s__	0.9964149580076822
0d94c851bf39d2a3eee7eed6a164012c	d__Bacteria;p__Proteobacteria;c__Gammaproteobacteria;o__Burkholderiales;f__Oxalobacteraceae	0.8555975382920873
0f1c39eb21665f6375dd0ab83a4209f8	d__Bacteria;p__Patescibacteria;c__Parcubacteria	0.9529789234986257
91134402d5ec54a1a3abc53dd97fbd3f	d__Bacteria;p__Bacteroidota;c__Bacteroidia;o__Cytophagales;f__Cytophagaceae;g__Sporocytophaga;s__	0.9903787326861619
9d948777b188ef3f68e270eefabbb6c3	d__Bacteria;p__Patescibacteria	0.9794840051155007
53eb35dcc631ba93558d654d512b8c4a	d__Bacteria;p__Planctomycetota;c__Planctomycetes;o__Gemmatales;f__Gemmataceae;g__Zavarzinella;s__	0.8689806511140478
106f40c1c2dc099c8c07971d6cfc5615	d__Bacteria;p__Acidobacteriota;c__Acidobacteriae;o__Solibacterales;f__Solibacteraceae;g__Candidatus_Solibacter;s__	0.9997191714393788
7664e5e567da45636e35e4248fcb7810	d__Bacteria;p__Chloroflexi;c__Ktedonobacteria;o__Ktedonobacterales;f__Ktedonobacteraceae;g__JG30a-KF-32;s__	0.9583505487104345
155ac70463b3019fd29287923b886ad2	d__Bacteria;p__Proteobacteria;c__Gammaproteobacteria;o__Salinisphaerales;f__Solimonadaceae;g__Nevskia;s__	0.9972937105559941
61e45c919d2e61a12c4113e749faaf51	d__Bacteria;p__Proteobacteria;c__Alphaproteobacteria;o__Rhizobiales;f__KF-JG30-B3;g__KF-JG30-B3;s__	0.9999898998165877
5f8bec12cc4f8344208ead04eb10e1c9	d__Bacteria;p__Proteobacteria;c__Gammaproteobacteria;o__Coxiellales;f__Coxiellaceae;g__Coxiella;s__	0.9641116648122139
6742dd98f08bf260c8d1620244f9a714	d__Bacteria;p__Patescibacteria;c__Parcubacteria;o__Candidatus_Adlerbacteria;f__Candidatus_Adlerbacteria;g__Candidatus_Adlerbacteria;s__	0.9889005044029441
f58c8aac64a61daa1acec8eeefe48254	d__Bacteria;p__Acidobacteriota;c__Blastocatellia;o__Pyrinomonadales;f__Pyrinomonadaceae;g__RB41;s__	0.9914871045001581
a1bc9580d9e932b0ec50fba4c59443b0	d__Bacteria;p__Patescibacteria;c__Parcubacteria;o__Candidatus_Kaiserbacteria;f__Candidatus_Kaiserbacteria;g__Candidatus_Kaiserbacteria;s__	0.9900277898186407
266a5d24fa8acfc9b9d20bf93e4d7799	d__Bacteria;p__Actinobacteriota;c__Actinobacteria;o__Propionibacteriales;f__Nocardioidaceae;g__Nocardioides;s__	0.998562041995782
ab22392d4a888aa35249e1ba65f95842	d__Bacteria;p__Patescibacteria;c__Parcubacteria;o__Candidatus_Adlerbacteria;f__Candidatus_Adlerbacteria;g__Candidatus_Adlerbacteria;s__	0.9920997882594949
6ec66c64a1a88f97e0de3ebfa16233d2	d__Bacteria;p__Planctomycetota;c__Planctomycetes;o__Planctomycetales;f__uncultured;g__uncultured;s__	0.9998517981632108
9803ca4edbb1a5ba94f249235e85d206	d__Bacteria;p__Acidobacteriota;c__Acidobacteriae;o__Bryobacterales;f__Bryobacteraceae;g__Bryobacter;s__	0.9580541696821138
4fdea1003b97799a0f09a51b018b2e41	d__Bacteria;p__Bacteroidota;c__Bacteroidia;o__Chitinophagales;f__Chitinophagaceae;g__uncultured;s__	0.7120743767360583
a6a5d76ba1ae5de539ccb57540fa906b	d__Bacteria;p__Bacteroidota;c__Bacteroidia;o__Chitinophagales;f__Chitinophagaceae;g__uncultured;s__	0.9918889766893776
cb05af45d794a4d9e22700277b566389	d__Bacteria;p__Actinobacteriota;c__Thermoleophilia;o__Gaiellales;f__uncultured;g__uncultured;s__	0.9978785012006582
77263d84957a01cd45edcd9860a94202	d__Bacteria;p__Bacteroidota;c__Bacteroidia;o__Chitinophagales;f__Chitinophagaceae;g__uncultured;s__	0.8829219650991712
09c843624bd1b5c8f41efc1718f1a36a	d__Bacteria;p__Bdellovibrionota;c__Oligoflexia;o__0319-6G20;f__0319-6G20;g__0319-6G20;s__	0.9999417067094915
8b1d46fa1f6502186668bd1265dd87c4	d__Bacteria;p__Proteobacteria;c__Gammaproteobacteria;o__Pseudomonadales;f__Pseudomonadaceae;g__Pseudomonas;s__	0.8494408791289764
9a5f48ae7361f51714db362256b51f1b	d__Bacteria;p__Acidobacteriota;c__Acidobacteriae;o__Bryobacterales;f__Bryobacteraceae;g__Bryobacter;s__	0.9209093560569891
ce89fe3cc3985875b46cc8074505e337	d__Bacteria;p__Patescibacteria;c__Parcubacteria;o__Candidatus_Kaiserbacteria;f__Candidatus_Kaiserbacteria;g__Candidatus_Kaiserbacteria;s__	0.9998045073539231
ebdb3848b229fcd540b9042d6c8cb0ed	d__Bacteria;p__Patescibacteria;c__Saccharimonadia;o__Saccharimonadales;f__Saccharimonadales;g__Saccharimonadales;s__	0.980266237423008
a89836a8a5ba06f3393d4b2ed90090f5	d__Bacteria;p__Bacteroidota;c__Kapabacteria;o__Kapabacteriales;f__Kapabacteriales;g__Kapabacteriales;s__	0.9976285285493646
8543931fad22a30afe59eccb5a82fd0e	d__Bacteria;p__Proteobacteria;c__Gammaproteobacteria;o__Burkholderiales;f__Oxalobacteraceae	0.763774702042653
3a495ee24e0b5b3b25501bcd2c34e180	d__Bacteria;p__Acidobacteriota;c__Acidobacteriae;o__Bryobacterales;f__Bryobacteraceae;g__Bryobacter;s__	0.9990037522007688
ae065ac54f95c13eef0d1bcb2222b224	d__Bacteria;p__Bacteroidota;c__Bacteroidia;o__Chitinophagales;f__Chitinophagaceae;g__uncultured;s__	0.9785068356596106
695c9da5e410dbb278f388438c20d0d0	d__Bacteria;p__Patescibacteria;c__Parcubacteria;o__Parcubacteria;f__Parcubacteria;g__Parcubacteria;s__	0.9999208149319733
349cb917e345c7ac7f6cba679d444a85	d__Bacteria;p__Patescibacteria;c__Microgenomatia;o__Candidatus_Pacebacteria;f__Candidatus_Pacebacteria;g__Candidatus_Pacebacteria;s__	0.9999704405208746
f32e39ec523913e251e598e71fad3ec1	d__Bacteria;p__Patescibacteria;c__Microgenomatia;o__Candidatus_Pacebacteria;f__Candidatus_Pacebacteria;g__Candidatus_Pacebacteria;s__	0.9996433044568482
31160327159dd1b15ebe7cac557c4956	d__Bacteria;p__Planctomycetota;c__Planctomycetes;o__Gemmatales;f__Gemmataceae;g__uncultured;s__	0.8987770513132572
1ce2dc9145aff7c8e736a22ee58a0c5e	d__Bacteria;p__Fibrobacterota;c__Fibrobacteria;o__Fibrobacterales;f__Fibrobacteraceae;g__possible_genus_04;s__	0.9997828621610914
bbd014a992064ed0a202fec29a95edef	d__Bacteria;p__Chloroflexi;c__Ktedonobacteria;o__B12-WMSP1;f__B12-WMSP1;g__B12-WMSP1;s__	0.999999594371698
86c1f35b29f222eabe8e9e8683a560e8	d__Bacteria;p__Bdellovibrionota;c__Oligoflexia;o__0319-6G20;f__0319-6G20;g__0319-6G20;s__	0.9998305082336263
7e2b8ffea8cfa3cfa1178d13a92f570b	d__Bacteria;p__Proteobacteria;c__Gammaproteobacteria;o__Burkholderiales;f__Nitrosomonadaceae;g__Nitrosospira;s__	0.9988517781349464
ec2870933398a8adbd5824a1379cb527	d__Bacteria;p__Verrucomicrobiota;c__Verrucomicrobiae;o__Methylacidiphilales;f__Methylacidiphilaceae;g__uncultured;s__	0.9999914105829341
b099c2fdea5ce0c101c689d34b759c1c	d__Bacteria;p__Proteobacteria;c__Gammaproteobacteria;o__Diplorickettsiales;f__Diplorickettsiaceae;g__uncultured;s__	0.9979084561294598
1fbf526eafdf3515207374b2d3560be2	d__Bacteria;p__Patescibacteria;c__Saccharimonadia;o__Saccharimonadales;f__Saccharimonadales;g__Saccharimonadales;s__	0.9978933950598922
7d472af60313300cbbae202ce72a00da	d__Bacteria;p__Planctomycetota;c__Phycisphaerae;o__Tepidisphaerales;f__WD2101_soil_group;g__WD2101_soil_group;s__	0.9999995615987809
bd7f37b4a3ca2075e1af2c68f4167134	d__Bacteria;p__Verrucomicrobiota;c__Verrucomicrobiae;o__Chthoniobacterales;f__Chthoniobacteraceae;g__Chthoniobacter;s__	0.8282439768931747
2cabb0e8fc08c504d3c79da383d69bc3	d__Bacteria;p__Acidobacteriota;c__Holophagae;o__Subgroup_7;f__Subgroup_7;g__Subgroup_7;s__	0.9997418730138756
b23d77dc36be93057856a881018d9eb8	d__Bacteria;p__Patescibacteria;c__Parcubacteria;o__Candidatus_Yanofskybacteria;f__Candidatus_Yanofskybacteria;g__Candidatus_Yanofskybacteria;s__	0.9703286545428621
483ed4ef06b328c645f481ed2d99365f	d__Bacteria;p__Proteobacteria;c__Gammaproteobacteria;o__Burkholderiales;f__Nitrosomonadaceae;g__MND1;s__	0.980798421665104
5a4eab00d33801e77801cc630ad3ca63	d__Bacteria;p__Patescibacteria;c__Saccharimonadia;o__Saccharimonadales;f__WWH38;g__WWH38;s__	0.9912631232394977
92fb38da588ae9c1e4571204d5042466	d__Bacteria;p__Proteobacteria;c__Alphaproteobacteria;o__Micavibrionales;f__uncultured;g__uncultured;s__	0.7796699707627238
70f454e9affa4ad02f90ae59be4ade7b	d__Bacteria;p__Chloroflexi;c__Ktedonobacteria;o__Ktedonobacterales;f__Ktedonobacteraceae;g__JG30a-KF-32;s__	0.9977455778171639
44883c0e08df5f774848abc6e54f5a1f	d__Bacteria;p__Verrucomicrobiota;c__Verrucomicrobiae;o__Chthoniobacterales;f__Chthoniobacteraceae;g__Candidatus_Udaeobacter;s__	0.9994796148580919
01bd1da6c8c4818935fb8d63736f67f2	d__Bacteria;p__Verrucomicrobiota;c__Verrucomicrobiae;o__Chthoniobacterales;f__Chthoniobacteraceae;g__Candidatus_Udaeobacter;s__	0.9997083424976689
2840e085dde537ac3ebdd4449b2386fd	d__Bacteria;p__Bdellovibrionota;c__Oligoflexia;o__0319-6G20;f__0319-6G20;g__0319-6G20;s__	0.9984230686666404
3e206aeffecfb15f05c2f49ed1ace45e	d__Bacteria;p__Chloroflexi;c__AD3;o__AD3;f__AD3;g__AD3;s__	0.9994505174386288
2fe57100cea642d4fc85bce67e86c18e	d__Bacteria;p__Patescibacteria;c__Parcubacteria;o__Parcubacteria;f__Parcubacteria;g__Parcubacteria;s__	0.9999762116817208
275dbc55cdbef5bf10f43e1201843ab6	d__Bacteria;p__Acidobacteriota;c__Blastocatellia;o__Blastocatellales;f__Blastocatellaceae;g__Blastocatella;s__	0.995667247614484
ad69c5d185378718019730b39d6ee9a9	d__Bacteria;p__Chloroflexi;c__Anaerolineae;o__Caldilineales;f__Caldilineaceae;g__uncultured;s__	0.9903872528836875
eae4cf995636ac80ee546757edca512e	d__Bacteria;p__Verrucomicrobiota;c__Chlamydiae;o__Chlamydiales;f__Parachlamydiaceae;g__uncultured;s__	0.7861601454651471
5d0a43f89c67c33fdd79e2ae51c11243	d__Bacteria;p__Verrucomicrobiota;c__Verrucomicrobiae;o__Pedosphaerales;f__Pedosphaeraceae;g__Pedosphaeraceae;s__	0.9905693310454448
65f26ebccf3fb1abb11dd63b2bf9a7d8	d__Bacteria;p__Chloroflexi;c__Ktedonobacteria;o__B12-WMSP1;f__B12-WMSP1;g__B12-WMSP1;s__	0.999653171678672
32c933accc3fc8a388657ec512ed18d9	d__Bacteria;p__Elusimicrobiota;c__Lineage_IIa;o__Lineage_IIa;f__Lineage_IIa;g__Lineage_IIa;s__	0.9992732196755029
80201b44d17da6f80f2442ada2b3b934	d__Bacteria;p__Bacteroidota;c__Bacteroidia;o__Chitinophagales	0.9566469690364453
c93d74e55b3e6ff7edd6daed928d7e98	d__Bacteria;p__Bacteroidota;c__Bacteroidia;o__Cytophagales;f__Microscillaceae	0.9999814841305285
77bde2c25efae71d87c4a4af78353f8c	d__Bacteria;p__Patescibacteria;c__Parcubacteria;o__Candidatus_Kaiserbacteria;f__Candidatus_Kaiserbacteria;g__Candidatus_Kaiserbacteria;s__	0.9936443790169989
a9a8b6cb89d5d5ed7ff582c2ae41cf64	d__Bacteria;p__Acidobacteriota;c__Blastocatellia;o__Blastocatellales;f__Blastocatellaceae	0.9999970941575436
7fbba289521071443da2d0172e135aca	d__Bacteria;p__Actinobacteriota;c__Actinobacteria;o__Streptomycetales;f__Streptomycetaceae;g__Streptacidiphilus;s__	0.723550362638235
44d4602c26b17527823fcc75b33b1393	d__Bacteria;p__Proteobacteria;c__Gammaproteobacteria;o__Burkholderiales;f__Comamonadaceae;g__Caenimonas;s__	0.8562051339824096
49d2b9d20e97f506b67287fd51a67921	d__Bacteria;p__Chloroflexi;c__Ktedonobacteria;o__Ktedonobacterales;f__Ktedonobacteraceae;g__JG30a-KF-32;s__	0.9993610867523155
4d080a6a42c2db71170cac49fd57fffd	d__Bacteria;p__Cyanobacteria;c__Cyanobacteriia;o__Chloroplast;f__Chloroplast;g__Chloroplast;s__	0.9998162909582112
ef1485890a40c0eef6b8927639c813db	d__Bacteria;p__Patescibacteria;c__Parcubacteria;o__Candidatus_Zambryskibacteria;f__Candidatus_Zambryskibacteria;g__Candidatus_Zambryskibacteria;s__	0.999668985824231
164f5a6446e68230a6135dfa85dfe1c7	d__Bacteria;p__Chloroflexi;c__Ktedonobacteria;o__C0119;f__C0119;g__C0119;s__	0.9992846495924583
27230a61afcd13e5e6fd35cb468f253c	d__Bacteria;p__Planctomycetota;c__Planctomycetes;o__Gemmatales;f__Gemmataceae;g__uncultured;s__	0.9956434432742184
7959dcb53d5fc52af6380331bdbe683d	d__Bacteria;p__Planctomycetota;c__Phycisphaerae;o__Tepidisphaerales;f__WD2101_soil_group;g__WD2101_soil_group;s__	0.9999993109186491
f6ab53609f7170b71dfe737f42205584	d__Bacteria;p__Verrucomicrobiota;c__Verrucomicrobiae;o__Methylacidiphilales;f__Methylacidiphilaceae;g__uncultured;s__	0.9999727784418234
b4cd6ef6a68bb82ff3bd24b5ace10170	d__Bacteria;p__Chloroflexi;c__KD4-96;o__KD4-96;f__KD4-96;g__KD4-96;s__	0.9999971505620759
743690b1a7bb6e631da92a1e6589b7c5	d__Bacteria;p__Chloroflexi;c__Ktedonobacteria;o__C0119;f__C0119;g__C0119;s__	0.9994498517967048
4ea6f7e91cfcf302b390fdb8c847f97f	d__Bacteria;p__Myxococcota;c__Polyangia;o__mle1-27;f__mle1-27;g__mle1-27;s__	0.9997048428881722
3250d24fa9fdf786d76ba216811953fa	d__Bacteria;p__Planctomycetota;c__Phycisphaerae;o__Phycisphaerales;f__Phycisphaeraceae;g__uncultured;s__	0.9967853959634297
3f3acf0df67a9c45f51403fd88a186b1	d__Bacteria;p__Planctomycetota;c__Planctomycetes;o__Gemmatales;f__Gemmataceae;g__Fimbriiglobus;s__	0.9960029840495206
901cff71aeaa0658b31b7c14fde1465d	d__Bacteria;p__Chloroflexi;c__Ktedonobacteria;o__C0119;f__C0119;g__C0119;s__	0.999198879557085
6c208d2738ae6b0b0eef9b92d3887013	d__Bacteria;p__Planctomycetota;c__Phycisphaerae;o__Tepidisphaerales;f__WD2101_soil_group;g__WD2101_soil_group;s__	0.9999529276146903
70668e5bad40f3c787a172c77fe8c984	d__Bacteria;p__Proteobacteria;c__Alphaproteobacteria;o__Sphingomonadales;f__Sphingomonadaceae;g__Rhizorhapis;s__	0.9469547501748566
4d14772e58aa51dd91a0a32d9a32272d	d__Bacteria;p__Planctomycetota;c__Planctomycetes;o__Gemmatales;f__Gemmataceae;g__uncultured;s__	0.8282052925524587
409b37dfd2f9ea405c9265264883960a	d__Bacteria;p__Actinobacteriota;c__Actinobacteria;o__Frankiales;f__Acidothermaceae;g__Acidothermus;s__	0.9956858256061163
71094c6f8c9682b521a69f86dd2c9d98	d__Bacteria;p__Patescibacteria;c__Saccharimonadia;o__Saccharimonadales;f__LWQ8;g__LWQ8;s__	0.9980933670497739
531ff917aa398e40bc6d9ce8fc32cf25	d__Bacteria;p__Patescibacteria	0.9225532708414367
52abcdc4d0df9a1039aeee6a50bb02ee	d__Bacteria;p__Proteobacteria;c__Gammaproteobacteria;o__Burkholderiales;f__Oxalobacteraceae	0.7148393398458792
136a1b96addef25fafc006583cf6d7bb	d__Bacteria;p__Proteobacteria;c__Gammaproteobacteria;o__Pseudomonadales;f__Pseudomonadaceae;g__Pseudomonas;s__	0.9917848833580484
f65257b72993eb5151d3498867da4481	d__Bacteria;p__Bacteroidota;c__Bacteroidia;o__Chitinophagales;f__Chitinophagaceae;g__uncultured;s__	0.8684323044261855
fc346254eaa4670a507768eefa386d4a	d__Bacteria;p__Planctomycetota;c__BD7-11;o__BD7-11;f__BD7-11;g__BD7-11;s__	0.9931586749970126
b30dcd63f539d1baa020615cfce84af7	d__Bacteria;p__Bacteroidota;c__Bacteroidia;o__Chitinophagales;f__Chitinophagaceae;g__Flavisolibacter;s__	0.9480818424598044
d3beda8c3d15cb307b35ab5837c186ec	d__Bacteria;p__Verrucomicrobiota;c__Chlamydiae;o__Chlamydiales;f__cvE6;g__cvE6;s__	0.9999965162327701
ab90d969d9615af7d05e7522069968e2	d__Bacteria;p__Cyanobacteria;c__Cyanobacteriia;o__Chloroplast;f__Chloroplast;g__Chloroplast;s__	0.9981124462719382
9233b7529a5c018f9bf42066fce53ca2	d__Bacteria;p__Proteobacteria;c__Gammaproteobacteria;o__Diplorickettsiales;f__Diplorickettsiaceae;g__uncultured;s__	0.7579920323865699
a8f531c97c73645d253653e4f1ba2242	d__Bacteria;p__Patescibacteria;c__Saccharimonadia;o__Saccharimonadales;f__LWQ8;g__LWQ8;s__	0.7910607139661912
d62210be885606978ad8f3f174fdd609	d__Bacteria;p__Patescibacteria;c__ABY1;o__Candidatus_Magasanikbacteria;f__Candidatus_Magasanikbacteria;g__Candidatus_Magasanikbacteria;s__	0.9890922119754839
ef8cb31300141f918cc4d360c8164816	d__Bacteria;p__Bdellovibrionota;c__Bdellovibrionia;o__Bdellovibrionales;f__Bdellovibrionaceae;g__Bdellovibrio;s__	0.9978714964833201
28e343520c2e5fd992010aa1a1dd5e7a	d__Bacteria;p__Myxococcota;c__Polyangia;o__Polyangiales;f__Polyangiaceae;g__Pajaroellobacter;s__	0.9922408150743866
8730e320dda88741ac52a317743a9725	d__Bacteria;p__Verrucomicrobiota;c__Chlamydiae;o__Chlamydiales;f__Parachlamydiaceae;g__Neochlamydia;s__	0.984639294997346
552151ed47cfc44f8ac7a4b95d748ed5	d__Bacteria;p__Chloroflexi;c__JG30-KF-CM66;o__JG30-KF-CM66;f__JG30-KF-CM66;g__JG30-KF-CM66;s__	0.9617042057241836
6d6e21b67f06b51a9247e350815fd473	d__Bacteria;p__Gemmatimonadota;c__Gemmatimonadetes;o__Gemmatimonadales;f__Gemmatimonadaceae;g__Gemmatimonas;s__	0.9802852864560697
5611d1a633967102dd3069b83f9fce12	d__Bacteria;p__Proteobacteria;c__Alphaproteobacteria;o__Rickettsiales;f__AB1;g__AB1;s__	0.9466478127816335
5f5026e2f4c3ce56e5dd460548c67781	d__Bacteria;p__Chloroflexi;c__AD3;o__AD3;f__AD3;g__AD3;s__	0.9906503735170276
c67596cd0ca8a5692e28a3a2186d77a6	d__Bacteria;p__Verrucomicrobiota;c__Verrucomicrobiae;o__Pedosphaerales;f__Pedosphaeraceae;g__Pedosphaera;s__	0.9270222257445423
c0eaef5973eee95a7d11f1bbad83731c	d__Bacteria;p__Proteobacteria;c__Gammaproteobacteria;o__Xanthomonadales;f__Xanthomonadaceae;g__uncultured;s__	0.9228167142649971
ddf55b61e7ec18e4f6df5ef05e4e675c	d__Bacteria;p__Chloroflexi;c__P2-11E;o__P2-11E;f__P2-11E;g__P2-11E;s__	0.9999999556221449
938de94af4ef8c90d39cdcbe06c3d905	d__Bacteria;p__Planctomycetota;c__vadinHA49;o__vadinHA49;f__vadinHA49;g__vadinHA49;s__	0.9761253298599039
f1e7d3c0139e11b2a60fc28b8ed612ca	d__Bacteria;p__Proteobacteria;c__Gammaproteobacteria;o__Diplorickettsiales;f__Diplorickettsiaceae;g__uncultured;s__	0.9989217555362363
c800802445ad6cd54669fbfb6a826c67	d__Bacteria;p__Proteobacteria;c__Alphaproteobacteria;o__Reyranellales;f__Reyranellaceae;g__Reyranella;s__	0.9999997794554888
56df67623588fb1cfdc1aa76ce999c20	d__Bacteria;p__Acidobacteriota;c__Blastocatellia;o__Blastocatellales;f__Blastocatellaceae;g__uncultured;s__	0.9181803406854195
ea8fb8debbc8a2352b05408efb947a7f	d__Bacteria;p__Proteobacteria;c__Alphaproteobacteria;o__Paracaedibacterales;f__Paracaedibacteraceae;g__Candidatus_Paracaedibacter;s__	0.9952925592671164
f00790d3734985436e6d63de31701784	d__Bacteria;p__Bacteroidota;c__Bacteroidia;o__Chitinophagales;f__Chitinophagaceae;g__uncultured;s__	0.9891394937251349
39795a8edc590af817cdbf1bf8a1f364	d__Bacteria;p__Myxococcota;c__Polyangia;o__Polyangiales;f__Sandaracinaceae;g__Sandaracinus;s__	0.9788308627487871
5f0ef85fbd5d567410f604a64bbe0438	d__Bacteria;p__Chloroflexi;c__Anaerolineae;o__SBR1031;f__SBR1031;g__SBR1031;s__	0.8150996728028035
7218875de9b0a8471054d0f43d7e2b89	d__Bacteria;p__Patescibacteria;c__Parcubacteria;o__Candidatus_Kaiserbacteria;f__Candidatus_Kaiserbacteria;g__Candidatus_Kaiserbacteria;s__	0.9816473007070528
181e19c648637bd4d8e1d1bf2117098f	d__Bacteria;p__Abditibacteriota;c__Abditibacteria;o__Abditibacteriales;f__Abditibacteriaceae;g__Abditibacterium;s__	0.9999999581091013
b8b8093e8edda46027ba8d4230e956de	d__Bacteria;p__Proteobacteria;c__Alphaproteobacteria;o__Caulobacterales;f__Caulobacteraceae;g__Caulobacter;s__	0.9907258682709772
6d930ac5472c88a3c220cbf829dcc584	d__Bacteria;p__Firmicutes;c__Bacilli;o__Bacillales	0.92864922548533
7cf6fcdf1bedbb324fae805195b83ff0	d__Bacteria;p__Acidobacteriota;c__Holophagae;o__Subgroup_7;f__Subgroup_7;g__Subgroup_7;s__	0.9925299315687995
daa2439c369ad65794e2c4dfee6cc95a	d__Bacteria;p__Verrucomicrobiota;c__Verrucomicrobiae;o__Chthoniobacterales;f__Terrimicrobiaceae;g__Terrimicrobium;s__	0.9996766184452114
b9107d92dd1f900a16c045f213ec4b37	d__Bacteria;p__Chloroflexi;c__Ktedonobacteria;o__C0119;f__C0119;g__C0119;s__	0.9994667746155119
2d2857ed7103de5b71289fb216035393	d__Bacteria;p__Patescibacteria;c__Parcubacteria;o__Candidatus_Adlerbacteria;f__Candidatus_Adlerbacteria;g__Candidatus_Adlerbacteria;s__	0.99989235976503
81cc1e01da2a2bd91a44d00797dc864b	d__Bacteria;p__Bacteroidota;c__Bacteroidia;o__Chitinophagales	0.9982427069767512
5db4fc4f76fc0c8257158c3d8c990e22	d__Bacteria;p__Actinobacteriota;c__Thermoleophilia;o__Solirubrobacterales;f__67-14;g__67-14;s__	0.999990774210385
d0c1dc1d6d2aac756168f2ff8d1dd938	d__Bacteria;p__Bdellovibrionota;c__Oligoflexia;o__Oligoflexales;f__Oligoflexaceae;g__uncultured;s__	0.9998600465951745
2f807d4ae7f5aa9d78e29c749c0f7f1e	d__Bacteria;p__Bacteroidota;c__Bacteroidia;o__Sphingobacteriales;f__env.OPS_17;g__env.OPS_17;s__	0.9999998017247177
e0ad50533b83145d5cfaeaaf66688e06	d__Bacteria;p__Planctomycetota;c__Planctomycetes;o__Gemmatales;f__Gemmataceae;g__uncultured;s__	0.900248993174473
b7ed815f15cc04ec24eaee1b19cd367b	d__Bacteria;p__Chloroflexi;c__Ktedonobacteria;o__Ktedonobacterales;f__Ktedonobacteraceae;g__JG30a-KF-32;s__	0.9989730535928086
627d0c55b7903a2269c54e3a2c1f9593	d__Bacteria;p__Bacteroidota;c__Bacteroidia;o__Chitinophagales;f__Chitinophagaceae;g__uncultured;s__	0.8331139723943126
c1a3018aa2b7f65687b318c01ff86c24	d__Bacteria;p__Bacteroidota;c__Bacteroidia;o__Sphingobacteriales;f__Sphingobacteriaceae;g__Mucilaginibacter;s__	0.9890517369433436
c077e5926bddda448934c0b5e6e8ff3c	d__Bacteria;p__Chloroflexi;c__Ktedonobacteria;o__Ktedonobacterales;f__Ktedonobacteraceae;g__Thermosporothrix;s__	0.9987546321441775
feb6a1995780fce0503841e11fd2c17c	d__Bacteria;p__Gemmatimonadota;c__Gemmatimonadetes;o__Gemmatimonadales;f__Gemmatimonadaceae;g__Gemmatimonas;s__	0.8332530469470726
f45d143784d6240ff748871011f0bf78	d__Bacteria;p__Patescibacteria;c__Microgenomatia;o__Candidatus_Pacebacteria;f__Candidatus_Pacebacteria;g__Candidatus_Pacebacteria;s__	0.9999695863523336
7c3f5c0331b472270d729f84c75d9851	d__Bacteria;p__Chloroflexi;c__Ktedonobacteria;o__Ktedonobacterales;f__Ktedonobacteraceae;g__JG30a-KF-32;s__	0.7422045004939819
83526f8c83ad2794416c6140e26dd078	d__Bacteria;p__Armatimonadota;c__Fimbriimonadia;o__Fimbriimonadales;f__Fimbriimonadaceae;g__Fimbriimonadaceae;s__	0.9996952600328032
e88e586a23f9c4636874cf25d559aff6	d__Bacteria;p__Proteobacteria;c__Alphaproteobacteria;o__Sphingomonadales;f__Sphingomonadaceae;g__Rhizorhapis;s__	0.9926894322215251
3b62f2fcacf2f1c62b76d115baa11de9	d__Bacteria;p__Planctomycetota;c__Planctomycetes;o__Pirellulales;f__Pirellulaceae;g__Pirellula;s__	0.9913750892488618
ab129d9835843867b21408ee1b3e8b8d	d__Bacteria;p__Planctomycetota;c__Planctomycetes;o__Isosphaerales;f__Isosphaeraceae;g__uncultured;s__	0.9709664939021664
e29d588c7f3122f6ebebf7f9be1070df	d__Bacteria;p__Proteobacteria;c__Alphaproteobacteria;o__Rhizobiales;f__Rhizobiaceae	0.7071270516229861
fac0748d32177bb60d9ce06e0f742a4d	d__Bacteria;p__Proteobacteria;c__Alphaproteobacteria;o__Acetobacterales;f__Acetobacteraceae;g__Rhodovastum;s__	0.9421715661610504
2b4cad4d86dcd11111158d781f18101d	d__Bacteria;p__Acidobacteriota;c__Acidobacteriae;o__Acidobacteriales;f__Acidobacteriaceae_(Subgroup_1);g__Granulicella;s__	0.9937358731982235
bf00f27794d6ea558e5dda02beb4d7ac	d__Bacteria;p__Planctomycetota;c__Planctomycetes;o__Gemmatales;f__Gemmataceae;g__uncultured;s__	0.9993810356805277
f298c18207c6d48c31b2f1a4b062fc37	d__Bacteria;p__Proteobacteria;c__Gammaproteobacteria;o__Diplorickettsiales;f__Diplorickettsiaceae;g__Aquicella;s__	0.9977196535059943
6bba45961552a19be6d53f697228ba3f	d__Bacteria;p__Chloroflexi;c__Ktedonobacteria;o__Ktedonobacterales;f__Ktedonobacteraceae;g__JG30a-KF-32;s__	0.9993509730761934
a952883fa09317a9b8744f1d9f9e4fa1	d__Bacteria;p__Planctomycetota;c__Planctomycetes;o__Gemmatales;f__Gemmataceae;g__Gemmata;s__	0.9992325277883801
cf2d5f14ca308461cf677eeaf342bd9b	d__Bacteria;p__Bacteroidota;c__Bacteroidia;o__Chitinophagales;f__Chitinophagaceae;g__uncultured;s__	0.9593911683730614
de537615e32e891d72053125b36af563	d__Bacteria;p__Bacteroidota;c__Bacteroidia;o__Sphingobacteriales;f__env.OPS_17;g__env.OPS_17;s__	0.9999989547656645
0bf12f98c3af8aef0f0fd300cc84d32b	d__Bacteria;p__Planctomycetota;c__Planctomycetes;o__Gemmatales;f__Gemmataceae;g__uncultured;s__	0.9975325649443635
0c4864cb2495b47cbf19f1b695e33b28	d__Bacteria;p__Firmicutes;c__Clostridia;o__Clostridiales;f__Clostridiaceae;g__Clostridium_sensu_stricto_13;s__	0.9990656681335564
5843447513a15728f6d4cac831078f9d	d__Bacteria;p__Acidobacteriota;c__Holophagae;o__Subgroup_7;f__Subgroup_7;g__Subgroup_7;s__	0.9999648152205818
28b53095bfe72d00a18ea26c8bdd72c9	d__Bacteria;p__Verrucomicrobiota;c__Verrucomicrobiae;o__Methylacidiphilales;f__Methylacidiphilaceae;g__uncultured;s__	0.9999792038048954
079e7cd823a33a2bf90f40e0f0911308	d__Bacteria;p__Chloroflexi;c__Chloroflexia;o__Kallotenuales;f__AKIW781;g__AKIW781;s__	0.9999980285766518
af6eb9ed7dfe5fcdb17a0ff504fa8610	d__Bacteria;p__Chloroflexi	0.8627890824206408
105433126e6bd969a0aa59541821467a	d__Bacteria;p__Patescibacteria;c__Parcubacteria;o__GWA2-38-13b;f__GWA2-38-13b;g__GWA2-38-13b;s__	0.9454951844050207
e31a192c514bbce88e153d6e1471b85b	d__Bacteria;p__Patescibacteria;c__Microgenomatia;o__Candidatus_Pacebacteria;f__Candidatus_Pacebacteria;g__Candidatus_Pacebacteria;s__	0.9999727687235404
685f1e7954fcb9454edbcbb64ca3042e	d__Bacteria;p__Bdellovibrionota;c__Oligoflexia;o__0319-6G20;f__0319-6G20;g__0319-6G20;s__	0.9976952278417462
247f1b1c8cdaf408a4e8476adabd769c	d__Bacteria;p__Patescibacteria;c__Parcubacteria;o__GWA2-38-13b;f__GWA2-38-13b;g__GWA2-38-13b;s__	0.8763227011346841
f3ca89ac986572649baf4837b81474a6	d__Bacteria;p__Proteobacteria;c__Gammaproteobacteria	0.999964698842842
9c9efef0f6d5c2375971db73e4bfb33c	d__Bacteria;p__Planctomycetota;c__Planctomycetes;o__Gemmatales;f__Gemmataceae;g__Gemmata;s__	0.9976350439937232
7b088c83bff47c6dda4e26b779d0912c	d__Bacteria;p__Proteobacteria;c__Alphaproteobacteria;o__Rickettsiales;f__SM2D12;g__SM2D12;s__	0.9998268688245321
40f45f7996045381fa43867a03a2e468	d__Bacteria;p__Chloroflexi;c__Chloroflexia;o__Thermomicrobiales;f__AKYG1722;g__AKYG1722;s__	0.9999590382699094
9ea11e6310e8e32bcf61c3ed6aea64f2	d__Bacteria;p__Patescibacteria;c__Microgenomatia;o__Candidatus_Levybacteria;f__Candidatus_Levybacteria;g__Candidatus_Levybacteria;s__	0.9998709745355925
239c4eadf803be968ea0d90fc437bac0	d__Bacteria;p__Proteobacteria;c__Gammaproteobacteria;o__Burkholderiales	0.9999751154460694
c49ea261dbaec3a53536c2ff7631ddee	d__Bacteria;p__Proteobacteria;c__Gammaproteobacteria;o__Burkholderiales;f__Nitrosomonadaceae;g__Ellin6067;s__	0.999997563184947
186b552d81aa5d2fb49b4e3dc80861e2	d__Bacteria;p__Acidobacteriota;c__Acidobacteriae;o__Acidobacteriales;f__Koribacteraceae;g__Candidatus_Koribacter;s__	0.9940770887119956
58e2aade878adcee0221db7189e3ce5f	d__Bacteria;p__Armatimonadota;c__Fimbriimonadia;o__Fimbriimonadales;f__Fimbriimonadaceae;g__Fimbriimonadaceae;s__	0.9999853928062999
cda3c2947fb26a2eab659a199e7e009e	d__Bacteria;p__Bdellovibrionota;c__Bdellovibrionia;o__Bdellovibrionales;f__Bdellovibrionaceae;g__Bdellovibrio;s__	0.9999930312709846
f2a5a35f37f9f604e934515005b1e051	d__Bacteria;p__Planctomycetota;c__Planctomycetes;o__Gemmatales;f__Gemmataceae;g__uncultured;s__	0.9858725477295017
2bb0fbf1ecf48a256ee5cbce8588639b	d__Bacteria;p__Patescibacteria;c__Parcubacteria;o__Candidatus_Nomurabacteria;f__Candidatus_Nomurabacteria;g__Candidatus_Nomurabacteria;s__	0.7291194028364758
e1b78353c8c9744f5d9762ce8def3d25	d__Bacteria;p__Bacteroidota;c__Bacteroidia;o__Chitinophagales;f__Chitinophagaceae;g__uncultured;s__	0.7610360516063228
9a3ca14354086c578925c5a98a601923	d__Bacteria;p__Myxococcota;c__Myxococcia;o__Myxococcales;f__Anaeromyxobacteraceae;g__Anaeromyxobacter;s__	0.9975284401048895
c2dde8666645565a9aaea60a12feb671	d__Bacteria;p__Chloroflexi;c__Ktedonobacteria;o__C0119;f__C0119;g__C0119;s__	0.9981612280680087
01e21fb51a5fc8d65daf0d01510659f8	d__Bacteria;p__Patescibacteria;c__Microgenomatia;o__Candidatus_Pacebacteria;f__Candidatus_Pacebacteria;g__Candidatus_Pacebacteria;s__	0.999890785733856
a3cdc6b75e8bd84eebfb18b96daa8f16	d__Bacteria;p__Patescibacteria;c__Parcubacteria	0.9032843053450097
b5f63521eba500995e744b652ff7ba20	d__Bacteria;p__Bacteroidota;c__Bacteroidia;o__Chitinophagales;f__Chitinophagaceae;g__uncultured;s__	0.9105502565065994
1312959327fd4bc70b0523acadabb8f4	d__Bacteria;p__Proteobacteria;c__Gammaproteobacteria;o__Burkholderiales;f__Oxalobacteraceae	0.7599045397497015
dbc395aaf367bb7c352a585690f0fc3f	d__Bacteria;p__Proteobacteria;c__Gammaproteobacteria;o__Pseudomonadales;f__Pseudomonadaceae;g__Pseudomonas;s__	0.9688247472173516
9da1cba398b81627f29880b65666f18d	d__Bacteria;p__Chloroflexi;c__Ktedonobacteria;o__C0119;f__C0119;g__C0119;s__	0.9993183349690706
38cef48cbefabb8c2cc06de868dc301c	d__Bacteria;p__Verrucomicrobiota;c__Verrucomicrobiae;o__Opitutales;f__Opitutaceae;g__Opitutus;s__	0.8846828612100135
181469c7bb3294de8785aae695bf6f0b	d__Bacteria;p__Bdellovibrionota;c__Oligoflexia;o__0319-6G20;f__0319-6G20;g__0319-6G20;s__	0.9987564201508974
74c8bd175c896905f6dbcd1f19e9ab59	d__Bacteria;p__Proteobacteria;c__Gammaproteobacteria;o__Coxiellales;f__Coxiellaceae;g__Coxiella;s__	0.9353916017045387
8e86076cef0ae893e23091d44ac359c2	d__Bacteria;p__Planctomycetota;c__Planctomycetes;o__Gemmatales;f__Gemmataceae;g__uncultured;s__	0.9024999393985311
d642cd00d6bf4eb09312dcac367d48ae	d__Bacteria;p__Patescibacteria;c__Parcubacteria;o__Candidatus_Adlerbacteria;f__Candidatus_Adlerbacteria;g__Candidatus_Adlerbacteria;s__	0.998317278083585
2d3b6311befd30a47f454e52fd918489	d__Bacteria;p__Patescibacteria;c__Saccharimonadia;o__Saccharimonadales;f__Saccharimonadales;g__Saccharimonadales;s__	0.9877856258525538
0b79453fad4a4d54bee8b59ce58421ca	d__Bacteria;p__Acidobacteriota;c__Acidobacteriae;o__Acidobacteriales	0.9999849023642466
e3437d5fc4d1e296c56a17e4767bdbde	d__Bacteria;p__Proteobacteria;c__Gammaproteobacteria	0.9989045788052273
8cf90f7ed250fcd9a1f397f54ad6a143	d__Bacteria;p__Proteobacteria;c__Gammaproteobacteria;o__Burkholderiales;f__A21b;g__A21b;s__	0.8506719566658629
1dc3a3e9fffe1099ac0f20f1604aded9	d__Bacteria;p__Patescibacteria;c__Parcubacteria;o__Parcubacteria;f__Parcubacteria;g__Parcubacteria;s__	0.7118572065146137
ebf0e67e94f4c97cb4c8aef2ea0e8545	d__Bacteria;p__Acidobacteriota;c__Vicinamibacteria;o__Vicinamibacterales;f__uncultured;g__uncultured;s__	0.9963073226985073
0b10af3bb8f3ed5762706d01308c0b90	d__Bacteria;p__Chloroflexi;c__Ktedonobacteria;o__Ktedonobacterales;f__Ktedonobacteraceae;g__JG30a-KF-32;s__	0.9902558750180606
41b84d462b838ee636eefe721c13e946	d__Bacteria;p__Gemmatimonadota;c__Gemmatimonadetes;o__Gemmatimonadales;f__Gemmatimonadaceae;g__uncultured;s__	0.7003267743455159
1bba773ab57bd2d5fd052f3364aaac73	d__Bacteria;p__Verrucomicrobiota;c__Verrucomicrobiae;o__Opitutales;f__Opitutaceae;g__Opitutus;s__	0.8522837086987922
b09ef23f260a3043d71ca3d56f92a5b0	d__Bacteria;p__Bacteroidota;c__Bacteroidia;o__Chitinophagales;f__Chitinophagaceae	0.9999861923080375
e4ca6f494c8830629884e8e070e14540	d__Bacteria;p__Acidobacteriota;c__Vicinamibacteria;o__Vicinamibacterales;f__uncultured;g__uncultured;s__	0.9816115182352131
4ee267fe80e328c90081bc1d9c87dabb	d__Bacteria;p__Chloroflexi;c__Ktedonobacteria;o__Ktedonobacterales;f__Ktedonobacteraceae;g__JG30a-KF-32;s__	0.9794635625191427
a0e3637c397273a40868c8b7fa2bafd7	d__Bacteria;p__Verrucomicrobiota;c__Chlamydiae;o__Chlamydiales;f__Parachlamydiaceae;g__Candidatus_Protochlamydia;s__	0.990300502475919
1e1c0847ec07f263901e494da91018b6	d__Bacteria;p__Bdellovibrionota;c__Bdellovibrionia;o__Bdellovibrionales;f__Bdellovibrionaceae;g__Bdellovibrio;s__	0.9846382678253025
377726a4ec0392852a106fccf77c2893	d__Bacteria;p__Planctomycetota;c__Planctomycetes;o__Gemmatales;f__Gemmataceae;g__uncultured;s__	0.9212753032047364
cebe7a8aaec960febde670411ac9611c	d__Bacteria;p__Cyanobacteria;c__Cyanobacteriia;o__Chloroplast;f__Chloroplast;g__Chloroplast;s__	0.9992345407849021
37a5feda973ab777fdfd37c127a1d6e3	d__Bacteria;p__Proteobacteria;c__Alphaproteobacteria;o__Rhizobiales;f__Beijerinckiaceae;g__Roseiarcus;s__	0.9987626713140288
07bfbcbfdcd0392702b92f115f5bb12f	d__Bacteria;p__Proteobacteria;c__Alphaproteobacteria;o__Rickettsiales;f__Mitochondria;g__Mitochondria;s__	0.8199265340931522
056e1a634b626cd8e6550eca50d36d9e	d__Bacteria;p__Planctomycetota;c__Planctomycetes;o__Isosphaerales;f__Isosphaeraceae	0.99768253817763
37e852706b2188d32c3d186fbb19ed3e	d__Bacteria;p__Cyanobacteria;c__Cyanobacteriia;o__Chloroplast;f__Chloroplast;g__Chloroplast;s__	0.999620681103741
0f1dbc325223c5971974a641eaa44976	d__Bacteria;p__Chloroflexi;c__Ktedonobacteria;o__Ktedonobacterales;f__Ktedonobacteraceae;g__JG30a-KF-32;s__	0.9786184697167556
f88557934b67e0178fc412069f09bda5	d__Bacteria;p__Armatimonadota;c__Fimbriimonadia;o__Fimbriimonadales;f__Fimbriimonadaceae	0.9999992295648796
f1a9e4f79ef6e6633e401050847146a7	d__Bacteria;p__Planctomycetota;c__Planctomycetes;o__Gemmatales;f__Gemmataceae	0.9996707333752728
6c3581584d3f9b4c93b7c3d216f32832	d__Bacteria;p__Chloroflexi;c__Ktedonobacteria;o__C0119;f__C0119;g__C0119;s__	0.9996595637960889
14bd5bf414f7a34b008c0ed8de7a9045	d__Bacteria;p__Acidobacteriota;c__Blastocatellia;o__Pyrinomonadales;f__Pyrinomonadaceae;g__RB41;s__	0.9999808056600001
877f57ce8dddb7d6d451f86ede015593	d__Bacteria;p__Patescibacteria;c__Parcubacteria	0.9572042439680127
447872abf271b7350307c72ac995f279	d__Bacteria;p__Myxococcota;c__Polyangia;o__Haliangiales;f__Haliangiaceae;g__Haliangium;s__	0.7565200641430467
94f7bd06cc14a1c98e7b4928ba5fb1a2	d__Bacteria;p__Proteobacteria;c__Gammaproteobacteria;o__Diplorickettsiales;f__Diplorickettsiaceae;g__uncultured;s__	0.8836988586724828
7e9d1327fb671e8160c842b2ee7a1245	d__Bacteria;p__Chloroflexi;c__Dehalococcoidia;o__S085;f__S085;g__S085;s__	0.9692363994026133
9931ff03d68bdb8559a9bb4d69a9ca51	d__Bacteria;p__Planctomycetota;c__Phycisphaerae;o__Tepidisphaerales;f__WD2101_soil_group;g__WD2101_soil_group;s__	0.9999740950073251
381e5db9f5e91860c9c16a13f27eb2bd	d__Bacteria;p__Firmicutes;c__Bacilli;o__Bacillales;f__Bacillaceae	0.8423969566961196
59f77ab51ada192788ecea40f6e9de24	d__Bacteria;p__Proteobacteria;c__Gammaproteobacteria;o__Gammaproteobacteria_Incertae_Sedis;f__Unknown_Family;g__Unknown_Family;s__	0.9629393160352399
f9b16f815a869e92c4bc607a7ebb265c	d__Bacteria;p__Proteobacteria;c__Alphaproteobacteria;o__Rhizobiales;f__Rhizobiaceae;g__Phyllobacterium;s__	0.9631504386588224
35daa50e64cf169d8e64f157d841f8b8	d__Bacteria;p__Bdellovibrionota;c__Oligoflexia;o__0319-6G20;f__0319-6G20;g__0319-6G20;s__	0.9999599811166556
cfc19a5cd754288f7eec5203e9193c2a	d__Bacteria;p__Patescibacteria;c__Parcubacteria;o__Candidatus_Nomurabacteria;f__Candidatus_Nomurabacteria;g__Candidatus_Nomurabacteria;s__	0.9117337058874703
bd9f092346e2aaed796560e76b0b86ee	d__Bacteria;p__FCPU426;c__FCPU426;o__FCPU426;f__FCPU426;g__FCPU426;s__	0.9502796391193421
5d694c11b13cc8a0994d8c12672a23ff	d__Bacteria;p__Planctomycetota;c__BD7-11;o__BD7-11;f__BD7-11;g__BD7-11;s__	0.9933850826682914
a21b49139d7c5ed771399617c33a9a0a	d__Bacteria;p__Patescibacteria;c__Saccharimonadia;o__Saccharimonadales;f__Saccharimonadaceae;g__TM7a;s__	0.983809616153151
7483478358f2f1a7e94be269b8ccbdfe	d__Bacteria;p__Patescibacteria;c__Parcubacteria;o__Candidatus_Adlerbacteria;f__Candidatus_Adlerbacteria;g__Candidatus_Adlerbacteria;s__	0.9996967993817366
cc81f32e45bb0f75d69f355b56c1e0fa	d__Bacteria;p__Actinobacteriota;c__Acidimicrobiia;o__IMCC26256;f__IMCC26256;g__IMCC26256;s__	0.9864188554075798
a10e31a8cf77f8001ebed84aae345af9	d__Bacteria;p__Proteobacteria;c__Gammaproteobacteria;o__Legionellales;f__Legionellaceae;g__Legionella;s__	0.9997726766406178
d542114f0222e3afdf8db22c5bc79064	d__Bacteria;p__Armatimonadota;c__Chthonomonadetes;o__Chthonomonadales;f__Chthonomonadaceae;g__Chthonomonas;s__	0.9999995716295083
a49df8b55e2c8752f69a117216920db7	d__Bacteria;p__Verrucomicrobiota;c__Chlamydiae;o__Chlamydiales	0.9999993047890364
828d5f632718e4f3053d36ccc7fc62bd	d__Bacteria;p__Proteobacteria;c__Alphaproteobacteria;o__Sphingomonadales;f__Sphingomonadaceae;g__Sphingomonas;s__	0.9258313670401772
1dd8d69c868e2e09ef06aeb1325a9666	d__Bacteria;p__Proteobacteria;c__Alphaproteobacteria;o__Reyranellales;f__Reyranellaceae;g__Reyranella;s__	0.9999998177003586
fbebea321e11b54a9499f64169fe0f3d	d__Bacteria;p__Planctomycetota;c__Phycisphaerae;o__Tepidisphaerales;f__WD2101_soil_group;g__WD2101_soil_group;s__	0.9999859727564494
20d0c2c18b6802364b8e89340a1cbfeb	d__Bacteria;p__Planctomycetota;c__Planctomycetes;o__Gemmatales;f__Gemmataceae;g__Fimbriiglobus;s__	0.9965323639687529
25a908d61367abbe45053573a996b1ae	d__Bacteria;p__Myxococcota;c__Polyangia;o__Polyangiales;f__Polyangiaceae;g__Pajaroellobacter;s__	0.9982680693816692
835246e112cef34b85937a3cc8a21818	d__Bacteria;p__Actinobacteriota;c__Thermoleophilia;o__Solirubrobacterales;f__67-14;g__67-14;s__	0.9999965682988311
626b7b9ed1e8b544df6dfad0c3103f3d	d__Bacteria;p__Proteobacteria;c__Gammaproteobacteria;o__Diplorickettsiales;f__Diplorickettsiaceae;g__uncultured;s__	0.841237309708307
2bf0949de5ea78bb29c6c62c5f53b943	d__Bacteria;p__Bdellovibrionota;c__Oligoflexia;o__Oligoflexales;f__Oligoflexaceae;g__uncultured;s__	0.9998371413158894
c072a2f1c5c63b00296e33559ecacd3d	d__Bacteria;p__Verrucomicrobiota;c__Chlamydiae;o__Chlamydiales;f__Parachlamydiaceae	0.9925503511619951
5bd91614fa4bc73f38f33bf19e87252b	d__Bacteria;p__Acidobacteriota;c__Blastocatellia;o__11-24;f__11-24;g__11-24;s__	0.9999995525457883
27ca0a5618fc614f1985914e50d4e25d	d__Bacteria;p__Verrucomicrobiota;c__Verrucomicrobiae;o__Chthoniobacterales;f__Chthoniobacteraceae;g__Chthoniobacter;s__	0.9995470062580333
24f21447913328468cd69fe0225ee0ac	d__Bacteria;p__Actinobacteriota;c__Acidimicrobiia;o__Microtrichales;f__Iamiaceae;g__Iamia;s__	0.9387038191278816
7b5294ab9d00f5730312eb584091c381	d__Bacteria;p__Proteobacteria;c__Gammaproteobacteria	0.9991582398241512
2ddb6b0ec1bdf0fcc0d74976ed7aed31	d__Bacteria;p__Actinobacteriota;c__Actinobacteria;o__Corynebacteriales;f__Mycobacteriaceae;g__Mycobacterium;s__	0.9992742801667587
67e25995e9499d1716a6b085627a629a	d__Bacteria;p__Chloroflexi;c__Ktedonobacteria;o__Ktedonobacterales;f__Ktedonobacteraceae;g__JG30a-KF-32;s__	0.9229752594999356
5a3c6be1a1c899683178f7cda81ca683	d__Bacteria;p__Gemmatimonadota;c__Gemmatimonadetes;o__Gemmatimonadales;f__Gemmatimonadaceae;g__uncultured;s__	0.9983445599745463
f99ff7ff6f88f5f4d3375e2b97ff5bb4	d__Bacteria	0.9997297580340836
0614ddbe4f038982e8008f30564ea666	d__Bacteria;p__Elusimicrobiota;c__Lineage_IIa;o__Lineage_IIa;f__Lineage_IIa;g__Lineage_IIa;s__	0.9999988050319962
575204fc3f95ccfb882c40118e8c9037	d__Bacteria;p__Chloroflexi;c__Ktedonobacteria;o__Ktedonobacterales;f__Ktedonobacteraceae	0.9977339826347464
cf1940d39055dbf35ddeec39ec38b20e	d__Bacteria;p__Patescibacteria;c__Parcubacteria;o__Candidatus_Kaiserbacteria;f__Candidatus_Kaiserbacteria;g__Candidatus_Kaiserbacteria;s__	0.974049058750449
ce9e2333a2b87c595756f6977fa2b634	d__Bacteria;p__Chloroflexi;c__Ktedonobacteria;o__Ktedonobacterales;f__Ktedonobacteraceae;g__JG30a-KF-32;s__	0.9365753289805807
0a4de3f0d21407131cd4c44439f35735	d__Bacteria;p__Bdellovibrionota;c__Bdellovibrionia;o__Bdellovibrionales;f__Bdellovibrionaceae;g__Bdellovibrio;s__	0.9989215582969766
40821d50b114c71397c838107ee6d78e	d__Bacteria;p__Proteobacteria;c__Gammaproteobacteria;o__Burkholderiales;f__Nitrosomonadaceae;g__Ellin6067;s__	0.9991962974238995
f1bc16ca0a508727e13860024ec9ac0b	d__Bacteria;p__Planctomycetota;c__Phycisphaerae;o__Tepidisphaerales;f__WD2101_soil_group;g__WD2101_soil_group;s__	0.9875487506948107
3a81e4380fa3a7989bd3ad323aa903fb	d__Bacteria;p__Actinobacteriota;c__Thermoleophilia;o__Solirubrobacterales;f__67-14;g__67-14;s__	0.9999858478062855
ed96c15fd7da06d031efe21b2a9ebd37	d__Bacteria;p__Actinobacteriota;c__Thermoleophilia;o__Gaiellales;f__uncultured;g__uncultured;s__	0.9977755128119684
3cd0186602ea5060910348d02d6d1350	d__Bacteria;p__Bacteroidota;c__Bacteroidia;o__Sphingobacteriales;f__Sphingobacteriaceae;g__Pedobacter;s__	0.9975727652183366
fd25b582d656e648a1d697460b3c81fc	d__Bacteria;p__Actinobacteriota;c__Thermoleophilia;o__Gaiellales;f__uncultured;g__uncultured;s__	0.9971452631197918
90145dbe967ffdbe87c8c24c528e90ea	d__Bacteria;p__Patescibacteria;c__Parcubacteria;o__GWA2-38-13b;f__GWA2-38-13b;g__GWA2-38-13b;s__	0.8917459538425948
188aada338cc9036fc8c47a03be8b930	d__Bacteria;p__Chloroflexi	0.8365489458297307
23c3253e2c7a342d851e4e3b5abd26d6	d__Bacteria;p__Acidobacteriota;c__Holophagae;o__Subgroup_7;f__Subgroup_7;g__Subgroup_7;s__	0.9613606816037065
384b2e024b16638dda4ddf89e1724e18	d__Bacteria;p__Patescibacteria;c__Parcubacteria;o__Parcubacteria;f__Parcubacteria;g__Parcubacteria;s__	0.9999460350096332
fb578f49d512842540b8690328dd4369	d__Bacteria;p__Armatimonadota;c__Fimbriimonadia;o__Fimbriimonadales;f__Fimbriimonadaceae;g__Fimbriimonadaceae;s__	0.9476958615548217
3de2a7d4b7174dee30df81a187c942c8	d__Bacteria;p__Patescibacteria;c__Parcubacteria;o__Parcubacteria;f__Parcubacteria;g__Parcubacteria;s__	0.9999285013573037
a07d8824f09ebbdf3ed7667f7f036499	d__Bacteria;p__Verrucomicrobiota;c__Verrucomicrobiae;o__Methylacidiphilales;f__Methylacidiphilaceae;g__uncultured;s__	0.9999769191445568
91eb0b50b470991e4177509d689e3d7b	d__Bacteria;p__Bdellovibrionota;c__Bdellovibrionia;o__Bdellovibrionales;f__Bdellovibrionaceae;g__Bdellovibrio;s__	0.9999837755568389
d2ad412c6db519cab8b8ff99a0e0bed7	d__Bacteria;p__Armatimonadota;c__Armatimonadia;o__Armatimonadales;f__Armatimonadales;g__Armatimonadales;s__	0.9998493458052007
cd8a27089a510a8c7508a5608cc3bef8	d__Bacteria;p__Myxococcota;c__Myxococcia;o__Myxococcales;f__Myxococcaceae	0.8525388097364442
4bae8a2faf3ec2c9edef617b01794fb6	d__Bacteria;p__Chloroflexi;c__Anaerolineae;o__RBG-13-54-9;f__RBG-13-54-9;g__RBG-13-54-9;s__	0.9992566559227096
6ecbec650014aa4b4f06792d637e8687	d__Bacteria;p__Patescibacteria;c__Saccharimonadia;o__Saccharimonadales;f__Saccharimonadales;g__Saccharimonadales;s__	0.9125838508036642
f7d6e12609e81d1428aec395f11e7227	d__Bacteria;p__Bacteroidota;c__Bacteroidia;o__Chitinophagales;f__Chitinophagaceae;g__Edaphobaculum;s__	0.9894067943209076
d10e26567bca0c58bc2a3419b983b327	d__Bacteria;p__Bacteroidota;c__Bacteroidia;o__Chitinophagales	0.9736077448784624
6461db733e16b3c177186ef5c6248290	d__Bacteria;p__Chloroflexi;c__Ktedonobacteria;o__Ktedonobacterales;f__Ktedonobacteraceae;g__JG30a-KF-32;s__	0.9885993967713009
ecad060fc1480ff0e743acb7475ca222	d__Bacteria;p__Acidobacteriota;c__Blastocatellia;o__Pyrinomonadales;f__Pyrinomonadaceae;g__RB41;s__	0.9946634393107983
4bdb2ed4322fbd04f68efad4f5b87253	d__Bacteria;p__Chloroflexi;c__Ktedonobacteria;o__C0119;f__C0119;g__C0119;s__	0.9990534210831696
4752da0c7c34f5d19ae08f32e8fcc2ca	d__Bacteria;p__Chloroflexi;c__Ktedonobacteria;o__C0119;f__C0119;g__C0119;s__	0.9905019776162857
2b0f1220cdb641787d2e7a20ff82a380	d__Bacteria;p__Chloroflexi;c__Chloroflexia;o__Thermomicrobiales;f__JG30-KF-CM45;g__JG30-KF-CM45;s__	0.9999824737108404
38d7580338f287844fc449c60491bdb9	d__Bacteria;p__Proteobacteria;c__Gammaproteobacteria;o__Coxiellales;f__Coxiellaceae;g__Coxiella;s__	0.8860873117530971
f0f98bb3ac145c4659b2cc35f809557f	d__Bacteria;p__Patescibacteria;c__Parcubacteria;o__Candidatus_Zambryskibacteria;f__Candidatus_Zambryskibacteria;g__Candidatus_Zambryskibacteria;s__	0.9996876383060023
73b921f256021d776952da3b3263ec40	d__Bacteria;p__Actinobacteriota;c__Acidimicrobiia;o__Microtrichales;f__uncultured;g__uncultured;s__	0.8687226322733997
8842216e9ee081b20872e9bb3baf19a2	d__Bacteria;p__Patescibacteria	0.9879570323992992
4f04b69038a15c4b2b5e4e2b2939530b	d__Bacteria;p__Planctomycetota;c__Phycisphaerae;o__Tepidisphaerales;f__WD2101_soil_group;g__WD2101_soil_group;s__	0.9999997675765527
f10fbfeec12ab033277387bcdb6fcc1e	d__Bacteria;p__Bacteroidota;c__Bacteroidia;o__Sphingobacteriales;f__Sphingobacteriaceae;g__Mucilaginibacter;s__	0.9997691467689963
9d2f706301c883328e3b3110fd5f39ed	d__Bacteria;p__Acidobacteriota;c__Blastocatellia;o__Blastocatellales;f__Blastocatellaceae;g__Blastocatella;s__	0.9941871620943887
892494ee6e56dc5192bf18393b298436	d__Bacteria;p__Chloroflexi;c__Ktedonobacteria;o__Ktedonobacterales;f__Ktedonobacteraceae;g__JG30a-KF-32;s__	0.9926299498669215
cb16c0e2fe61c7bc40fc3928622f2b6b	d__Bacteria;p__Cyanobacteria;c__Cyanobacteriia;o__Chloroplast;f__Chloroplast;g__Chloroplast;s__	0.9999358054805152
b9da2041007831766502a96f07b4e042	d__Bacteria;p__Bacteroidota;c__Bacteroidia;o__Chitinophagales;f__Chitinophagaceae;g__uncultured;s__	0.9479326185574736
26bdb7e89f677b12dea3961fdb41ca2c	d__Bacteria;p__Patescibacteria;c__Saccharimonadia;o__Saccharimonadales;f__LWQ8;g__LWQ8;s__	0.9894944154805524
db867325dae31a0d309c6d6be3c3c756	d__Bacteria;p__Chloroflexi;c__Ktedonobacteria;o__Ktedonobacterales;f__Ktedonobacteraceae;g__JG30a-KF-32;s__	0.8892965389593925
7b13ef463dd6e884aca39f8b56bf36e8	d__Bacteria;p__Chloroflexi;c__JG30-KF-CM66;o__JG30-KF-CM66;f__JG30-KF-CM66;g__JG30-KF-CM66;s__	0.9812632267688861
89e2302158971f20edda5c86a82fdd2c	d__Bacteria;p__Patescibacteria;c__Parcubacteria;o__Candidatus_Kaiserbacteria;f__Candidatus_Kaiserbacteria;g__Candidatus_Kaiserbacteria;s__	0.9997592890255776
82f0b61fdcb6a5f91a0479384ee4ab9b	d__Bacteria;p__Bacteroidota;c__Bacteroidia;o__Chitinophagales;f__Chitinophagaceae;g__uncultured;s__	0.9719075325880764
6d1bd682ec35b5b097fbf4d060c6b2d4	d__Bacteria;p__Planctomycetota;c__Planctomycetes;o__Gemmatales;f__Gemmataceae;g__Fimbriiglobus;s__	0.8484482704008379
6d67a48585c85f644f9c2dd8c1bcf4cb	d__Bacteria;p__Patescibacteria;c__Microgenomatia;o__Candidatus_Levybacteria;f__Candidatus_Levybacteria;g__Candidatus_Levybacteria;s__	0.9994110018497782
9688cd3ff50be352e92ba64a1e42a0d0	d__Bacteria;p__Patescibacteria;c__Saccharimonadia;o__Saccharimonadales;f__Saccharimonadales;g__Saccharimonadales;s__	0.8826991248819482
d932481ea0e8163048ba9670a0597ab1	d__Bacteria;p__Patescibacteria;c__Parcubacteria;o__Parcubacteria;f__Parcubacteria;g__Parcubacteria;s__	0.8654089758055099
99dd188d0ce2720bf17f55030b5dce72	d__Bacteria;p__Bacteroidota;c__Bacteroidia;o__Chitinophagales;f__Chitinophagaceae;g__Puia;s__	0.8145698581124574
12d92feece29a806a89b9167f5d95155	d__Bacteria;p__Chloroflexi;c__Anaerolineae;o__SBR1031	0.8116508851931938
f747d6924ca97e9f45e5ca81b0da2425	d__Bacteria;p__Planctomycetota;c__Planctomycetes;o__uncultured;f__uncultured;g__uncultured;s__	0.9986900488506983
af4303189185fb6a0750301a96994cbd	d__Bacteria;p__Planctomycetota;c__Planctomycetes;o__Planctomycetales;f__uncultured;g__uncultured;s__	0.9711487291324306
de8d0f561eae19a877c27882f7f1dce0	d__Bacteria;p__Chloroflexi;c__Ktedonobacteria;o__Ktedonobacterales;f__Ktedonobacteraceae;g__JG30a-KF-32;s__	0.9940700553944135
e53708676351391f236ac4235a8f1afc	d__Bacteria;p__Proteobacteria;c__Gammaproteobacteria;o__Diplorickettsiales;f__Diplorickettsiaceae;g__uncultured;s__	0.7972327661854601
b407e3b5b2a335e1286a067c50fb699d	d__Bacteria;p__Bdellovibrionota;c__Bdellovibrionia;o__Bdellovibrionales;f__Bdellovibrionaceae;g__Bdellovibrio;s__	0.9956787209404709
fff6e36c4f6cfafa9dad79e13550810e	d__Bacteria;p__Verrucomicrobiota;c__Chlamydiae;o__Chlamydiales;f__Parachlamydiaceae;g__Neochlamydia;s__	0.9331553212298228
d04b0fae2da21fa59f8064b5e65fc851	d__Bacteria;p__Patescibacteria;c__Dojkabacteria;o__Dojkabacteria;f__Dojkabacteria;g__Dojkabacteria;s__	0.9997670259332361
d1314a9120ac20f0252c51073650ab1e	d__Bacteria;p__Patescibacteria;c__Parcubacteria;o__Parcubacteria;f__Parcubacteria;g__Parcubacteria;s__	0.795018520921994
861c373d2701a22b65457ac5bdcf4d46	d__Bacteria;p__Bacteroidota;c__Bacteroidia;o__Chitinophagales	0.9753590371098684
2a1a915da2554da00f204c4dc05d0dd7	d__Bacteria;p__Proteobacteria;c__Gammaproteobacteria	0.9999773513595052
8596bcef0a07021c07b63d65ab8fed7a	d__Bacteria;p__Firmicutes;c__Bacilli;o__Bacillales;f__Bacillaceae;g__Bacillus;s__	0.953171744585156
0ad280dbfad1e89c611dbdb248eb11a2	d__Bacteria;p__Bacteroidota;c__Bacteroidia;o__Sphingobacteriales;f__AKYH767;g__AKYH767;s__	0.979606437223146
ad7e4548edaac467da62d58efa38bfe5	d__Bacteria;p__Chloroflexi	0.7083640843993013
a399da7ba5b8701ae1504aa72023247a	d__Bacteria;p__Patescibacteria;c__Saccharimonadia;o__Saccharimonadales	0.9999738339650974
166c4f749241a25123ce96cca0b439d5	d__Bacteria;p__Gemmatimonadota;c__Gemmatimonadetes;o__Gemmatimonadales;f__Gemmatimonadaceae	0.9996636069070994
0deb9062c480095a508f0fce1b64ea9d	d__Bacteria;p__Proteobacteria;c__Gammaproteobacteria;o__Xanthomonadales;f__Rhodanobacteraceae;g__Rhodanobacter;s__	0.8627977317145493
48637807478c13c088e05cb40c26c99c	d__Bacteria;p__Proteobacteria;c__Alphaproteobacteria;o__Caulobacterales;f__Caulobacteraceae;g__uncultured;s__	0.970440101947388
835cf110621c6081a533d5b835f855a4	d__Bacteria;p__Bacteroidota;c__Bacteroidia;o__Chitinophagales;f__Chitinophagaceae;g__uncultured;s__	0.9611559771205163
f46768680387046c95d5c4f5fb38a38d	d__Bacteria;p__Armatimonadota;c__Armatimonadia;o__Armatimonadales;f__Armatimonadales;g__Armatimonadales;s__	0.9998481610513772
7e99da91884377d4ae9b73789e426bef	d__Bacteria;p__Proteobacteria;c__Gammaproteobacteria;o__Burkholderiales	0.9976018281502235
78982be3f65352b8b856ce5947dec4a4	d__Bacteria;p__Planctomycetota;c__Planctomycetes;o__Gemmatales;f__Gemmataceae;g__uncultured;s__	0.8541379346347715
c0fa45ce95665f6856fe0dc90c0960c7	d__Bacteria;p__Acidobacteriota;c__Holophagae;o__Subgroup_7;f__Subgroup_7;g__Subgroup_7;s__	0.9999820218700988
05de4741a6b366692ceb9a6301e5b304	d__Bacteria;p__Bdellovibrionota;c__Oligoflexia;o__0319-6G20;f__0319-6G20;g__0319-6G20;s__	0.9996227711461675
e95113c7958e8ccb208243a374130fad	d__Bacteria;p__Acidobacteriota;c__Acidobacteriae;o__Subgroup_2;f__Subgroup_2;g__Subgroup_2;s__	0.9979525489494642
a1fce02bbd358c498467e206a6cdc6eb	d__Bacteria;p__Chloroflexi;c__Ktedonobacteria;o__Ktedonobacterales;f__Ktedonobacteraceae;g__JG30a-KF-32;s__	0.9994723817585166
d222f65c73366fd321a581658fe19a4a	d__Bacteria;p__Chloroflexi;c__Ktedonobacteria;o__Ktedonobacterales;f__Ktedonobacteraceae;g__JG30a-KF-32;s__	0.9905587029119493
15a7618a6b19bb5b7b2bb2996215c877	d__Bacteria;p__Patescibacteria;c__Saccharimonadia;o__Saccharimonadales	0.9999933066575183
9b4406d1fe2985ef2d6997814383bdfb	d__Bacteria;p__Proteobacteria;c__Alphaproteobacteria	0.7063834936308688
eac8491d12d8488d78b35739ea516b54	d__Bacteria;p__Bacteroidota;c__Bacteroidia;o__Chitinophagales;f__Chitinophagaceae;g__uncultured;s__	0.9703345864310339
d32fff81c1d8b521123d7b6dea039cff	d__Bacteria;p__Bdellovibrionota;c__Bdellovibrionia;o__Bdellovibrionales;f__Bdellovibrionaceae;g__Bdellovibrio;s__	0.9855050909730001
6658e48037a2ef7e777837fc950a7f21	d__Bacteria;p__Planctomycetota;c__Phycisphaerae;o__Tepidisphaerales;f__WD2101_soil_group;g__WD2101_soil_group;s__	0.998922979578327
9ccf013486e6a86f3658db8d52bb9052	d__Bacteria	0.9999159845253254
c5c5ee4028f3444528f7f23a5f234b4b	d__Bacteria;p__Bacteroidota;c__Bacteroidia;o__Chitinophagales;f__Chitinophagaceae;g__uncultured;s__	0.9865423935177143
8becf9e029523c76a97e50fe868d7637	d__Bacteria;p__Patescibacteria;c__Parcubacteria	0.9858187457030142
8c96ca69f4b6b1550ebe7263c3302c9b	d__Bacteria;p__Bacteroidota;c__Kapabacteria;o__Kapabacteriales;f__Kapabacteriales;g__Kapabacteriales;s__	0.9312107293705661
a1be06a6c3f8149e9cc3ab95129e535f	d__Bacteria;p__Myxococcota;c__Polyangia;o__Polyangiales;f__Sandaracinaceae;g__Sandaracinus;s__	0.9669541634956477
c57eaaf25b15dcf4aff3e366cc2bdcf2	d__Bacteria;p__Patescibacteria;c__Saccharimonadia;o__Saccharimonadales;f__WWH38;g__WWH38;s__	0.9733760892177148
5f94e12699dd33576ff31894c870ce5b	d__Bacteria;p__Proteobacteria;c__Gammaproteobacteria;o__Xanthomonadales;f__Rhodanobacteraceae	0.9240761249397623
1888a63271bc6745ae1b108a83edf1c8	d__Bacteria;p__Patescibacteria;c__Saccharimonadia;o__Saccharimonadales	0.9999123601372037
81d8e59de9f55e57e93070ae679e3e35	d__Bacteria;p__Bdellovibrionota;c__Bdellovibrionia;o__Bdellovibrionales;f__Bdellovibrionaceae;g__Bdellovibrio;s__	0.9999898225587803
f7784202933eb0fe958baf0657ea2780	d__Bacteria;p__Acidobacteriota;c__Acidobacteriae;o__Acidobacteriales;f__uncultured;g__uncultured;s__	0.9813801146931863
3bfa5174cd07da308ff73d07b9d3dd75	d__Bacteria;p__Patescibacteria;c__ABY1;o__Candidatus_Magasanikbacteria;f__Candidatus_Magasanikbacteria;g__Candidatus_Magasanikbacteria;s__	0.9921084953334616
c191472f3bd1f6ac8eed9ba034e72ef4	d__Bacteria;p__Gemmatimonadota;c__Gemmatimonadetes;o__Gemmatimonadales;f__Gemmatimonadaceae;g__uncultured;s__	0.9996382377361741
804b20ae46202ebf37d9ec859bada86d	d__Bacteria;p__Patescibacteria;c__Parcubacteria;o__Candidatus_Kaiserbacteria;f__Candidatus_Kaiserbacteria;g__Candidatus_Kaiserbacteria;s__	0.9917294293968499
8487789cd26c9d4eabf1f350fbfbf6c0	d__Bacteria;p__Bacteroidota;c__Bacteroidia;o__Chitinophagales;f__Chitinophagaceae;g__uncultured;s__	0.9582362959414614
2b72e611ad6f7705574c587197aefad5	d__Bacteria;p__Patescibacteria;c__Parcubacteria;o__Parcubacteria;f__Parcubacteria;g__Parcubacteria;s__	0.9999365612430701
b326fe6310eb4d887c05b6ae939d8a92	d__Bacteria;p__Verrucomicrobiota;c__Verrucomicrobiae;o__Chthoniobacterales;f__Chthoniobacteraceae;g__Candidatus_Udaeobacter;s__	0.999563215161498
87fd7231ec6480533fa1f99fbaf4d7ea	d__Bacteria;p__Planctomycetota;c__Phycisphaerae;o__Tepidisphaerales;f__WD2101_soil_group;g__WD2101_soil_group;s__	0.9999992572798733
b6146fc203e67fb57266af46c522929d	d__Bacteria;p__Patescibacteria;c__Parcubacteria;o__Candidatus_Kaiserbacteria;f__Candidatus_Kaiserbacteria;g__Candidatus_Kaiserbacteria;s__	0.988362725846596
993240d9b16357b2f4d8e360e9961903	d__Bacteria;p__Patescibacteria;c__Parcubacteria;o__Candidatus_Zambryskibacteria;f__Candidatus_Zambryskibacteria;g__Candidatus_Zambryskibacteria;s__	0.9606752211134869
ac8f13d3716dbd00e7008f28621ebb0a	d__Bacteria;p__Planctomycetota;c__Phycisphaerae;o__Phycisphaerales;f__Phycisphaeraceae;g__SM1A02;s__	0.9997173601708326
dbb6a2e137ce42025813e05bcee6ebca	d__Bacteria;p__Verrucomicrobiota;c__Verrucomicrobiae;o__Chthoniobacterales;f__Chthoniobacteraceae;g__Candidatus_Udaeobacter;s__	0.9997695364984579
fcba6f15771d9f1a8c6d863fbb4f7417	d__Bacteria;p__Desulfobacterota;c__Desulfuromonadia;o__Geobacterales;f__Geobacteraceae;g__Citrifermentans;s__	0.9668746764457415
a70b94f86e582ccf1a75a692b74d5887	d__Bacteria;p__Proteobacteria;c__Gammaproteobacteria;o__Burkholderiales;f__A21b;g__A21b;s__	0.9994351568275551
0dd48f85523f61d754b98158cd99fefd	d__Bacteria;p__Patescibacteria;c__Parcubacteria;o__Candidatus_Nomurabacteria;f__Candidatus_Nomurabacteria;g__Candidatus_Nomurabacteria;s__	0.7312427057722649
0f3c5ec6dda25b0efbb49bc25a929efb	d__Bacteria;p__Patescibacteria;c__Microgenomatia;o__Candidatus_Daviesbacteria;f__Candidatus_Daviesbacteria;g__Candidatus_Daviesbacteria;s__	0.9988323283116244
0ab071343266a2bd37db624c56c45d2a	d__Bacteria;p__Patescibacteria;c__Berkelbacteria;o__Berkelbacteria;f__Berkelbacteria;g__Berkelbacteria;s__	0.9965901920231417
d2fb9e5451c00606977a35d7e839a631	d__Bacteria;p__Proteobacteria;c__Gammaproteobacteria;o__Coxiellales;f__Coxiellaceae;g__Coxiella;s__	0.917277498821113
1e58cb78f74564c9c9f15352dd72d00b	d__Bacteria;p__Proteobacteria;c__Alphaproteobacteria;o__Rickettsiales;f__Mitochondria;g__Mitochondria;s__	0.9999257840004763
01cfeb0ffe9f4ef3a6c8076f5a2f8549	d__Bacteria;p__Actinobacteriota;c__Acidimicrobiia	0.9999394451225712
8020b1d4216e253cc4cc22c5a2270780	d__Bacteria;p__Cyanobacteria;c__Cyanobacteriia;o__Chloroplast;f__Chloroplast;g__Chloroplast;s__	0.9991498194958978
d4a572b21e7e31f650a64d642febcc2d	d__Bacteria;p__Patescibacteria;c__Saccharimonadia;o__Saccharimonadales;f__Saccharimonadales;g__Saccharimonadales;s__	0.8996973274443496
a773a0c172a0d4b98acc089d9af00a3c	d__Bacteria;p__Chloroflexi;c__Ktedonobacteria;o__C0119;f__C0119;g__C0119;s__	0.999458902505789
d0d54ae0b83c885b9255c32feb7cee77	d__Bacteria	0.9999405855397255
50769beeff11fb13f7e0cadacf3f6439	d__Bacteria;p__Proteobacteria;c__Gammaproteobacteria;o__Burkholderiales;f__Comamonadaceae;g__Rhodoferax;s__	0.7919837021177615
a426a1df382fbf5515cd8f83c634cb73	d__Bacteria;p__Patescibacteria;c__Parcubacteria;o__Candidatus_Kaiserbacteria;f__Candidatus_Kaiserbacteria;g__Candidatus_Kaiserbacteria;s__	0.993415123364128
53c4f4eb3f52cdd5b49e2c2d90e854ea	d__Bacteria;p__Planctomycetota;c__Planctomycetes;o__Gemmatales;f__Gemmataceae;g__uncultured;s__	0.7498664249477919
820a4b786d6fcf9b3b06eb2809177fdb	d__Bacteria;p__Chloroflexi;c__Anaerolineae;o__SBR1031	0.7129976303591964
d2b6d1cc91eafd2975282d47e7f3ed97	d__Bacteria;p__Bacteroidota;c__Bacteroidia;o__Chitinophagales;f__Chitinophagaceae;g__Ferruginibacter;s__	0.9695627652516057
e0cdc160411ccc225530cd9f7beb55d6	d__Bacteria	0.9997893796871247
a6cb646e7bae77817b22b13fdcc05154	d__Bacteria;p__Proteobacteria;c__Alphaproteobacteria;o__Rickettsiales;f__Mitochondria;g__Mitochondria;s__	0.9793553932918215
6575a772180ec01cdd9c87d6e6cc76dd	d__Bacteria;p__Bdellovibrionota;c__Bdellovibrionia;o__Bacteriovoracales;f__Bacteriovoracaceae;g__Peredibacter;s__	0.9838890937372023
399ef3b3566f42ee9846aed486e60452	d__Bacteria;p__Bacteroidota;c__Bacteroidia;o__Chitinophagales;f__Chitinophagaceae;g__uncultured;s__	0.97346901678522
f94d724a535cd26d56d0afda75be24ce	d__Bacteria;p__Proteobacteria;c__Alphaproteobacteria;o__Sphingomonadales;f__Sphingomonadaceae;g__Sphingomonas;s__	0.9928734227673777
a186c6f87d58f67484aa46657673e827	d__Bacteria;p__Patescibacteria;c__Parcubacteria;o__Parcubacteria;f__Parcubacteria;g__Parcubacteria;s__	0.999821679008092
40438dc187d1318ed7a0d8d5c3622e3d	d__Bacteria;p__Acidobacteriota;c__Acidobacteriae;o__Subgroup_2;f__Subgroup_2;g__Subgroup_2;s__	0.9999879354119695
913b7cbcaf62f5930ac0fc17eb8999f3	d__Bacteria;p__Chloroflexi;c__JG30-KF-CM66;o__JG30-KF-CM66;f__JG30-KF-CM66;g__JG30-KF-CM66;s__	0.9936414484710819
d409f18c5e29c9c3dd74245e99ab0617	d__Bacteria;p__Acidobacteriota;c__Vicinamibacteria;o__Vicinamibacterales;f__uncultured;g__uncultured;s__	0.7695716151581505
b6e928bd1bc983445aefcd79696e9748	d__Bacteria;p__Patescibacteria;c__Parcubacteria	0.9073333608895031
0f755504ff6489cfa945a2d90899aa6d	d__Bacteria;p__Bacteroidota;c__Ignavibacteria;o__SJA-28;f__SJA-28;g__SJA-28;s__	0.9999953646064911
0796f2f5a41da5204b06ff3d57ad2baf	d__Bacteria;p__Proteobacteria;c__Gammaproteobacteria;o__Xanthomonadales;f__Rhodanobacteraceae;g__Rhodanobacter;s__	0.9594355616241099
a2485f1be30705b0adb89c03de6049e9	d__Bacteria;p__Acidobacteriota;c__Acidobacteriae;o__Subgroup_2;f__Subgroup_2;g__Subgroup_2;s__	0.9997511476076427
035bc9ef283d1eb2ae10c337602ac213	d__Bacteria;p__Patescibacteria;c__Saccharimonadia;o__Saccharimonadales	0.9999589667860218
b9120e4b929b5dcf5064b5e41327962b	d__Bacteria;p__Firmicutes;c__Clostridia;o__Clostridiales;f__Clostridiaceae;g__Clostridium_sensu_stricto_9;s__	0.9710318546813203
52790db8bdf3d24422284a3ce790a422	d__Bacteria;p__Bdellovibrionota;c__Oligoflexia;o__0319-6G20;f__0319-6G20;g__0319-6G20;s__	0.9983160030168036
86ae68704ef49e3bb1e4e0abbd07dac7	d__Bacteria;p__Planctomycetota;c__Planctomycetes;o__Pirellulales;f__Pirellulaceae;g__uncultured;s__	0.9584698362260099
98749a6649fd0f07530f47136af1a22c	d__Bacteria;p__Proteobacteria;c__Gammaproteobacteria;o__Burkholderiales;f__Oxalobacteraceae	0.9967540218952444
0c0e98dd071b0edd7f5d5c493a5fe513	d__Bacteria;p__Chloroflexi;c__Ktedonobacteria;o__C0119;f__C0119;g__C0119;s__	0.999914742978707
05d4f65881ff0f2f1cfbc65a03d8cb80	d__Bacteria;p__Elusimicrobiota;c__Lineage_IIa;o__Lineage_IIa;f__Lineage_IIa;g__Lineage_IIa;s__	0.9999925598464141
c70d039dc2fa17004fed8697b76ea84a	d__Bacteria;p__Patescibacteria;c__Parcubacteria	0.9993985977010689
3bc3f9b7e6d62fe5c24d427c891394aa	d__Bacteria;p__Actinobacteriota;c__Acidimicrobiia	0.9958307008956212
515cfe90d02b6210e700551811247c44	d__Bacteria;p__Planctomycetota;c__Phycisphaerae;o__Tepidisphaerales;f__WD2101_soil_group;g__WD2101_soil_group;s__	0.9999895048136629
7d63a7738c5835a889eccebe7727301a	d__Bacteria;p__Myxococcota;c__Myxococcia;o__Myxococcales;f__Anaeromyxobacteraceae;g__Anaeromyxobacter;s__	0.9979049621320669
eb0a78b4a319c8e66f2be8e8a65c8f48	d__Bacteria;p__Verrucomicrobiota;c__Verrucomicrobiae;o__Chthoniobacterales;f__Chthoniobacteraceae;g__Chthoniobacter;s__	0.8454853632410662
20956c5b1ff557c9e2ca80aa9437996d	d__Bacteria;p__Proteobacteria;c__Gammaproteobacteria;o__Burkholderiales;f__Oxalobacteraceae	0.826390527102984
80e719ea95262e72325850866f783f6e	d__Bacteria;p__Chloroflexi;c__Anaerolineae;o__Caldilineales;f__Caldilineaceae;g__uncultured;s__	0.9925786437752849
48a43280c8855071d270feafb1776936	d__Bacteria;p__Bacteroidota;c__Bacteroidia;o__Chitinophagales;f__Chitinophagaceae;g__Puia;s__	0.9611118781918104
65a4f8c1b24bc473e1999fd52884ed9f	d__Bacteria;p__Proteobacteria;c__Gammaproteobacteria;o__Burkholderiales	0.9999837881124587
c1e87b64829f5968b5fafce69676ab30	d__Bacteria;p__Proteobacteria;c__Gammaproteobacteria;o__Burkholderiales;f__Comamonadaceae;g__Rhizobacter;s__	0.7309164228324996
1383119f404554af0e43e4482832decf	d__Bacteria;p__Patescibacteria;c__Parcubacteria;o__Candidatus_Nomurabacteria;f__Candidatus_Nomurabacteria;g__Candidatus_Nomurabacteria;s__	0.998967600020619
65e6c4a39324ac35cb8461461e45fca5	d__Bacteria;p__Chloroflexi;c__Ktedonobacteria;o__Ktedonobacterales;f__Ktedonobacteraceae;g__JG30a-KF-32;s__	0.948040349158197
0a48f562b2e65f23eda18899412dd0b8	d__Bacteria;p__Patescibacteria;c__Saccharimonadia;o__Saccharimonadales;f__Saccharimonadales;g__Saccharimonadales;s__	0.7719482296378469
fb0e5268f8845e0dc519e865ba5672af	d__Bacteria;p__Actinobacteriota;c__Thermoleophilia;o__Gaiellales;f__uncultured;g__uncultured;s__	0.9971253567144102
b399f1401bddac3eb977a9a4a524f147	d__Bacteria;p__Bdellovibrionota;c__Bdellovibrionia;o__Bacteriovoracales;f__Bacteriovoracaceae;g__Peredibacter;s__	0.9840406487943684
633c56ae362799ba015626e59c37f589	d__Bacteria;p__Chloroflexi;c__Ktedonobacteria;o__Ktedonobacterales;f__Ktedonobacteraceae;g__JG30a-KF-32;s__	0.9870521350245494
b122b49429c8a3519a1b73fe4a95e97e	d__Bacteria;p__Patescibacteria;c__Microgenomatia;o__Candidatus_Roizmanbacteria;f__Candidatus_Roizmanbacteria;g__Candidatus_Roizmanbacteria;s__	0.9999803641978535
8ed20b21f0bb9afeee1049cdf0916676	d__Bacteria;p__Cyanobacteria;c__Cyanobacteriia;o__Chloroplast;f__Chloroplast;g__Chloroplast;s__	0.9984149178483187
890baa239e6a63546a9a13955b135f3b	d__Bacteria;p__Patescibacteria;c__Saccharimonadia;o__Saccharimonadales;f__LWQ8;g__LWQ8;s__	0.9325345032444664
5e734d847e1a44d13d237bede0c61ad9	d__Bacteria;p__Cyanobacteria;c__Cyanobacteriia;o__Chloroplast;f__Chloroplast;g__Chloroplast;s__	0.9998019824065724
758fbdfbbb9135ffc812e59121ddd473	d__Bacteria;p__Chloroflexi;c__Ktedonobacteria;o__Ktedonobacterales;f__Ktedonobacteraceae;g__JG30a-KF-32;s__	0.8139904047196891
613a5ca623619efaabd8f26e32678f05	d__Bacteria;p__Bacteroidota;c__Bacteroidia;o__Chitinophagales;f__Chitinophagaceae;g__uncultured;s__	0.9539080991178621
36672ca367899e9d8c1272d67a6514de	d__Bacteria;p__Chloroflexi;c__Ktedonobacteria;o__Ktedonobacterales;f__Ktedonobacteraceae;g__JG30a-KF-32;s__	0.9953547176919175
7135112de23295bb8034b1c83610ba4e	d__Bacteria;p__Proteobacteria;c__Alphaproteobacteria;o__Rickettsiales;f__Rickettsiaceae;g__uncultured;s__	0.9098209400161528
bee0a722d002e5daaa9ce5b7a1aaff6b	d__Bacteria;p__Chloroflexi;c__Ktedonobacteria;o__C0119;f__C0119;g__C0119;s__	0.9989863403549223
65b596e049e1c53e39477cc647b76a96	d__Bacteria;p__Verrucomicrobiota;c__Verrucomicrobiae;o__Chthoniobacterales;f__Xiphinematobacteraceae;g__Candidatus_Xiphinematobacter;s__	0.8458096982969688
c7efd14922658dd21a0b630ffb01f796	d__Bacteria;p__Proteobacteria;c__Gammaproteobacteria;o__Xanthomonadales;f__Xanthomonadaceae	0.948491520460785
28a09908ea9c32a80d7c7569e35b8c05	d__Bacteria;p__Planctomycetota;c__Planctomycetes;o__Gemmatales;f__Gemmataceae;g__uncultured;s__	0.9107610667532376
7c3bd98d50a3d470643d8c16b01ce51f	d__Bacteria;p__Acidobacteriota;c__Thermoanaerobaculia;o__Thermoanaerobaculales;f__Thermoanaerobaculaceae;g__Subgroup_10;s__	0.9866640284102904
1a7517fc021bd30a402336c30e34e326	d__Bacteria;p__Bdellovibrionota;c__Oligoflexia;o__0319-6G20;f__0319-6G20;g__0319-6G20;s__	0.9925110903699734
d0f2ee343a3d6466e5ff7eb162ad15a9	d__Bacteria;p__Myxococcota;c__Polyangia;o__Polyangiales;f__Polyangiaceae;g__Pajaroellobacter;s__	0.9930725566605816
bc1247fa7de8f9740f2651151e60d538	d__Bacteria;p__Bacteroidota;c__Bacteroidia;o__Chitinophagales;f__Chitinophagaceae;g__uncultured;s__	0.9509003557713572
be4c81c61583a40188e5962976f851a6	d__Bacteria	0.9999950562127281
d4c4cfaf62e9b095fe07f0e6bc592121	d__Bacteria;p__Patescibacteria;c__Parcubacteria	0.9961307294075927
04d0301ca0e10c64478d34375807b1df	d__Bacteria;p__Patescibacteria;c__Saccharimonadia;o__Saccharimonadales;f__Saccharimonadales;g__Saccharimonadales;s__	0.9383120477334415
f778b432f3935edb93bf76d3d937a328	d__Bacteria;p__Acidobacteriota;c__Acidobacteriae;o__Subgroup_13;f__Subgroup_13;g__Subgroup_13;s__	0.9999997993285407
b5c7bf2f40c5d0c6682885d60336ec5d	d__Bacteria;p__Planctomycetota;c__Planctomycetes;o__Planctomycetales;f__uncultured;g__uncultured;s__	0.9312702844194876
5ccdf71102fbbc14dfe21688c3808dd3	d__Bacteria;p__Bacteroidota;c__Bacteroidia;o__Chitinophagales;f__Saprospiraceae;g__uncultured;s__	0.9812849796977322
fb6f07f05edfa327f1909a4d05720bbc	d__Bacteria;p__Patescibacteria;c__WWE3;o__WWE3;f__WWE3;g__WWE3;s__	0.9947686229270127
d84da6035ba405077b64d7a2a0281427	d__Bacteria;p__Proteobacteria;c__Gammaproteobacteria;o__Burkholderiales;f__Nitrosomonadaceae;g__Ellin6067;s__	0.981879095349278
753f7ca64d21735e46b2d84cb561437e	d__Bacteria;p__Proteobacteria;c__Gammaproteobacteria;o__Pseudomonadales;f__Pseudomonadaceae;g__Pseudomonas;s__	0.9800067657142186
1c2d54a0b4269cdf6fcf799342703398	d__Bacteria;p__Bacteroidota;c__Kapabacteria;o__Kapabacteriales;f__Kapabacteriales;g__Kapabacteriales;s__	0.9811010526586342
baf218b64fe438e983f884e7e17eab00	d__Bacteria;p__Planctomycetota;c__Planctomycetes;o__Isosphaerales;f__Isosphaeraceae	0.8585182614406263
be25c3b842d87d62802db609536b2c66	d__Bacteria;p__Bacteroidota;c__Bacteroidia;o__Sphingobacteriales;f__Sphingobacteriaceae;g__uncultured;s__	0.724258758065968
94f25212ae41c3c29c325afc167e566f	d__Bacteria;p__Bdellovibrionota;c__Oligoflexia;o__0319-6G20;f__0319-6G20;g__0319-6G20;s__	0.9998298987906212
0af68b9a15b54134c3b446376973daa0	d__Bacteria;p__Bacteroidota;c__Bacteroidia;o__Chitinophagales;f__Chitinophagaceae;g__Ferruginibacter;s__	0.9534139881295579
e8a1ad5c60e6d5804382ee90e4eacc63	d__Bacteria;p__Myxococcota;c__Polyangia;o__Polyangiales;f__Sandaracinaceae;g__Sandaracinus;s__	0.9235197847270643
afc2e035592dc0cea86d04c6d9e192e6	d__Bacteria;p__Verrucomicrobiota;c__Verrucomicrobiae;o__Chthoniobacterales;f__Xiphinematobacteraceae;g__Candidatus_Xiphinematobacter;s__	0.9544582133357847
83e9b178e433ccd565fbb2d0737b221b	d__Bacteria;p__Verrucomicrobiota;c__Chlamydiae;o__Chlamydiales;f__Parachlamydiaceae;g__Neochlamydia;s__	0.8175870299197799
7c4e714462455687f085776decdc11df	d__Bacteria;p__Verrucomicrobiota;c__Verrucomicrobiae;o__Chthoniobacterales;f__Chthoniobacteraceae;g__Candidatus_Udaeobacter;s__	0.9358286564371062
0a41de79ac269944e4f506ee4d0ff1de	d__Bacteria;p__Chloroflexi;c__Ktedonobacteria;o__Ktedonobacterales;f__Ktedonobacteraceae;g__JG30a-KF-32;s__	0.937268952697643
4a8ccb9d4385e76bdd717dd2bae89750	d__Bacteria;p__Verrucomicrobiota;c__Verrucomicrobiae;o__Chthoniobacterales;f__Chthoniobacteraceae;g__Candidatus_Udaeobacter;s__	0.9976784174620315
ed88aeae17fec87b01c594264861719e	d__Bacteria;p__Myxococcota;c__Polyangia;o__mle1-27;f__mle1-27;g__mle1-27;s__	0.9998821064392333
0a5f57a52c279ff65037b63349a11a3a	d__Bacteria;p__Proteobacteria;c__Gammaproteobacteria;o__Diplorickettsiales;f__Diplorickettsiaceae;g__Aquicella;s__	0.9999595095042031
138536134474f27416fe29fe0e6377c0	d__Bacteria;p__Bacteroidota;c__Kapabacteria;o__Kapabacteriales;f__Kapabacteriales;g__Kapabacteriales;s__	0.9784708050288251
24cdc72e99d43b100fa80d4523e62f33	d__Bacteria;p__Patescibacteria;c__Parcubacteria	0.7040242341282976
a9175af565bf72a2383f60abb2a81584	d__Bacteria;p__Planctomycetota;c__Planctomycetes;o__Pirellulales;f__Pirellulaceae;g__uncultured;s__	0.990392111751219
c38a29337f8abb960daff779d6fdb15b	d__Bacteria;p__Bacteroidota;c__Bacteroidia;o__Chitinophagales;f__Chitinophagaceae;g__uncultured;s__	0.9801022716935113
6e51a51c28890360680ed77d8c085950	d__Bacteria;p__Planctomycetota;c__Planctomycetes;o__Gemmatales;f__Gemmataceae	0.9968709516847224
a4b795471bd93b3d6db4843b26521dc1	d__Bacteria;p__Patescibacteria;c__Gracilibacteria;o__Candidatus_Peribacteria;f__Candidatus_Peribacteria;g__Candidatus_Peribacteria;s__	0.9999446241450065
43a68517228ae339ec91514851cc461f	d__Bacteria;p__Patescibacteria;c__Saccharimonadia;o__Saccharimonadales;f__LWQ8;g__LWQ8;s__	0.8229265607578122
c92578008751119dca4fd8995c6fd291	d__Bacteria;p__Acidobacteriota;c__Blastocatellia;o__Blastocatellales;f__Blastocatellaceae	0.943138569827187
490e0c14f3df0fd20329dfe82d7bd2e6	d__Bacteria;p__Acidobacteriota;c__Holophagae;o__Subgroup_7;f__Subgroup_7;g__Subgroup_7;s__	0.9999996331269576
3ffdcec1003c1a7b6f2ffa37839ad4f0	d__Bacteria;p__Bacteroidota;c__Bacteroidia;o__Chitinophagales;f__Chitinophagaceae;g__uncultured;s__	0.9570801351136462
63c671e7940c8e82fa503c5d10dbc58d	d__Bacteria;p__Gemmatimonadota;c__Gemmatimonadetes;o__Gemmatimonadales;f__Gemmatimonadaceae	0.9990054194376604
996ca50fe3470db4ccbbb04fe29e4ec3	d__Bacteria;p__Bdellovibrionota;c__Bdellovibrionia;o__Bdellovibrionales;f__Bdellovibrionaceae;g__Bdellovibrio;s__	0.9970999757183057
3ec2b271f23a36ba39604d4575a2d60b	d__Bacteria;p__Gemmatimonadota;c__Gemmatimonadetes;o__Gemmatimonadales;f__Gemmatimonadaceae;g__uncultured;s__	0.9763125516124164
cebf3f07ebd22f8915d452ff5ff19673	d__Bacteria;p__Chloroflexi;c__Ktedonobacteria;o__Ktedonobacterales;f__Ktedonobacteraceae;g__JG30a-KF-32;s__	0.9682016442444399
0c83434b298f5ae68479e04a720b18cd	d__Bacteria;p__Proteobacteria;c__Alphaproteobacteria;o__Elsterales;f__uncultured;g__uncultured;s__	0.9979408292586536
1359013a4076c16de0a5f7f5ddc218c7	d__Bacteria;p__Chloroflexi;c__Ktedonobacteria;o__C0119;f__C0119;g__C0119;s__	0.9998491547588886
7e2445b09b0c3cc35ed61a3b0aaa2403	d__Bacteria;p__Chloroflexi;c__AD3;o__AD3;f__AD3;g__AD3;s__	0.9829135930300489
3d09f493babfa012b656a3c334330c93	d__Bacteria;p__Verrucomicrobiota;c__Verrucomicrobiae;o__Chthoniobacterales;f__Chthoniobacteraceae;g__Candidatus_Udaeobacter;s__	0.947452155552789
1cd6eb64131313bfc1aee3a5eb388c6b	d__Bacteria;p__Cyanobacteria;c__Cyanobacteriia;o__Chloroplast;f__Chloroplast;g__Chloroplast;s__	0.9999523162346508
d3d54d61d22fd895bca93001c1fa3226	d__Bacteria;p__Acidobacteriota;c__Vicinamibacteria;o__Vicinamibacterales;f__uncultured;g__uncultured;s__	0.9812626308782018
acf5fac5b6a34a04109e1c15caf95d1b	d__Bacteria;p__Proteobacteria;c__Gammaproteobacteria;o__Burkholderiales;f__Comamonadaceae	0.999541175092296
7e1a6d04f0407c51621680e1b15ff46c	d__Bacteria;p__Chloroflexi;c__Ktedonobacteria;o__C0119;f__C0119;g__C0119;s__	0.9957968188097941
d44cac55ec9ee605840d9f0591c3672e	d__Bacteria;p__Proteobacteria;c__Gammaproteobacteria;o__Diplorickettsiales;f__Diplorickettsiaceae;g__uncultured;s__	0.7495677403988553
f0bfc40b18d56fb272e5b5a42efdf056	d__Bacteria;p__Cyanobacteria;c__Sericytochromatia;o__Sericytochromatia;f__Sericytochromatia;g__Sericytochromatia;s__	0.9999911421469199
f6f0212d66b53bd41500f20b5c999938	d__Bacteria;p__Verrucomicrobiota;c__Verrucomicrobiae;o__Chthoniobacterales;f__Chthoniobacteraceae	0.8939432197807043
50cff5f16ffd3231da217d50f7e6aba8	d__Bacteria;p__Bacteroidota;c__Ignavibacteria;o__SJA-28;f__SJA-28;g__SJA-28;s__	0.9999974754472624
c769de50dfc36f449d6ae8759bc9a33d	d__Bacteria;p__Planctomycetota;c__Planctomycetes;o__Gemmatales;f__Gemmataceae	0.9997882088453571
f663f16b9e0ad563b9340967d052913a	d__Bacteria;p__Dependentiae;c__Babeliae;o__Babeliales;f__Babeliaceae;g__Babeliaceae;s__	0.9571239936863295
64483cc0d6507c4fa80c87bdd9546b5b	d__Bacteria;p__Acidobacteriota;c__Vicinamibacteria;o__Vicinamibacterales;f__uncultured;g__uncultured;s__	0.9998287422019486
0c8ff39712b6e53777503c3623b05ea1	d__Bacteria;p__Chloroflexi	0.8559506471639756
5fcca57a9f4a1147ffc904da5708febb	d__Bacteria;p__Elusimicrobiota;c__Lineage_IIa;o__Lineage_IIa;f__Lineage_IIa;g__Lineage_IIa;s__	0.9976192610448867
0914db2481d0b5804ef9a610fe77d440	d__Bacteria;p__Proteobacteria;c__Gammaproteobacteria;o__Burkholderiales;f__A21b;g__A21b;s__	0.85611787101071
1879f33546d9bf1bb7276365dc31a885	d__Bacteria;p__Actinobacteriota;c__Acidimicrobiia;o__IMCC26256;f__IMCC26256;g__IMCC26256;s__	0.9934567190179601
b67f2b5a446da614148059d07b5f7dbd	d__Bacteria;p__Bacteroidota;c__Bacteroidia;o__Chitinophagales;f__Chitinophagaceae;g__uncultured;s__	0.9696131693984493
ac44013ce8e4f68ba48e23dd1eb6a6d1	d__Bacteria;p__Chloroflexi	0.8357747008872365
7c1b1ecf4dd6d4389c2610ad3bc39ade	d__Bacteria;p__Patescibacteria;c__Parcubacteria	0.994100765155021
6893ab6379df88aed2c211c8762e15d2	d__Bacteria;p__Chloroflexi;c__Ktedonobacteria;o__C0119;f__C0119;g__C0119;s__	0.9999227490078958
6c98eb888492474fe0fd17cd5067cf19	d__Bacteria;p__Proteobacteria;c__Gammaproteobacteria;o__Burkholderiales;f__Burkholderiaceae;g__Burkholderia-Caballeronia-Paraburkholderia;s__	0.993620010586647
f251592f6985e88255756751edc5f20c	d__Bacteria;p__Planctomycetota;c__Phycisphaerae;o__Tepidisphaerales;f__WD2101_soil_group;g__WD2101_soil_group;s__	0.9999883055011182
bf5fac47c6a754f02b0dedc656e59a81	d__Bacteria;p__Patescibacteria;c__Microgenomatia;o__Candidatus_Roizmanbacteria;f__Candidatus_Roizmanbacteria;g__Candidatus_Roizmanbacteria;s__	0.9999468619006129
6f90c79411293d91a228cb2a4a595db4	d__Bacteria;p__Patescibacteria;c__Parcubacteria;o__Candidatus_Zambryskibacteria;f__Candidatus_Zambryskibacteria;g__Candidatus_Zambryskibacteria;s__	0.9998236617142227
3f224ba79d79ba8646fc22f82a820f63	d__Bacteria;p__Verrucomicrobiota;c__Verrucomicrobiae;o__Chthoniobacterales;f__Chthoniobacteraceae;g__Candidatus_Udaeobacter;s__	0.9949898412017563
03aaee6f315cb6d175a70a725d5b4e1e	d__Bacteria;p__Patescibacteria;c__Parcubacteria;o__Candidatus_Yanofskybacteria;f__Candidatus_Yanofskybacteria;g__Candidatus_Yanofskybacteria;s__	0.9691596371646999
15d7ea2e0635aa950206199625485cc4	d__Bacteria;p__Patescibacteria;c__Parcubacteria;o__Candidatus_Azambacteria;f__Candidatus_Azambacteria;g__Candidatus_Azambacteria;s__	0.8472430052793116
9bac934f245eda08dc9b7ed63a685e73	d__Bacteria;p__Actinobacteriota;c__Thermoleophilia;o__Gaiellales;f__uncultured;g__uncultured;s__	0.8959239056176088
a17fe3064c6c0e134cf6ad7fe24112bf	d__Bacteria;p__Myxococcota;c__Myxococcia;o__Myxococcales;f__Anaeromyxobacteraceae;g__Anaeromyxobacter;s__	0.9982023683335581
1fe82debc83d21dcee1c8d55d11e4c60	d__Bacteria;p__Patescibacteria;c__Microgenomatia;o__Candidatus_Daviesbacteria;f__Candidatus_Daviesbacteria;g__Candidatus_Daviesbacteria;s__	0.9999221883431666
7fb3ed27ff84adcde0b1684c19e2a6d8	d__Bacteria;p__Bacteroidota;c__Kapabacteria;o__Kapabacteriales;f__Kapabacteriales;g__Kapabacteriales;s__	0.9843142227749746
4c2503c3aa09c411d58fbefd17082773	d__Bacteria;p__Verrucomicrobiota;c__Verrucomicrobiae;o__Chthoniobacterales;f__Chthoniobacteraceae;g__Chthoniobacter;s__	0.998926293283185
d29dad2afab06bdad3e21690bba58c08	d__Bacteria;p__Acidobacteriota;c__Acidobacteriae;o__Acidobacteriales;f__Acidobacteriaceae_(Subgroup_1);g__uncultured;s__	0.7474506664966981
0cb070c57a234edb16013bd022dd1a48	d__Bacteria;p__Chloroflexi;c__Ktedonobacteria;o__Ktedonobacterales;f__Ktedonobacteraceae;g__JG30a-KF-32;s__	0.9912394051297324
3a929618f35fa803305e150be464e141	d__Bacteria;p__Patescibacteria;c__Parcubacteria	0.9977573707740023
3d58e6bd52c20e85b0621a85a7ee6daa	d__Bacteria;p__Chloroflexi;c__Ktedonobacteria;o__C0119;f__C0119;g__C0119;s__	0.9957771429951815
c07d5998838af66ff70a50f3210636e8	d__Bacteria;p__Bacteroidota;c__Bacteroidia;o__Chitinophagales;f__Chitinophagaceae;g__Ferruginibacter;s__	0.7867113170901577
c24ff63917e38fdd51d2089a0f20e31a	d__Bacteria;p__Proteobacteria;c__Alphaproteobacteria	0.9947712059585808
97baa1776fb3b44e809c7903c6f92ad8	d__Bacteria;p__Abditibacteriota;c__Abditibacteria;o__Abditibacteriales;f__Abditibacteriaceae;g__Abditibacterium;s__	0.999999924487841
08b03fdd0b42315e713947146b1ecf38	d__Bacteria;p__Bacteroidota;c__Bacteroidia;o__Chitinophagales	0.9702372133211451
a968f7d2c6a8623a55e225fed5af6353	d__Bacteria;p__Proteobacteria;c__Gammaproteobacteria;o__Burkholderiales;f__A21b;g__A21b;s__	0.9997402258068929
a7bae06029987f0da4337662807ee069	d__Bacteria;p__Chloroflexi;c__Ktedonobacteria;o__Ktedonobacterales;f__Ktedonobacteraceae;g__JG30a-KF-32;s__	0.9929198281061276
b916a7349f593f6c76acad2b915a8a87	d__Bacteria;p__Verrucomicrobiota;c__Verrucomicrobiae;o__Chthoniobacterales;f__Chthoniobacteraceae;g__Chthoniobacter;s__	0.9199659061688515
f0ebb3afa1a3f54e95e9ca0358c40f0d	d__Bacteria;p__Chloroflexi;c__Ktedonobacteria;o__C0119;f__C0119;g__C0119;s__	0.849454096599277
2936882cb1e9b89f44df1d322126ff50	d__Bacteria;p__Chloroflexi;c__Ktedonobacteria;o__Ktedonobacterales;f__Ktedonobacteraceae;g__JG30a-KF-32;s__	0.8871753564747793
8aecf8f99cbac2b94dea6dfda48aa6a7	d__Bacteria;p__Verrucomicrobiota;c__Verrucomicrobiae;o__Pedosphaerales;f__Pedosphaeraceae;g__uncultured;s__	0.9848246070621969
f4b7c92e86fd894caf43569c4f8b04fd	d__Bacteria;p__Planctomycetota;c__Planctomycetes;o__Pirellulales;f__Pirellulaceae;g__uncultured;s__	0.8691559704143622
74f56ed99368c719224469942f918d71	d__Bacteria;p__Chloroflexi;c__Ktedonobacteria;o__Ktedonobacterales;f__Ktedonobacteraceae;g__JG30a-KF-32;s__	0.9933711974848421
b35cd001eb92d744f1d271cfc490db9b	d__Bacteria;p__Acidobacteriota;c__Holophagae;o__Subgroup_7;f__Subgroup_7;g__Subgroup_7;s__	0.9645892908707094
f191734ff407570afb1f98dc976e5148	d__Bacteria;p__Chloroflexi;c__Ktedonobacteria;o__Ktedonobacterales;f__Ktedonobacteraceae;g__uncultured;s__	0.9885826090668409
8235611621966a4284f57bc301b9dc09	d__Bacteria;p__Acidobacteriota;c__Acidobacteriae;o__Subgroup_2;f__Subgroup_2;g__Subgroup_2;s__	0.9997753900703977
c411733e667395386d4695c1960e2ce2	d__Bacteria;p__Patescibacteria;c__Saccharimonadia;o__Saccharimonadales;f__Saccharimonadales;g__Saccharimonadales;s__	0.8526454395474939
74f00da75452d460cc5e4da40a207ca8	d__Bacteria;p__Patescibacteria;c__Saccharimonadia;o__Saccharimonadales;f__Saccharimonadales;g__Saccharimonadales;s__	0.7586814384531712
ff976b1fd7d6cae4a5ca2c19557dab2e	d__Bacteria;p__Chloroflexi;c__Ktedonobacteria;o__C0119;f__C0119;g__C0119;s__	0.9994046740499651
b777b9038827d4c7609102f536ab2322	d__Bacteria;p__Proteobacteria;c__Gammaproteobacteria;o__Burkholderiales;f__Nitrosomonadaceae;g__Ellin6067;s__	0.9592492565096882
396708fc948a6982b6a5a5d5abd02fe7	d__Bacteria;p__Patescibacteria;c__Microgenomatia;o__Candidatus_Roizmanbacteria;f__Candidatus_Roizmanbacteria;g__Candidatus_Roizmanbacteria;s__	0.9999648338828987
a1ba60180fd0c91937d74eb31ce98c06	d__Bacteria;p__Myxococcota;c__Polyangia;o__mle1-27;f__mle1-27;g__mle1-27;s__	0.999902242102779
b44da3b171630f3970b3c9068c2bdd29	d__Bacteria;p__Bacteroidota;c__Kapabacteria;o__Kapabacteriales;f__Kapabacteriales;g__Kapabacteriales;s__	0.9973779752305798
30104a76e7e72eb2cc689f0d023059d5	d__Bacteria;p__Proteobacteria;c__Gammaproteobacteria;o__Xanthomonadales;f__Xanthomonadaceae;g__uncultured;s__	0.8853698631767052
29fe8cbe8016778b6dd46bf0981a1868	d__Bacteria;p__Patescibacteria;c__Parcubacteria;o__GWA2-38-13b;f__GWA2-38-13b;g__GWA2-38-13b;s__	0.9261648694447858
495c70be9e4b7229fff9b85ec602187d	d__Bacteria;p__Verrucomicrobiota;c__Chlamydiae;o__Chlamydiales;f__Parachlamydiaceae;g__uncultured;s__	0.8747368710814855
31a16dcc46eedb20f034e70369b2412f	d__Bacteria;p__Bacteroidota;c__Bacteroidia;o__Chitinophagales;f__Chitinophagaceae;g__uncultured;s__	0.967460937730033
90b69ca5968ffccc8aae529226a3e562	d__Bacteria;p__Planctomycetota;c__Planctomycetes;o__Isosphaerales;f__Isosphaeraceae	0.9998515448101902
b6186cb9a9b72b1ca562fbe3482f2e27	d__Bacteria;p__Patescibacteria;c__Saccharimonadia;o__Saccharimonadales;f__Saccharimonadales;g__Saccharimonadales;s__	0.9420576189863101
5cf89ea1d7858c5af9740588c61fd11a	d__Bacteria;p__Proteobacteria;c__Gammaproteobacteria;o__Burkholderiales	0.9999823001369392
b00cb37b5a91ab57653a5ccf9cd888eb	d__Bacteria;p__Chloroflexi;c__Ktedonobacteria;o__Ktedonobacterales;f__Ktedonobacteraceae;g__JG30a-KF-32;s__	0.9775748654654408
71c4642172ed10113530298a8414be1e	d__Bacteria;p__Patescibacteria;c__Saccharimonadia;o__Saccharimonadales;f__Saccharimonadales;g__Saccharimonadales;s__	0.969761252906305
56f03bc0b08679591de28f3c212baf4f	d__Bacteria;p__Bacteroidota;c__Bacteroidia;o__Sphingobacteriales;f__Sphingobacteriaceae	0.9955008837629161
9be2cad06b03cc21d25b8608c910775e	d__Bacteria;p__Proteobacteria;c__Alphaproteobacteria;o__Rhodospirillales;f__uncultured;g__uncultured;s__	0.9626860578713764
316a3028774e8e44c03982196a34ff7a	d__Bacteria;p__Proteobacteria;c__Alphaproteobacteria;o__Rhizobiales;f__Beijerinckiaceae	0.7666655501962245
0ef5219c142818a73b3cae2295ca7536	d__Bacteria;p__Patescibacteria	0.907561017158226
4f8429489f41d1e927cebe1179ac70de	d__Bacteria;p__Patescibacteria;c__Microgenomatia;o__Candidatus_Roizmanbacteria;f__Candidatus_Roizmanbacteria;g__Candidatus_Roizmanbacteria;s__	0.9999549358574563
26fa1d98b6f9388a5308fe2b41b62d6e	d__Bacteria;p__Actinobacteriota;c__Thermoleophilia;o__Gaiellales;f__uncultured;g__uncultured;s__	0.996116129230359
f1c0b69b1a21999998851b4567a24d76	d__Bacteria;p__Patescibacteria;c__Parcubacteria;o__Candidatus_Kaiserbacteria;f__Candidatus_Kaiserbacteria;g__Candidatus_Kaiserbacteria;s__	0.8945333058724158
77d6f8a88105461e6ac72d0eac74f8d3	d__Bacteria;p__Patescibacteria;c__Microgenomatia;o__Candidatus_Pacebacteria;f__Candidatus_Pacebacteria;g__Candidatus_Pacebacteria;s__	0.9999570556365928
6da80feaf42403a0f93a34c5d305bf9a	d__Bacteria;p__Planctomycetota;c__Planctomycetes;o__Gemmatales;f__Gemmataceae;g__uncultured;s__	0.9804848053168602
52f4041f62a7af5c6266d9dec08cdbd2	d__Bacteria;p__Bacteroidota;c__Bacteroidia;o__Chitinophagales;f__Chitinophagaceae;g__Ferruginibacter;s__	0.8951396092108607
ea02f6dbf8240e72907cd442295f510b	d__Bacteria;p__Proteobacteria;c__Gammaproteobacteria;o__Burkholderiales;f__Nitrosomonadaceae;g__Ellin6067;s__	0.9903920630819456
3005198ea84742d9fc3469addfa0ccf2	d__Bacteria;p__Abditibacteriota;c__Abditibacteria;o__Abditibacteriales;f__Abditibacteriaceae;g__Abditibacterium;s__	0.9999942874210631
2f3b051a593b78aadf5d89feec4f03ed	d__Bacteria;p__Proteobacteria;c__Gammaproteobacteria;o__Coxiellales;f__Coxiellaceae;g__Coxiella;s__	0.8937812696696151
13f425e11584a192130d0be7cdad6040	d__Bacteria;p__Patescibacteria;c__Saccharimonadia;o__Saccharimonadales;f__Saccharimonadales;g__Saccharimonadales;s__	0.8095713013857088
b22c4fabe1e6bd8d5b38e4707c3e3bcf	d__Bacteria;p__Patescibacteria;c__Parcubacteria;o__GWA2-38-13b;f__GWA2-38-13b;g__GWA2-38-13b;s__	0.9992381841272404
65aceaf401ab27e90982bc96e109939a	d__Bacteria;p__Chloroflexi;c__Ktedonobacteria;o__Ktedonobacterales;f__Ktedonobacteraceae;g__JG30a-KF-32;s__	0.9803707339595362
e71ce55634eb1af5441babfdd84d029d	d__Bacteria;p__Chloroflexi;c__Ktedonobacteria;o__C0119;f__C0119;g__C0119;s__	0.9934793450075442
513dd75e94c4424609ef9bd749210970	d__Bacteria;p__Planctomycetota;c__Planctomycetes;o__Gemmatales;f__Gemmataceae;g__uncultured;s__	0.8780311112850662
6119a5abb0e29f059d198244e66dcc6a	d__Bacteria;p__Patescibacteria;c__Parcubacteria;o__Candidatus_Nomurabacteria;f__Candidatus_Nomurabacteria;g__Candidatus_Nomurabacteria;s__	0.9977439878307685
5cc381b89e8e28af0020044ecf40da91	d__Bacteria;p__Bacteroidota;c__Bacteroidia;o__Chitinophagales;f__Chitinophagaceae;g__uncultured;s__	0.9725516674448749
0be60ea06f791b44b66004dc0ca62009	d__Bacteria;p__Patescibacteria;c__Parcubacteria;o__GWA2-38-13b;f__GWA2-38-13b;g__GWA2-38-13b;s__	0.8133417257689781
8c9cc8a5a7a6761019f56b01102c92b7	d__Bacteria;p__Actinobacteriota;c__Acidimicrobiia;o__Microtrichales	0.792699813107828
b46e1de38cf0fa454e569b47dce49d8a	d__Bacteria;p__Verrucomicrobiota;c__Chlamydiae;o__Chlamydiales	0.8510477735248124
465ad319cf1cb0c650ac4c1f116273da	d__Bacteria;p__Bacteroidota;c__Bacteroidia	0.9999730441894762
598d73842556605c3c9d7c380497e3b0	d__Bacteria;p__Patescibacteria;c__Parcubacteria;o__Parcubacteria;f__Parcubacteria;g__Parcubacteria;s__	0.9998361497497779
f0fe8226ab3e277159ba618822798488	d__Bacteria;p__Gemmatimonadota;c__Gemmatimonadetes;o__Gemmatimonadales;f__Gemmatimonadaceae;g__uncultured;s__	0.9993554127429718
cae9f7a3e5ec50f27aaa95e5c4d48fbd	d__Bacteria;p__Cyanobacteria;c__Cyanobacteriia;o__Chloroplast;f__Chloroplast;g__Chloroplast;s__	0.9996729067204273
71f380c5332c03e68e6b8aa8b47317df	d__Bacteria;p__Proteobacteria;c__Gammaproteobacteria;o__Burkholderiales	0.9580854535210324
7d11e1b7e133feec988e25294545ff16	d__Bacteria;p__Acidobacteriota;c__Blastocatellia;o__Elev-16S-573;f__Elev-16S-573;g__Elev-16S-573;s__	0.9619015256478095
412402658b0e579b1673f547a6799b06	d__Bacteria;p__Chloroflexi;c__Anaerolineae;o__Anaerolineales;f__Anaerolineaceae;g__uncultured;s__	0.801374589312376
5fee601b8479f107aab2d06814f163ee	d__Bacteria;p__Patescibacteria;c__Gracilibacteria;o__Candidatus_Peribacteria;f__Candidatus_Peribacteria;g__Candidatus_Peribacteria;s__	0.9998905766979842
64c72721b5c071f3ccf684bb27db72b1	d__Bacteria;p__Myxococcota;c__Polyangia;o__Polyangiales;f__Sandaracinaceae;g__uncultured;s__	0.9998740475315715
606641f50c9a9a82277b1d30690f28a8	d__Bacteria;p__Patescibacteria;c__Saccharimonadia;o__Saccharimonadales;f__Saccharimonadales;g__Saccharimonadales;s__	0.9805851493394726
8634509d0dd4c29a4fe4f72b5de55de8	d__Bacteria;p__Myxococcota;c__Polyangia;o__mle1-27;f__mle1-27;g__mle1-27;s__	0.9998958579822487
06b5b54a049489f214398afe1cf951b6	d__Bacteria;p__Acidobacteriota;c__Holophagae;o__Subgroup_7;f__Subgroup_7;g__Subgroup_7;s__	0.9994560441068472
4d3d71464149e7ca6cc3688d6d6726fd	d__Bacteria;p__Chloroflexi;c__Gitt-GS-136;o__Gitt-GS-136;f__Gitt-GS-136;g__Gitt-GS-136;s__	0.9999994408626804
2bc3f5ccc9949f6bae41453f4072e23d	d__Bacteria;p__Bacteroidota;c__Bacteroidia;o__Cytophagales;f__Microscillaceae	0.9994647524478517
211ff70a7d22d639b5b1fb4b2c3cbd49	d__Bacteria;p__Chloroflexi;c__Anaerolineae;o__RBG-13-54-9;f__RBG-13-54-9;g__RBG-13-54-9;s__	0.9844244787924746
aa9286314fd43165cec222c712fd13a3	d__Bacteria;p__Verrucomicrobiota;c__Verrucomicrobiae;o__Chthoniobacterales;f__Chthoniobacteraceae;g__Candidatus_Udaeobacter;s__	0.9584678489853126
c454c94b489445b22bf562770734f176	d__Bacteria;p__Proteobacteria;c__Gammaproteobacteria;o__Diplorickettsiales;f__Diplorickettsiaceae;g__uncultured;s__	0.8265336484723196
28c5b3565f8a06e13bafd671a0e661cd	d__Bacteria;p__Myxococcota;c__Polyangia;o__Polyangiales	0.9884132183760193
228a2e44f39ab16593e4bf3526eab7f1	d__Bacteria;p__Patescibacteria;c__Parcubacteria;o__Candidatus_Azambacteria;f__Candidatus_Azambacteria;g__Candidatus_Azambacteria;s__	0.7630218033290087
984feb525f1246f8f0efa2634607db04	d__Bacteria;p__Bdellovibrionota;c__Bdellovibrionia;o__Bdellovibrionales;f__Bdellovibrionaceae;g__Bdellovibrio;s__	0.9997044278302506
b358303294b5d00ef5e62d32e66ed5c7	d__Bacteria;p__Patescibacteria;c__Microgenomatia;o__Candidatus_Daviesbacteria;f__Candidatus_Daviesbacteria;g__Candidatus_Daviesbacteria;s__	0.9997665084883678
2521e7cc4cd26896eb58a2f592ba441a	d__Bacteria;p__Bdellovibrionota;c__Oligoflexia;o__Oligoflexales;f__Oligoflexaceae;g__uncultured;s__	0.9997538675576801
2513a17e41176ba833ae1061fc96294c	d__Bacteria;p__Chloroflexi	0.9437892140190265
8b36cf4c4e333d43855c84722d5abbc9	d__Bacteria;p__Patescibacteria;c__Dojkabacteria;o__Dojkabacteria;f__Dojkabacteria;g__Dojkabacteria;s__	0.7461487066898496
3325b8fbbdaf20a2f9036aeb69d7208f	d__Bacteria;p__Patescibacteria;c__Parcubacteria;o__Candidatus_Nomurabacteria;f__Candidatus_Nomurabacteria;g__Candidatus_Nomurabacteria;s__	0.9376628930801806
036eb5580a916431abd16af327f86d10	d__Bacteria;p__WPS-2;c__WPS-2;o__WPS-2;f__WPS-2;g__WPS-2;s__	0.7206622723139289
31d909b3f3d7e798986f3d24d1d8c039	d__Bacteria;p__Proteobacteria;c__Alphaproteobacteria;o__Rhodospirillales;f__uncultured;g__uncultured;s__	0.7536312421677661
510d6239aa5a42cded57c1f5d333ea78	d__Bacteria;p__Chloroflexi;c__Ktedonobacteria;o__Ktedonobacterales;f__Ktedonobacteraceae	0.9981775836664786
1d27c8d8ca5a14f7e57c4340d787e18c	d__Bacteria;p__Patescibacteria;c__Saccharimonadia;o__Saccharimonadales;f__Saccharimonadales;g__Saccharimonadales;s__	0.9854465903984918
f571d6483a44dd307ebb77f29233f934	d__Bacteria;p__Patescibacteria;c__Gracilibacteria;o__Candidatus_Peribacteria;f__Candidatus_Peribacteria;g__Candidatus_Peribacteria;s__	0.9972295437359857
ba891674c51c115fa750090373a56ee0	d__Bacteria;p__Chloroflexi;c__Ktedonobacteria;o__Ktedonobacterales;f__Ktedonobacteraceae;g__JG30a-KF-32;s__	0.99949786925209
9296b5af5e50ba11a79e5bb0de20f745	d__Bacteria;p__Proteobacteria;c__Alphaproteobacteria;o__Rhizobiales;f__Hyphomicrobiaceae;g__Hyphomicrobium;s__	0.9915083173838023
2fdb202634c9e478a00f835535bf4e4f	d__Bacteria;p__Acidobacteriota;c__Acidobacteriae;o__Acidobacteriales;f__uncultured;g__uncultured;s__	0.9349422890198766
2237d438d4d867af4be947162143d62e	d__Bacteria;p__Gemmatimonadota;c__Gemmatimonadetes;o__Gemmatimonadales;f__Gemmatimonadaceae;g__uncultured;s__	0.8426154131404618
b74018460cf7f7c23bb9e44dc111d153	d__Bacteria;p__Verrucomicrobiota;c__Chlamydiae;o__Chlamydiales;f__Parachlamydiaceae;g__Candidatus_Protochlamydia;s__	0.8293608014584455
4336a595e7045b19510d0472301c03d7	d__Bacteria;p__Proteobacteria;c__Alphaproteobacteria;o__Acetobacterales;f__Acetobacteraceae	0.9998397159601597
a313e7a2178bbf7f9180f144459045aa	d__Bacteria;p__Acidobacteriota;c__Thermoanaerobaculia;o__Thermoanaerobaculales;f__Thermoanaerobaculaceae;g__Subgroup_10;s__	0.9993541747805167
e597e12e9bc9c9cb7a13f290e8778315	d__Bacteria;p__Chloroflexi;c__Anaerolineae;o__SBR1031	0.8289281235003629
2d50847617ff29190e14ac654501cfbc	d__Bacteria;p__Proteobacteria;c__Gammaproteobacteria;o__Diplorickettsiales;f__Diplorickettsiaceae;g__uncultured;s__	0.9974898831118773
ac632748ebe2eecbe7b0a312eea1b453	d__Bacteria;p__Verrucomicrobiota;c__Verrucomicrobiae;o__Chthoniobacterales;f__Chthoniobacteraceae;g__Candidatus_Udaeobacter;s__	0.7996159997398126
fab92bf8da02d9fec2724e803c216236	d__Bacteria;p__Verrucomicrobiota;c__Verrucomicrobiae;o__Chthoniobacterales;f__Chthoniobacteraceae;g__Candidatus_Udaeobacter;s__	0.9502834235883743
3610d4fb2e44fee13a9ed46575924742	d__Bacteria;p__Chloroflexi;c__Ktedonobacteria;o__Ktedonobacterales;f__Ktedonobacteraceae;g__JG30a-KF-32;s__	0.9883864520095127
1b8771f0e55ad548794b23d3c17fe3cb	d__Bacteria;p__Verrucomicrobiota;c__Verrucomicrobiae;o__Chthoniobacterales;f__Chthoniobacteraceae;g__Chthoniobacter;s__	0.9993916690464475
52bebaeb58e8273fcbe0e47b6fc1ca50	d__Bacteria;p__Bdellovibrionota;c__Bdellovibrionia;o__Bdellovibrionales;f__Bdellovibrionaceae;g__Bdellovibrio;s__	0.9999432346808269
5ab440aeac45fc69cd4edafe6c1e3a1e	d__Bacteria;p__Proteobacteria;c__Gammaproteobacteria;o__Gammaproteobacteria_Incertae_Sedis;f__Unknown_Family;g__Unknown_Family;s__	0.9727699695434988
f00723a68f6e96e2c0af91402c6874bb	d__Bacteria;p__Verrucomicrobiota;c__Chlamydiae;o__Chlamydiales;f__Parachlamydiaceae;g__Neochlamydia;s__	0.834411318602826
c77f7e2a544cd95c062ee0c13fa8c76f	d__Bacteria;p__Patescibacteria;c__Microgenomatia;o__Candidatus_Woesebacteria;f__Candidatus_Woesebacteria;g__Candidatus_Woesebacteria;s__	0.9993180577843848
0d854e1575956ad7a9c4eb4e17922706	d__Bacteria;p__Gemmatimonadota;c__Gemmatimonadetes;o__Gemmatimonadales;f__Gemmatimonadaceae	0.999903469525089
20938520d3b1bc8b7bd777cdc6aa2259	d__Bacteria;p__Acidobacteriota;c__Blastocatellia;o__Blastocatellales;f__Blastocatellaceae	0.9686689012078065
72fc8711a5a8d9154c1eb463ef095937	d__Bacteria;p__Proteobacteria;c__Gammaproteobacteria;o__Diplorickettsiales;f__Diplorickettsiaceae;g__Aquicella;s__	0.9971280875878787
a241a07529af6aff2dd3d9038b4adbb1	d__Bacteria;p__Cyanobacteria;c__Sericytochromatia;o__Sericytochromatia;f__Sericytochromatia;g__Sericytochromatia;s__	0.9999980742190713
c70810c83b7e1eb8fa7a7426aea7a9d1	d__Bacteria;p__Gemmatimonadota;c__Gemmatimonadetes;o__Gemmatimonadales;f__Gemmatimonadaceae;g__uncultured;s__	0.999488579154365
6287e7f321680a26685e633e38617105	d__Bacteria;p__Proteobacteria;c__Gammaproteobacteria;o__Burkholderiales;f__Oxalobacteraceae;g__Paraherbaspirillum;s__	0.8206348030761884
0633f162662d90d53a69713aa64e61a2	d__Bacteria;p__Chloroflexi;c__OLB14;o__OLB14;f__OLB14;g__OLB14;s__	0.999985523613809
487b117a420660b882578b0c10e85ddf	d__Bacteria;p__Proteobacteria;c__Gammaproteobacteria;o__Pseudomonadales;f__Pseudomonadaceae;g__Pseudomonas;s__	0.9880563662716356
876131111c8b58b79c611056bac357fc	d__Bacteria;p__Chloroflexi;c__Ktedonobacteria;o__Ktedonobacterales;f__Ktedonobacteraceae	0.9967269688009075
ec71a58addf04e8440ae43d58b2abde2	d__Bacteria;p__Chloroflexi;c__Ktedonobacteria;o__C0119;f__C0119;g__C0119;s__	0.9993898899290274
4abd3888fc063bfe1df2cd2427d791b7	d__Bacteria;p__Patescibacteria;c__Saccharimonadia;o__Saccharimonadales;f__Saccharimonadaceae;g__TM7a;s__	0.9271670334911422
669d9ce6266d261a8f6d384612c4320c	d__Bacteria;p__Chloroflexi;c__Ktedonobacteria;o__Ktedonobacterales;f__Ktedonobacteraceae;g__JG30a-KF-32;s__	0.9987820578764194
64e8ebc5a4a6d4a5b6ee1937434231b0	d__Bacteria;p__Proteobacteria;c__Gammaproteobacteria;o__Coxiellales;f__Coxiellaceae;g__Coxiella;s__	0.8562554571828821
4564625e8701628d9d8ae81221a03078	d__Bacteria;p__Patescibacteria;c__Parcubacteria;o__Candidatus_Kaiserbacteria;f__Candidatus_Kaiserbacteria;g__Candidatus_Kaiserbacteria;s__	0.9960761961789455
03c09091d89c0cb5ec2029930f0b98d0	d__Bacteria;p__Proteobacteria;c__Gammaproteobacteria;o__Burkholderiales	0.999993382160006
91534561cac559e532b11e06a8b4488b	d__Bacteria;p__Proteobacteria;c__Alphaproteobacteria;o__Caulobacterales;f__Caulobacteraceae;g__uncultured;s__	0.9691205701240873
dc1f48c84f7610da85ee4fbeb21ac813	d__Bacteria;p__Planctomycetota;c__Planctomycetes;o__uncultured;f__uncultured;g__uncultured;s__	0.9994439778881913
61311e622a8d0642d7c4a0506d894b80	d__Bacteria;p__Bdellovibrionota;c__Oligoflexia;o__0319-6G20;f__0319-6G20;g__0319-6G20;s__	0.9996984374928999
c7ec7ff8067b937d7df8fe635cb8aba4	d__Bacteria;p__Bacteroidota;c__Bacteroidia;o__Chitinophagales;f__Chitinophagaceae;g__uncultured;s__	0.9421032342590807
57e10dea689e0e7296cd0848327094cb	d__Bacteria;p__Planctomycetota;c__Planctomycetes;o__Pirellulales;f__Pirellulaceae;g__uncultured;s__	0.9663929569166083
203df59e9e31e6eb283be280fbc8b8d7	d__Bacteria;p__Chloroflexi;c__AD3;o__AD3;f__AD3;g__AD3;s__	0.9999945050675815
1bac743f586610b6d0179ccbee530b5c	d__Bacteria;p__Patescibacteria;c__Gracilibacteria;o__Candidatus_Peribacteria;f__Candidatus_Peribacteria;g__Candidatus_Peribacteria;s__	0.9753212700571953
379f9f4e04e2c1f7b610b6f3d9db12f0	d__Bacteria;p__Abditibacteriota;c__Abditibacteria;o__Abditibacteriales;f__Abditibacteriaceae;g__Abditibacterium;s__	0.9999890680461878
23fdc9359e995cf63739123a90b098e0	d__Bacteria;p__Acidobacteriota;c__Acidobacteriae;o__Subgroup_2;f__Subgroup_2;g__Subgroup_2;s__	0.999873275394293
2da42f8895f798ed473ae8164199ea69	d__Bacteria;p__Chloroflexi;c__Ktedonobacteria;o__Ktedonobacterales;f__Ktedonobacteraceae;g__uncultured;s__	0.9864685279494935
3058fae6aab6e60b452f0fda1bd9a947	d__Bacteria;p__Planctomycetota;c__Phycisphaerae;o__Tepidisphaerales;f__WD2101_soil_group;g__WD2101_soil_group;s__	0.9999907889077692
ec342af4b53b5d7afcfb6c6c9df5e102	d__Bacteria;p__Planctomycetota;c__Planctomycetes;o__Gemmatales;f__Gemmataceae;g__uncultured;s__	0.9868852731682596
6ec85fe5f1846ebf14b019d04306b8e0	d__Bacteria;p__Patescibacteria;c__Microgenomatia;o__Candidatus_Daviesbacteria;f__Candidatus_Daviesbacteria;g__Candidatus_Daviesbacteria;s__	0.9999997197556747
1c7cf39b86e9138fa553b52694158964	d__Bacteria;p__Bdellovibrionota;c__Oligoflexia;o__Oligoflexales;f__Oligoflexaceae;g__uncultured;s__	0.9998546585806481
8fb13dcc6c5b45e558c23ef3b34aa574	d__Bacteria;p__Verrucomicrobiota;c__Verrucomicrobiae;o__Chthoniobacterales;f__Chthoniobacteraceae;g__Chthoniobacter;s__	0.9989946603355228
0b656e5b8aee8b3916db70fdb6d8d88b	d__Bacteria;p__Cyanobacteria;c__Cyanobacteriia;o__Chloroplast;f__Chloroplast;g__Chloroplast;s__	0.9994192412934149
3856dcb4987f4f9fd173f7a1c2838d65	d__Bacteria;p__Patescibacteria	0.9793206515053302
853d73a9b9572e0b7251415d812615e0	d__Bacteria;p__Bacteroidota;c__Bacteroidia;o__Sphingobacteriales;f__Sphingobacteriaceae;g__Mucilaginibacter;s__	0.9907939921061557
63d6d8080a2aef50be5973fd86243e91	d__Bacteria;p__Acidobacteriota;c__Acidobacteriae;o__Subgroup_13;f__Subgroup_13;g__Subgroup_13;s__	0.9998947629302487
4bde449fdcfc4f19ee69aaa14b82d8a7	d__Bacteria;p__Verrucomicrobiota;c__Verrucomicrobiae;o__S-BQ2-57_soil_group;f__S-BQ2-57_soil_group;g__S-BQ2-57_soil_group;s__	0.9999999801690367
9f577727c4d54e79d339ce016f75302c	d__Bacteria;p__Proteobacteria;c__Gammaproteobacteria;o__Burkholderiales;f__A21b;g__A21b;s__	0.923795288329816
6de6d178ce75c0d5a7699ea6ee4035cc	d__Bacteria;p__Chloroflexi;c__P2-11E;o__P2-11E;f__P2-11E;g__P2-11E;s__	0.9999994408850199
56a382d306e066e2979f68b1b8a78a0b	d__Bacteria;p__Patescibacteria;c__Parcubacteria;o__Parcubacteria;f__Parcubacteria;g__Parcubacteria;s__	0.8644591340801872
14b24e85aa7ff7e3f5622d69decfda0c	d__Bacteria;p__Proteobacteria;c__Alphaproteobacteria;o__Sphingomonadales;f__Sphingomonadaceae	0.751866455452419
aa26158019e4c68ac4dcbf8169cfcb2f	d__Bacteria;p__Chloroflexi	0.9662328690052725
b08b1b3f5278b1e459cd694330f419a4	d__Bacteria;p__Proteobacteria;c__Gammaproteobacteria;o__Xanthomonadales;f__Rhodanobacteraceae	0.9640918175221747
3ca34f173eee591ca3053c23b8cac598	d__Bacteria;p__Bacteroidota;c__Bacteroidia;o__Chitinophagales;f__Chitinophagaceae;g__uncultured;s__	0.9921186359334645
835e02b1216c3d3f2c82acbf6ac142f0	d__Bacteria;p__Bacteroidota;c__Bacteroidia;o__Chitinophagales;f__Chitinophagaceae;g__uncultured;s__	0.9773113972204609
7202eacaf407afd5c0857ab8cd3b8026	d__Bacteria;p__Bacteroidota;c__Bacteroidia;o__Chitinophagales;f__Chitinophagaceae;g__uncultured;s__	0.9805169332386007
9a872773aae80d1088c18158d5ae8f39	d__Bacteria;p__Patescibacteria;c__Parcubacteria;o__Candidatus_Zambryskibacteria;f__Candidatus_Zambryskibacteria;g__Candidatus_Zambryskibacteria;s__	0.9994960675029526
c3936548ddbaa3275e86a8d1d138a5ef	d__Bacteria;p__Proteobacteria;c__Gammaproteobacteria;o__Burkholderiales;f__SC-I-84;g__SC-I-84;s__	0.9998749201392116
eb4ab670535b7adc236b44676420c740	d__Bacteria;p__Acidobacteriota;c__Acidobacteriae;o__Subgroup_13;f__Subgroup_13;g__Subgroup_13;s__	0.9999998252449285
1d440a47afb3d1b0c119276774ec04a8	d__Bacteria;p__Gemmatimonadota;c__Gemmatimonadetes;o__Gemmatimonadales;f__Gemmatimonadaceae;g__uncultured;s__	0.9882861232733673
6bce64881cd5156abdaaa8cd39e62648	d__Bacteria;p__Proteobacteria;c__Gammaproteobacteria;o__Gammaproteobacteria_Incertae_Sedis;f__Unknown_Family;g__Unknown_Family;s__	0.9833953149122316
c12818ed55527633c051a6a0aa359e33	d__Bacteria;p__Chloroflexi;c__Ktedonobacteria;o__Ktedonobacterales;f__Ktedonobacteraceae;g__JG30a-KF-32;s__	0.9852522205047101
0979708894ba0e75360b254969eeeb08	d__Bacteria;p__Armatimonadota;c__uncultured;o__uncultured;f__uncultured;g__uncultured;s__	0.7160027333562783
cd17202375b533e7b845a2b88950d668	d__Bacteria;p__Patescibacteria;c__Gracilibacteria;o__Candidatus_Peribacteria;f__Candidatus_Peribacteria;g__Candidatus_Peribacteria;s__	0.9843881937056737
e00328300f77b8bd9418a559fc688c47	d__Bacteria;p__Planctomycetota;c__Planctomycetes;o__Gemmatales;f__Gemmataceae;g__uncultured;s__	0.8399095500439356
c843baf571c318c25377566f284e4e83	d__Bacteria;p__Bacteroidota;c__Bacteroidia;o__Sphingobacteriales;f__Sphingobacteriaceae;g__Mucilaginibacter;s__	0.9831647577178144
655aedbaa4930877bebd93434579cde8	d__Bacteria;p__Chloroflexi;c__Anaerolineae;o__RBG-13-54-9;f__RBG-13-54-9;g__RBG-13-54-9;s__	0.999011035005341
bd90691cff013d719fb57c0e8b1d82be	d__Bacteria;p__Proteobacteria;c__Alphaproteobacteria;o__Sphingomonadales;f__Sphingomonadaceae	0.9999998534126124
6bd034801b6b85d74e9429465c48b9e6	d__Bacteria;p__Planctomycetota;c__Phycisphaerae;o__Tepidisphaerales;f__WD2101_soil_group;g__WD2101_soil_group;s__	0.9998078420544799
4703d443ed9e6dca4f84a197a84a0438	d__Bacteria;p__Acidobacteriota;c__Acidobacteriae;o__Subgroup_2;f__Subgroup_2;g__Subgroup_2;s__	0.9948187024977867
178936780b3c63599d272fae7be8e15c	d__Bacteria;p__Bdellovibrionota;c__Oligoflexia;o__0319-6G20;f__0319-6G20;g__0319-6G20;s__	0.9995615049541539
3a059605fb12e8a968469c5ae6456923	d__Bacteria;p__Chloroflexi;c__AD3;o__AD3;f__AD3;g__AD3;s__	0.9999589855752926
0aaef4c77ab4b0a82a6a3c12d25f94e6	d__Bacteria;p__Patescibacteria;c__Parcubacteria	0.9694465020112618
85050662f19f43347af3862ac4787a28	d__Bacteria;p__Proteobacteria;c__Alphaproteobacteria;o__Rhizobiales;f__KF-JG30-B3;g__KF-JG30-B3;s__	0.999989111821623
abbdeb5bbe151b4866482453989bfe31	d__Bacteria;p__Patescibacteria;c__Parcubacteria;o__Candidatus_Jorgensenbacteria;f__Candidatus_Jorgensenbacteria;g__Candidatus_Jorgensenbacteria;s__	0.7499209238468072
697b099dd142c0e1db10a08a3f115d6a	d__Bacteria;p__Proteobacteria;c__Gammaproteobacteria;o__Coxiellales;f__Coxiellaceae;g__Coxiella;s__	0.8201058541961926
cabb8edcd35b00732e4255402fd9c5a4	d__Bacteria;p__Acidobacteriota;c__Blastocatellia;o__Blastocatellales;f__Blastocatellaceae	0.9491644915369822
e8b28631cccf235cc2a65241a4cabb79	d__Bacteria;p__Planctomycetota;c__Planctomycetes;o__Gemmatales;f__Gemmataceae;g__uncultured;s__	0.9958649561847138
1df9500a79189bdfb14a6b2e5b16038a	d__Bacteria;p__Myxococcota;c__Polyangia;o__Polyangiales;f__Sandaracinaceae;g__uncultured;s__	0.9995794078741016
f1d4f0d5aceb3159ca16cb669f159e10	d__Bacteria;p__Chloroflexi;c__Ktedonobacteria;o__C0119;f__C0119;g__C0119;s__	0.9839352674301082
49c6fffee9ce814f1d92e5162ca58545	d__Bacteria;p__Proteobacteria;c__Gammaproteobacteria	0.9999775839322218
b2c89aa0198fedd60fc00664a1243177	d__Bacteria;p__Gemmatimonadota;c__Gemmatimonadetes;o__Gemmatimonadales;f__Gemmatimonadaceae;g__uncultured;s__	0.9883323932736262
bdc1c0da11625cb1b0cdd97f9e5b400b	d__Bacteria	0.9994150805477894
510fec98630e526b74aff1b6d3ac0113	d__Bacteria;p__Planctomycetota;c__Planctomycetes;o__Gemmatales;f__Gemmataceae;g__uncultured;s__	0.9293938792585137
364e388673f9f3eb936cdead81694e2f	d__Bacteria;p__Bdellovibrionota;c__Oligoflexia;o__Oligoflexales;f__Oligoflexaceae;g__uncultured;s__	0.9954261187749807
f3a98ef7907715fe542bb9f73e8e3fd7	d__Bacteria;p__Patescibacteria;c__ABY1;o__Candidatus_Falkowbacteria;f__Candidatus_Falkowbacteria;g__Candidatus_Falkowbacteria;s__	0.8368465303915125
eb572b1d8968b6e1bfb798fdde753b47	d__Bacteria;p__Planctomycetota;c__Planctomycetes;o__Gemmatales;f__Gemmataceae;g__uncultured;s__	0.8523133718121387
a0689ca1a9eea641ef54de32c3755f9a	d__Bacteria;p__Bacteroidota;c__Kapabacteria;o__Kapabacteriales;f__Kapabacteriales;g__Kapabacteriales;s__	0.9671829164560122
21c17d8758a4f39b7e7bf80e787c65b2	d__Bacteria;p__Patescibacteria	0.9332051034197623
f580a5f75465e75ba1e4fe93170bba73	d__Bacteria;p__Bacteroidota;c__Bacteroidia;o__Sphingobacteriales;f__AKYH767;g__AKYH767;s__	0.9720371796056421
0540e0a1e63d12be4757f1b53794704b	d__Bacteria;p__Verrucomicrobiota;c__Verrucomicrobiae;o__Chthoniobacterales;f__Chthoniobacteraceae;g__Chthoniobacter;s__	0.9997458240785541
c60ddb9246ac29f81c03703fcb26b761	d__Bacteria;p__Bacteroidota;c__Kapabacteria;o__Kapabacteriales;f__Kapabacteriales;g__Kapabacteriales;s__	0.9804520503468294
051a4c1427938622365a1e267c9279ad	d__Bacteria;p__Chloroflexi;c__Ktedonobacteria;o__C0119;f__C0119;g__C0119;s__	0.9949457641133594
544add024b5ac9282145920c6eec636e	d__Bacteria;p__Acidobacteriota;c__Blastocatellia;o__Blastocatellales;f__Blastocatellaceae;g__Blastocatella;s__	0.9971899233046365
2478ff515510c1896a20cee41ec9b0b9	d__Bacteria;p__Proteobacteria;c__Gammaproteobacteria;o__Xanthomonadales;f__Xanthomonadaceae;g__uncultured;s__	0.8320700097873741
525f4fcb32b35749bf0020d4fb533fd4	d__Bacteria;p__Verrucomicrobiota;c__Verrucomicrobiae;o__Chthoniobacterales;f__Chthoniobacteraceae;g__Candidatus_Udaeobacter;s__	0.9996205574930547
0a1cab0e931dd9420b19a736fa9cccd4	d__Bacteria;p__Bacteroidota;c__Kapabacteria;o__Kapabacteriales;f__Kapabacteriales;g__Kapabacteriales;s__	0.8803398356386758
716da7436bf8a5cb1c8e1c704d1e70b4	d__Bacteria;p__Patescibacteria	0.9206428360445587
f099c7df986deadb97ec4714ae2ade7f	d__Bacteria;p__Patescibacteria;c__Saccharimonadia;o__Saccharimonadales;f__Saccharimonadales;g__Saccharimonadales;s__	0.9866051419075476
926f1394ff70610cfae4e4f4feb389c2	d__Bacteria;p__Patescibacteria;c__Microgenomatia;o__Candidatus_Daviesbacteria;f__Candidatus_Daviesbacteria;g__Candidatus_Daviesbacteria;s__	0.9984356311203404
acee6e02afe284650b35b586102a4253	d__Bacteria;p__Patescibacteria;c__Saccharimonadia;o__Saccharimonadales;f__Saccharimonadales;g__Saccharimonadales;s__	0.8227627448576692
e68590983f0f25fc86803a12aa587193	d__Bacteria;p__Patescibacteria;c__Saccharimonadia;o__Saccharimonadales;f__Saccharimonadaceae;g__TM7a;s__	0.9380687930033819
18513d60a31a229f9bc5224dd7e1561a	d__Bacteria;p__Chloroflexi;c__Ktedonobacteria;o__Ktedonobacterales;f__Ktedonobacteraceae;g__JG30a-KF-32;s__	0.9967553547050286
95896b89536dcc33b3e3be8d799a1067	d__Bacteria;p__Bdellovibrionota;c__Oligoflexia;o__0319-6G20;f__0319-6G20;g__0319-6G20;s__	0.9998686490822503
8563e5a1090157c908593bab73325324	d__Bacteria;p__Chloroflexi;c__Gitt-GS-136;o__Gitt-GS-136;f__Gitt-GS-136;g__Gitt-GS-136;s__	0.9999997162021662
b8aa3a79959cac97a25b79ec00ae7e96	d__Bacteria;p__Dependentiae;c__Babeliae;o__Babeliales;f__Vermiphilaceae;g__Vermiphilaceae;s__	0.9933765427279628
36f6cf6f61868ba8ff9abaa77231ff93	d__Bacteria;p__Myxococcota;c__Polyangia;o__mle1-27;f__mle1-27;g__mle1-27;s__	0.9998244723504088
816aef071e2bc647cc9564009a5d993a	d__Bacteria;p__Planctomycetota;c__Planctomycetes;o__uncultured;f__uncultured;g__uncultured;s__	0.9995597054938917
348515044cc744c3e8ed5afbf8e2de75	d__Bacteria;p__Patescibacteria;c__Parcubacteria;o__Parcubacteria;f__Parcubacteria;g__Parcubacteria;s__	0.9998014030430771
f4abdeee1f3e5f782932c199a448330b	d__Bacteria;p__Patescibacteria;c__Microgenomatia;o__Candidatus_Pacebacteria;f__Candidatus_Pacebacteria;g__Candidatus_Pacebacteria;s__	0.7573553727205563
e9d753de76f820b62fa737390141ca52	d__Bacteria;p__Patescibacteria;c__Saccharimonadia;o__Saccharimonadales;f__Saccharimonadales;g__Saccharimonadales;s__	0.9912680120542987
f90357d0d168b0ef00b088508a76ec56	d__Bacteria;p__Verrucomicrobiota;c__Verrucomicrobiae;o__Chthoniobacterales;f__Chthoniobacteraceae;g__Candidatus_Udaeobacter;s__	0.9998204374901547
c5e355043bd6a35991771b4ebb502e8c	d__Bacteria;p__Chloroflexi;c__TK10;o__TK10;f__TK10;g__TK10;s__	0.993209693242658
cf88690d6dd22fd99f598d83a2cce9de	d__Bacteria;p__Planctomycetota;c__Planctomycetes;o__Isosphaerales;f__Isosphaeraceae;g__uncultured;s__	0.960665496190563
1d85c42278756cf028cdaf82c1aefa55	d__Bacteria;p__Bacteroidota;c__Kapabacteria;o__Kapabacteriales;f__Kapabacteriales;g__Kapabacteriales;s__	0.9978185164190756
a8828122b69e8cf708451ba93ee26164	d__Bacteria;p__Bacteroidota;c__Bacteroidia;o__Chitinophagales;f__uncultured;g__uncultured;s__	0.8013018945834972
26c4b6d067c9a550b7bee1591a3479a8	d__Bacteria;p__Chloroflexi	0.7850365975406363
be1f81c6cb30224a122af4e6f55553d5	d__Bacteria;p__Acidobacteriota;c__Holophagae;o__Subgroup_7;f__Subgroup_7;g__Subgroup_7;s__	0.9991622264348959
be596cdd5e82d77d9ac94de18020e9e6	d__Bacteria;p__Verrucomicrobiota;c__Verrucomicrobiae;o__Chthoniobacterales;f__Chthoniobacteraceae;g__Candidatus_Udaeobacter;s__	0.9981911865655467
b692cbd070b1e4b3525ebb37cfb709c2	d__Bacteria;p__Patescibacteria;c__Saccharimonadia;o__Saccharimonadales;f__Saccharimonadales;g__Saccharimonadales;s__	0.886041641106018
9e050e55c4951be28f44419d91e41bde	d__Bacteria;p__Patescibacteria;c__ABY1	0.9614445598262625
4c4771c575a81defd1af69ca83adaebc	d__Bacteria;p__Patescibacteria;c__Microgenomatia;o__Candidatus_Roizmanbacteria;f__Candidatus_Roizmanbacteria;g__Candidatus_Roizmanbacteria;s__	0.9879745477890444
8eb1b02088dd353985274e7c3f72fbf7	d__Bacteria;p__Patescibacteria;c__Saccharimonadia;o__Saccharimonadales;f__WWH38;g__WWH38;s__	0.9642628786709243
aa275a83a136c034cafe30415dcdd33b	d__Bacteria;p__Gemmatimonadota;c__Gemmatimonadetes;o__Gemmatimonadales;f__Gemmatimonadaceae;g__uncultured;s__	0.9659718277453202
44cfaad1f14b4f095f16c61d382246ab	d__Bacteria;p__Planctomycetota;c__Planctomycetes;o__Planctomycetales;f__uncultured;g__uncultured;s__	0.9930389793351672
4b071654a815ca7d13b6a905a76374f2	d__Bacteria;p__Myxococcota;c__Polyangia;o__mle1-27;f__mle1-27;g__mle1-27;s__	0.9998742409572593
4580bca6f40dd2242634e1fd1d0508ca	d__Bacteria;p__Gemmatimonadota;c__Gemmatimonadetes;o__Gemmatimonadales;f__Gemmatimonadaceae	0.9993939471367462
af4c690b51b2c8a2125a8e56588aa2b3	d__Bacteria;p__Patescibacteria;c__Berkelbacteria;o__Berkelbacteria;f__Berkelbacteria;g__Berkelbacteria;s__	0.9251532977198488
aa7d90735c4fc9297206929d1034df77	d__Bacteria;p__Proteobacteria;c__Alphaproteobacteria;o__Rickettsiales;f__SM2D12;g__SM2D12;s__	0.9896602326140133
0ac29ea2add369aebb5c37a0248539bc	d__Bacteria;p__Patescibacteria;c__Parcubacteria	0.9954583373217344
d1a8f86d94c856cd8bd7caf1e8524878	d__Bacteria;p__Proteobacteria	0.8603253658487313
793b46c606f6c8c72cb6b9e2a8e3e915	d__Bacteria	0.9998651908789281
dfbcf8c531b8bed17cd3d036b79cab42	d__Bacteria;p__Bacteroidota;c__Bacteroidia;o__Sphingobacteriales;f__Sphingobacteriaceae;g__uncultured;s__	0.8223270034141121
07c97ad09efb03e3f8f18062521cea55	d__Bacteria;p__Bdellovibrionota;c__Oligoflexia;o__0319-6G20;f__0319-6G20;g__0319-6G20;s__	0.9417614559445886
39b83c71141bf277cdca0d3c79f50576	d__Bacteria;p__Patescibacteria;c__Dojkabacteria;o__Dojkabacteria;f__Dojkabacteria;g__Dojkabacteria;s__	0.999805270549318
e3905306b662a9c47a7ec509e5424467	d__Bacteria;p__SAR324_clade(Marine_group_B);c__SAR324_clade(Marine_group_B);o__SAR324_clade(Marine_group_B);f__SAR324_clade(Marine_group_B);g__SAR324_clade(Marine_group_B);s__	0.876538718583
ba30ddf915d64a5eeb5f6c96c4d2c025	d__Bacteria;p__Chloroflexi;c__Ktedonobacteria;o__C0119;f__C0119;g__C0119;s__	0.9957555670507513
af75351f76a7fa475fd4f1cf864a1a05	d__Bacteria;p__Planctomycetota;c__Phycisphaerae;o__Tepidisphaerales;f__WD2101_soil_group;g__WD2101_soil_group;s__	0.9960814816853486
dc3bae6c92d41291b8602ae213010b24	d__Bacteria;p__Armatimonadota;c__Chthonomonadetes;o__Chthonomonadales;f__Chthonomonadaceae;g__Chthonomonas;s__	0.9999321942381945
3ba4cc0ce434608d6c9e378ced3e6111	d__Bacteria;p__Acidobacteriota;c__Blastocatellia;o__Pyrinomonadales;f__Pyrinomonadaceae;g__RB41;s__	0.9172334589320833
fc101680e789b0d29339512c3e8fdc39	d__Bacteria;p__Acidobacteriota;c__Blastocatellia;o__Blastocatellales;f__Blastocatellaceae	0.9997448278170742
07f80f08da93e39123f5f4e870c4528d	d__Bacteria;p__Chloroflexi;c__OLB14;o__OLB14;f__OLB14;g__OLB14;s__	0.9997925427753964
b4058336fcb4403febb4480364f81aac	d__Bacteria;p__Patescibacteria;c__Parcubacteria;o__Candidatus_Azambacteria;f__Candidatus_Azambacteria;g__Candidatus_Azambacteria;s__	0.8839672893840923
3a46483b6b646257d21086636eec916a	d__Bacteria;p__Patescibacteria;c__Dojkabacteria;o__Dojkabacteria;f__Dojkabacteria;g__Dojkabacteria;s__	0.8821111530568323
af7a6968c30787e18ac7e172b121241c	d__Bacteria;p__Patescibacteria;c__Parcubacteria	0.9261332620004789
b398a42d38c0417c9da8129400f17865	d__Bacteria;p__Proteobacteria;c__Alphaproteobacteria;o__Rickettsiales;f__SM2D12;g__SM2D12;s__	0.9330148092555505
0dd29c08baf14ac1a87f89f0b874868a	d__Bacteria;p__Bacteroidota;c__Bacteroidia;o__Chitinophagales;f__Chitinophagaceae;g__uncultured;s__	0.9669998610467124
dfc91e32a84b7562689bdaeb835d2cea	d__Bacteria;p__Acidobacteriota;c__Acidobacteriae;o__Bryobacterales;f__Bryobacteraceae;g__Bryobacter;s__	0.9968866175662702
4311b3b6c4de27e39f6e04a3f5910421	d__Bacteria;p__Patescibacteria;c__Berkelbacteria;o__Berkelbacteria;f__Berkelbacteria;g__Berkelbacteria;s__	0.9624276764140612
bb3d659f7d9326af9935732369cc3544	d__Bacteria;p__Cyanobacteria;c__Cyanobacteriia;o__Chloroplast;f__Chloroplast;g__Chloroplast;s__	0.9997144728591306
3122c8f79d37706376fd4c84fc550801	d__Bacteria;p__Bacteroidota;c__Bacteroidia;o__Cytophagales;f__Microscillaceae;g__uncultured;s__	0.984366948586455
3baa930e1ffd9834f4f8af0c6d934dc1	d__Bacteria;p__Bacteroidota;c__Kapabacteria;o__Kapabacteriales;f__Kapabacteriales;g__Kapabacteriales;s__	0.8673654495319303
0d782c4ee2ba68751fb5857227cb4305	d__Bacteria;p__Patescibacteria;c__Parcubacteria	0.9936463813934283
f5efe3280698c48d204069f3076e6d70	d__Bacteria;p__Bacteroidota;c__Ignavibacteria;o__SJA-28;f__SJA-28;g__SJA-28;s__	0.7904314717290755
83f439ee9693e412f9a88c47b5ae426e	d__Bacteria;p__Acidobacteriota;c__Vicinamibacteria;o__Vicinamibacterales;f__uncultured;g__uncultured;s__	0.9977816991287698
82cb89d015a8ec4948278f08d17cf34d	d__Bacteria;p__Proteobacteria;c__Gammaproteobacteria;o__Coxiellales;f__Coxiellaceae;g__Coxiella;s__	0.9185344120019197
0adc054c5920652bb92be39f5d11c5da	d__Bacteria;p__Bacteroidota;c__Bacteroidia;o__Chitinophagales;f__Chitinophagaceae;g__uncultured;s__	0.9746257251085906
f7fa9846ecaf43164dad7c9a8e65a26f	d__Bacteria;p__Chloroflexi;c__Anaerolineae;o__SBR1031	0.8570144203640419
fd99b8e66d458d8a40bc28e002d86498	d__Bacteria;p__Bacteroidota;c__Bacteroidia;o__Chitinophagales;f__Chitinophagaceae;g__uncultured;s__	0.9324798749132849
181ceb557d925555337f8785086aaa17	d__Bacteria;p__Proteobacteria;c__Gammaproteobacteria;o__Burkholderiales;f__Oxalobacteraceae;g__Paraherbaspirillum;s__	0.7789738111900578
ee069180d6bb3b3abf4bc08ad045141f	d__Bacteria	0.999993614180706
3ceeef144eb664ea36d8c22fe6615526	d__Bacteria;p__Proteobacteria;c__Gammaproteobacteria;o__Burkholderiales;f__Oxalobacteraceae	0.8632780343659604
bf79631655795d44d72bd1c9be8e027b	d__Bacteria;p__Verrucomicrobiota;c__Chlamydiae;o__Chlamydiales	0.9685414248254947
e884c9f1bf5e9cc9906ab329ccb0013f	d__Bacteria;p__Verrucomicrobiota;c__Chlamydiae;o__Chlamydiales;f__Parachlamydiaceae;g__Neochlamydia;s__	0.9945694866666941
ce25cfe2209d9245926935bc8bce0493	d__Bacteria;p__Planctomycetota;c__Planctomycetes;o__Gemmatales;f__Gemmataceae;g__uncultured;s__	0.9038080957678674
f35f8a1cfadddfcb71da130122387e5d	d__Bacteria;p__Gemmatimonadota;c__Gemmatimonadetes;o__Gemmatimonadales;f__Gemmatimonadaceae;g__uncultured;s__	0.938676218049344
a7fa590e9f5377c84b8bac4878d95e6c	d__Bacteria;p__Proteobacteria;c__Alphaproteobacteria;o__Rickettsiales;f__Mitochondria;g__Mitochondria;s__	0.9999265396949798
f98b399444a719cc97f4b650e8a7cd9f	d__Bacteria	0.9999534262723377
02c00dad51b184755f1e28d8462efdce	d__Bacteria;p__Planctomycetota;c__vadinHA49;o__vadinHA49;f__vadinHA49;g__vadinHA49;s__	0.9732231767854685
1c39ef8bde3aa617ebb46e409b69afc1	d__Bacteria;p__Elusimicrobiota;c__Lineage_IIa;o__Lineage_IIa;f__Lineage_IIa;g__Lineage_IIa;s__	0.999998993817451
46b945e504a4c72bc556d2481d13a32e	d__Bacteria;p__Proteobacteria;c__Alphaproteobacteria;o__Micropepsales;f__Micropepsaceae;g__uncultured;s__	0.9476476570111584
87fb0e468aae782053e12feeacadcc0c	d__Bacteria	0.9999370838426594
846f30bb681923b49423b4a9ff2cf473	d__Bacteria;p__Bacteroidota;c__Bacteroidia;o__Chitinophagales;f__Chitinophagaceae;g__uncultured;s__	0.9250552487382839
facd21cb0f039e1b1c2d45149b55c8ef	d__Bacteria;p__Proteobacteria;c__Gammaproteobacteria;o__Diplorickettsiales;f__Diplorickettsiaceae;g__uncultured;s__	0.7855143773330233
3fbb3176e59659483f55c02bc58f56b3	d__Bacteria;p__Dependentiae;c__Babeliae;o__Babeliales;f__Vermiphilaceae;g__Vermiphilaceae;s__	0.9608160028494808
08d3b6f909559c9ee3702ada67090dbb	d__Bacteria;p__Proteobacteria;c__Alphaproteobacteria;o__Paracaedibacterales;f__Paracaedibacteraceae;g__Candidatus_Paracaedibacter;s__	0.9542712673439132
be213b99e496b427a6f760245309c90a	d__Bacteria;p__Bacteroidota;c__Ignavibacteria;o__SJA-28;f__SJA-28;g__SJA-28;s__	0.9998914420428358
56d2badb8e2bfb5ac6270f10dd1b2785	d__Bacteria;p__Bacteroidota;c__Bacteroidia	0.844228356817041
a7e9f3190243f17f5fd8eab9318cb000	d__Bacteria;p__Proteobacteria;c__Gammaproteobacteria;o__Burkholderiales;f__Nitrosomonadaceae;g__Ellin6067;s__	0.9020925550966182
9e918e33b84bab8f75d2b17888bcf3a8	d__Bacteria;p__Bacteroidota;c__Bacteroidia;o__Chitinophagales;f__Chitinophagaceae;g__uncultured;s__	0.9811534862526079
c1d618414198ad4eee7aec06ed89b162	d__Bacteria;p__Proteobacteria;c__Alphaproteobacteria	0.999615105590798
60f3ce9846d422124885388efaa41874	d__Bacteria;p__Chloroflexi;c__Anaerolineae	0.8812366157676144
5576e1d1555b0acf15df77a4876bdc99	d__Bacteria;p__Bacteroidota;c__Bacteroidia;o__Cytophagales;f__uncultured;g__uncultured;s__	0.9999999526023953
c109e1b1d6040bb3475ed0296cdf700c	d__Bacteria;p__Verrucomicrobiota;c__Verrucomicrobiae;o__Methylacidiphilales;f__Methylacidiphilaceae;g__uncultured;s__	0.9999825998608957
1ace85db66fa401de934c6ff4e4f3c07	d__Bacteria;p__Proteobacteria;c__Gammaproteobacteria;o__Pseudomonadales;f__Pseudomonadaceae;g__Pseudomonas;s__	0.9417744651145059
c90e5e8f9c1a030dff77b610cd3fd970	d__Bacteria;p__Patescibacteria;c__Gracilibacteria;o__Candidatus_Peribacteria;f__Candidatus_Peribacteria;g__Candidatus_Peribacteria;s__	0.9839572443849233
92aff04100a19cc2defce966ae321ac8	d__Bacteria;p__Patescibacteria;c__Parcubacteria	0.7032370790611759
9361df0f6b94bce10ad1f1210df11a19	d__Bacteria;p__Planctomycetota;c__Planctomycetes;o__Gemmatales;f__Gemmataceae;g__uncultured;s__	0.9580759151495366
6122cb9c5fc17b14c149d13d8c7ed9ab	d__Bacteria;p__Bacteroidota;c__Bacteroidia;o__Chitinophagales;f__Chitinophagaceae;g__Flavisolibacter;s__	0.8027146771682454
1ca96c9c33ba5e34b35f65e289133219	d__Bacteria;p__Armatimonadota;c__uncultured;o__uncultured;f__uncultured;g__uncultured;s__	0.7659660718426583
26a43ec3603329311a82c3e572fc1041	d__Bacteria	0.9999843834376628
d68c1a25a60e1d8bdd3d03fc30876ff0	d__Bacteria;p__Patescibacteria;c__Saccharimonadia;o__Saccharimonadales	0.9996485486333405
e2c21b694eda82975c121d27155a35d6	d__Bacteria;p__Chloroflexi;c__Ktedonobacteria;o__Ktedonobacterales;f__Ktedonobacteraceae;g__JG30a-KF-32;s__	0.9967154038377086
d80e566b494197f04a78ffb50a711d80	d__Bacteria;p__Bacteroidota;c__Bacteroidia;o__Chitinophagales;f__Chitinophagaceae;g__uncultured;s__	0.9657177573266212
ab17715f22cca8b99f8dd6153c19d733	d__Bacteria;p__Myxococcota;c__Myxococcia;o__Myxococcales;f__Myxococcaceae;g__uncultured;s__	0.7001317466961574
2edf4edf6f285ca601826ccbc98e378d	d__Bacteria;p__Patescibacteria;c__Parcubacteria;o__Candidatus_Kaiserbacteria;f__Candidatus_Kaiserbacteria;g__Candidatus_Kaiserbacteria;s__	0.9984168569646895
62b71f6395ae211b62bf4c1593abdcd8	d__Bacteria;p__Chloroflexi;c__Chloroflexia;o__Thermomicrobiales;f__JG30-KF-CM45;g__JG30-KF-CM45;s__	0.999981618339496
2ff7c673df09295e8bc3212a7b1a16a4	d__Bacteria;p__Patescibacteria;c__Dojkabacteria;o__Dojkabacteria;f__Dojkabacteria;g__Dojkabacteria;s__	0.9998540604582329
a077e56295555aa1423f160c37b64d6e	d__Bacteria;p__Patescibacteria;c__Saccharimonadia;o__Saccharimonadales;f__Saccharimonadales;g__Saccharimonadales;s__	0.9277135277414126
f176b6c655b858db062ff721fb945163	d__Bacteria	0.9999841561548674
4de0f2c836ea8de55073da799d51a08f	d__Bacteria;p__Acidobacteriota;c__Acidobacteriae;o__Subgroup_2;f__Subgroup_2;g__Subgroup_2;s__	0.999938890215959
ef00103334ca5986cf6a9ec6f779da1f	d__Bacteria;p__Bacteroidota;c__Bacteroidia;o__Sphingobacteriales;f__AKYH767;g__AKYH767;s__	0.9983098224034685
953e257471165997c8c76c7ef4be0bb1	d__Bacteria;p__Patescibacteria;c__Parcubacteria	0.9744567294122819
70ea7b30dc2af0a2964f5819e383e8bc	d__Bacteria;p__Armatimonadota;c__Fimbriimonadia;o__Fimbriimonadales;f__Fimbriimonadaceae;g__Fimbriimonadaceae;s__	0.9996044940297968
4b749df9467323f8e4172eeaa619629d	d__Bacteria;p__Proteobacteria;c__Gammaproteobacteria;o__Burkholderiales;f__Oxalobacteraceae	0.8497929887933836
1077c8ad2b112e26ebf0bf50a6643dbc	d__Bacteria;p__Chloroflexi;c__Ktedonobacteria;o__Ktedonobacterales;f__Ktedonobacteraceae;g__uncultured;s__	0.7954488983687894
7a7a586a9b1a28de500602151178e980	d__Bacteria;p__Patescibacteria;c__Microgenomatia;o__Candidatus_Daviesbacteria;f__Candidatus_Daviesbacteria;g__Candidatus_Daviesbacteria;s__	0.9999921228988051
eaf38f45fe3c175b2fbaa7f82ae7313b	d__Bacteria;p__Patescibacteria;c__Parcubacteria	0.9754143848005148
aa96830a312f303c2be8f7e96c4cec20	d__Bacteria;p__Bacteroidota;c__Bacteroidia;o__Sphingobacteriales;f__Sphingobacteriaceae	0.8090284160563747
9dcad3e9cf002688e6980f7d1b8102e7	d__Bacteria;p__Chloroflexi;c__TK10;o__TK10;f__TK10;g__TK10;s__	0.9951154781262797
fc5f19f60e37ada70bc44e2f0c2c05ca	d__Bacteria;p__Proteobacteria;c__Alphaproteobacteria;o__Caulobacterales;f__Caulobacteraceae;g__uncultured;s__	0.8062696425105706
255e9770bc9ff5a6ba89497aba7566b4	d__Bacteria;p__Bacteroidota;c__Bacteroidia;o__Chitinophagales;f__Chitinophagaceae;g__uncultured;s__	0.8607543778772483
4717401ae690e01bf2ca59b20401368f	d__Bacteria;p__Chloroflexi;c__Ktedonobacteria;o__Ktedonobacterales;f__Ktedonobacteraceae;g__JG30a-KF-32;s__	0.9957430969106065
585e1ec13159e8d0129d5def3246f0e5	d__Bacteria;p__Acidobacteriota;c__Acidobacteriae;o__Solibacterales;f__Solibacteraceae;g__Candidatus_Solibacter;s__	0.8034698452497905
466c66ebeb752cb60703c360bb3d5dc9	d__Bacteria;p__Patescibacteria;c__Gracilibacteria;o__Candidatus_Peribacteria;f__Candidatus_Peribacteria;g__Candidatus_Peribacteria;s__	0.9963473824235256
5d94c9629eb3f0d558b42c9df1d35ee4	d__Bacteria;p__Planctomycetota;c__Phycisphaerae;o__Tepidisphaerales;f__WD2101_soil_group;g__WD2101_soil_group;s__	0.9991639259373142
d31196a8c99902a4b91fa8bbd2a736ba	d__Bacteria;p__Bacteroidota;c__Bacteroidia;o__Chitinophagales	0.9835932632956302
a5129d762eded2a2283880d18eae47ce	d__Bacteria;p__Patescibacteria;c__Saccharimonadia;o__Saccharimonadales;f__Saccharimonadales;g__Saccharimonadales;s__	0.9691578800047164
cce21ad32d4fac23b27ce729f99c6074	d__Bacteria;p__Actinobacteriota;c__Actinobacteria;o__Micromonosporales;f__Micromonosporaceae	0.9999804641825424
ee793e7d2216e54f5e275f135deaa40e	d__Bacteria;p__Chloroflexi;c__Anaerolineae;o__SBR1031	0.7480175678273374
26cb0ccd5e6fe58ea736555d307fefd0	d__Bacteria;p__Patescibacteria	0.9406097806839583
9383014766e948bc372cfed33f177e6a	d__Bacteria;p__Patescibacteria;c__Microgenomatia;o__Candidatus_Roizmanbacteria;f__Candidatus_Roizmanbacteria;g__Candidatus_Roizmanbacteria;s__	0.9999418684563797
f6beec40e8cd1ea88963e6f0743b4284	d__Bacteria;p__Dependentiae;c__Babeliae;o__Babeliales;f__Babeliaceae;g__Babeliaceae;s__	0.9748316383748483
2d37d5234c061f5127f2e56525e08d36	d__Bacteria;p__Chloroflexi;c__Ktedonobacteria;o__Ktedonobacterales;f__Ktedonobacteraceae	0.7980225949332043
3e14f0b5ce9efee12d0d3c872677817e	d__Bacteria;p__Proteobacteria;c__Gammaproteobacteria;o__Burkholderiales;f__A21b;g__A21b;s__	0.9333756432687879
eb2c8284d99fea12682c2b4bbb315a57	d__Bacteria;p__Bdellovibrionota;c__Bdellovibrionia;o__Bdellovibrionales;f__Bdellovibrionaceae;g__Bdellovibrio;s__	0.9999882645047321
881d0fb0cbda9252721d1123e96002d0	d__Bacteria;p__Verrucomicrobiota;c__Verrucomicrobiae;o__Chthoniobacterales;f__Chthoniobacteraceae;g__Chthoniobacter;s__	0.7130862563211552
9b6ba3ddb217b8a787354c1937991541	d__Bacteria;p__Planctomycetota;c__Phycisphaerae;o__Tepidisphaerales;f__WD2101_soil_group;g__WD2101_soil_group;s__	0.9875619239881683
a2b5e23a8e3a1b754949ed5247e897e5	d__Bacteria;p__Chloroflexi;c__Ktedonobacteria;o__C0119;f__C0119;g__C0119;s__	0.9995216634771047
0f3434380b175fa8a1500280af5bd9e0	d__Bacteria;p__Chloroflexi;c__TK10;o__TK10;f__TK10;g__TK10;s__	0.9850322360736958
20a0f374b7095f72aeef19ec4ad53f90	d__Bacteria;p__Acidobacteriota;c__Acidobacteriae;o__Solibacterales;f__Solibacteraceae;g__Candidatus_Solibacter;s__	0.9742911521791882
b4649fdb2123207e7883c650ca85ac50	d__Bacteria;p__Patescibacteria;c__Saccharimonadia;o__Saccharimonadales	0.9999977039479213
fbaa398619d45e9eb24844aa4f422ac8	d__Bacteria;p__Proteobacteria;c__Gammaproteobacteria;o__Diplorickettsiales;f__Diplorickettsiaceae;g__Aquicella;s__	0.9999076991049397
2e942c027511bd863461d278f415a9cc	d__Bacteria;p__Proteobacteria;c__Gammaproteobacteria	0.9974145881409828
96528b56106419023a3fd50cade94466	d__Bacteria;p__Chloroflexi;c__Ktedonobacteria;o__Ktedonobacterales;f__Ktedonobacteraceae;g__JG30a-KF-32;s__	0.9662197907263966
265e9baf253c5dc27a4c45cf7034d617	d__Bacteria;p__Verrucomicrobiota;c__Verrucomicrobiae;o__Chthoniobacterales;f__Chthoniobacteraceae;g__Candidatus_Udaeobacter;s__	0.9981526046463586
a9d596fc640025e26af95f20c1804129	d__Bacteria;p__Chloroflexi;c__Ktedonobacteria;o__Ktedonobacterales;f__Ktedonobacteraceae;g__JG30a-KF-32;s__	0.8545134572061975
4cdb74ad0b2336b058bff4954dbb91bb	d__Bacteria;p__Planctomycetota;c__Planctomycetes;o__Planctomycetales;f__uncultured;g__uncultured;s__	0.9742427432602214
10832c58f4613dc7d86ef0f0dae8ae06	d__Bacteria;p__Proteobacteria;c__Alphaproteobacteria;o__Rickettsiales;f__Mitochondria;g__Mitochondria;s__	0.9999282920584236
9e84665b9a2568c2112e9588814fb49e	d__Bacteria;p__Chloroflexi;c__Ktedonobacteria;o__Ktedonobacterales;f__Ktedonobacteraceae;g__JG30a-KF-32;s__	0.9039959371181955
7115462973e3308ea4605bfbf8bd895b	d__Bacteria;p__Proteobacteria;c__Alphaproteobacteria;o__Caulobacterales;f__Caulobacteraceae	0.8170171191273105
1cda04732435c9750f5b2d0a680efa52	d__Bacteria	0.9999041077103754
723a8d9c1c3155e359ddcd8b2cc9f2ff	d__Bacteria;p__Patescibacteria;c__Parcubacteria;o__Parcubacteria;f__Parcubacteria;g__Parcubacteria;s__	0.8098028727292107
59e0c4a10346de038533cadbc7e23361	d__Bacteria;p__Sumerlaeota;c__Sumerlaeia;o__Sumerlaeales;f__Sumerlaeaceae;g__Sumerlaea;s__	0.9905206473059098
fc6d0b131ed125619b9a07f757637425	d__Bacteria;p__Chloroflexi;c__Ktedonobacteria;o__C0119;f__C0119;g__C0119;s__	0.9998222441396862
4c948c8372d8b449c1473b006e9d783c	d__Bacteria;p__Proteobacteria;c__Alphaproteobacteria;o__Rhodospirillales;f__uncultured;g__uncultured;s__	0.9953165665036117
5f0d834b9a4001c4db228a8b338ccfef	d__Bacteria;p__Chloroflexi;c__JG30-KF-CM66;o__JG30-KF-CM66;f__JG30-KF-CM66;g__JG30-KF-CM66;s__	0.9604237136422042
1ac34d779f6974a587ec8e2c4aa46672	d__Bacteria;p__Chloroflexi;c__Ktedonobacteria;o__Ktedonobacterales;f__Ktedonobacteraceae;g__HSB_OF53-F07;s__	0.9964657765142765
246467f9f434520190fff43bd3d661a1	d__Bacteria;p__Chloroflexi	0.7034715028865355
ae27159d0b48f4ee6e5bef490101213b	d__Bacteria;p__Chloroflexi	0.9677805147794335
bbb2e899b41bd4b0af8c04bdea4e289e	d__Bacteria;p__Planctomycetota;c__Phycisphaerae;o__Tepidisphaerales;f__WD2101_soil_group;g__WD2101_soil_group;s__	0.9999876991274994
8d828d6366bc20e5f12666443a732561	d__Bacteria;p__Patescibacteria;c__Saccharimonadia;o__Saccharimonadales	0.9999792824949214
82b98354bd03f57596e2b2c0204a6a64	d__Bacteria;p__Bacteroidota;c__Bacteroidia;o__Chitinophagales;f__Chitinophagaceae;g__uncultured;s__	0.9933523974403085
f9eaa80181018cc79395a2867cf63464	d__Bacteria;p__Verrucomicrobiota;c__Verrucomicrobiae;o__Chthoniobacterales;f__Chthoniobacteraceae;g__Chthoniobacter;s__	0.8678366149701808
4e8a4f0716610bc4429c12819c059562	d__Bacteria;p__Chloroflexi;c__Ktedonobacteria;o__Ktedonobacterales;f__Ktedonobacteraceae;g__JG30a-KF-32;s__	0.9975003887767231
e20c47f66f8c3c011c2c81e6be6667c9	d__Bacteria;p__WPS-2;c__WPS-2;o__WPS-2;f__WPS-2;g__WPS-2;s__	0.9989549651883608
541370a30835e38a0081239e5320b7c1	d__Bacteria;p__Proteobacteria;c__Alphaproteobacteria;o__Elsterales;f__uncultured;g__uncultured;s__	0.999284801399255
95a3d91d8b7a4ca887c4064afe070505	d__Bacteria;p__Patescibacteria;c__Saccharimonadia;o__Saccharimonadales;f__Saccharimonadales;g__Saccharimonadales;s__	0.7459031693567716
a9d71eadacb9e28623a99c082d4a9e0b	d__Bacteria;p__Chloroflexi;c__Anaerolineae;o__SBR1031	0.8137505379065252
305fae0105b7e03520225572c2bedc68	d__Bacteria;p__Bdellovibrionota;c__Bdellovibrionia;o__Bdellovibrionales;f__Bdellovibrionaceae;g__Bdellovibrio;s__	0.9839803350287717
20470b13ac9643eb9ee16634679ccefb	d__Bacteria;p__Bacteroidota;c__Bacteroidia;o__Chitinophagales;f__Chitinophagaceae;g__uncultured;s__	0.9695119969393498
1b71df92b36ac821db301e53d1a9fac4	d__Bacteria;p__Dependentiae;c__Babeliae;o__Babeliales	0.9999361891137226
fc9f04d3bc5a5c32bfcccd7153a3097d	d__Bacteria;p__Sumerlaeota;c__Sumerlaeia;o__Sumerlaeales;f__Sumerlaeaceae;g__Sumerlaea;s__	0.8854216325739047
bc3aa49585bdcfa6a4d16c2d3449e02f	d__Bacteria;p__Patescibacteria	0.9846361309302435
65f6e03e17d58d6533da9c1c4ba8031d	d__Bacteria;p__Proteobacteria;c__Alphaproteobacteria;o__Sphingomonadales;f__Sphingomonadaceae;g__Sphingomonas;s__	0.9499795364066407
f8c6ce7d1f9781802d089c593b6b3b9b	d__Bacteria;p__Proteobacteria;c__Gammaproteobacteria;o__Gammaproteobacteria_Incertae_Sedis;f__Unknown_Family;g__Unknown_Family;s__	0.9818151595788762
eede7330ec7794f59c973ebb60ab7924	d__Bacteria;p__Chloroflexi;c__TK10;o__TK10;f__TK10;g__TK10;s__	0.9938985362977779
10c753501127305255227fa52a513cf2	d__Bacteria	0.9997725052182788
32f2961cc9a4a0ccbc989c4cf677146e	d__Bacteria;p__Chloroflexi;c__Ktedonobacteria;o__Ktedonobacterales;f__Ktedonobacteraceae;g__JG30a-KF-32;s__	0.758746823287665
49849879178559201fa30a0cfe22f6a7	d__Bacteria;p__Bacteroidota;c__Bacteroidia;o__Cytophagales;f__Microscillaceae;g__uncultured;s__	0.9845882421066402
ee1b55c7dd8792dfe971ce8be64aa658	d__Bacteria;p__Gemmatimonadota;c__Gemmatimonadetes;o__Gemmatimonadales;f__Gemmatimonadaceae;g__uncultured;s__	0.9946253861864388
4c04f50199dde51dd1a745779fbe472c	d__Bacteria;p__Patescibacteria;c__Gracilibacteria;o__Candidatus_Peribacteria;f__Candidatus_Peribacteria;g__Candidatus_Peribacteria;s__	0.999936420769735
0cdbff6b874dee7024b5c218dc66b04a	d__Bacteria;p__Planctomycetota;c__Planctomycetes;o__Pirellulales;f__Pirellulaceae;g__uncultured;s__	0.8226804211437899
62ca87f3ba55f4901e0ab86683411fc5	d__Bacteria;p__Acidobacteriota;c__Acidobacteriae;o__Acidobacteriales;f__Acidobacteriaceae_(Subgroup_1)	0.9999965913692384
11509a8c526d725b02adfce69dc6c7fb	d__Bacteria;p__Patescibacteria;c__Gracilibacteria;o__Candidatus_Peribacteria;f__Candidatus_Peribacteria;g__Candidatus_Peribacteria;s__	0.9999983604392437
db90de54e1067071bf4d9d27cbf4e2de	d__Bacteria;p__Proteobacteria;c__Gammaproteobacteria;o__Diplorickettsiales;f__Diplorickettsiaceae;g__Aquicella;s__	0.9999595032696988
7c48df37dc01e891ca580e628031fc65	d__Bacteria;p__Patescibacteria;c__Parcubacteria;o__Candidatus_Yanofskybacteria;f__Candidatus_Yanofskybacteria;g__Candidatus_Yanofskybacteria;s__	0.9782294422015985
415c5cfa8446a81689abe1cf8a6a0a46	d__Bacteria	0.9999698231393768
4040ff346adb32463f4d967f4e19990e	d__Bacteria	0.9999648551024725
c81f0ea7ef387579c578480531a4696a	d__Bacteria;p__Sumerlaeota;c__Sumerlaeia;o__Sumerlaeales;f__Sumerlaeaceae;g__Sumerlaea;s__	0.9999355009845148
25f00ad4fae04c0ccd0918ec5793d74e	d__Bacteria;p__Acidobacteriota;c__Acidobacteriae;o__Bryobacterales;f__Bryobacteraceae;g__Bryobacter;s__	0.9561806545872615
29a589e9b69d1f045371f09dfb240c03	d__Bacteria;p__Elusimicrobiota;c__Lineage_IIa;o__Lineage_IIa;f__Lineage_IIa;g__Lineage_IIa;s__	0.9944315437420269
a6f65e5eb31ee7758620a2672ccf676c	d__Bacteria;p__Chloroflexi;c__Ktedonobacteria;o__Ktedonobacterales;f__Ktedonobacteraceae	0.9991300287972925
9c45df555b96fce9743761d9d0492e65	d__Bacteria;p__Proteobacteria;c__Gammaproteobacteria;o__Xanthomonadales;f__Xanthomonadaceae	0.9581535521277503
77ba56b60ec42699f584f8a9217c494c	d__Bacteria	0.9999870482964526
7fe2461db931c6668c243240d13d4610	d__Bacteria;p__Chloroflexi;c__Ktedonobacteria;o__Ktedonobacterales;f__Ktedonobacteraceae;g__JG30a-KF-32;s__	0.9861775142317228
171b6e0c8aef32a3898ac9dcb166b4fd	d__Bacteria;p__Actinobacteriota;c__Thermoleophilia;o__Gaiellales	0.9990109349524072
7819635165d8c7a84f2dfac9627cfa57	d__Bacteria;p__Planctomycetota;c__Planctomycetes;o__Gemmatales;f__Gemmataceae;g__uncultured;s__	0.9881432410451801
5cb08357b03f9c136215a2aaa23e8268	d__Bacteria;p__Patescibacteria;c__Microgenomatia;o__Candidatus_Roizmanbacteria;f__Candidatus_Roizmanbacteria;g__Candidatus_Roizmanbacteria;s__	0.9999037017162249
89eecc4f2ae12179015b4b0f2f83b098	d__Bacteria;p__Planctomycetota;c__Phycisphaerae;o__Tepidisphaerales;f__WD2101_soil_group;g__WD2101_soil_group;s__	0.9737992752002941
973b62a788953dd5da75ef1fceacd005	d__Bacteria	0.9999906700678589
ea70583a9d882f5d09d3105299848212	d__Bacteria	0.999966839114247
b5f40015dcaa4b9a0d9b6c0b1197fd99	d__Bacteria;p__Bacteroidota;c__Bacteroidia;o__Chitinophagales;f__Chitinophagaceae;g__uncultured;s__	0.9747711226057117
795f457723bcf763baf693fc3c099d86	d__Bacteria;p__Chloroflexi;c__Ktedonobacteria;o__Ktedonobacterales;f__Ktedonobacteraceae;g__JG30a-KF-32;s__	0.9466726535955136
a4e3395d9ca9d3bb839844df94c6ffd2	d__Bacteria;p__Bacteroidota;c__Bacteroidia;o__Chitinophagales;f__Chitinophagaceae;g__uncultured;s__	0.9688245969698578
caef666b1a47fdd0873074127331c7dc	d__Bacteria;p__Acidobacteriota;c__Blastocatellia	0.9341933868669214
9eb4cf7901a048783b8b8e3335a9155d	d__Bacteria;p__Planctomycetota;c__Planctomycetes;o__Pirellulales;f__Pirellulaceae;g__uncultured;s__	0.9642076770086431
f39720d54a97f3e748abcbee6f7d23b3	d__Bacteria;p__Patescibacteria;c__Microgenomatia;o__Candidatus_Levybacteria;f__Candidatus_Levybacteria;g__Candidatus_Levybacteria;s__	0.9999256136395107
9c8501edb2277885d4478a5780e138cb	d__Bacteria;p__Myxococcota;c__Polyangia;o__Polyangiales;f__Phaselicystidaceae;g__Phaselicystis;s__	0.9893064952386065
e4d770e041d7e006a80ebc60928bbeef	d__Bacteria;p__Sumerlaeota;c__Sumerlaeia;o__Sumerlaeales;f__Sumerlaeaceae;g__Sumerlaea;s__	0.9999388012128223
a0448a38b6d4505806d49ccad80d2ef5	d__Bacteria;p__Patescibacteria;c__Parcubacteria;o__Candidatus_Kaiserbacteria;f__Candidatus_Kaiserbacteria;g__Candidatus_Kaiserbacteria;s__	0.9998219049133112
75f5aac7d090bdb4d831a7112ae627a8	d__Bacteria;p__Proteobacteria;c__Gammaproteobacteria;o__Burkholderiales	0.7181485445406743
3cbbcde8b1d40d0bcafb512d8aa2e5e0	d__Bacteria;p__Acidobacteriota;c__Acidobacteriae;o__Bryobacterales;f__Bryobacteraceae;g__Bryobacter;s__	0.7831881233569415
3e29cd238c129e27d870b16f18361850	d__Bacteria;p__Chloroflexi;c__Ktedonobacteria;o__C0119;f__C0119;g__C0119;s__	0.9998606116021891
fa562cb4904a72ab81cd24d6158680eb	d__Bacteria;p__Verrucomicrobiota;c__Verrucomicrobiae;o__Chthoniobacterales;f__Chthoniobacteraceae;g__Chthoniobacter;s__	0.7371729663186032
f9a0859f2799097c3e7c5760b8e4d66f	d__Bacteria;p__Planctomycetota;c__Phycisphaerae;o__Tepidisphaerales;f__WD2101_soil_group;g__WD2101_soil_group;s__	0.9999842540107916
61295efce3371a0e6576e9312b5face6	d__Bacteria;p__Cyanobacteria;c__Cyanobacteriia;o__Chloroplast;f__Chloroplast;g__Chloroplast;s__	0.9895075910678933
58c2082d59409c149a30b1c0bb545321	d__Bacteria;p__Chloroflexi;c__Anaerolineae;o__RBG-13-54-9;f__RBG-13-54-9;g__RBG-13-54-9;s__	0.9993138597297335
b170418d9855c7c055a71ff4f8cf8a5d	d__Bacteria;p__Chloroflexi	0.7205888575803895
031391ca82771df286f4d8250f7793a4	d__Bacteria;p__Patescibacteria;c__Parcubacteria;o__Parcubacteria;f__Parcubacteria;g__Parcubacteria;s__	0.8266681791438301
6c2e2bd6ca7984e83e288e64863a8ed2	d__Bacteria;p__Bacteroidota;c__Bacteroidia;o__Sphingobacteriales;f__Sphingobacteriaceae	0.9913596101769201
ca859b929205bcf0d93bf4de24a7f542	d__Bacteria	0.999836400545127
7b72569c66044d91aac5a94b796ab2db	d__Bacteria;p__Gemmatimonadota;c__Gemmatimonadetes;o__Gemmatimonadales;f__Gemmatimonadaceae;g__Gemmatimonas;s__	0.9619753802241912
f7f3519600a7438ddb7c41b4c0df1dbc	d__Bacteria;p__Chloroflexi;c__JG30-KF-CM66;o__JG30-KF-CM66;f__JG30-KF-CM66;g__JG30-KF-CM66;s__	0.9991845140604475
d11ede93fcd3822177d87a7386056d5f	d__Bacteria;p__Bacteroidota;c__Bacteroidia;o__Chitinophagales;f__Chitinophagaceae;g__uncultured;s__	0.7442333237705662
5ed9b4bba521e2516735577e9dcdcc7c	d__Bacteria;p__Chloroflexi;c__TK10;o__TK10;f__TK10;g__TK10;s__	0.9544459372734762
1608359ade96d70dec35d52aac1d8971	d__Bacteria;p__Patescibacteria;c__Saccharimonadia;o__Saccharimonadales;f__Saccharimonadales;g__Saccharimonadales;s__	0.9957798988536222
69c370e7f75db72477c3e7b76e4b9cfd	d__Bacteria;p__Chloroflexi;c__Ktedonobacteria;o__Ktedonobacterales;f__Ktedonobacteraceae;g__JG30a-KF-32;s__	0.9831574853792078
0daf2b2c9e3501f55a084de5beec6e71	d__Bacteria;p__Bacteroidota;c__Ignavibacteria;o__SJA-28;f__SJA-28;g__SJA-28;s__	0.9694336567660425
6e0066cb154afaf9737a41a9d1719762	d__Bacteria;p__Cyanobacteria;c__Sericytochromatia;o__Sericytochromatia;f__Sericytochromatia;g__Sericytochromatia;s__	0.9999959782082769
b0c4fb98c8efa5f8414351d4e155920b	d__Bacteria;p__Patescibacteria;c__Parcubacteria;o__Candidatus_Kaiserbacteria;f__Candidatus_Kaiserbacteria;g__Candidatus_Kaiserbacteria;s__	0.9998585102513384
ba5628f58c1f7e1e8c7f59acb60c9220	d__Bacteria;p__Chloroflexi	0.8098515978010827
2b62bce657c76961c50239b0fd4bc1dd	d__Bacteria;p__Bacteroidota;c__Bacteroidia;o__Chitinophagales;f__Chitinophagaceae;g__uncultured;s__	0.9840775120101728
24ef3c4b549237a45e39e08522258b0b	d__Bacteria;p__Planctomycetota;c__Phycisphaerae;o__Tepidisphaerales;f__WD2101_soil_group;g__WD2101_soil_group;s__	0.999531708844175
b26176d407438c6b3c631036d34bcd53	d__Bacteria;p__Chloroflexi	0.7379977150706243
bf14202ca0de5fb6435982dd8c248826	d__Bacteria;p__Chloroflexi;c__TK10;o__TK10;f__TK10;g__TK10;s__	0.9551291584755334
3ed3cfeb583185110e73c37c23433225	d__Bacteria;p__Patescibacteria;c__Parcubacteria;o__Candidatus_Kaiserbacteria;f__Candidatus_Kaiserbacteria;g__Candidatus_Kaiserbacteria;s__	0.9959379742351414
fa599b3318fd73ceba6abacdcf834228	d__Bacteria;p__Proteobacteria;c__Gammaproteobacteria;o__Diplorickettsiales;f__Diplorickettsiaceae;g__uncultured;s__	0.9997507222536369
1b09e96660065a8169f95c569ea142bd	d__Bacteria;p__Patescibacteria	0.9573371044480398
5e6a9aa2efc227ef85450344d37a6c12	d__Bacteria;p__Chloroflexi	0.8186435965754534
1d028d786bbc55834b9e65df3b720a4a	d__Bacteria	0.9999950519387562
53af73370287af0294c230d1899f1e40	d__Bacteria;p__Acidobacteriota;c__Acidobacteriae	0.9999990273914863
6ee41878dac770202efbe05b678c996c	d__Bacteria;p__Proteobacteria;c__Alphaproteobacteria;o__Rhizobiales;f__Xanthobacteraceae;g__Bradyrhizobium;s__	0.9142512077582
98153c6cd0b9831fea25f9891cd1fc5e	d__Bacteria;p__Chloroflexi;c__Ktedonobacteria;o__Ktedonobacterales;f__Ktedonobacteraceae;g__JG30a-KF-32;s__	0.8790482362199565
4bf18ced4c29ab330d03f88e5742bbb9	d__Bacteria;p__Bacteroidota;c__Bacteroidia;o__Chitinophagales;f__Chitinophagaceae;g__uncultured;s__	0.9891972066817338
148f3a38ab9d05da69a7f361bc19c559	d__Bacteria;p__Verrucomicrobiota;c__Verrucomicrobiae;o__Chthoniobacterales;f__Chthoniobacteraceae;g__Candidatus_Udaeobacter;s__	0.9931265612248176
147baaa6bc91cd7775f5be6af52b5fbf	d__Bacteria	0.9998753059727636
3d881ea8441494e7688ae2cb5e77cc5b	d__Bacteria;p__Patescibacteria;c__Parcubacteria;o__Parcubacteria;f__Parcubacteria;g__Parcubacteria;s__	0.9976037687572384
23c1610dcbc695f3cc008773834ed926	d__Bacteria;p__Patescibacteria;c__Parcubacteria	0.9851269360985161
564befc24baebfe829a9a88f25277c2c	d__Bacteria;p__Cyanobacteria;c__Cyanobacteriia;o__Chloroplast;f__Chloroplast;g__Chloroplast;s__	0.9989657873797148
1a014e9d4e07759e19a3eb994966c898	d__Bacteria;p__Bacteroidota;c__Bacteroidia;o__Chitinophagales;f__Chitinophagaceae;g__uncultured;s__	0.8718328608918788
069ad0ad949b1c2002e0e9a9852a0e71	d__Bacteria;p__Chloroflexi;c__AD3;o__AD3;f__AD3;g__AD3;s__	0.79142030728785
a335bfba1ded0436de4f824331905eb1	d__Bacteria;p__Chloroflexi;c__TK10;o__TK10;f__TK10;g__TK10;s__	0.9903186634190259
5ff550842f0561c8d572ae57d9b343c1	d__Bacteria;p__Cyanobacteria;c__Cyanobacteriia;o__Chloroplast;f__Chloroplast;g__Chloroplast;s__	0.9523651669078962
f28a6b93ab9a3092f5828bb78e40967f	d__Bacteria;p__Proteobacteria;c__Gammaproteobacteria;o__Diplorickettsiales;f__Diplorickettsiaceae;g__uncultured;s__	0.9587401767978523
60c91d5323adbc674ab6b964731ad6b2	d__Bacteria;p__Actinobacteriota;c__Thermoleophilia;o__Solirubrobacterales;f__Solirubrobacteraceae	0.8014328632010981
50c1fdd0efe72dff44345e96c77cc5cb	d__Bacteria;p__Verrucomicrobiota;c__Verrucomicrobiae;o__Chthoniobacterales;f__Chthoniobacteraceae;g__Candidatus_Udaeobacter;s__	0.9127865575606698
333854038e05312119cd30404f0880b7	d__Bacteria;p__Planctomycetota;c__Phycisphaerae;o__Tepidisphaerales;f__WD2101_soil_group;g__WD2101_soil_group;s__	0.9378071499887369
2c6b6ff2445d26f9cafd207b0cabfc97	d__Bacteria;p__Patescibacteria;c__Saccharimonadia;o__Saccharimonadales;f__Saccharimonadales;g__Saccharimonadales;s__	0.7286055288952162
2a3bc441ecb00edcb5ce6d4c696f1d1f	d__Bacteria;p__Bacteroidota;c__Bacteroidia;o__Chitinophagales;f__Chitinophagaceae;g__uncultured;s__	0.854701768139976
a5d6f9781f50e29abf734e4d4fd13e29	d__Bacteria;p__Patescibacteria	0.9783051723387385
0650ffdcaba0e988dbaf48390609637d	d__Bacteria;p__Patescibacteria;c__Parcubacteria	0.9588662139083075
a3236e6b8d41f3d8124b2ae476ba5594	d__Bacteria;p__Proteobacteria;c__Gammaproteobacteria;o__Xanthomonadales;f__Rhodanobacteraceae;g__Rhodanobacter;s__	0.9372189761801966
9faedb673c531cf288db5b0ccc1501b8	d__Bacteria;p__WPS-2;c__WPS-2;o__WPS-2;f__WPS-2;g__WPS-2;s__	0.9933815186017615
94bc9dc1ae55185a81be515354f71cec	d__Bacteria;p__Bdellovibrionota;c__Bdellovibrionia;o__Bdellovibrionales;f__Bdellovibrionaceae;g__Bdellovibrio;s__	0.9999301254038111
3a44d0109b99c40600bdce91f9d85631	d__Bacteria	0.999783196401963
de724e773d573eafe85dc97b98cb1724	d__Bacteria;p__Chloroflexi;c__TK10;o__TK10;f__TK10;g__TK10;s__	0.995549017969144
a0cf7d2371b3c2dca7987361a0c8ff51	d__Bacteria;p__Verrucomicrobiota;c__Verrucomicrobiae;o__Chthoniobacterales;f__Chthoniobacteraceae;g__Candidatus_Udaeobacter;s__	0.9820150938367931
7251b302e401d317f84081d4cf758ad4	d__Bacteria;p__Patescibacteria;c__Saccharimonadia;o__Saccharimonadales	0.9999657686690689
272971c14c629a1c6aef33e0fb851975	d__Bacteria	0.9999638910761357
f6a225bb9cc1032d9c812060caa4b390	d__Bacteria;p__Proteobacteria;c__Gammaproteobacteria	0.940707478911091
da711a25a1441ece7c35498dda650351	d__Bacteria;p__Verrucomicrobiota;c__Chlamydiae;o__Chlamydiales	0.9737339003361052
1242bd3d4cd43dbe46c81caa36134bed	d__Bacteria;p__Gemmatimonadota;c__Gemmatimonadetes;o__Gemmatimonadales;f__Gemmatimonadaceae;g__Gemmatimonas;s__	0.9555039053145082
f2bcffa8760d77d0558d982adf290947	d__Bacteria;p__Acidobacteriota;c__Acidobacteriae;o__Acidobacteriales;f__uncultured;g__uncultured;s__	0.8153523318200216
c1629aa2cf1f01f76fc5252fbdc40c3b	d__Bacteria;p__Patescibacteria;c__Saccharimonadia;o__Saccharimonadales;f__Saccharimonadales;g__Saccharimonadales;s__	0.8965182155884105
981adfbea5b2554d6dec16e79b167e75	d__Bacteria;p__Proteobacteria;c__Gammaproteobacteria;o__Diplorickettsiales;f__Diplorickettsiaceae;g__Aquicella;s__	0.9998387616471807
dae4aafa63ec79ac11a4d544f2554564	d__Bacteria;p__Verrucomicrobiota;c__Verrucomicrobiae;o__Chthoniobacterales;f__Chthoniobacteraceae;g__Candidatus_Udaeobacter;s__	0.8807282981026641
6f40f06ef845e1e88c3abfc9fa615bc0	d__Bacteria;p__Proteobacteria;c__Alphaproteobacteria;o__Paracaedibacterales;f__Paracaedibacteraceae;g__Candidatus_Paracaedibacter;s__	0.721745347288228
2e7b0f689b975af8cd8068103516fec5	d__Bacteria;p__Bacteroidota;c__Bacteroidia;o__Chitinophagales;f__Chitinophagaceae	0.9999740056801792
4df3812d6abc8c114d067407f117c9a5	d__Bacteria;p__Patescibacteria;c__Saccharimonadia;o__Saccharimonadales	0.9999987344899657
92c4b8c0dd184534efcc9f648b1393c4	d__Bacteria;p__Bacteroidota;c__Bacteroidia;o__Chitinophagales;f__Chitinophagaceae;g__uncultured;s__	0.9826394189392672
a2faa49f1c717395b8058233be9c2d8f	d__Bacteria;p__Acidobacteriota;c__Acidobacteriae;o__Subgroup_2;f__Subgroup_2;g__Subgroup_2;s__	0.9999967767296247
2de16aa80dd1409abc32722798c4b67f	d__Bacteria;p__Bacteroidota;c__Bacteroidia;o__Cytophagales;f__uncultured;g__uncultured;s__	0.9999999439970126
b13be78c5f915a96f6fcced7f0b2df7e	d__Bacteria;p__Chloroflexi	0.7072483529135312
81f4edec82c199bea962549e7cd86110	d__Bacteria;p__Chloroflexi;c__Ktedonobacteria;o__Ktedonobacterales;f__Ktedonobacteraceae	0.8465012913680643
7de05f6e4b2e97ad93d186c790320538	d__Bacteria;p__Proteobacteria;c__Gammaproteobacteria;o__Burkholderiales;f__Nitrosomonadaceae;g__Ellin6067;s__	0.9865328578380907
6e8759af7426d2a2cd4669e8c1e4d992	d__Bacteria;p__Planctomycetota	0.9775281357539095
c7ef5b7890513e1c51c068efcd64ddb4	d__Bacteria	0.9165713232274142
5220dff3232f27dc23f8cf5b480f2f04	d__Bacteria;p__Patescibacteria;c__Saccharimonadia;o__Saccharimonadales	0.8967445038583027
7a2897feb6387e03aecc5427a520dd6f	d__Bacteria;p__Acidobacteriota;c__Acidobacteriae;o__Subgroup_2;f__Subgroup_2;g__Subgroup_2;s__	0.9999975057556993
41482c8ff417bf728a9388fe5df32013	d__Bacteria;p__Bacteroidota;c__Bacteroidia;o__Chitinophagales;f__Chitinophagaceae;g__uncultured;s__	0.9461973036537843
a79e301766ba3856335c36bc8f9b0015	d__Bacteria;p__Patescibacteria;c__Parcubacteria	0.92852624125873
14bf489bb9bbbdf073901d525018c5f8	d__Bacteria;p__Verrucomicrobiota;c__Verrucomicrobiae;o__Methylacidiphilales;f__Methylacidiphilaceae;g__uncultured;s__	0.9942339418365045
45f1002c4a89de780b527e0d8ee9cfdf	d__Bacteria;p__Proteobacteria;c__Alphaproteobacteria;o__Rhizobiales	0.963453322614346
c029f22d2a1ff856cd4af5746a384686	d__Bacteria;p__Proteobacteria;c__Gammaproteobacteria;o__Burkholderiales;f__A21b;g__A21b;s__	0.7357461430767831
bfbe0777de87e9f053646372657f0ada	d__Bacteria;p__Proteobacteria;c__Alphaproteobacteria;o__Acetobacterales;f__Acetobacteraceae	0.8172583240928113
c987b146c454ce41779992177cc12e96	d__Bacteria;p__Chloroflexi;c__Ktedonobacteria;o__Ktedonobacterales;f__Ktedonobacteraceae;g__JG30a-KF-32;s__	0.927771726872697
22137c5cf637e5fe4308f5a7f34ded0c	d__Bacteria;p__Gemmatimonadota;c__Gemmatimonadetes;o__Gemmatimonadales;f__Gemmatimonadaceae;g__uncultured;s__	0.9974961669027095
2f72185d9ea9fbae22405c4cba4a2714	d__Bacteria;p__Proteobacteria;c__Alphaproteobacteria;o__Rhizobiales;f__Xanthobacteraceae;g__uncultured;s__	0.8720203119467691
b62e8f7dc865dd09fa0de9b2fa1a8247	d__Bacteria	0.9999876671677645
be37e29f9004d88f25c117728c3d533f	d__Bacteria;p__Chloroflexi;c__Ktedonobacteria;o__Ktedonobacterales;f__Ktedonobacteraceae;g__JG30a-KF-32;s__	0.8375381911993506
523e87224ca2bd9f5cf7629a8ec539e9	d__Bacteria;p__Acidobacteriota;c__Acidobacteriae;o__Acidobacteriales	0.9922472690751816
c0795e4fa8e2d0dc2863e3099a92a56d	d__Bacteria;p__Patescibacteria;c__Saccharimonadia;o__Saccharimonadales;f__WWH38;g__WWH38;s__	0.8997972102584747
347f3caa969ce6aa1119d856816dc269	d__Bacteria;p__Planctomycetota;c__Planctomycetes;o__Pirellulales;f__Pirellulaceae;g__Pir4_lineage;s__	0.9861772264544248
bef5e2e1bad72bc75f1288c599d5da65	d__Bacteria;p__Bdellovibrionota;c__Bdellovibrionia;o__Bdellovibrionales;f__Bdellovibrionaceae;g__Bdellovibrio;s__	0.9999979452065667
78e34337935c36a27d27523446d6afaa	d__Bacteria;p__Acidobacteriota;c__Acidobacteriae;o__Bryobacterales;f__Bryobacteraceae;g__Bryobacter;s__	0.7707004481601789
47ae733e63a04735c7530bf544cce855	d__Bacteria;p__Planctomycetota;c__Phycisphaerae;o__Phycisphaerales;f__Phycisphaeraceae;g__uncultured;s__	0.7853537925760022
9a75109eefee9f9a65b2d4d953499061	d__Bacteria;p__Patescibacteria;c__Microgenomatia;o__Candidatus_Roizmanbacteria;f__Candidatus_Roizmanbacteria;g__Candidatus_Roizmanbacteria;s__	0.9833551380619047
30537aebd27ed3a1c3d5923d65342f31	d__Bacteria;p__Chloroflexi;c__Ktedonobacteria;o__Ktedonobacterales;f__Ktedonobacteraceae;g__JG30a-KF-32;s__	0.7865729191817693
b09ff925c6ac2752498ada1aa6573393	d__Bacteria;p__Proteobacteria;c__Alphaproteobacteria;o__Acetobacterales;f__Acetobacteraceae;g__uncultured;s__	0.7050906409403584
6066279ef202a997894af9c8ef339a5f	d__Bacteria	0.9980354245238396
f939db8c5129197f5cb48106e92bb3c1	d__Bacteria;p__Planctomycetota;c__Phycisphaerae;o__Tepidisphaerales;f__WD2101_soil_group;g__WD2101_soil_group;s__	0.8699728521998822
b7b262c124c3b1a8f7b2b08a02ec2892	d__Bacteria;p__Chloroflexi;c__Anaerolineae;o__SBR1031	0.9054319859126729
4b248c8e10c19dd88556f55a59ea5d0c	d__Bacteria;p__Actinobacteriota;c__Actinobacteria;o__Corynebacteriales;f__Mycobacteriaceae;g__Mycobacterium;s__	0.9660001201629306
e0d0cb9e403e6837db780173ee21ad4c	d__Bacteria;p__FCPU426;c__FCPU426;o__FCPU426;f__FCPU426;g__FCPU426;s__	0.9772415253079282
5e2b4c4afca4fdedc6a54d26b23ed568	d__Bacteria;p__Proteobacteria;c__Gammaproteobacteria;o__Xanthomonadales;f__Xanthomonadaceae	0.9245504798137378
be7f0f2ea316bf1861af7bdd03c15c74	d__Bacteria;p__Chloroflexi;c__Ktedonobacteria;o__B12-WMSP1;f__B12-WMSP1;g__B12-WMSP1;s__	0.975945620010324
73a589eb978deeea63084425ff4900ce	d__Bacteria;p__Chloroflexi	0.7710650788723582
d9d81dc973de6b0e290061d110ab46ce	d__Bacteria;p__Bacteroidota;c__Kapabacteria;o__Kapabacteriales;f__Kapabacteriales;g__Kapabacteriales;s__	0.9721795391878196
cf4285c3663f679babd9189309248037	d__Bacteria;p__Proteobacteria;c__Gammaproteobacteria;o__Xanthomonadales;f__Xanthomonadaceae;g__uncultured;s__	0.916972283891687
b5ba899b619211868797c2ddf5f26066	d__Bacteria;p__Planctomycetota;c__Phycisphaerae;o__Tepidisphaerales;f__WD2101_soil_group;g__WD2101_soil_group;s__	0.9999977058680994
5253edd767bff078d648f402948608e0	d__Bacteria;p__Planctomycetota;c__Planctomycetes;o__Gemmatales;f__Gemmataceae;g__uncultured;s__	0.9538358175917547
3cff278b3a178f5b203cfa4cd805125b	d__Bacteria;p__Patescibacteria;c__Parcubacteria;o__Parcubacteria;f__Parcubacteria;g__Parcubacteria;s__	0.9669028235276279
1cca52347843e1fe158272efbbdf8e81	d__Bacteria;p__Planctomycetota;c__Planctomycetes;o__Planctomycetales;f__uncultured;g__uncultured;s__	0.999680291660408
6598ca9bb5dd267514845ca1f501ddae	d__Bacteria;p__Acidobacteriota;c__Blastocatellia;o__Blastocatellales;f__Blastocatellaceae	0.8798851003750146
9cfa7d47abbfc8bd8ffe1999194a9341	d__Bacteria;p__Patescibacteria;c__Parcubacteria;o__Candidatus_Nomurabacteria;f__Candidatus_Nomurabacteria;g__Candidatus_Nomurabacteria;s__	0.9856892840824029
167bdfbb3962cf9acb009d1cb5e5c437	d__Bacteria;p__Verrucomicrobiota;c__Verrucomicrobiae;o__Chthoniobacterales;f__Chthoniobacteraceae	0.9433472857302938
35ba061426b0a5a57c6fbcc7d43fda41	d__Bacteria	0.9999739673888185
d7726c8a741f3610266227efbb64fb58	d__Bacteria;p__Proteobacteria;c__Gammaproteobacteria;o__Xanthomonadales;f__Xanthomonadaceae	0.996656849756321
4e3dff687666d03201189813cd7d87f2	d__Bacteria;p__Gemmatimonadota;c__Gemmatimonadetes;o__Gemmatimonadales;f__Gemmatimonadaceae;g__uncultured;s__	0.8643592364419644
465914098ad4532b97c1516fbeef0999	d__Bacteria;p__Bacteroidota;c__Bacteroidia;o__Cytophagales	0.7300783492336338
d3ccaa8d977f628231ae8a8daa01f114	d__Bacteria	0.9997103950045322
3d52e9671dd0e6c084d12a4fffda7805	d__Bacteria	0.9999991895471482
b53f4366da66b3137852ae60096e9aa6	d__Bacteria;p__Patescibacteria;c__Saccharimonadia;o__Saccharimonadales;f__Saccharimonadales;g__Saccharimonadales;s__	0.9707448787678139
4c27063ce9a187444b441823bcb11397	d__Bacteria;p__Patescibacteria;c__Gracilibacteria;o__Candidatus_Peribacteria;f__Candidatus_Peribacteria;g__Candidatus_Peribacteria;s__	0.9999916001006648
4094f96b765e35c8794391c41a9bc590	d__Bacteria;p__Proteobacteria;c__Alphaproteobacteria;o__Rhizobiales;f__Rhizobiaceae;g__Allorhizobium-Neorhizobium-Pararhizobium-Rhizobium;s__	0.8635196249433409
fb06423a41671bdc5095dc09406a3cbc	d__Bacteria;p__Verrucomicrobiota;c__Verrucomicrobiae;o__Chthoniobacterales;f__Chthoniobacteraceae;g__Candidatus_Udaeobacter;s__	0.9797924375940488
7dc4bc78b30b4b2431f165fba2dbf2b9	d__Bacteria;p__Acidobacteriota;c__Acidobacteriae;o__Subgroup_2;f__Subgroup_2;g__Subgroup_2;s__	0.9999481633029631
57c6dff394b144d64b9f713bea2c6df9	d__Bacteria;p__Chloroflexi;c__TK10;o__TK10;f__TK10;g__TK10;s__	0.997600570994455
a0ab72df6c4a10e08c9e5b2f50aef49c	d__Bacteria;p__Proteobacteria;c__Gammaproteobacteria;o__Xanthomonadales;f__Xanthomonadaceae;g__uncultured;s__	0.8102891982891585
e8b3c48f35c9aa1e79fadb7009808a7a	d__Bacteria;p__Planctomycetota;c__Planctomycetes;o__Planctomycetales;f__uncultured;g__uncultured;s__	0.9968804915885486
a365de048ef74e50dba91dc0404f0b1c	d__Bacteria;p__Patescibacteria;c__Gracilibacteria;o__Candidatus_Peribacteria;f__Candidatus_Peribacteria;g__Candidatus_Peribacteria;s__	0.9933071046822194
079835680ea44186e4f6a04d8845647a	d__Bacteria;p__Verrucomicrobiota;c__Verrucomicrobiae;o__Chthoniobacterales;f__Chthoniobacteraceae;g__Candidatus_Udaeobacter;s__	0.9816833691667979
d6eb53271f59da6d61babaf49b771408	d__Bacteria	0.9996481222652154
66b53f4ccea925775afec05cb3085d73	d__Bacteria;p__Proteobacteria;c__Gammaproteobacteria	0.7594444408650226
142405ed1b3b33a0e2b7b40101403dc6	d__Bacteria;p__Patescibacteria;c__Parcubacteria;o__Candidatus_Kaiserbacteria;f__Candidatus_Kaiserbacteria;g__Candidatus_Kaiserbacteria;s__	0.9911336120309722
9002f13c7406229ea6e30e09c8c8ba71	d__Bacteria;p__Bacteroidota;c__Bacteroidia;o__Chitinophagales;f__Chitinophagaceae;g__uncultured;s__	0.9650820253664645
4f31fba99f92270b1abcd6e425100cfa	d__Bacteria;p__Chloroflexi;c__Ktedonobacteria;o__C0119;f__C0119;g__C0119;s__	0.994607846537049
9f6d7e8898e15648924351bdcde9a7b8	d__Bacteria;p__Bacteroidota;c__Bacteroidia;o__Chitinophagales;f__Chitinophagaceae;g__uncultured;s__	0.9858080611955289
1a19f087a766c8e7fa966a4da3bc6d09	d__Bacteria;p__Proteobacteria;c__Gammaproteobacteria;o__Burkholderiales;f__Nitrosomonadaceae;g__Ellin6067;s__	0.7017377817002879
e2c294a30741302146b6b023445ecb50	d__Bacteria;p__Patescibacteria;c__Gracilibacteria;o__Candidatus_Peribacteria;f__Candidatus_Peribacteria;g__Candidatus_Peribacteria;s__	0.9848380654868014
9db589b1f3f7ee14643b574ce9bf0fd1	d__Bacteria;p__Chloroflexi;c__Ktedonobacteria;o__Ktedonobacterales;f__Ktedonobacteraceae;g__JG30a-KF-32;s__	0.8727728631985914
29fc4d258ddf21057619f8eeb466e3c3	d__Bacteria	0.9998128248253206
d6d61b9cffbcc3ef0764828ab26fc9a4	d__Bacteria;p__Acidobacteriota;c__Acidobacteriae;o__Subgroup_2;f__Subgroup_2;g__Subgroup_2;s__	0.9643462345276972
f04657b979a0ec34fd875a6484930d8d	d__Bacteria;p__Patescibacteria;c__Saccharimonadia;o__Saccharimonadales;f__Saccharimonadales;g__Saccharimonadales;s__	0.9907856258249107
75eff7179e7ada40b2f3a6ba5191d89f	d__Bacteria;p__Dependentiae;c__Babeliae;o__Babeliales;f__Babeliaceae;g__Babeliaceae;s__	0.7755754433360152
77b80f787ee9e38d2c2b1fbbc49cef9c	d__Bacteria;p__Proteobacteria;c__Gammaproteobacteria;o__Pseudomonadales;f__Pseudomonadaceae;g__Pseudomonas;s__	0.9993201642201421
a5b5caee7614deabac45e3183f689b6e	d__Bacteria;p__Abditibacteriota;c__Abditibacteria;o__Abditibacteriales;f__Abditibacteriaceae;g__Abditibacterium;s__	0.994966573429838
b04aebb634f7b4aa3e6101bdbb1239e0	d__Bacteria;p__Planctomycetota;c__Planctomycetes;o__Isosphaerales;f__Isosphaeraceae	0.9930734541572069
bfb777ce6e21330859104adee407634b	d__Bacteria;p__Patescibacteria;c__Gracilibacteria;o__Candidatus_Peribacteria;f__Candidatus_Peribacteria;g__Candidatus_Peribacteria;s__	0.9984559358585571
cd66ea910549699859d348499939185c	d__Bacteria;p__Proteobacteria;c__Gammaproteobacteria;o__Pseudomonadales;f__Pseudomonadaceae;g__Pseudomonas;s__	0.9979963283815094
f873841b1544b09caf23dd832a6e0d05	d__Bacteria;p__Actinobacteriota;c__Actinobacteria;o__Frankiales;f__Frankiaceae;g__Jatrophihabitans;s__	0.9940581320811993
a0541d9ebf97e90c8097ae3243d3225c	d__Bacteria;p__Bacteroidota;c__Bacteroidia;o__Chitinophagales;f__Chitinophagaceae;g__uncultured;s__	0.9481157566562342
473c270a33db0732f88632f651eba2b2	d__Bacteria;p__Proteobacteria;c__Alphaproteobacteria;o__Sphingomonadales;f__Sphingomonadaceae;g__Sphingomonas;s__	0.8777477487797695
ecdd415834806bca5dd180a0dde2b7c4	d__Bacteria;p__Gemmatimonadota;c__Gemmatimonadetes;o__Gemmatimonadales;f__Gemmatimonadaceae;g__uncultured;s__	0.9878626370669696
d62132783e1ef9694e97451be269eac4	d__Bacteria;p__Proteobacteria;c__Gammaproteobacteria;o__Burkholderiales;f__SC-I-84;g__SC-I-84;s__	0.9976082653651324
7155b46caf8a1845d6e79d34b5027399	d__Bacteria;p__Proteobacteria;c__Gammaproteobacteria;o__Burkholderiales;f__Oxalobacteraceae;g__Paraherbaspirillum;s__	0.7667762410359618
eaec306e965e88b5aeaaf3b49725e492	d__Bacteria;p__Chloroflexi;c__Ktedonobacteria;o__Ktedonobacterales;f__Ktedonobacteraceae;g__JG30a-KF-32;s__	0.9798675887687038
a1e8920b35be9fa1c48ed049953c2647	d__Bacteria;p__Proteobacteria;c__Gammaproteobacteria;o__Burkholderiales;f__Nitrosomonadaceae;g__Ellin6067;s__	0.9854883699371871
0faf03e5e098c901ae658fc8f1e2499e	d__Bacteria;p__Proteobacteria;c__Gammaproteobacteria;o__Gammaproteobacteria_Incertae_Sedis;f__Unknown_Family;g__Unknown_Family;s__	0.9418029103467606
d30c7b270898ca6eec9372c949ce036c	d__Bacteria	0.9999895991183316
85af1f51120061fadf6346f8008beb97	d__Bacteria;p__Planctomycetota;c__Phycisphaerae;o__Tepidisphaerales;f__WD2101_soil_group;g__WD2101_soil_group;s__	0.8931295425205863
138f7dad6cc362e55892128917a5c2dc	d__Bacteria	0.9999491937425862
1d05d80bd25b492c11bd06a0ade1797b	d__Bacteria;p__Verrucomicrobiota;c__Chlamydiae;o__Chlamydiales	0.9843178755306845
dcb971744aabdae27fdded86b0be3a7d	d__Bacteria	0.9999952583996705
5c8a19ccb319de0ae95da2f4875c155c	d__Bacteria;p__Armatimonadota;c__uncultured;o__uncultured;f__uncultured;g__uncultured;s__	0.8603320986851914
0b0ad82f29a54555baf668427b40cde3	d__Bacteria;p__Patescibacteria;c__Gracilibacteria;o__Candidatus_Peribacteria;f__Candidatus_Peribacteria;g__Candidatus_Peribacteria;s__	0.951745763982816
b7ff37708a67cca87522cf77e432af68	d__Bacteria;p__Patescibacteria;c__Gracilibacteria;o__Candidatus_Peribacteria;f__Candidatus_Peribacteria;g__Candidatus_Peribacteria;s__	0.98651063719236
1ad8a723f183106d713e1201519ae32b	d__Bacteria;p__Acidobacteriota;c__Acidobacteriae;o__Subgroup_2;f__Subgroup_2;g__Subgroup_2;s__	0.9999951385137472
d3840d97406f9847611580d89505056c	d__Bacteria;p__Proteobacteria;c__Gammaproteobacteria;o__Gammaproteobacteria_Incertae_Sedis;f__Unknown_Family;g__Unknown_Family;s__	0.8559169530063478
1ad050a84b2d0694a9c61fe3751b1402	d__Bacteria;p__Proteobacteria;c__Gammaproteobacteria;o__Xanthomonadales;f__Xanthomonadaceae	0.9964238864221595
27a333e3350520bf1d96a441bc2caf7d	d__Bacteria;p__Bacteroidota;c__Bacteroidia;o__Chitinophagales;f__Chitinophagaceae;g__uncultured;s__	0.8888120550876194
bf577507c44c1512353b031a4a871b65	d__Bacteria;p__Verrucomicrobiota;c__Verrucomicrobiae;o__Chthoniobacterales;f__Chthoniobacteraceae;g__Candidatus_Udaeobacter;s__	0.8537584769430857
b40296d48f722fde3df261502dd409b2	d__Bacteria;p__Proteobacteria;c__Gammaproteobacteria;o__Pseudomonadales;f__Pseudomonadaceae;g__Pseudomonas;s__	0.999726000221248
515aff232adcbb232fa3ab435b0199d6	d__Bacteria;p__Verrucomicrobiota;c__Verrucomicrobiae;o__Chthoniobacterales;f__Chthoniobacteraceae;g__Candidatus_Udaeobacter;s__	0.7356696960755272
7dceb92067b2c876d362a23050bab7bf	d__Bacteria;p__Patescibacteria;c__Parcubacteria;o__Parcubacteria;f__Parcubacteria;g__Parcubacteria;s__	0.9318578645016512
b004d0265a7cbd63cc06fe23537b9240	d__Bacteria;p__Gemmatimonadota;c__Gemmatimonadetes;o__Gemmatimonadales;f__Gemmatimonadaceae;g__uncultured;s__	0.9469673538542211
cd0fa2f6cd8990adb85565191910c160	d__Bacteria;p__Proteobacteria;c__Gammaproteobacteria;o__Pseudomonadales;f__Pseudomonadaceae;g__Pseudomonas;s__	0.8483011646630855
eb59567c5dacfb11514bfa00defe8ab7	d__Bacteria;p__Proteobacteria;c__Alphaproteobacteria	0.8749666021043729
5ca20a7f925a4a3d43133e358b1493b3	d__Bacteria;p__Proteobacteria;c__Gammaproteobacteria;o__Pseudomonadales;f__Pseudomonadaceae;g__Pseudomonas;s__	0.989697684620721
f199f4ddb918acb4995ed77f17eabcff	d__Bacteria;p__FCPU426;c__FCPU426;o__FCPU426;f__FCPU426;g__FCPU426;s__	0.9367733378835553
0e35a1eec3926383afdfd82a94bf5547	d__Bacteria;p__Acidobacteriota;c__Blastocatellia;o__Pyrinomonadales;f__Pyrinomonadaceae;g__RB41;s__	0.9996367604133809
41da71267879ac7a0697d55a04f9f9a6	d__Bacteria;p__Bacteroidota;c__Kapabacteria;o__Kapabacteriales;f__Kapabacteriales;g__Kapabacteriales;s__	0.7869929586057142
15738a52f6ff37ec0709050c62cdd6be	d__Bacteria;p__Planctomycetota;c__vadinHA49;o__vadinHA49;f__vadinHA49;g__vadinHA49;s__	0.973126709862564
72729a934270c82b1e8362a42379c573	d__Bacteria;p__Acidobacteriota;c__Holophagae;o__Subgroup_7;f__Subgroup_7;g__Subgroup_7;s__	0.9953242109589762
44b2c9f7bf25d3104757d1fa1ce82dbb	d__Bacteria;p__Bacteroidota;c__Bacteroidia;o__Chitinophagales;f__Chitinophagaceae;g__uncultured;s__	0.9692432588300632
1e1e5f4c76d1c89ef8ef4d8cfab58bfd	d__Bacteria	0.9999249232010594
376e47b39804b886a753b56456085f1d	d__Bacteria	0.9996230889901966
78a6209c3681bd4872765ff11c51984a	d__Bacteria;p__Chloroflexi;c__Ktedonobacteria;o__Ktedonobacterales;f__Ktedonobacteraceae;g__JG30a-KF-32;s__	0.9677478514304279
0e978656c8586b0a96f22cd75187cb3a	d__Bacteria;p__Proteobacteria;c__Gammaproteobacteria;o__Burkholderiales;f__A21b;g__A21b;s__	0.9732312306578965
bbfaab30578387c2ff3f729f106ce55a	d__Bacteria	0.999962978904416
9f736143d79bb80e47bc7bc55983e7f3	d__Bacteria;p__Patescibacteria;c__Parcubacteria;o__Candidatus_Nomurabacteria;f__Candidatus_Nomurabacteria;g__Candidatus_Nomurabacteria;s__	0.8019685849585156
e781c4c1065c3beb8248bdb98c77ffa8	d__Bacteria;p__Patescibacteria;c__Parcubacteria;o__Parcubacteria;f__Parcubacteria;g__Parcubacteria;s__	0.753659608185235
79c44b87c8b22937d3d4c7c0072f5fa2	d__Bacteria;p__Verrucomicrobiota;c__Verrucomicrobiae;o__Chthoniobacterales;f__Chthoniobacteraceae;g__Candidatus_Udaeobacter;s__	0.9862754143072066
d489950db8a11fe38c24c745476e3caa	d__Bacteria;p__Chloroflexi;c__Chloroflexia;o__Thermomicrobiales;f__JG30-KF-CM45;g__JG30-KF-CM45;s__	0.9999824392215305
5768baad618f88d130e510ec8a390888	d__Bacteria;p__Planctomycetota;c__Planctomycetes;o__Gemmatales;f__Gemmataceae;g__uncultured;s__	0.9993448315908079
410c8e7f579c86e4dddbb87c12beed77	d__Bacteria;p__Patescibacteria;c__Gracilibacteria;o__Candidatus_Peribacteria;f__Candidatus_Peribacteria;g__Candidatus_Peribacteria;s__	0.8818406147920407
3ea161cfdddf9b66d584b34451fc7c4a	d__Bacteria	0.9999316525177919
51abcad49e63644439f8a7eb57861d51	d__Bacteria;p__Patescibacteria;c__Microgenomatia	0.740654113971195
b69c52e0cbbcfc00bb258cc1f1b4ee1d	d__Bacteria;p__Proteobacteria;c__Gammaproteobacteria;o__Diplorickettsiales;f__Diplorickettsiaceae;g__uncultured;s__	0.9595024224056528
a062c2b509c4c339c5cb599a4bb0ab58	d__Bacteria;p__Cyanobacteria;c__Vampirivibrionia;o__Obscuribacterales;f__Obscuribacteraceae;g__Obscuribacteraceae;s__	0.976384285467867
93f9fa670b5d23e4223b50bc25d7b216	d__Bacteria;p__Bacteroidota;c__Kapabacteria;o__Kapabacteriales;f__Kapabacteriales;g__Kapabacteriales;s__	0.9824825684233076
fc05e1e3bac59e56846d335a6f2fc480	d__Bacteria;p__Proteobacteria;c__Gammaproteobacteria;o__Burkholderiales;f__Nitrosomonadaceae;g__Ellin6067;s__	0.8196409490717148
87db0d7ee818890d325786807f5986a0	d__Bacteria;p__Patescibacteria;c__Microgenomatia;o__Candidatus_Levybacteria;f__Candidatus_Levybacteria;g__Candidatus_Levybacteria;s__	0.9996733518514346
2e99f44941b330070bea7b81d86daa38	d__Bacteria;p__Bacteroidota;c__Bacteroidia;o__Chitinophagales;f__Chitinophagaceae;g__uncultured;s__	0.9498098965605336
5239ce2f8d4b43490b1c278c6694d6ce	d__Bacteria;p__Patescibacteria;c__Saccharimonadia;o__Saccharimonadales;f__Saccharimonadales;g__Saccharimonadales;s__	0.9274918311003477
930bad20a11693a5403cf300a3a77f83	d__Bacteria;p__Bacteroidota;c__Bacteroidia;o__Chitinophagales;f__Chitinophagaceae;g__uncultured;s__	0.924442082924765
b58287b01a2f0367fcd0302079eb52f5	d__Bacteria;p__Patescibacteria;c__Berkelbacteria;o__Berkelbacteria;f__Berkelbacteria;g__Berkelbacteria;s__	0.9896979483297845
de3ca93f283603879f9b5279bbb46409	d__Bacteria	0.9995225913533058
4dcb2d9dc991ab262f39e6a514ce6e97	d__Bacteria;p__Proteobacteria;c__Gammaproteobacteria;o__JG36-TzT-191;f__JG36-TzT-191;g__JG36-TzT-191;s__	0.9981777641144163
3929a5cd06f8caef1efa566daaa73d7a	d__Bacteria;p__Proteobacteria;c__Gammaproteobacteria;o__Burkholderiales;f__Comamonadaceae	0.9923295611766355
5fe0b2af682b213a037b0ae828c0a32f	d__Bacteria;p__Proteobacteria;c__Alphaproteobacteria;o__Rhodospirillales;f__uncultured;g__uncultured;s__	0.8705680571778682
6af1566a691607de04f0a6ee46265a01	d__Bacteria;p__Proteobacteria;c__Gammaproteobacteria	0.9998856968949703
a06882b796155e74f2bea92b222231f3	d__Bacteria;p__Planctomycetota;c__Planctomycetes;o__Gemmatales;f__Gemmataceae;g__uncultured;s__	0.9714174380052789
b2cae02ef6cc43e115994fa83cb6c2c9	d__Bacteria	0.9998328841150632
15910956120bbc9fb80c50ed9272b2ce	d__Bacteria;p__Proteobacteria;c__Gammaproteobacteria;o__Burkholderiales;f__A21b;g__A21b;s__	0.9815111659879362
482dbd523307da4955dc9095603bd647	d__Bacteria;p__Chloroflexi;c__Ktedonobacteria;o__Ktedonobacterales;f__Ktedonobacteraceae;g__JG30a-KF-32;s__	0.8687726677190911
0a865113c464056286509673177f261a	d__Bacteria	0.9979674847283307
73e466f58890fa9016daf513a8a06aef	d__Bacteria	0.9999570928097641
29f02d0c99e2e14fcdcffe447c3af9cb	d__Bacteria;p__Bacteroidota;c__Kapabacteria;o__Kapabacteriales;f__Kapabacteriales;g__Kapabacteriales;s__	0.9050624438041873
32c90865d4fe68335bee5b5d4b4094d8	d__Bacteria;p__Proteobacteria;c__Alphaproteobacteria;o__Caulobacterales;f__Caulobacteraceae;g__Asticcacaulis;s__	0.9959100658920425
e63dfe7fdec0e19b5508e06ed54c306b	d__Bacteria;p__Chloroflexi;c__AD3;o__AD3;f__AD3;g__AD3;s__	0.9879593777850522
271b6f3346dd5d636c363432a836cb18	d__Bacteria;p__Bacteroidota;c__Bacteroidia	0.9081380430052137
e410d88a46636f3b2ee67ea59159e124	d__Bacteria;p__Verrucomicrobiota;c__Chlamydiae;o__Chlamydiales;f__Parachlamydiaceae	0.8420097157225765
60d17d5274f62456abdb06a1c601d80c	d__Bacteria;p__Chloroflexi;c__Ktedonobacteria;o__Ktedonobacterales;f__Ktedonobacteraceae;g__uncultured;s__	0.7909840855152469
3b67d082fa46dbd58b15fcc618e1a3a4	d__Bacteria;p__Actinobacteriota;c__Actinobacteria	0.9341529936309158
26d4808db533c53c4fe3bffa548469a0	d__Bacteria;p__Proteobacteria;c__Gammaproteobacteria;o__Burkholderiales;f__Comamonadaceae	0.9910810099780523
9225fb36635f87bc1ecb83469ee5e823	d__Bacteria;p__Patescibacteria;c__Saccharimonadia;o__Saccharimonadales;f__Saccharimonadaceae;g__TM7a;s__	0.9757678626183303
3d7a2cefaea1c7033b613602c525bbe5	d__Bacteria;p__Bdellovibrionota;c__Bdellovibrionia;o__Bdellovibrionales;f__Bdellovibrionaceae;g__Bdellovibrio;s__	0.999587206721277
8e1e9d3178eb811f3e2b45e25c4b3cf1	d__Bacteria;p__Bacteroidota;c__Bacteroidia;o__Sphingobacteriales;f__env.OPS_17;g__env.OPS_17;s__	0.9248964210722963
231ec99098bc6c60c6aa90c30655c88a	d__Bacteria;p__Acidobacteriota;c__Blastocatellia;o__Blastocatellales;f__Blastocatellaceae;g__Blastocatella;s__	0.9964725544328839
7706341e0974bbd13e729462dd5915f7	d__Bacteria;p__Acidobacteriota;c__Holophagae;o__Subgroup_7;f__Subgroup_7;g__Subgroup_7;s__	0.9999973830577027
a6ea60fde43c5a03a843ccbc39f388d7	d__Bacteria;p__Patescibacteria;c__Parcubacteria;o__Candidatus_Nomurabacteria;f__Candidatus_Nomurabacteria;g__Candidatus_Nomurabacteria;s__	0.9561985993408654
9f6c3d93b1bffe4077601e232b4eb864	d__Bacteria;p__Proteobacteria;c__Gammaproteobacteria;o__Pseudomonadales;f__Pseudomonadaceae;g__Pseudomonas;s__	0.9978027188429285
088ddd684ef0f39989e31d177698b81e	d__Bacteria;p__Firmicutes;c__Desulfitobacteriia;o__Desulfitobacteriales;f__Desulfitobacteriaceae;g__Desulfosporosinus;s__	0.9994804213195472
46a1041215584ff05958163d5060c07f	d__Bacteria;p__Chloroflexi;c__Ktedonobacteria;o__C0119;f__C0119;g__C0119;s__	0.9923631460347806
1756865467f61ededc78667c141de6d9	d__Bacteria;p__Chloroflexi;c__Ktedonobacteria;o__Ktedonobacterales;f__Ktedonobacteraceae;g__JG30a-KF-32;s__	0.9748540211888528
d073a9cf71040b63e703886ead4c2401	d__Bacteria;p__Actinobacteriota;c__Actinobacteria;o__Propionibacteriales;f__Nocardioidaceae;g__Nocardioides;s__	0.9989233451100415
bedbf4129d9b0582525eb49c0a3e2516	d__Bacteria;p__Bacteroidota;c__Bacteroidia;o__Chitinophagales;f__Saprospiraceae;g__uncultured;s__	0.7364629994218638
5ec4d2f39b399dd5be52b375754316db	d__Bacteria;p__Patescibacteria;c__Parcubacteria	0.9980980886338197
8bf8fdf162c8a00187614da7704e0d73	d__Bacteria;p__Patescibacteria;c__Microgenomatia;o__Candidatus_Woesebacteria;f__Candidatus_Woesebacteria;g__Candidatus_Woesebacteria;s__	0.9355839745482739
bd43c009437bfbf7bf7439ccdfee3bab	d__Bacteria;p__Planctomycetota;c__Phycisphaerae;o__Tepidisphaerales;f__WD2101_soil_group;g__WD2101_soil_group;s__	0.9846187852577408
94cdbf1a382120e630c6551ad58c2322	d__Bacteria	0.9964724050575138
e77e560bacbd8d250ba335b66533b3f2	d__Bacteria	0.9998981788695792
448d0ddcd5e55025d617fae16ee24d46	d__Bacteria;p__Proteobacteria;c__Alphaproteobacteria;o__Rhizobiales;f__Xanthobacteraceae	0.8875660687699095
5e1e66e8f7cda27747f35f79279de76a	d__Bacteria	0.9999902691593165
9474ade732a99ffd7656bd2469ec8144	d__Bacteria;p__Planctomycetota;c__Planctomycetes;o__Isosphaerales;f__Isosphaeraceae;g__uncultured;s__	0.844160729036362
9630ac8c8290f22fc03f6b01ab089371	d__Bacteria;p__Planctomycetota;c__vadinHA49;o__vadinHA49;f__vadinHA49;g__vadinHA49;s__	0.8018552598579989
534935405ec3f2f59293ee95cb636ead	d__Bacteria;p__Proteobacteria;c__Gammaproteobacteria;o__Salinisphaerales;f__Solimonadaceae;g__Alkanibacter;s__	0.9123442889126535
0a3bae538f516e47594219cda7278f7a	d__Bacteria;p__Cyanobacteria;c__Vampirivibrionia;o__Obscuribacterales;f__Obscuribacteraceae;g__Candidatus_Obscuribacter;s__	0.9728653352722141
9edbf1359129c708a73ef33c5073d354	d__Bacteria;p__Proteobacteria;c__Gammaproteobacteria;o__Burkholderiales;f__TRA3-20;g__TRA3-20;s__	0.9864615712168718
11807240541d976dae7e22cb470fee3b	d__Bacteria;p__Proteobacteria;c__Gammaproteobacteria;o__Burkholderiales;f__SC-I-84;g__SC-I-84;s__	0.9773953865917184
0e1ef7b22ed93898d845f2e1f5ab440c	d__Bacteria;p__Proteobacteria;c__Gammaproteobacteria;o__Xanthomonadales;f__Xanthomonadaceae	0.9572974358261578
473057840320a2d14f34f68ad78687a0	d__Bacteria	0.9998855973590435
75c3b6e78ad7426f021051380e11128c	Unassigned	0.7195312003916687
d2ba210198ca881fd07c7764c4e4009b	d__Bacteria;p__Patescibacteria;c__Parcubacteria;o__Candidatus_Azambacteria;f__Candidatus_Azambacteria;g__Candidatus_Azambacteria;s__	0.8758301095789623
b899c52d26f35302955d9aa118a8ad48	d__Bacteria;p__Patescibacteria;c__Parcubacteria	0.8423766742212417
8923453fded67fc3a54ee100fb4c4d9d	d__Bacteria;p__Verrucomicrobiota;c__Verrucomicrobiae;o__Chthoniobacterales;f__Chthoniobacteraceae;g__Candidatus_Udaeobacter;s__	0.7129809970509929
af8616f23164c33cd71610c3e4648e97	d__Bacteria;p__Planctomycetota;c__Planctomycetes;o__Isosphaerales;f__Isosphaeraceae;g__uncultured;s__	0.9403987129968719
d458875f32503cba1a6e49c2aa9f4dc4	d__Bacteria	0.9999404529876997
c06c281a8e01088c326a83cc1030c306	d__Bacteria;p__Planctomycetota;c__Planctomycetes;o__Pirellulales;f__Pirellulaceae;g__uncultured;s__	0.8122599594158372
0b273c15d023a569a8adf8b8af2ae1df	d__Bacteria;p__Patescibacteria;c__Parcubacteria;o__Candidatus_Nomurabacteria;f__Candidatus_Nomurabacteria;g__Candidatus_Nomurabacteria;s__	0.8271272631912209
9bb931789b846b550e07a84dea79b7d9	d__Bacteria;p__Verrucomicrobiota;c__Verrucomicrobiae;o__Methylacidiphilales;f__Methylacidiphilaceae;g__uncultured;s__	0.9997971935878869
5099a678edc172ccab2b831ea57c5428	d__Bacteria;p__Bacteroidota;c__Bacteroidia	0.9709098824587542
eb738ce686862814fcd5eda85e81c82a	d__Bacteria;p__Acidobacteriota;c__Acidobacteriae;o__Acidobacteriales;f__Acidobacteriaceae_(Subgroup_1);g__uncultured;s__	0.8335110533841557
b61813b7df2cdae6aad9172427d0bcfc	d__Bacteria;p__Proteobacteria;c__Gammaproteobacteria;o__Burkholderiales;f__Oxalobacteraceae;g__Massilia;s__	0.9248054745759338
432733af92141cb9249c5061f3f8c761	d__Bacteria	0.9999402643010651
37060fa00aff3fcb53f2c9b030965729	d__Bacteria;p__Acidobacteriota;c__Acidobacteriae;o__Acidobacteriales;f__uncultured;g__uncultured;s__	0.8286430738655758
7e2fec339acb1acbe211ede6f0337375	d__Bacteria;p__Proteobacteria;c__Alphaproteobacteria;o__Micropepsales;f__Micropepsaceae	0.9940540659986654
b6701b5d2af297b7558b1f5af4c501fe	d__Bacteria;p__Proteobacteria;c__Alphaproteobacteria;o__Caulobacterales;f__Caulobacteraceae	0.7289956029612434
06e3f0df1386ef8d5e5455fb7ffd84ab	d__Bacteria;p__Proteobacteria;c__Gammaproteobacteria;o__Burkholderiales;f__Oxalobacteraceae	0.9752243157178607
4a42b72bbb76f4fdd87f34da0016b202	d__Bacteria;p__Actinobacteriota;c__Acidimicrobiia;o__Microtrichales	0.9410225746533587
35951d2e92d0a88d29bb355055c93a7d	d__Bacteria;p__Proteobacteria;c__Gammaproteobacteria;o__Burkholderiales;f__Oxalobacteraceae	0.9777150185087986
4aff88ea29b1afbb5e6da9ea0e21e1a7	d__Bacteria;p__Chloroflexi;c__KD4-96;o__KD4-96;f__KD4-96;g__KD4-96;s__	0.7923867224926279
4bd6a4ec6c2c42aa0bff8f7f313613a0	d__Bacteria;p__Patescibacteria;c__Parcubacteria;o__Candidatus_Nomurabacteria;f__Candidatus_Nomurabacteria;g__Candidatus_Nomurabacteria;s__	0.9770400873118166
127e8d1535f3d339ef3de8bc1629e736	d__Bacteria;p__Acidobacteriota;c__Acidobacteriae;o__Subgroup_2;f__Subgroup_2;g__Subgroup_2;s__	0.9929120072899129
d6f21a055131885084d59095914b1179	d__Bacteria;p__Planctomycetota;c__Planctomycetes;o__Planctomycetales;f__uncultured;g__uncultured;s__	0.9293845923626225
136ff9e9e9320cf9558e62b0a531d7d1	d__Bacteria;p__Proteobacteria;c__Gammaproteobacteria	0.9414090433826798
f00d9e0a876d1c1d87f8a44cfb72a0fb	d__Bacteria;p__Gemmatimonadota;c__Gemmatimonadetes;o__Gemmatimonadales;f__Gemmatimonadaceae;g__uncultured;s__	0.9857435782987098
45f7c2e99ce171dfcd75ad4caab39279	d__Bacteria;p__Proteobacteria;c__Gammaproteobacteria;o__Burkholderiales;f__Burkholderiaceae	0.740066830083851
17443af1284faa2066545cd60d4724b0	d__Bacteria;p__Chloroflexi;c__Anaerolineae;o__SBR1031;f__SBR1031;g__SBR1031;s__	0.7175666150702098
c940a2d2fb45b1fec37ca2af4712dd42	d__Bacteria;p__Proteobacteria;c__Gammaproteobacteria;o__Burkholderiales;f__Nitrosomonadaceae;g__Ellin6067;s__	0.9244535734952658
c660c976d5f30e9346228bc4e28bee50	d__Bacteria;p__Proteobacteria;c__Gammaproteobacteria;o__Steroidobacterales;f__Steroidobacteraceae	0.9999471440529003
29eef0c54867e36187af4bad1e177cff	d__Bacteria;p__Planctomycetota;c__Planctomycetes	0.9945968143597682
1a861799ea70fa7f686767553222be5d	d__Bacteria;p__Planctomycetota;c__Phycisphaerae;o__Tepidisphaerales;f__WD2101_soil_group;g__WD2101_soil_group;s__	0.9995868567639726
907fc2534ec02451a08c11ac3028aa11	d__Bacteria;p__Acidobacteriota;c__Acidobacteriae;o__Bryobacterales;f__Bryobacteraceae;g__Bryobacter;s__	0.9954879881531359
b3a895539fbac465d81cf8e8aeb3e057	d__Bacteria;p__Chloroflexi;c__Ktedonobacteria;o__Ktedonobacterales;f__Ktedonobacteraceae	0.9988408862268432
661cc0f2d6f058161f98481eb9b35cbc	d__Bacteria;p__Chloroflexi;c__Ktedonobacteria;o__Ktedonobacterales;f__Ktedonobacteraceae;g__JG30a-KF-32;s__	0.9847348050751956
8ab02757661ce60af6f73c36a347f4b8	d__Bacteria;p__Bacteroidota;c__Bacteroidia;o__Chitinophagales;f__Chitinophagaceae;g__uncultured;s__	0.8051796872857679
798ff844cbfabc9c88cb34a93ed44997	d__Bacteria;p__Proteobacteria;c__Alphaproteobacteria;o__Acetobacterales;f__Acetobacteraceae	0.99986770750856
9f738c71ef6af9f8a1dfa66d717f1a27	d__Bacteria;p__Acidobacteriota;c__Acidobacteriae;o__Acidobacteriales;f__uncultured;g__uncultured;s__	0.9762435151250772
2c1a97ea7ed993738ab8c92d957d82ee	d__Bacteria;p__Proteobacteria;c__Gammaproteobacteria;o__Burkholderiales;f__Comamonadaceae	0.9997515845488663
3bd54533139daca3dfb847538184d013	d__Bacteria;p__Proteobacteria;c__Alphaproteobacteria	0.8682513887888155
bcb7b8a3dfa1231c70051583222cfadf	d__Bacteria;p__Proteobacteria;c__Gammaproteobacteria;o__Pseudomonadales;f__Pseudomonadaceae;g__Pseudomonas;s__	0.977718723856851
c5fb27daa2ca1acc3d19d74d115ad902	d__Bacteria;p__Proteobacteria;c__Alphaproteobacteria	0.8583669002595835
f4b1270e71e1370df20ff0a98fd3f939	d__Bacteria;p__Patescibacteria;c__Saccharimonadia;o__Saccharimonadales;f__WWH38;g__WWH38;s__	0.9730782872582956
19433d9c94e0d805325688d9a741212d	d__Bacteria;p__Proteobacteria;c__Gammaproteobacteria;o__Burkholderiales;f__A21b;g__A21b;s__	0.7253070042795152
f6232c141c9c93be07c60fb4a376123f	d__Bacteria;p__Proteobacteria;c__Alphaproteobacteria;o__Rhizobiales;f__Xanthobacteraceae;g__Bradyrhizobium;s__	0.8041779765216525
fa2c0a30916475462443d817dd44a076	d__Bacteria;p__Proteobacteria;c__Gammaproteobacteria;o__Gammaproteobacteria_Incertae_Sedis;f__Unknown_Family;g__Unknown_Family;s__	0.9519002134629001
4e5715026c00490c1a6decb722fe67e4	d__Bacteria;p__Cyanobacteria;c__Vampirivibrionia;o__Obscuribacterales;f__Obscuribacteraceae;g__Obscuribacteraceae;s__	0.98180391655982
f3cb4a151ba8a33628232cbdbaa667e9	d__Bacteria;p__Patescibacteria	0.7133553475784488
d72fbd5fc3544856ef1fa689568819dc	d__Bacteria;p__Chloroflexi;c__Ktedonobacteria;o__Ktedonobacterales;f__Ktedonobacteraceae;g__JG30a-KF-32;s__	0.996425018002405
71b3a230fc5953528e96cc9cfc0d5852	d__Bacteria;p__Verrucomicrobiota;c__Verrucomicrobiae;o__Methylacidiphilales;f__Methylacidiphilaceae;g__uncultured;s__	0.975489976665646
ff4fe0e96148d35ae8595e6f321bfc69	d__Bacteria;p__Proteobacteria;c__Alphaproteobacteria;o__Rhodospirillales;f__uncultured;g__uncultured;s__	0.7720345356813899
47e6e36c0b2df437d1f8c1df1153c3a6	d__Bacteria;p__Bacteroidota;c__Bacteroidia;o__Chitinophagales;f__Chitinophagaceae;g__uncultured;s__	0.8246411658446335
ca93d6370fd66b6566df0c6462231a8e	d__Bacteria;p__Patescibacteria;c__Berkelbacteria;o__Berkelbacteria;f__Berkelbacteria;g__Berkelbacteria;s__	0.9884251036483643
d955063e97b4c7e79d92832ecb2c7a62	d__Bacteria;p__Chloroflexi;c__TK10;o__TK10;f__TK10;g__TK10;s__	0.9779036388817844
d1bf541d3b7c5b76037eb73791d8bfb0	Unassigned	0.3849280709160535
4ff0254cfef42199c5854034bd5dc788	d__Bacteria;p__Acidobacteriota;c__Acidobacteriae;o__Bryobacterales;f__Bryobacteraceae;g__Bryobacter;s__	0.745402850929888
6441d0597cf8f3fef846db5a96a110c8	d__Bacteria;p__Myxococcota;c__Polyangia;o__Haliangiales;f__Haliangiaceae;g__Haliangium;s__	0.8451271551516844
cafff2427913fb2df327412478275a89	d__Bacteria;p__Bacteroidota;c__Bacteroidia;o__Sphingobacteriales;f__Sphingobacteriaceae	0.9775976656236494
deaad25743c1fc82c948f8749fc705c3	d__Bacteria;p__Proteobacteria;c__Alphaproteobacteria;o__Rhizobiales;f__Xanthobacteraceae	0.7762288135643192
88eb13877e12a84f39e2025dbe791356	d__Bacteria;p__Bacteroidota;c__Bacteroidia;o__Chitinophagales;f__Chitinophagaceae;g__uncultured;s__	0.9275747970958327
d9b5e563b3c3461d9a099be22d7303c7	d__Bacteria;p__Proteobacteria;c__Alphaproteobacteria	0.7980385149713196
f722007304b8a70600405dcebb1aa835	d__Bacteria;p__Patescibacteria;c__Parcubacteria;o__Candidatus_Nomurabacteria;f__Candidatus_Nomurabacteria;g__Candidatus_Nomurabacteria;s__	0.9269954819603166
29d20e1fc2c2d78c05d6e1ac854a47b7	d__Bacteria;p__FCPU426;c__FCPU426;o__FCPU426;f__FCPU426;g__FCPU426;s__	0.9640209438655869
c4cb0b97deff08dd9233fd620e7c77fc	d__Bacteria;p__Patescibacteria;c__Parcubacteria;o__Candidatus_Nomurabacteria;f__Candidatus_Nomurabacteria;g__Candidatus_Nomurabacteria;s__	0.9977267351798189
df7bdf06e9a90bb83d92653aee485041	d__Bacteria;p__Acidobacteriota;c__Acidobacteriae;o__Solibacterales;f__Solibacteraceae;g__Candidatus_Solibacter;s__	0.7618329076207684
0ee45ad0979006d2079b04c0a7d5e443	d__Bacteria;p__Acidobacteriota;c__Acidobacteriae;o__Bryobacterales;f__Bryobacteraceae;g__Bryobacter;s__	0.8730934340637546
68537bf8ca54c596ec9df9e386cc7940	d__Bacteria;p__Chloroflexi;c__Ktedonobacteria;o__Ktedonobacterales;f__Ktedonobacteraceae	0.9707890242197683
8a5227ac2eb21562864b4c527ae3a821	d__Bacteria;p__Chloroflexi;c__KD4-96;o__KD4-96;f__KD4-96;g__KD4-96;s__	0.9985492311020965
4205cabc7a54c8f7f10333e41e425f7e	d__Bacteria;p__Verrucomicrobiota;c__Verrucomicrobiae;o__Chthoniobacterales;f__Chthoniobacteraceae;g__Candidatus_Udaeobacter;s__	0.8647871343886899
904a6c140974bbb27c1a356105aa815f	d__Bacteria;p__Acidobacteriota;c__Blastocatellia;o__Blastocatellales;f__Blastocatellaceae;g__Blastocatella;s__	0.9139749685519944
c9d4763fc1741220cebede34cb9f897a	d__Bacteria;p__Acidobacteriota;c__Acidobacteriae;o__Bryobacterales;f__Bryobacteraceae;g__Bryobacter;s__	0.7988662500662551
54527ce3f8bce4646cdd2689aac0240a	d__Bacteria;p__Proteobacteria;c__Gammaproteobacteria;o__Burkholderiales	0.7867232446879215
23e8ea743443dcc074d6e313d3963e3e	d__Bacteria;p__Planctomycetota;c__Phycisphaerae;o__Tepidisphaerales;f__WD2101_soil_group;g__WD2101_soil_group;s__	0.9224032940546332
737061251b6cf7d78950a69e1076bb9b	d__Bacteria;p__Patescibacteria;c__Microgenomatia;o__Candidatus_Levybacteria;f__Candidatus_Levybacteria;g__Candidatus_Levybacteria;s__	0.9999562284203237
0ada39e4387a7d96746a6819d06568a0	d__Bacteria;p__Planctomycetota;c__Planctomycetes;o__Pirellulales;f__Pirellulaceae;g__uncultured;s__	0.8809708374134638
84fcb656e72b0c967f0ff5e524fc04c6	d__Bacteria;p__Chloroflexi;c__Ktedonobacteria;o__Ktedonobacterales;f__Ktedonobacteraceae;g__JG30a-KF-32;s__	0.9981081432731019
b643c2cb8c7ba294da6037df74acbf8f	d__Bacteria;p__Planctomycetota;c__Planctomycetes;o__Planctomycetales;f__uncultured;g__uncultured;s__	0.9925939500309905
710b81467ab22cce7815d7670a974655	d__Bacteria;p__Bacteroidota;c__Bacteroidia;o__Chitinophagales;f__37-13;g__37-13;s__	0.9888185966530848
b39e39b800f6f837050d8c797cb70c42	d__Bacteria;p__Verrucomicrobiota;c__Verrucomicrobiae;o__Chthoniobacterales;f__Chthoniobacteraceae;g__Candidatus_Udaeobacter;s__	0.9965633796949767
68e736393a3c4a5c6cbcffe2d29e65db	d__Bacteria;p__Acidobacteriota;c__Acidobacteriae;o__Acidobacteriales	0.9985958708800263
56a5db18349bf1bb25efa6ac6a2f864f	d__Bacteria;p__Proteobacteria;c__Gammaproteobacteria	0.9966801234677293
ce723a9bf0e7226f22ab883427dc98bb	d__Bacteria;p__Gemmatimonadota;c__Gemmatimonadetes;o__Gemmatimonadales;f__Gemmatimonadaceae;g__uncultured;s__	0.9339085939489138
407393ac76b653befb7ec8fd6146a134	d__Bacteria;p__Proteobacteria;c__Gammaproteobacteria	0.9967461285291784
c7cddd94b9d9bf5ba1ea44ec005a21f1	d__Bacteria;p__Actinobacteriota;c__Thermoleophilia;o__Gaiellales;f__uncultured;g__uncultured;s__	0.9962034028273624
737d4b1263526917416496e620e7f62e	d__Bacteria;p__Actinobacteriota;c__Thermoleophilia;o__Gaiellales;f__uncultured;g__uncultured;s__	0.9967620724800235
a12f7e36497f748509253762eb8ab7f5	d__Bacteria;p__Proteobacteria;c__Alphaproteobacteria	0.9956496021444153
758133ee8536ba0665d141d5261e914b	d__Bacteria;p__Patescibacteria;c__Parcubacteria	0.9046425398001088
76b7ac5dd9ef7c43b9d8cf6e739fda59	d__Bacteria;p__Acidobacteriota;c__Blastocatellia;o__Blastocatellales;f__Blastocatellaceae	0.9999627333295156
06764bcd9520af02fafe4968fade9b9b	d__Bacteria;p__Proteobacteria;c__Gammaproteobacteria;o__Burkholderiales;f__Oxalobacteraceae	0.9718933060146805
38d50562fa1b231f8ae9128c80085564	d__Bacteria;p__Chloroflexi;c__Ktedonobacteria;o__C0119;f__C0119;g__C0119;s__	0.9951899403939288
47d4c2d5395672efd42574491d090ed6	d__Bacteria;p__Acidobacteriota;c__Acidobacteriae;o__Subgroup_2;f__Subgroup_2;g__Subgroup_2;s__	0.9996759591827471
af800e0d0ddb761dcaa40c702e868bc7	d__Bacteria;p__Myxococcota;c__Polyangia;o__mle1-27;f__mle1-27;g__mle1-27;s__	0.9998617365117232
b71f988944f443c81e45932cea8cb8d3	d__Bacteria;p__Actinobacteriota;c__Acidimicrobiia;o__IMCC26256;f__IMCC26256;g__IMCC26256;s__	0.9989150992100047
06374cb3e21cd6254f2331c1e4c8e5f5	d__Bacteria	0.9999325594994422
cf3882d0b2fc2dd944ca2dae4e1b59f9	d__Bacteria;p__Actinobacteriota;c__Actinobacteria;o__Corynebacteriales;f__Nocardiaceae;g__Nocardia;s__	0.9966563625234659
5896e0a3d1bf672d41fdf6285c8c33f0	d__Bacteria;p__Chloroflexi;c__Chloroflexia;o__Kallotenuales;f__AKIW781;g__AKIW781;s__	0.771253895765883
3feba1e25a86dd3c8299c9170ea0416c	d__Bacteria;p__Patescibacteria;c__Saccharimonadia;o__Saccharimonadales;f__Saccharimonadales;g__Saccharimonadales;s__	0.9131719190861548
fe078673c424c0a4f0cf9db9134badde	d__Bacteria;p__Planctomycetota;c__Phycisphaerae;o__Tepidisphaerales;f__WD2101_soil_group;g__WD2101_soil_group;s__	0.9988098615746736
99df7fc2052aa863e70a72a2b3d79a2f	d__Bacteria	0.999978637944581
f244814ec35726909553c1d29f35d4a8	d__Bacteria;p__Armatimonadota;c__Fimbriimonadia;o__Fimbriimonadales;f__Fimbriimonadaceae;g__Fimbriimonadaceae;s__	0.996787805863135
d0ce7179dd7d235724053d96937eef9f	d__Bacteria;p__Verrucomicrobiota;c__Verrucomicrobiae;o__Pedosphaerales;f__Pedosphaeraceae;g__Pedosphaeraceae;s__	0.9775530736962459
76c3816f53642bae9537df3b2f1a5798	d__Bacteria	0.9998369094353561
8f006c9ff18c8d8f84ae89f0de237460	d__Bacteria;p__Acidobacteriota;c__Acidobacteriae;o__Acidobacteriales;f__uncultured;g__uncultured;s__	0.7891370496424311
1d10da350e7f91ea92f8cb54964e1c61	d__Bacteria;p__Bacteroidota;c__Bacteroidia;o__Chitinophagales;f__Chitinophagaceae;g__uncultured;s__	0.9647726933409491
ce2a8cd259c8cf8ae0ff1e0c47f559df	d__Bacteria	0.9984458343137741
03dfd77bf799568229892104ab18eaf9	d__Bacteria;p__Proteobacteria;c__Gammaproteobacteria;o__Burkholderiales;f__Nitrosomonadaceae;g__Ellin6067;s__	0.9994720401953983
00bbed84d91a6577f62f4d1b6e29cd8d	d__Bacteria;p__Patescibacteria;c__Parcubacteria;o__Candidatus_Kaiserbacteria;f__Candidatus_Kaiserbacteria;g__Candidatus_Kaiserbacteria;s__	0.8528029594130754
7d1924d54b94950582a1fbdde6891897	d__Bacteria;p__Chloroflexi;c__TK10;o__TK10;f__TK10;g__TK10;s__	0.9967173243558087
9cd92457171dc4ffc22248a6bc99ddf5	d__Bacteria;p__Bacteroidota;c__Bacteroidia;o__Chitinophagales;f__Chitinophagaceae;g__uncultured;s__	0.9613436091791588
2d894440d809360019d56cf5803d5fc3	d__Bacteria;p__Proteobacteria;c__Gammaproteobacteria;o__Burkholderiales;f__Oxalobacteraceae	0.7050833941298826
011ec65d57a6c6854d4394ebefb40290	d__Bacteria;p__Planctomycetota;c__Planctomycetes;o__Gemmatales;f__Gemmataceae	0.9997003722429785
ccc418c9e5684bd1c4f38a0e335ed7c2	d__Bacteria;p__Bdellovibrionota;c__Oligoflexia;o__0319-6G20;f__0319-6G20;g__0319-6G20;s__	0.9996291786457875
5069a27b1925303e74a336586bc90ccb	d__Bacteria;p__Acidobacteriota;c__Thermoanaerobaculia;o__Thermoanaerobaculales;f__Thermoanaerobaculaceae;g__Subgroup_10;s__	0.9943073277583461
c531b30821e45b1d7bae4f09c81e6ebc	d__Bacteria;p__Patescibacteria;c__Saccharimonadia;o__Saccharimonadales;f__WWH38;g__WWH38;s__	0.9649626774410346
9382aa1fea99c605475c93237a940612	d__Bacteria;p__Bacteroidota;c__Bacteroidia;o__Chitinophagales;f__Chitinophagaceae;g__uncultured;s__	0.8034946856780145
d34c86f60870126c0a5e1d971a44fa99	d__Bacteria;p__Patescibacteria;c__Saccharimonadia;o__Saccharimonadales	0.9967138063001848
7b4c0661b6ae4991ee722b1828b75b03	d__Bacteria;p__Verrucomicrobiota;c__Chlamydiae;o__Chlamydiales;f__Parachlamydiaceae;g__Neochlamydia;s__	0.7316646627533615
0ce504c5157e7b0b5bad5437d477579d	d__Bacteria;p__Bdellovibrionota;c__Bdellovibrionia;o__Bdellovibrionales;f__Bdellovibrionaceae;g__Bdellovibrio;s__	0.9999859061116895
fa2b9d1f5a642b13db85e497601cc8e4	d__Bacteria;p__Patescibacteria;c__Parcubacteria;o__Candidatus_Kaiserbacteria;f__Candidatus_Kaiserbacteria;g__Candidatus_Kaiserbacteria;s__	0.9994444274937111
ad9885b0c8e11a79a2ad9f684e305454	d__Bacteria;p__Verrucomicrobiota;c__Verrucomicrobiae;o__Chthoniobacterales;f__Chthoniobacteraceae;g__Candidatus_Udaeobacter;s__	0.9997275222435126
f9277d33c9217441cac63ac35457a8d0	d__Bacteria;p__Chloroflexi;c__Anaerolineae	0.952325884297831
0ed04b847ee1a37d2f23c153e8e2e093	d__Bacteria;p__Chloroflexi;c__Ktedonobacteria;o__Ktedonobacterales;f__Ktedonobacteraceae;g__JG30a-KF-32;s__	0.8246073954822049
9e78252100608eb40c2657cdd8f7198c	d__Bacteria;p__Armatimonadota;c__Chthonomonadetes;o__Chthonomonadales;f__Chthonomonadaceae;g__Chthonomonas;s__	0.9999692499367803
5f3dca94d7c05c7a70370c80a1cbf586	d__Bacteria;p__Proteobacteria;c__Gammaproteobacteria;o__Xanthomonadales;f__Xanthomonadaceae	0.9929231386772636
c783d45ad7af38f72512317456b08a64	d__Bacteria;p__Bacteroidota;c__Bacteroidia;o__Chitinophagales;f__uncultured;g__uncultured;s__	0.9295322651987781
6de9ffbca6cbeaddd1087073fe73eba0	d__Bacteria;p__Patescibacteria;c__Parcubacteria	0.976847515576461
4ca91483065fc853838995717a27de36	d__Bacteria	0.9999455799861546
9423cf1cb01ceaa6aa9816015a81b1fb	d__Bacteria;p__Bacteroidota;c__Bacteroidia;o__Cytophagales;f__Microscillaceae;g__uncultured;s__	0.956586865083861
5ccd51f2a37bb06be2cb815397ef7c7c	d__Bacteria;p__Proteobacteria;c__Gammaproteobacteria;o__Diplorickettsiales;f__Diplorickettsiaceae;g__uncultured;s__	0.9729489270618812
db736bde0cef8ad68b021631af19b325	d__Bacteria;p__Verrucomicrobiota;c__Chlamydiae;o__Chlamydiales;f__Parachlamydiaceae;g__Neochlamydia;s__	0.9938797273121603
b1cda182b1f2cb297ab9e9270e5c8d68	d__Bacteria;p__Acidobacteriota;c__Acidobacteriae;o__Solibacterales;f__Solibacteraceae;g__Candidatus_Solibacter;s__	0.9917238276862846
7a6bfa5bf463b12c3c3bc913bc9b763d	d__Bacteria;p__Chloroflexi;c__AD3;o__AD3;f__AD3;g__AD3;s__	0.9330214038815202
f8c71ae08ca87327e74e7f59da12c817	d__Bacteria	0.9998770103434463
2483cb0ede3f85e9626c4a3d54b61c68	d__Bacteria;p__Chloroflexi;c__KD4-96;o__KD4-96;f__KD4-96;g__KD4-96;s__	0.9098662990012011
4eb2ea74c1332027be018f0b7a07626d	d__Bacteria	0.9999738728092116
af7e2603a88801327cad27155efa470f	d__Bacteria;p__Proteobacteria;c__Alphaproteobacteria;o__Rhizobiales	0.713078320070913
f426fba7f57bbb872f32f8d60f84c57a	d__Bacteria;p__Acidobacteriota;c__Acidobacteriae;o__Subgroup_2;f__Subgroup_2;g__Subgroup_2;s__	0.9998928035405947
3304a1d440b2ca5a6dc488d6dcabf460	d__Bacteria	0.9999780830417615
1c8547a55389a5df2f5dd128af90fbee	d__Bacteria	0.9999506616627731
2546504a56bd7c60805d642453581264	d__Bacteria;p__Proteobacteria;c__Gammaproteobacteria;o__Diplorickettsiales;f__Diplorickettsiaceae;g__uncultured;s__	0.8950767857468871
3ba9be32b3cd56e0f4f5c91e31ca78f2	d__Bacteria	0.9997996046899533
09aff6a04e5c13fd90225045c7e7e1d5	d__Bacteria;p__Planctomycetota;c__Planctomycetes;o__Gemmatales;f__Gemmataceae	0.7499441572392278
087264584b6a845b6c650ff7f0b2fa7e	d__Bacteria;p__Planctomycetota;c__Planctomycetes;o__Planctomycetales;f__uncultured;g__uncultured;s__	0.9983230135393484
25b62cf1e930bfd378b12a3a7398cd14	d__Bacteria;p__Armatimonadota;c__Fimbriimonadia;o__Fimbriimonadales;f__Fimbriimonadales;g__Fimbriimonadales;s__	0.9782542034995627
e68c86ee3f4141d4f70e617a5b55ef09	d__Bacteria	0.9999913840536021
f6558f34496a16de43f7b79e6da6d01a	d__Bacteria;p__Chloroflexi;c__JG30-KF-CM66;o__JG30-KF-CM66;f__JG30-KF-CM66;g__JG30-KF-CM66;s__	0.9074940722247066
ad0edbd24a7519b6b5c36316cdf8c92d	d__Bacteria;p__Bacteroidota;c__Bacteroidia;o__Chitinophagales;f__Chitinophagaceae;g__uncultured;s__	0.9025450018672031
dd983ff521a14cce99ba3e478b5c976b	d__Bacteria;p__Proteobacteria;c__Alphaproteobacteria	0.8649815695760736
aaeba4ab4c1efd841bae4181287841a2	d__Bacteria;p__Acidobacteriota;c__Blastocatellia;o__Blastocatellales;f__Blastocatellaceae;g__JGI_0001001-H03;s__	0.9346534886747263
fa01b0086facbc11ed32fc08c8836ec9	d__Bacteria;p__Gemmatimonadota;c__Gemmatimonadetes;o__Gemmatimonadales;f__Gemmatimonadaceae;g__uncultured;s__	0.7180734188567381
fa03373b80812640a269600885ca87c2	d__Bacteria;p__Patescibacteria;c__Parcubacteria;o__Candidatus_Nomurabacteria;f__Candidatus_Nomurabacteria;g__Candidatus_Nomurabacteria;s__	0.8234166968063099
1ace92b1339ba5fc7b6b490ce7643a8c	d__Bacteria;p__Bacteroidota;c__Bacteroidia;o__Chitinophagales;f__Chitinophagaceae;g__uncultured;s__	0.8001649294707079
e13d98464eaa6da5e6e29c295a148cdd	d__Bacteria;p__Acidobacteriota;c__Acidobacteriae;o__Acidobacteriales	0.7810527886864645
51450dd6ea836372a8ff923b542d6e81	d__Bacteria;p__Chloroflexi;c__Ktedonobacteria;o__B12-WMSP1;f__B12-WMSP1;g__B12-WMSP1;s__	0.8642880057075604
42c4a8f0a39aa0e7b68fb055f25b8857	d__Bacteria;p__Acidobacteriota;c__Acidobacteriae;o__Subgroup_2;f__Subgroup_2;g__Subgroup_2;s__	0.9975644898025496
371a4754380721d057891e573e7eec3c	d__Bacteria;p__Gemmatimonadota;c__Gemmatimonadetes;o__Gemmatimonadales;f__Gemmatimonadaceae;g__uncultured;s__	0.782853401303432
76399ed05e7ac449f90664bd5624c03a	d__Bacteria;p__Bacteroidota;c__Bacteroidia;o__Chitinophagales	0.8835423407530124
da29d54a9fec2c358784df6f284f6970	d__Bacteria;p__Actinobacteriota;c__Actinobacteria;o__Pseudonocardiales;f__Pseudonocardiaceae;g__Crossiella;s__	0.7186574921184437
498008ccfdd1b64e598d19eb2d1f4ee6	d__Bacteria;p__Planctomycetota;c__Planctomycetes;o__Isosphaerales;f__Isosphaeraceae;g__Tundrisphaera;s__	0.8213819003310588
9e63962ae4eecd6f7ea0f2b6bba5910b	d__Bacteria;p__Gemmatimonadota;c__Gemmatimonadetes;o__Gemmatimonadales;f__Gemmatimonadaceae;g__uncultured;s__	0.9958019627818416
035fb9bfae8532792db54557d77b4859	d__Bacteria;p__Bacteroidota;c__Kapabacteria;o__Kapabacteriales;f__Kapabacteriales;g__Kapabacteriales;s__	0.956265208352037
0640ac70d7be3d79b7411c178b176579	d__Bacteria;p__Acidobacteriota;c__Acidobacteriae;o__Acidobacteriales	0.9998903296791128
62f944cefc0613dceb7bd2a08f93a303	d__Bacteria;p__Chloroflexi	0.7106587799291212
b20af20e9f6cff6be072aa5df8bfb2f1	Unassigned	0.39738875214721514
14e7eebe2e5344b62a9e5b3bda10170e	d__Bacteria;p__Verrucomicrobiota;c__Verrucomicrobiae;o__Chthoniobacterales;f__Chthoniobacteraceae;g__Candidatus_Udaeobacter;s__	0.9774283527845978
57b22f081a8c81a109a9e0e56528f2e6	d__Bacteria	0.9999974728216565
5301b9f7db593572266fec0f7b96facd	d__Bacteria;p__Bacteroidota;c__Kapabacteria;o__Kapabacteriales;f__Kapabacteriales;g__Kapabacteriales;s__	0.930025829582264
92c5f8facaa460c57b9c3350beab6b7a	Unassigned	0.4223542102185952
cc2dd566ab7e261fc057a0beecb5471e	d__Bacteria;p__Bacteroidota;c__Bacteroidia;o__Chitinophagales;f__Chitinophagaceae;g__uncultured;s__	0.9948601999906674
c15e3ed79ee9f85f1dc4994b19c412f1	d__Bacteria;p__Verrucomicrobiota;c__Verrucomicrobiae	0.8414835182791348
9deab249525efe09043ff5185d4310f7	d__Bacteria;p__Proteobacteria;c__Gammaproteobacteria;o__Xanthomonadales;f__Xanthomonadaceae;g__Lysobacter;s__	0.7859117621260311
c1470a651b6e6f687da8a674a20ed3ad	d__Bacteria;p__Acidobacteriota;c__Holophagae;o__Subgroup_7;f__Subgroup_7;g__Subgroup_7;s__	0.9999956421045538
54510f1b252bc38ecbc4c197a8ef7bfe	d__Bacteria	0.9997960108465158
861e9605cb590948fc23b8641f31d98a	d__Bacteria;p__Acidobacteriota;c__Acidobacteriae;o__Acidobacteriales;f__Acidobacteriaceae_(Subgroup_1);g__uncultured;s__	0.7748565641881002
d709f22bd084bcfe7ec3eaa66d2938dd	d__Bacteria;p__Patescibacteria;c__Gracilibacteria;o__Candidatus_Peribacteria;f__Candidatus_Peribacteria;g__Candidatus_Peribacteria;s__	0.9999275705099424
d39f7c924d57b736c440f9817bed1fc2	d__Bacteria;p__Actinobacteriota;c__Thermoleophilia;o__Gaiellales;f__uncultured;g__uncultured;s__	0.9529127622919812
02d10e8bf6183c9b57ec2c0bbf32d0d2	d__Bacteria;p__Patescibacteria;c__Parcubacteria;o__Parcubacteria;f__Parcubacteria;g__Parcubacteria;s__	0.7449167845188646
1dd4693718904699a5ef7740a7a649ff	d__Bacteria;p__Proteobacteria;c__Gammaproteobacteria;o__Burkholderiales;f__Nitrosomonadaceae;g__Ellin6067;s__	0.9996007073627928
772238508ec8a3b6fa10acc4e905b9d0	d__Bacteria	0.9999900137956408
48daffafe5dadf81ee8782ecda5add2f	d__Bacteria;p__Bacteroidota;c__Bacteroidia;o__Chitinophagales;f__Chitinophagaceae;g__Ferruginibacter;s__	0.8673867463382579
d1233a47676ce6f244d7926a8230908b	d__Bacteria;p__Proteobacteria;c__Alphaproteobacteria;o__Reyranellales;f__Reyranellaceae;g__Reyranella;s__	0.9992679671671939
a2840b1c3f870d0462bb5c96c6e47553	d__Bacteria;p__Planctomycetota;c__Planctomycetes;o__Gemmatales;f__Gemmataceae;g__Gemmata;s__	0.767975513471428
8a744281debfbd5dda9676b2d3abf642	d__Bacteria;p__Chloroflexi;c__Anaerolineae;o__RBG-13-54-9;f__RBG-13-54-9;g__RBG-13-54-9;s__	0.8628190806876992
22c5c5aed8acf4d50593eaafb799011d	d__Bacteria;p__Verrucomicrobiota;c__Verrucomicrobiae;o__Chthoniobacterales;f__Chthoniobacteraceae;g__Candidatus_Udaeobacter;s__	0.9947866755251508
7f7f7c88217ae136be55685a06623fc4	d__Bacteria;p__Chloroflexi;c__Ktedonobacteria;o__C0119;f__C0119;g__C0119;s__	0.9439617641332012
20547f897105b4be599257a427bc170f	d__Bacteria;p__Proteobacteria;c__Gammaproteobacteria;o__Xanthomonadales;f__Xanthomonadaceae	0.831436451189719
f2a0f61b277274b1bb43873f4a97eece	d__Bacteria;p__Proteobacteria;c__Alphaproteobacteria;o__Rhodospirillales;f__uncultured;g__uncultured;s__	0.9643257140869074
fca16ccb8b8c1211ae0f5d194e2a7244	d__Bacteria	0.9999524253940067
b1018887e66cfaa37f7ec51aefaf9594	d__Bacteria;p__Acidobacteriota;c__Acidobacteriae;o__Solibacterales;f__Solibacteraceae;g__Candidatus_Solibacter;s__	0.9834060383007
d2718602ae1ca64f546ed43aabded61c	d__Bacteria	0.9999923712114149
5aa9fc9dcfa7f5abd55b67616869a45d	d__Bacteria	0.9999988054477684
59a40f11e5659524f44fe64e925d5f59	d__Bacteria;p__Proteobacteria;c__Gammaproteobacteria;o__Burkholderiales	0.9998744990097129
84a21db785b33f090003bad6822670ba	d__Bacteria;p__Proteobacteria;c__Gammaproteobacteria;o__Gammaproteobacteria_Incertae_Sedis;f__Unknown_Family;g__Unknown_Family;s__	0.9836117565491796
f5752cc4a0ed590579e9f563dae188ad	d__Bacteria;p__Proteobacteria;c__Gammaproteobacteria;o__Xanthomonadales;f__Xanthomonadaceae	0.9001021499951765
b8a7f2c541557549a7de595e7d3b444c	d__Bacteria	0.9999957817200401
6ae26360ba3eec6366480bec475e770e	d__Bacteria;p__Acidobacteriota;c__Acidobacteriae;o__Acidobacteriales;f__uncultured;g__uncultured;s__	0.9101699454779953
6aa6a3090d757c9a5ac7655b4494bcc3	d__Bacteria;p__Chloroflexi	0.717297702643857
b6a9d92cd85ab51077f6ce5d0f65f08d	d__Bacteria;p__Patescibacteria;c__Saccharimonadia;o__Saccharimonadales;f__Saccharimonadales;g__Saccharimonadales;s__	0.944271499776678
607663300d475b051274e86865bb252c	d__Bacteria;p__Patescibacteria	0.988610715681065
28b1757e76c6d8c74d896a62fb972341	d__Bacteria;p__Verrucomicrobiota;c__Verrucomicrobiae;o__Methylacidiphilales;f__Methylacidiphilaceae;g__uncultured;s__	0.9999305371005645
d53bb4674410feb7424af0610a0ce00b	d__Bacteria;p__Bacteroidota;c__Kapabacteria;o__Kapabacteriales;f__Kapabacteriales;g__Kapabacteriales;s__	0.9842913247099518
8877945d4bf3fd300002684aeede05f3	d__Bacteria	0.9999894201777895
87d7b0c7e1370ab6a8e1856c60520c5f	d__Bacteria;p__Proteobacteria;c__Gammaproteobacteria;o__Xanthomonadales;f__Xanthomonadaceae	0.9045526600672891
fa5e27a985bc122ac2007299f7f986c9	d__Bacteria;p__Gemmatimonadota;c__Gemmatimonadetes;o__Gemmatimonadales;f__Gemmatimonadaceae;g__uncultured;s__	0.9770549912602985
0b50d7659c3995e38975abbc385854fd	d__Bacteria;p__Verrucomicrobiota;c__Verrucomicrobiae;o__Chthoniobacterales;f__Chthoniobacteraceae;g__Candidatus_Udaeobacter;s__	0.9758711101483729
43df4e2b00e6cd8b20b83aac906c20f0	d__Bacteria;p__Planctomycetota;c__Planctomycetes;o__Pirellulales;f__Pirellulaceae	0.9940933685040674
d3b8a603a9bc6693bcb86ce7030b1c7d	d__Bacteria;p__Verrucomicrobiota;c__Verrucomicrobiae;o__Chthoniobacterales;f__Chthoniobacteraceae;g__Candidatus_Udaeobacter;s__	0.9990932495126807
39ddf16cabed3ded0f482d3718881af8	d__Bacteria;p__Proteobacteria;c__Gammaproteobacteria;o__Gammaproteobacteria_Incertae_Sedis;f__Unknown_Family;g__Unknown_Family;s__	0.9595656582711001
6297913204672bed19f41b08be5ae37d	d__Bacteria;p__Dependentiae;c__Babeliae;o__Babeliales;f__Babeliaceae;g__Babeliaceae;s__	0.8599672459889345
ec582b271f84b1e1b32735f06c3ef859	d__Bacteria;p__Chloroflexi;c__Ktedonobacteria;o__Ktedonobacterales;f__Ktedonobacteraceae;g__JG30a-KF-32;s__	0.8179623059339205
3ffb1e4b11fba1a740241726af1d0ee5	d__Bacteria;p__Proteobacteria;c__Gammaproteobacteria;o__Legionellales;f__Legionellaceae;g__Legionella;s__	0.9111391807488289
bde37eb20a098a015b5d903179ac485f	d__Bacteria;p__Dependentiae;c__Babeliae;o__Babeliales;f__Vermiphilaceae;g__Vermiphilaceae;s__	0.7098224345642866
74ce89489c8f397d9fe4ddefa4ae0861	d__Bacteria;p__Desulfobacterota;c__Desulfuromonadia;o__Geobacterales;f__Geobacteraceae;g__Geobacter;s__	0.9873195394868025
1683d775be5cb435dc8e40855abc9df2	d__Bacteria;p__Proteobacteria;c__Alphaproteobacteria;o__Rhizobiales	0.9289667002319609
c63b61189a72691c9b6d31b3fd4c4aa1	d__Bacteria;p__Patescibacteria;c__Saccharimonadia;o__Saccharimonadales	0.999983786059257
3931cc0729ecdbb0f4d223876dd7183c	d__Bacteria;p__Proteobacteria;c__Gammaproteobacteria;o__Burkholderiales	0.7671954104886248
1dfbc7206e0aa89a8d7967da33bf38ba	d__Bacteria;p__Patescibacteria;c__Saccharimonadia;o__Saccharimonadales	0.9999995906451498
c466756affec55cc219c09a83ad1c34a	d__Bacteria;p__Acidobacteriota;c__Acidobacteriae;o__Subgroup_2;f__Subgroup_2;g__Subgroup_2;s__	0.9999326716689664
10df38bcb9094ef4baddf5b96770a3b7	d__Bacteria;p__Patescibacteria;c__Parcubacteria;o__Candidatus_Nomurabacteria;f__Candidatus_Nomurabacteria;g__Candidatus_Nomurabacteria;s__	0.9966993968335642
70d6825cfb8da71a0902fe401349490d	d__Bacteria;p__Bacteroidota;c__Kapabacteria;o__Kapabacteriales;f__Kapabacteriales;g__Kapabacteriales;s__	0.9260894315734358
6c2f5445d04992e9a8232e870d33a7c0	d__Bacteria;p__Acidobacteriota;c__Acidobacteriae;o__Bryobacterales;f__Bryobacteraceae;g__Bryobacter;s__	0.8917354754037704
7c9bd8dd577502cb48913f7bd7894edd	d__Bacteria;p__Myxococcota	0.7245666470054777
437102c734755f5be2a0499729b690a3	d__Bacteria;p__Nitrospirota;c__Nitrospiria;o__Nitrospirales;f__Nitrospiraceae;g__Nitrospira;s__	0.9999486429022933
312b8a04daf2720c77136914a0c5e22a	d__Bacteria;p__Acidobacteriota;c__Acidobacteriae;o__Solibacterales;f__Solibacteraceae;g__Candidatus_Solibacter;s__	0.9888079717839205
1780cd7648c649e7a2d44240e82e7357	d__Bacteria;p__Proteobacteria;c__Gammaproteobacteria;o__Burkholderiales;f__A21b;g__A21b;s__	0.7906053316707907
230255aa2411505bcd9d8df4bdee9903	d__Bacteria;p__Patescibacteria;c__Parcubacteria;o__Candidatus_Kaiserbacteria;f__Candidatus_Kaiserbacteria;g__Candidatus_Kaiserbacteria;s__	0.9965525393782624
63517b5bf7b666916d5a871fb8b15fc1	d__Bacteria;p__Acidobacteriota;c__Holophagae;o__Subgroup_7;f__Subgroup_7;g__Subgroup_7;s__	0.962624914792046
b40b87d1ddfbb5fa6b505d3eda47bf7b	d__Bacteria;p__Patescibacteria;c__Microgenomatia;o__Candidatus_Daviesbacteria;f__Candidatus_Daviesbacteria;g__Candidatus_Daviesbacteria;s__	0.997497678167795
379985b2526446d30ad9315c4ab1489d	d__Bacteria;p__Verrucomicrobiota;c__Verrucomicrobiae;o__Pedosphaerales;f__Pedosphaeraceae;g__Pedosphaeraceae;s__	0.7285598346309443
20340a005aa1ad1c33244bf71b275c69	d__Bacteria;p__Bacteroidota;c__Bacteroidia;o__Sphingobacteriales;f__env.OPS_17;g__env.OPS_17;s__	0.9132412641439579
9982b9c9f6661ee878b5b2b379570d79	d__Bacteria;p__Verrucomicrobiota;c__Chlamydiae;o__Chlamydiales	0.9526039631996605
6b5225c254b80080341cfbea26b8826d	d__Bacteria;p__Armatimonadota;c__Fimbriimonadia;o__Fimbriimonadales;f__Fimbriimonadales;g__Fimbriimonadales;s__	0.9791840971259749
107af71e1b1ef1154f281a4197993c03	d__Bacteria;p__Actinobacteriota;c__Thermoleophilia;o__Gaiellales;f__uncultured;g__uncultured;s__	0.7273533609361561
989c06f32dab496178f2c0d304ccb885	d__Bacteria;p__Bacteroidota;c__Bacteroidia;o__Chitinophagales;f__Chitinophagaceae;g__uncultured;s__	0.9832627450337461
8f17c9b153f0d1a31bc214e5bfd80755	d__Bacteria;p__Verrucomicrobiota;c__Verrucomicrobiae	0.7149872104286202
415c15dd1ac1a0fbfe0f89d69a40f40f	d__Bacteria;p__Chloroflexi;c__Ktedonobacteria;o__Ktedonobacterales;f__Ktedonobacteraceae	0.9734170588158733
1460468bed8e323710e25f03b8f0ce81	d__Bacteria;p__Gemmatimonadota;c__S0134_terrestrial_group;o__S0134_terrestrial_group;f__S0134_terrestrial_group;g__S0134_terrestrial_group;s__	0.9939912707261433
5db4f95d2e2c919498135096238a7095	d__Bacteria;p__Bacteroidota;c__Bacteroidia;o__Chitinophagales;f__Chitinophagaceae;g__uncultured;s__	0.9385795193335001
9f343f12247bc4888942c14f222c6d19	d__Bacteria;p__Planctomycetota;c__Phycisphaerae;o__Tepidisphaerales;f__WD2101_soil_group;g__WD2101_soil_group;s__	0.9995707240634297
715d3528b024d97c00330005eee6d538	d__Bacteria;p__Armatimonadota;c__Armatimonadia;o__Armatimonadales;f__Armatimonadales;g__Armatimonadales;s__	0.9028946798680926
205e3ff643919adcb5dab2f7859664f2	d__Bacteria;p__Gemmatimonadota;c__Gemmatimonadetes;o__Gemmatimonadales;f__Gemmatimonadaceae;g__uncultured;s__	0.9466938325924572
8e458c3212d7223890d9f764b0c1aeb0	d__Bacteria;p__Planctomycetota;c__vadinHA49;o__vadinHA49;f__vadinHA49;g__vadinHA49;s__	0.9763881697644093
baad421de36c2a66c39bf9b44d1b45da	d__Bacteria;p__Bacteroidota;c__Bacteroidia;o__Chitinophagales;f__Chitinophagaceae;g__uncultured;s__	0.9594592498401945
9ab44cad97fc91cf5f226c2227a8b9c6	d__Bacteria;p__Chloroflexi	0.8234489608880853
0bf0a2222ea0bda8b9c83aade2413bed	d__Bacteria;p__Gemmatimonadota;c__Gemmatimonadetes;o__Gemmatimonadales;f__Gemmatimonadaceae;g__uncultured;s__	0.9831030320067153
27e46bb4d35be0d7fc9e6584cec443f3	d__Bacteria;p__Acidobacteriota;c__Holophagae;o__Subgroup_7;f__Subgroup_7;g__Subgroup_7;s__	0.9759686141620237
c36cd2291310eb39fb6a350eda27ab40	d__Bacteria;p__Chloroflexi;c__AD3;o__AD3;f__AD3;g__AD3;s__	0.8507655262392751
c02c3414227f517c4738f511dc893f33	d__Bacteria;p__Chloroflexi;c__Ktedonobacteria;o__Ktedonobacterales;f__Ktedonobacteraceae;g__JG30a-KF-32;s__	0.96774755681818
1179c53cf76928e6f990110a671d04f4	d__Bacteria;p__Chloroflexi;c__AD3;o__AD3;f__AD3;g__AD3;s__	0.999855304814298
9ab7cd30474a86ff5ad5b42eed838081	d__Bacteria	0.9997228493968479
830fc442b69e4fcf661a385493220af2	d__Bacteria;p__Chloroflexi	0.8987626858349271
13b364c2ff2a4a81651bd684b0fa77ac	d__Bacteria;p__Patescibacteria;c__Saccharimonadia;o__Saccharimonadales;f__Saccharimonadales;g__Saccharimonadales;s__	0.9864270630435176
4d790e2fe7fe226ea2c282ffdbf0524f	d__Bacteria;p__Proteobacteria;c__Alphaproteobacteria	0.722640263703369
b6af7a49ef51055386876bc4df14d857	d__Bacteria;p__Proteobacteria;c__Gammaproteobacteria;o__Xanthomonadales;f__Xanthomonadaceae	0.715173067458288
d3e84c0d42e347e6da2a73cc3876a845	d__Bacteria;p__Elusimicrobiota;c__Lineage_IIb;o__Lineage_IIb;f__Lineage_IIb;g__Lineage_IIb;s__	0.9999293818563044
3e8cc85066a5f93b26a4d0b55e3b70cb	d__Bacteria	0.9999681911634822
e14df18de754a7e8a4520a0f4ccd486f	d__Bacteria;p__Patescibacteria;c__Saccharimonadia;o__Saccharimonadales;f__Saccharimonadales;g__Saccharimonadales;s__	0.9016732259483266
d5e2c1a424b8958d020633b7e099d18e	d__Bacteria;p__Patescibacteria;c__Saccharimonadia;o__Saccharimonadales;f__Saccharimonadales;g__Saccharimonadales;s__	0.9854488834710172
682f2e5ec617691472005d67c5ccf9d2	d__Bacteria;p__Actinobacteriota;c__Actinobacteria;o__Frankiales;f__Acidothermaceae;g__Acidothermus;s__	0.9613226930739374
dbeda47c139f724b4f1004f388b376d9	d__Bacteria;p__Chloroflexi;c__Ktedonobacteria;o__Ktedonobacterales;f__Ktedonobacteraceae;g__JG30a-KF-32;s__	0.8705618813708648
df9e6dba547291757e66ef70507e22a9	d__Bacteria;p__Patescibacteria;c__Gracilibacteria;o__Candidatus_Peribacteria;f__Candidatus_Peribacteria;g__Candidatus_Peribacteria;s__	0.9999961179843273
34b9e8c46d08c80ff9d835b091195328	d__Bacteria;p__Proteobacteria;c__Alphaproteobacteria;o__Rhizobiales;f__Xanthobacteraceae;g__Bradyrhizobium;s__	0.7914366117246012
3f3b45f5248479e76a174c04e3615bfd	d__Bacteria;p__Planctomycetota;c__Phycisphaerae;o__Tepidisphaerales;f__WD2101_soil_group;g__WD2101_soil_group;s__	0.9999943296398227
3559b2facf9f4f514e6a53731512790e	d__Bacteria;p__Proteobacteria;c__Alphaproteobacteria	0.8361716058238715
909b791978b01666acd3823de7ff401a	d__Bacteria;p__Planctomycetota;c__Planctomycetes;o__Isosphaerales;f__Isosphaeraceae;g__Aquisphaera;s__	0.8160998192764369
e045227b862c4002f02cd9c62b6d755b	d__Bacteria;p__Bacteroidota;c__Bacteroidia;o__Chitinophagales;f__Chitinophagaceae;g__uncultured;s__	0.9775245996199823
0d09f527eab94d49009aa6858c185026	d__Bacteria;p__Proteobacteria;c__Gammaproteobacteria;o__Xanthomonadales;f__Rhodanobacteraceae;g__Rhodanobacter;s__	0.9086645808425461
2fddd8a0f9e665b91574bdc9a311a964	d__Bacteria;p__Proteobacteria;c__Alphaproteobacteria;o__Rhizobiales;f__Xanthobacteraceae	0.9708293527053375
280d96458a95a23bbe7210ead4e580af	d__Bacteria;p__Proteobacteria;c__Alphaproteobacteria;o__Sphingomonadales;f__Sphingomonadaceae;g__Sphingomonas;s__	0.8791361180721735
de5f3ef1ec6ff03fcf90bdc042207fcf	d__Bacteria;p__Proteobacteria;c__Gammaproteobacteria;o__Burkholderiales;f__Nitrosomonadaceae;g__uncultured;s__	0.7962377605284913
6595444d23290021ac9e42ab6e32ff92	d__Bacteria;p__Patescibacteria;c__Parcubacteria;o__Candidatus_Adlerbacteria;f__Candidatus_Adlerbacteria;g__Candidatus_Adlerbacteria;s__	0.9604948001304747
4e0fcf13350acf3587ee59cc2413cffe	d__Bacteria;p__Verrucomicrobiota;c__Verrucomicrobiae;o__Chthoniobacterales;f__Chthoniobacteraceae;g__Candidatus_Udaeobacter;s__	0.9969683458647867
e1185950263a09942514b07a24087385	d__Bacteria;p__WPS-2;c__WPS-2;o__WPS-2;f__WPS-2;g__WPS-2;s__	0.9996160734263334
efc6dc281f116bd4e0943fbe4a74b707	d__Bacteria;p__Patescibacteria;c__Microgenomatia;o__Candidatus_Daviesbacteria;f__Candidatus_Daviesbacteria;g__Candidatus_Daviesbacteria;s__	0.9982979398455194
a06f5b970b39138b6eb8217af17b7188	d__Bacteria;p__Chloroflexi;c__AD3;o__AD3;f__AD3;g__AD3;s__	0.9103397231387245
170a13461450f9ef9732896fae48a50f	d__Bacteria;p__Proteobacteria;c__Alphaproteobacteria;o__Rickettsiales;f__Mitochondria;g__Mitochondria;s__	0.99991054044818
70686f0da040372e22e793afc7ce39b8	d__Bacteria;p__Verrucomicrobiota;c__Verrucomicrobiae	0.9773606928186327
69456a456169603db02f1dd3b9647aad	d__Bacteria;p__Proteobacteria;c__Gammaproteobacteria	0.9999347886588072
a738d79068e0c4f3bc71870aff84bf23	d__Bacteria	0.9998127423745108
6478feaecddd6e5351e40088ebc293f2	d__Bacteria;p__Actinobacteriota;c__Actinobacteria;o__Streptomycetales;f__Streptomycetaceae	0.7347731881294678
72e65f4065163de29d34523270e8a193	d__Bacteria;p__Patescibacteria;c__Saccharimonadia;o__Saccharimonadales;f__Saccharimonadales;g__Saccharimonadales;s__	0.9967919055512094
2b7d831790b5be5813be065b298ce5cd	d__Bacteria;p__Actinobacteriota;c__Acidimicrobiia	0.8262938296605966
c76b8ed2f58ec74c7605f186c449f19f	d__Bacteria;p__Proteobacteria;c__Alphaproteobacteria;o__Rhizobiales;f__Rhizobiaceae	0.7716439341600719
e34081c5c023d627f234868f8214660f	d__Bacteria;p__Abditibacteriota;c__Abditibacteria;o__Abditibacteriales;f__Abditibacteriaceae;g__Abditibacterium;s__	0.9968506455439349
946859e6c947f8f5c7157f71f95cee6d	d__Bacteria;p__Bacteroidota;c__Bacteroidia;o__Sphingobacteriales;f__Sphingobacteriaceae;g__Pedobacter;s__	0.8509169320830077
5be4bf5c416c450a6f5d5db199ff4174	d__Bacteria;p__Bacteroidota;c__Bacteroidia;o__Chitinophagales;f__Chitinophagaceae;g__uncultured;s__	0.9298199722902498
35305bb61462fa48c07d6fd5fad0505f	d__Bacteria;p__Bacteroidota;c__Bacteroidia;o__Sphingobacteriales;f__Sphingobacteriaceae	0.9168048237517306
d9b988e9e4e4202451576e28e46f4da7	d__Bacteria;p__Cyanobacteria;c__Cyanobacteriia;o__Chloroplast;f__Chloroplast;g__Chloroplast;s__	0.9905506839514922
bf499669ac1aba50e11cc94adb89f5cb	d__Bacteria;p__Chloroflexi;c__Anaerolineae	0.9316087263586824
3c86275d5e71b279e2b11d8424d95ce1	d__Bacteria;p__Verrucomicrobiota;c__Chlamydiae;o__Chlamydiales;f__Parachlamydiaceae	0.9486875670225867
3a75345a9cc8993803ae2cdeb00e9581	d__Bacteria;p__Patescibacteria;c__Saccharimonadia;o__Saccharimonadales;f__Saccharimonadales;g__Saccharimonadales;s__	0.9387889105993825
b68fb67d9a83c6b60b52e4497ede3f10	d__Bacteria;p__Chloroflexi	0.8112184874458105
43ee37465beb03a0072718fa1d7a92ee	d__Bacteria	0.9999754654257074
a01b38cd3462a3a4f2658800442e3dbb	d__Bacteria;p__Actinobacteriota;c__Acidimicrobiia;o__IMCC26256;f__IMCC26256;g__IMCC26256;s__	0.9322950333102634
ab73ba15457c449c8184bb9533da967a	d__Bacteria;p__Chloroflexi;c__Ktedonobacteria;o__Ktedonobacterales;f__Ktedonobacteraceae;g__JG30a-KF-32;s__	0.9991491785887958
c9b79d41dbd7a3eee7b1538d19dcad38	d__Bacteria;p__Proteobacteria;c__Gammaproteobacteria	0.9913548104517276
dec8a2e149907c7c23e4c6a16cae40f1	d__Bacteria	0.9974100779873054
26f6cc4b135f5d3d82ccf2867694b52c	d__Bacteria;p__Chloroflexi;c__KD4-96;o__KD4-96;f__KD4-96;g__KD4-96;s__	0.826346918688162
683cd39be1647c243838b82cf30368c4	d__Bacteria	0.999964909936472
f5dd6f13043338912ee88dd3a7426c58	d__Bacteria	0.9999964165163241
be711f74c3eba594a0e6989e22917218	d__Bacteria	0.9999710016361464
a75d70ff53ffaf4a00705adb718e71ca	d__Bacteria;p__Actinobacteriota;c__Thermoleophilia;o__Gaiellales;f__uncultured;g__uncultured;s__	0.9376508737639728
5becfb1092df85cd904b4f938cd72030	d__Bacteria;p__Chloroflexi;c__Anaerolineae	0.9247916093420439
95d6b25deb0500d501a3c4d6727986d1	d__Bacteria;p__Patescibacteria;c__Saccharimonadia;o__Saccharimonadales;f__LWQ8;g__LWQ8;s__	0.8645077720582499
b073637ba628a7f708a887fd153b6ab4	d__Bacteria;p__Planctomycetota;c__Planctomycetes;o__Planctomycetales;f__uncultured;g__uncultured;s__	0.9915021080085531
17cad9f8319980ebad9370bdf01d0313	d__Bacteria;p__Verrucomicrobiota;c__Verrucomicrobiae;o__Chthoniobacterales;f__Xiphinematobacteraceae;g__Candidatus_Xiphinematobacter;s__	0.7997550277059837
995d917191318faddc856911d2f6f8bd	d__Bacteria	0.9999344938290033
b4565b5a88b99b8b984933599e6ab4d4	d__Bacteria;p__Proteobacteria;c__Alphaproteobacteria;o__Sphingomonadales;f__Sphingomonadaceae;g__Sphingomonas;s__	0.9865859247789163
df29589600ddd23e8a41ab5581e0efe0	d__Bacteria;p__Acidobacteriota;c__Acidobacteriae;o__Subgroup_2;f__Subgroup_2;g__Subgroup_2;s__	0.9999030187926918
fab0a0e8717ff3f7a363b9903747d103	d__Bacteria;p__Patescibacteria;c__Berkelbacteria;o__Berkelbacteria;f__Berkelbacteria;g__Berkelbacteria;s__	0.9412654553865761
77e0b33ec8c0e4fde61f202b119ff20d	d__Bacteria;p__Gemmatimonadota;c__Gemmatimonadetes;o__Gemmatimonadales;f__Gemmatimonadaceae;g__uncultured;s__	0.9992751939598454
04e3be233185091185f0abb561fc3355	d__Bacteria;p__Patescibacteria;c__Microgenomatia;o__Candidatus_Roizmanbacteria;f__Candidatus_Roizmanbacteria;g__Candidatus_Roizmanbacteria;s__	0.9943549234008772
38c611eeda8e6fd09f1c643ce650ef80	d__Bacteria;p__Patescibacteria;c__Saccharimonadia;o__Saccharimonadales;f__Saccharimonadales;g__Saccharimonadales;s__	0.9623387376818766
11a7bac071e0632b5a96374e95a15d8f	d__Bacteria;p__Acidobacteriota;c__Acidobacteriae;o__Bryobacterales;f__Bryobacteraceae;g__Bryobacter;s__	0.9380302696561725
50eeed50beff99f978ea8dba176afe8e	d__Bacteria;p__Verrucomicrobiota;c__Verrucomicrobiae;o__Chthoniobacterales;f__Chthoniobacteraceae;g__Candidatus_Udaeobacter;s__	0.9783113098888676
32901ff35503310de622b373580014b4	d__Bacteria;p__Acidobacteriota;c__Acidobacteriae;o__Bryobacterales;f__Bryobacteraceae;g__Bryobacter;s__	0.8666422661377935
930817efc52777f31ff3538c9423dabf	d__Bacteria;p__Bdellovibrionota;c__Bdellovibrionia;o__Bdellovibrionales;f__Bdellovibrionaceae;g__Bdellovibrio;s__	0.9944422887711889
2039cac7dfd966a7f52352136476021f	d__Bacteria;p__Acidobacteriota;c__Blastocatellia;o__Elev-16S-573;f__Elev-16S-573;g__Elev-16S-573;s__	0.8881839773960383
87c2819e6043d21b4d7a21a2123a6497	d__Bacteria;p__Chloroflexi	0.9635618719667773
040862e16a44664d2753a049f9d6094e	d__Bacteria;p__Chloroflexi;c__Ktedonobacteria;o__B12-WMSP1;f__B12-WMSP1;g__B12-WMSP1;s__	0.9727659772754538
591e893c258800ea7b38ad482da362a2	d__Bacteria;p__Abditibacteriota;c__Abditibacteria;o__Abditibacteriales;f__Abditibacteriaceae;g__Abditibacterium;s__	0.9574297825883801
2a0e1abc7dbcdd1b426e6e2c7f2fe0f4	d__Bacteria;p__Planctomycetota;c__Phycisphaerae;o__Tepidisphaerales;f__WD2101_soil_group;g__WD2101_soil_group;s__	0.9979482917915716
3d25b4a84b4b908703e2c2b1007fff6c	d__Bacteria;p__Planctomycetota;c__Planctomycetes;o__Gemmatales;f__Gemmataceae;g__uncultured;s__	0.9900586371833889
c2d2e79eac8bb9c517746d8b064b13f8	d__Bacteria;p__Proteobacteria;c__Alphaproteobacteria;o__Micropepsales;f__Micropepsaceae	0.9773995498828252
dd362fed46da1bfd2c7a8d04035076cd	d__Bacteria;p__Verrucomicrobiota;c__Chlamydiae;o__Chlamydiales;f__Parachlamydiaceae;g__Neochlamydia;s__	0.8847964331107501
ac225b41841e0780c6d0bd76c8b0dd3d	d__Bacteria;p__Bacteroidota;c__Ignavibacteria;o__SJA-28;f__SJA-28;g__SJA-28;s__	0.7173803624159517
c362b7d06b2e6daae9ce2668d3269d0d	d__Bacteria;p__Latescibacterota;c__Latescibacterota;o__Latescibacterota;f__Latescibacterota;g__Latescibacterota;s__	0.999091845149987
00e532c69f760cec02e04e4115044444	d__Bacteria;p__Cyanobacteria;c__Sericytochromatia;o__Sericytochromatia;f__Sericytochromatia;g__Sericytochromatia;s__	0.9998546108474436
e3cb29de6b6707f61979da5fd51e3067	d__Bacteria;p__Proteobacteria;c__Gammaproteobacteria;o__Burkholderiales	0.994955458475025
e80450da31a0b81fca47515f1bc53f03	d__Bacteria;p__Chloroflexi;c__Ktedonobacteria;o__Ktedonobacterales;f__Ktedonobacteraceae;g__uncultured;s__	0.9768021035637753
9a9879fe3b50da81128bfddf4dfa9bf8	d__Bacteria;p__Proteobacteria;c__Gammaproteobacteria;o__Gammaproteobacteria_Incertae_Sedis;f__Unknown_Family;g__Unknown_Family;s__	0.9770575113015962
2ef887e0d14551825ba42a9bc6e59482	d__Bacteria;p__Cyanobacteria	0.8617915173913746
89eb5598b61b13f4e731d26777ca9e0d	d__Bacteria;p__Gemmatimonadota;c__Gemmatimonadetes;o__Gemmatimonadales;f__Gemmatimonadaceae;g__uncultured;s__	0.8842761508884064
3a41d03e3f1c82561895d91283e56c16	d__Bacteria;p__Chloroflexi;c__Ktedonobacteria;o__Ktedonobacterales;f__Ktedonobacteraceae;g__JG30a-KF-32;s__	0.9947020814392439
5f9c6a14821e8ebc6e1a95dc9dabf7e0	d__Bacteria;p__Verrucomicrobiota;c__Verrucomicrobiae;o__Chthoniobacterales;f__Chthoniobacteraceae;g__Candidatus_Udaeobacter;s__	0.9551791472236082
a730fa0bff8c568e556e6d7df639531a	d__Bacteria;p__Planctomycetota;c__Phycisphaerae;o__Tepidisphaerales;f__WD2101_soil_group;g__WD2101_soil_group;s__	0.9872410628813904
40b6f2dadd8cfba3d3fdcf38db6af0bb	d__Bacteria;p__Proteobacteria;c__Gammaproteobacteria;o__Diplorickettsiales;f__Diplorickettsiaceae;g__uncultured;s__	0.916323611308113
e13c661b39fdf145267f0bdbfb7257ee	d__Bacteria	0.999999086403472
35e9b9c947cced359aeb0fef674302a7	d__Bacteria	0.9999505031676752
e40fd538532866b26ea5b0e99128b231	d__Bacteria;p__Verrucomicrobiota;c__Verrucomicrobiae;o__Chthoniobacterales;f__Chthoniobacteraceae;g__LD29;s__	0.8496639920779587
7af71f7201789d6050fbec71b0caedea	d__Bacteria;p__Bdellovibrionota;c__Bdellovibrionia;o__Bdellovibrionales;f__Bdellovibrionaceae;g__Bdellovibrio;s__	0.9999665357185333
80476f1a799657bf6b79de5867970792	d__Bacteria;p__Gemmatimonadota;c__Gemmatimonadetes;o__Gemmatimonadales;f__Gemmatimonadaceae;g__uncultured;s__	0.797119327050633
2470100935fa6e82e26d58c6f13a5308	d__Bacteria;p__Proteobacteria;c__Gammaproteobacteria;o__Burkholderiales	0.9999762846717264
37c84cff4809017d05f224768b19c51b	d__Bacteria;p__Bacteroidota;c__Bacteroidia	0.9974674512188864
90371caf25b8cf70cdf0933684b0119a	d__Bacteria;p__Gemmatimonadota;c__Gemmatimonadetes;o__Gemmatimonadales;f__Gemmatimonadaceae;g__uncultured;s__	0.7031825862385248
64453b2a27b8c653eb8500aff9acc431	d__Bacteria;p__Chloroflexi	0.8971576247845062
90c5cfede808b7ea40cf2563de6d3e54	d__Bacteria;p__Chloroflexi;c__Ktedonobacteria;o__Ktedonobacterales;f__Ktedonobacteraceae;g__JG30a-KF-32;s__	0.9979486649453343
a8b31f28ad7361284174c9f3079e2c74	d__Bacteria;p__Planctomycetota;c__Planctomycetes;o__Gemmatales;f__Gemmataceae	0.9985690836835166
000cc29f717b808f26ae09bb070fc2fb	d__Bacteria;p__Cyanobacteria;c__Cyanobacteriia;o__Chloroplast;f__Chloroplast;g__Chloroplast;s__	0.9559165674792671
3a8eb77ae84fb8f365451b1ff4b40ab0	d__Bacteria;p__Chloroflexi;c__AD3;o__AD3;f__AD3;g__AD3;s__	0.9823488987737171
426854624b3eeb4f2bf727f703728004	d__Bacteria;p__Proteobacteria;c__Gammaproteobacteria;o__Pseudomonadales;f__Pseudomonadaceae;g__Pseudomonas;s__	0.8595476575207287
3cd0f94038525496766923f6b8147b96	d__Bacteria;p__Acidobacteriota;c__Acidobacteriae;o__Solibacterales;f__Solibacteraceae;g__Candidatus_Solibacter;s__	0.9874675736293591
82b97dc5514415dac28e3a8e4c339325	d__Bacteria;p__Chloroflexi;c__Ktedonobacteria;o__Ktedonobacterales;f__Ktedonobacteraceae;g__JG30a-KF-32;s__	0.9963449584576373
f06a778c8c614a635189ae14b3448cc9	d__Bacteria	0.9999771289252135
40f0b33c1c5f3824e55b262ca60aa70b	d__Bacteria	0.9998356841112959
f97a29ef6254f0c402a94ae6e699148f	d__Bacteria;p__Planctomycetota;c__Phycisphaerae;o__Tepidisphaerales;f__WD2101_soil_group;g__WD2101_soil_group;s__	0.9731242238035664
3c0488588ea9400b116461dc9e35b543	d__Bacteria;p__Armatimonadota;c__Armatimonadia;o__Armatimonadales;f__Armatimonadales;g__Armatimonadales;s__	0.9934306669366837
e7e435c73fa7b0db3edf13d7ddf2ec36	d__Bacteria;p__Bacteroidota;c__Bacteroidia;o__Chitinophagales;f__Chitinophagaceae;g__uncultured;s__	0.9715928784553994
af1e21afb380ffb233a2f7191147678b	d__Bacteria;p__Planctomycetota;c__Planctomycetes;o__Pirellulales;f__Pirellulaceae;g__Pirellula;s__	0.9687386361005876
e4518d386c9b3fa03dc6fb7bf5990a7d	d__Bacteria;p__Proteobacteria;c__Gammaproteobacteria;o__Diplorickettsiales;f__Diplorickettsiaceae;g__uncultured;s__	0.996425405708986
6b390752046f7febf878b7001aff2395	d__Bacteria;p__Patescibacteria;c__Parcubacteria;o__GWA2-38-13b;f__GWA2-38-13b;g__GWA2-38-13b;s__	0.9076391146454006
6a6bc0020694e461e3214d7bdc5907bd	d__Bacteria;p__Acidobacteriota;c__Acidobacteriae;o__Bryobacterales;f__Bryobacteraceae;g__Bryobacter;s__	0.913835191660088
f5e6cadb073ee6ef09373318bdb04f8d	d__Bacteria;p__Bacteroidota;c__Bacteroidia;o__Sphingobacteriales;f__NS11-12_marine_group;g__NS11-12_marine_group;s__	0.9996141398265099
e064687bfcb4a03350827d5617b750d5	d__Bacteria;p__Patescibacteria	0.984085846209559
eb785437fc0ee2d66ed23b7172c46e69	d__Bacteria;p__Acidobacteriota;c__Blastocatellia;o__Elev-16S-573;f__Elev-16S-573;g__Elev-16S-573;s__	0.9115954115686162
3dc4cd89e3352fe4b804799cd700cc97	d__Bacteria;p__Bacteroidota;c__Bacteroidia;o__Chitinophagales;f__Chitinophagaceae;g__uncultured;s__	0.9862425037491521
8e0eb7cffcf4748890fea10a7e5e6a10	d__Bacteria;p__Verrucomicrobiota;c__Chlamydiae;o__Chlamydiales;f__Parachlamydiaceae	0.8178313685291221
589bd5811bc367cee1d23c82cb48cc2c	d__Bacteria;p__Proteobacteria;c__Gammaproteobacteria;o__Burkholderiales;f__A21b;g__A21b;s__	0.7821700538936804
d436947fce67ac6b78575387ec6a01ee	d__Bacteria;p__Chloroflexi;c__Chloroflexia;o__Thermomicrobiales;f__AKYG1722;g__AKYG1722;s__	0.877772803508046
f2e87098cb237540f40188f19a41c811	d__Bacteria;p__Chloroflexi;c__Anaerolineae	0.9899478244845148
8b9448e357c1e337f53e0c57db5ae9dd	d__Bacteria;p__Planctomycetota;c__vadinHA49;o__vadinHA49;f__vadinHA49;g__vadinHA49;s__	0.9289908935669117
86b1549974490bc89b91d12950187abe	d__Bacteria	0.9999891188177396
39de5adf9aabb95db7198cf8b323e218	d__Bacteria;p__Verrucomicrobiota;c__Verrucomicrobiae;o__Pedosphaerales;f__Pedosphaeraceae	0.954847997820642
901dd8bf462942871f8fe47c84b22948	d__Bacteria;p__Patescibacteria;c__Parcubacteria;o__Parcubacteria;f__Parcubacteria;g__Parcubacteria;s__	0.9987995636007604
8e6933151b80c99283e59e62a634e1ad	d__Bacteria;p__Proteobacteria;c__Alphaproteobacteria;o__Micropepsales;f__Micropepsaceae	0.8038136521541893
b685c127c07ed8399621751bb9174e50	d__Bacteria;p__Sumerlaeota;c__Sumerlaeia;o__Sumerlaeales;f__Sumerlaeaceae;g__Sumerlaea;s__	0.8247411130859899
c2327951a31733a2fe3f116e4f2dc53f	d__Bacteria;p__Planctomycetota;c__Planctomycetes;o__Gemmatales;f__Gemmataceae;g__uncultured;s__	0.9977006598437932
b646c3fbf4be3c13d6114aeaf42cb8a5	d__Bacteria;p__Proteobacteria;c__Gammaproteobacteria;o__Burkholderiales;f__A21b;g__A21b;s__	0.7283446322811555
238ac234f57f4ad21c2662973cddcb07	d__Bacteria;p__Myxococcota;c__Polyangia;o__Polyangiales;f__BIrii41;g__BIrii41;s__	0.9909696138720148
b00a871fbe227ac5bb91895cbdad7c6e	d__Bacteria	0.9999838767836673
cb8ad31a66068a39ac420b5b442a20fc	d__Bacteria;p__Chloroflexi	0.7976938238177231
66378d000276e5d502065644613f64ab	d__Bacteria;p__Verrucomicrobiota;c__Verrucomicrobiae;o__Chthoniobacterales;f__Chthoniobacteraceae;g__Candidatus_Udaeobacter;s__	0.7360162606426008
5bce1c351b3158e2935748b222648fbe	d__Bacteria;p__Acidobacteriota;c__Acidobacteriae;o__Acidobacteriales;f__uncultured;g__uncultured;s__	0.8843913668268518
2c1e9374bf02f22d41d0a210715376b9	d__Bacteria;p__Planctomycetota;c__Planctomycetes;o__Planctomycetales;f__uncultured;g__uncultured;s__	0.9764172511833015
f47a6a8b83ea69667bb536616036a086	d__Bacteria;p__Acidobacteriota;c__Blastocatellia;o__Elev-16S-573;f__Elev-16S-573;g__Elev-16S-573;s__	0.8937838396216036
ee303e1873fa381313357214f472ee26	d__Bacteria;p__Patescibacteria;c__Gracilibacteria;o__Candidatus_Peribacteria;f__Candidatus_Peribacteria;g__Candidatus_Peribacteria;s__	0.9556012079165297
08da741195cec38b05cccce459e3dc02	d__Bacteria;p__Verrucomicrobiota;c__Verrucomicrobiae;o__Chthoniobacterales;f__Chthoniobacteraceae;g__Candidatus_Udaeobacter;s__	0.8645331550936239
dd53a7d8d1c22a75bcd113908fc506d3	d__Bacteria;p__Gemmatimonadota;c__Gemmatimonadetes;o__Gemmatimonadales;f__Gemmatimonadaceae;g__uncultured;s__	0.7192938131355835
1c16d247de57463b51482df7c87cca78	d__Bacteria;p__Chloroflexi;c__TK10;o__TK10;f__TK10;g__TK10;s__	0.9327081411999383
f21cf6179d8d6dd9c4253650062b57b9	d__Bacteria;p__Gemmatimonadota;c__Gemmatimonadetes;o__Gemmatimonadales;f__Gemmatimonadaceae;g__uncultured;s__	0.9860375218387142
bd2f729d77255000ef56a023c6bf9092	d__Bacteria;p__Acidobacteriota	0.785532015583496
0321b56df6905b7f5af458110d164a3f	d__Bacteria;p__Proteobacteria;c__Gammaproteobacteria	0.9015678985822861
0a15e9b3dd6bda2cbce9f1c1ae0ba3a5	d__Bacteria	0.9999213178967867
3257c96ef7a5e92005b25eda4fe10e0d	d__Bacteria;p__Proteobacteria;c__Alphaproteobacteria	0.7961471215261398
43db6c6fc883cb6b3aebcc2b9281f31a	d__Bacteria;p__Patescibacteria;c__Parcubacteria;o__Parcubacteria;f__Parcubacteria;g__Parcubacteria;s__	0.9996285943536823
d43b550d98d8ea15f106805dd835bb21	d__Bacteria;p__Chloroflexi;c__Ktedonobacteria;o__Ktedonobacterales;f__Ktedonobacteraceae;g__JG30a-KF-32;s__	0.9599845193033786
252b34922079f7152663c8aac813d9ed	d__Bacteria;p__Acidobacteriota;c__Acidobacteriae;o__Bryobacterales;f__Bryobacteraceae;g__Bryobacter;s__	0.932690847033836
af7eef4a64d1dba935bfa7b5398c83df	d__Bacteria;p__Bacteroidota;c__Bacteroidia;o__Chitinophagales;f__Chitinophagaceae;g__uncultured;s__	0.9210610599329323
e2447de22c28b44dcbafc8c6a55f587e	d__Bacteria;p__Planctomycetota;c__Planctomycetes;o__Gemmatales;f__Gemmataceae;g__Gemmata;s__	0.8332221920003863
a1267a2e2520b2dad088a94bb184576e	d__Bacteria;p__Chloroflexi;c__TK10;o__TK10;f__TK10;g__TK10;s__	0.9718245393168752
a0137e542fe9a4d5588c60a57de242b2	d__Bacteria;p__Verrucomicrobiota;c__Verrucomicrobiae;o__Chthoniobacterales;f__Chthoniobacteraceae;g__Candidatus_Udaeobacter;s__	0.8511571627174368
505de186b5dbdc53b11ebbba24ad66fd	d__Bacteria;p__Bacteroidota;c__Bacteroidia;o__Chitinophagales;f__uncultured;g__uncultured;s__	0.7771202752588205
35633be220b754eae0d6d20ffcdce46e	d__Bacteria;p__Acidobacteriota;c__Holophagae;o__Subgroup_7;f__Subgroup_7;g__Subgroup_7;s__	0.999996681009969
f2e72cd84458d13b35c20693421c1db1	d__Bacteria	0.9992563961246885
4a1e858b615bdb9dbc22a8d3b08c493e	d__Bacteria;p__Verrucomicrobiota;c__Verrucomicrobiae;o__Chthoniobacterales;f__Chthoniobacteraceae;g__Candidatus_Udaeobacter;s__	0.9881501146725231
bfdc39f558b20fa679f3c4830b22c402	d__Bacteria;p__Actinobacteriota;c__Acidimicrobiia;o__IMCC26256;f__IMCC26256;g__IMCC26256;s__	0.9730261065159773
7ae4d0c287d47618f3985458c0198de9	d__Bacteria;p__Patescibacteria;c__Parcubacteria	0.7987469472782437
44ad29cce93ae7c7c47ec35c6cd6e464	d__Bacteria;p__Bacteroidota;c__Bacteroidia;o__Chitinophagales;f__Chitinophagaceae;g__uncultured;s__	0.9246485449880059
817b2ca5af064311aceb12af3b427bd5	d__Bacteria;p__Acidobacteriota;c__Blastocatellia;o__Blastocatellales;f__Blastocatellaceae;g__JGI_0001001-H03;s__	0.7055365075308063
40d19e5b02848743900ff01f4bee03c2	d__Bacteria;p__Verrucomicrobiota;c__Chlamydiae;o__Chlamydiales;f__Parachlamydiaceae	0.756912058304497
42f59eda1e88b79df4c81c918d764668	d__Bacteria;p__Proteobacteria;c__Gammaproteobacteria;o__Burkholderiales	0.9997484409267601
4f14143bfa67b9c8ca502472a3b87f84	d__Bacteria	0.9997481469848188
fa245fe2679576dad57eea4c0e8a15f4	d__Bacteria;p__WPS-2;c__WPS-2;o__WPS-2;f__WPS-2;g__WPS-2;s__	0.9999159808481304
cc515c35137419d4859ac1f63515188c	d__Bacteria;p__Proteobacteria;c__Gammaproteobacteria;o__Xanthomonadales;f__Xanthomonadaceae	0.9850181839018488
5c939ca2c951491e53f751ae1e1a2d32	d__Bacteria;p__Acidobacteriota;c__Acidobacteriae;o__Bryobacterales;f__Bryobacteraceae;g__Bryobacter;s__	0.707271510180482
96d1bd14e16348b5860ffecb0b48b83d	d__Bacteria;p__Chloroflexi	0.8465696805666931
47623d7645773aac7ce0eda2d5f1bdb7	d__Bacteria;p__Acidobacteriota;c__Blastocatellia;o__Blastocatellales;f__Blastocatellaceae	0.7642648760025275
a24497e3edf095effdbec91b2afab1ad	d__Bacteria;p__Chloroflexi;c__Ktedonobacteria;o__C0119;f__C0119;g__C0119;s__	0.9942191403896822
74646a5dedf96df1d04a01fc180f1d46	d__Bacteria	0.9999899191206472
e5420c130e6becd5ff7d5ebf885ab914	d__Bacteria;p__Proteobacteria;c__Gammaproteobacteria;o__Xanthomonadales;f__Xanthomonadaceae;g__uncultured;s__	0.8694473007513323
107e60b13cf63f965d51b63595dbc2e7	d__Bacteria;p__Bdellovibrionota;c__Oligoflexia;o__0319-6G20;f__0319-6G20;g__0319-6G20;s__	0.9654022431404216
43f2b435bfaded004377a13a379093cf	d__Bacteria;p__Proteobacteria;c__Gammaproteobacteria;o__Xanthomonadales;f__Xanthomonadaceae	0.7470923730231482
8dc96148a15e646ffc326262d22e2938	d__Bacteria;p__Patescibacteria;c__Parcubacteria;o__Parcubacteria;f__Parcubacteria;g__Parcubacteria;s__	0.7658632466326412
6b3320fb866057c3a049ed6f778654d7	d__Bacteria	0.9999982182371134
5ba4be0a16a93d98f5111e04409bcc7e	d__Bacteria;p__Acidobacteriota;c__Holophagae;o__Subgroup_7;f__Subgroup_7;g__Subgroup_7;s__	0.9740686193526937
727dc66e6c64d5bfff4d859a933e333f	d__Bacteria;p__Planctomycetota;c__Planctomycetes;o__Planctomycetales;f__uncultured;g__uncultured;s__	0.9870994281600686
90f145b4020af7f6165d11463698228d	d__Bacteria;p__Verrucomicrobiota;c__Verrucomicrobiae;o__Chthoniobacterales;f__Chthoniobacteraceae;g__Candidatus_Udaeobacter;s__	0.9834602345808546
6e0c6dd1a4e4548ccde23df74d069a35	d__Bacteria;p__Proteobacteria;c__Alphaproteobacteria	0.7643514100745394
d2647f983c87a1b34ffbaaec531d4235	d__Bacteria	0.9997676443296191
ed3043ea83edaff859721506b1847967	d__Bacteria;p__Verrucomicrobiota;c__Verrucomicrobiae;o__Chthoniobacterales;f__Chthoniobacteraceae;g__Candidatus_Udaeobacter;s__	0.9861129188510621
4b26fd3775a29b8a6f9d0093f43f70d8	d__Bacteria;p__Chloroflexi;c__KD4-96;o__KD4-96;f__KD4-96;g__KD4-96;s__	0.999440218317969
50b4ae8f3975e07a84643779d5344f41	d__Bacteria;p__Acidobacteriota;c__Blastocatellia;o__Blastocatellales;f__Blastocatellaceae;g__JGI_0001001-H03;s__	0.8164310647299308
cf8d743f5c818bb55f17a92607c7ac3c	d__Bacteria;p__Proteobacteria;c__Gammaproteobacteria;o__Burkholderiales;f__Nitrosomonadaceae;g__MND1;s__	0.8893728895653948
50e92c7af651796c33619567aa5d9382	d__Bacteria;p__Chloroflexi;c__Anaerolineae;o__SBR1031;f__A4b;g__A4b;s__	0.9372251677968709
937427b406eb6d91e8bc68a6afd141d2	d__Bacteria;p__Acidobacteriota;c__Acidobacteriae;o__Bryobacterales;f__Bryobacteraceae;g__Bryobacter;s__	0.9950215756090633
73a7fd0b8c4dbea1eacc21cf855c5a08	d__Bacteria;p__Bacteroidota;c__Bacteroidia	0.9924711014287232
72ad8873d96f2cb20fdd2dbaed6c131d	d__Bacteria;p__Proteobacteria;c__Alphaproteobacteria;o__Sphingomonadales;f__Sphingomonadaceae;g__Sphingomonas;s__	0.9876385671658904
2965aedb757ae4113ca97a7b0d450ac4	d__Bacteria;p__Acidobacteriota;c__Acidobacteriae;o__Solibacterales;f__Solibacteraceae;g__Candidatus_Solibacter;s__	0.8442657651642214
41eb1b74cee1cd2886ab82d41071072d	d__Bacteria;p__Actinobacteriota;c__Actinobacteria;o__Corynebacteriales;f__Nocardiaceae;g__Rhodococcus;s__	0.8980027262786081
2ba1baa5e1c9df1e00d9265d50582137	d__Bacteria;p__Patescibacteria	0.9707343146001013
8a584c50376f72ab56042772ab2f21f1	d__Bacteria	0.9999826256010775
70c8940fe40c22e477160f39dd19d112	d__Bacteria;p__Chloroflexi;c__Ktedonobacteria;o__Ktedonobacterales;f__Ktedonobacteraceae;g__JG30a-KF-32;s__	0.9945891960617989
b55877c70d4d88f02cf268b441b8cc0f	d__Bacteria	0.9999992564959453
698d6890620c4c286ba4f1a23f7e703a	d__Bacteria;p__Chloroflexi;c__Chloroflexia;o__Kallotenuales;f__AKIW781;g__AKIW781;s__	0.9247765831511854
5908a4ec3db801cdc49b9efd84a6ceab	d__Bacteria;p__Acidobacteriota;c__Holophagae;o__Subgroup_7;f__Subgroup_7;g__Subgroup_7;s__	0.9979658433245359
c7ac474c8016c0a330153369f33be6f6	d__Bacteria;p__Proteobacteria;c__Gammaproteobacteria;o__Burkholderiales;f__A21b;g__A21b;s__	0.9822737801666921
eaa7b1a7a81ac9840dc6de12a877b7dc	d__Bacteria;p__Acidobacteriota;c__Acidobacteriae;o__Bryobacterales;f__Bryobacteraceae;g__Bryobacter;s__	0.9596243294771007
6a4920d68b3f4fda3db151061d2a3132	d__Bacteria;p__Proteobacteria;c__Gammaproteobacteria	0.9018104315866164
d232fe4b3953276b5c0738f21f6ebff9	d__Bacteria;p__Proteobacteria;c__Alphaproteobacteria;o__Rickettsiales;f__SM2D12;g__SM2D12;s__	0.9698820842179731
7a0fbd25a54d129e8f382b942d15a7e4	d__Bacteria;p__Myxococcota;c__Polyangia;o__Polyangiales;f__Phaselicystidaceae;g__Phaselicystis;s__	0.7886854583109568
542403a75eaae41dd16b9931cbe4574a	d__Bacteria;p__Proteobacteria;c__Gammaproteobacteria;o__Xanthomonadales;f__Rhodanobacteraceae;g__Rhodanobacter;s__	0.9300811439353471
7eaf59da636a2478f77597f7c153de92	d__Bacteria;p__Acidobacteriota;c__Holophagae;o__Subgroup_7;f__Subgroup_7;g__Subgroup_7;s__	0.9913571519114776
e1363722199f21b46cea534582e3fb3b	d__Bacteria;p__Verrucomicrobiota;c__Verrucomicrobiae;o__Chthoniobacterales;f__Chthoniobacteraceae;g__Candidatus_Udaeobacter;s__	0.92339411041038
2504c12d605d09adeccc29d8e47deb0a	d__Bacteria	0.9994419210669013
986de34c85d532b77e31c101b77fb228	d__Bacteria;p__Proteobacteria;c__Gammaproteobacteria;o__Burkholderiales	0.9573916547228998
322d353bab87258f6f1fdb1dad19b45b	d__Bacteria;p__Verrucomicrobiota	0.7641113164084715
3f3b764c3d12d60e70cfcce129363341	d__Bacteria;p__Planctomycetota	0.7591419081416779
ad0247a7eb5e3af490b684782e096cb4	d__Bacteria;p__Verrucomicrobiota;c__Chlamydiae;o__Chlamydiales	0.9901227892917297
615df336c492d500c28593ad91127e52	d__Bacteria;p__Planctomycetota;c__Planctomycetes;o__Gemmatales;f__Gemmataceae	0.8041877911146632
b90ffa3f96b0ce0e3ba27c0de3d242e4	d__Bacteria;p__Chloroflexi;c__Ktedonobacteria;o__Ktedonobacterales;f__Ktedonobacteraceae;g__JG30a-KF-32;s__	0.9999934006432388
232a9aba2aa415a97ebc1d8c6c8c60dd	d__Bacteria;p__Chloroflexi;c__KD4-96;o__KD4-96;f__KD4-96;g__KD4-96;s__	0.9212881913764661
0ffd3f037df5b97a8aa86cac199af504	d__Bacteria;p__Acidobacteriota;c__Acidobacteriae;o__Bryobacterales;f__Bryobacteraceae;g__Bryobacter;s__	0.8598470639289623
b452f16f0d1b2426e4e712ae6314ad53	d__Bacteria;p__Proteobacteria;c__Gammaproteobacteria;o__Diplorickettsiales;f__Diplorickettsiaceae;g__uncultured;s__	0.9684398810418254
df2436d602d07868b8e081a262b5c5b2	d__Bacteria;p__Acidobacteriota;c__Holophagae;o__Subgroup_7;f__Subgroup_7;g__Subgroup_7;s__	0.9927275274133578
ff39033f27458f1f445af5b32d02a66e	d__Bacteria;p__Acidobacteriota;c__Acidobacteriae;o__Acidobacteriales;f__uncultured;g__uncultured;s__	0.9829644125150169
1f6e499e484cbe583506cf8015a56d72	d__Bacteria	0.9999301881370897
55f8efd90596bccaa289ce2128d2024c	d__Bacteria;p__Proteobacteria;c__Alphaproteobacteria;o__Rhizobiales;f__Xanthobacteraceae;g__Bradyrhizobium;s__	0.9227658058243182
b314cc6fab7611a90137c8d079d95f7d	d__Bacteria;p__Proteobacteria;c__Gammaproteobacteria;o__Xanthomonadales;f__Xanthomonadaceae	0.7546406387283631
967162edb147848928e3b6ecc9ac1363	d__Bacteria;p__Proteobacteria;c__Gammaproteobacteria;o__Gammaproteobacteria_Incertae_Sedis;f__Unknown_Family;g__Unknown_Family;s__	0.9834832699468739
01b932a6db970d0fcb942fed6191f5e2	d__Bacteria;p__Verrucomicrobiota;c__Chlamydiae;o__Chlamydiales;f__Parachlamydiaceae	0.8368701443589052
f4d553bf15ace350e2e07f266fdcb69f	d__Bacteria;p__Bacteroidota;c__Bacteroidia	0.9999872749241475
5e77b71b1c74acb1baba159e707a9dab	d__Bacteria;p__Gemmatimonadota;c__Gemmatimonadetes;o__Gemmatimonadales;f__Gemmatimonadaceae;g__uncultured;s__	0.9124189556071418
ebf5159385785605580bc9ac54c2d96a	d__Bacteria;p__Proteobacteria;c__Gammaproteobacteria;o__Burkholderiales;f__SC-I-84;g__SC-I-84;s__	0.9502001433399623
a66b85c5375667ded2e184310771e5d9	d__Bacteria;p__Acidobacteriota;c__Acidobacteriae;o__Acidobacteriales;f__uncultured;g__uncultured;s__	0.9746485677058124
b22200fbe180b54cfee71f7a6cafa85a	d__Bacteria;p__Patescibacteria;c__Saccharimonadia;o__Saccharimonadales;f__Saccharimonadales;g__Saccharimonadales;s__	0.8422035783079026
81a6688b189c99132c24081639622c70	d__Bacteria;p__Proteobacteria;c__Alphaproteobacteria;o__Reyranellales;f__Reyranellaceae;g__Reyranella;s__	0.996211226194316
3e61f44fd0578ead04496b9cad276c63	d__Bacteria;p__Gemmatimonadota;c__Gemmatimonadetes;o__Gemmatimonadales;f__Gemmatimonadaceae;g__uncultured;s__	0.9485125594567391
011358ce49e603cf6be61ddc56405a70	d__Bacteria;p__Proteobacteria;c__Gammaproteobacteria	0.7214256562116032
eacf98b82fcbef287dab39a3a77001a4	d__Bacteria;p__Acidobacteriota;c__Acidobacteriae;o__Acidobacteriales;f__uncultured;g__uncultured;s__	0.8278272116572698
f3f19570e6d8ada7aaf4f67856c87702	d__Bacteria;p__Acidobacteriota;c__Holophagae;o__Subgroup_7;f__Subgroup_7;g__Subgroup_7;s__	0.9956351852634163
c8d0e3a24c60bbaec3675930b7c4a8d2	d__Bacteria;p__Chloroflexi;c__AD3;o__AD3;f__AD3;g__AD3;s__	0.9467053622751707
384c621596c59374698cc6f195ec25c4	d__Bacteria;p__Armatimonadota;c__Fimbriimonadia;o__Fimbriimonadales;f__Fimbriimonadaceae;g__Fimbriimonadaceae;s__	0.9997758637667183
2fdc39fa06f0aa7bfc72b9190f7bb39e	d__Bacteria;p__Acidobacteriota;c__Acidobacteriae;o__Acidobacteriales;f__Acidobacteriaceae_(Subgroup_1);g__uncultured;s__	0.7666961138983738
81a34b058cd968ee4db5779c461446a0	d__Bacteria;p__Patescibacteria;c__Microgenomatia;o__Candidatus_Daviesbacteria;f__Candidatus_Daviesbacteria;g__Candidatus_Daviesbacteria;s__	0.9423167942115573
8304d47305c3d5aaf20e364c1d3d6cf9	d__Bacteria;p__Verrucomicrobiota;c__Chlamydiae;o__Chlamydiales	0.796827725184246
0af7b3d0b0fce20c3c1b106414044f1c	d__Bacteria;p__Bacteroidota;c__Kapabacteria;o__Kapabacteriales;f__Kapabacteriales;g__Kapabacteriales;s__	0.9585037656486338
017f76183295b9992fb10e24399d1b94	d__Bacteria;p__Proteobacteria;c__Alphaproteobacteria;o__Rickettsiales;f__Mitochondria;g__Mitochondria;s__	0.7178870269619778
595abd6b67422b36f7b4a5094b9e0297	d__Bacteria;p__Acidobacteriota;c__Acidobacteriae;o__Subgroup_2;f__Subgroup_2;g__Subgroup_2;s__	0.9999222606293557
735a0bb0498be9cd533ac05ae83be611	d__Bacteria;p__Acidobacteriota;c__Acidobacteriae;o__Bryobacterales;f__Bryobacteraceae;g__Bryobacter;s__	0.8396114191031401
c4a7fc5b3aa773243352fa02f992f4ad	d__Bacteria;p__Patescibacteria;c__Microgenomatia;o__Candidatus_Daviesbacteria;f__Candidatus_Daviesbacteria;g__Candidatus_Daviesbacteria;s__	0.9999237491798416
c3bf778ad45d5cec348c4a8d1d3f9178	d__Bacteria;p__Patescibacteria;c__Parcubacteria;o__Candidatus_Nomurabacteria;f__Candidatus_Nomurabacteria;g__Candidatus_Nomurabacteria;s__	0.8825767262341803
fe1e10e6766665dcbdb71a5511110fcd	d__Bacteria;p__Verrucomicrobiota;c__Verrucomicrobiae;o__Chthoniobacterales;f__Chthoniobacteraceae;g__Candidatus_Udaeobacter;s__	0.8885412116406137
3574b60bec0475f3db22f5c613d9778d	d__Bacteria;p__Acidobacteriota;c__Holophagae;o__Subgroup_7;f__Subgroup_7;g__Subgroup_7;s__	0.9024529976352791
e8040da987fcef5351cd654d042bbc6d	d__Bacteria	0.9999677002928911
37a4b45ef262ee918c60ca55103a0ea0	d__Bacteria;p__Verrucomicrobiota;c__Chlamydiae;o__Chlamydiales	0.9809096639966927
9bbaa11860e465ada8634aa9738e7ddb	d__Bacteria	0.9975988969163015
1255214ec739c9ef2c52ce48dca7dd47	d__Bacteria	0.9990334972026569
a386b1557b43ecf97a45afbc006cab92	d__Bacteria;p__Patescibacteria;c__Microgenomatia;o__Candidatus_Levybacteria;f__Candidatus_Levybacteria;g__Candidatus_Levybacteria;s__	0.9999652355037905
8eda915188469140020e0cf0776b46e0	d__Bacteria;p__Patescibacteria;c__Saccharimonadia;o__Saccharimonadales;f__Saccharimonadales;g__Saccharimonadales;s__	0.9113795535866325
d489c65a5e3c3d58a8f3efb838085e27	d__Bacteria;p__Acidobacteriota;c__Blastocatellia;o__Pyrinomonadales;f__Pyrinomonadaceae;g__RB41;s__	0.9999537030666478
2fe8e142712cec7fc8d929279e7f0a11	d__Bacteria;p__Acidobacteriota;c__Holophagae;o__Subgroup_7;f__Subgroup_7;g__Subgroup_7;s__	0.8750587105855471
f0cfab73fcaf25c3716d7fd955c2dead	d__Bacteria;p__Chloroflexi;c__Chloroflexia;o__Chloroflexales;f__Roseiflexaceae;g__uncultured;s__	0.9998546929597237
8690dccaf56f77ee5ba98bffaa264360	d__Bacteria;p__Bacteroidota;c__Bacteroidia;o__Chitinophagales;f__Chitinophagaceae;g__uncultured;s__	0.8953466781612353
30c58850e9d3e747d4d0e5e1c1281d51	d__Bacteria;p__Planctomycetota;c__Phycisphaerae;o__Tepidisphaerales;f__WD2101_soil_group;g__WD2101_soil_group;s__	0.999723061637847
a516c65c3f53baee8251cd30e5e15b18	d__Bacteria;p__Verrucomicrobiota;c__Verrucomicrobiae;o__Chthoniobacterales;f__Chthoniobacteraceae;g__Candidatus_Udaeobacter;s__	0.9803711379864558
9e70585d2b9704f1869400259e7b525f	d__Bacteria;p__Planctomycetota;c__Phycisphaerae;o__Tepidisphaerales;f__WD2101_soil_group;g__WD2101_soil_group;s__	0.9963621452609772
c17829a7257f7417a29857dcdbcae0fd	d__Bacteria;p__Patescibacteria;c__Berkelbacteria;o__Berkelbacteria;f__Berkelbacteria;g__Berkelbacteria;s__	0.9611028971654013
9421559e2d398e7d9c0107eea5bb3b3d	d__Bacteria;p__Armatimonadota;c__Armatimonadia;o__Armatimonadales;f__Armatimonadales;g__Armatimonadales;s__	0.9655221083316211
290753417014c5adcae671780ae5b7ca	d__Bacteria;p__Proteobacteria;c__Gammaproteobacteria;o__Burkholderiales;f__Nitrosomonadaceae;g__Ellin6067;s__	0.7657440056577179
1ce054f021a23910f1d0887b19131dd6	d__Bacteria;p__Proteobacteria;c__Alphaproteobacteria;o__Sphingomonadales;f__Sphingomonadaceae;g__Sphingomonas;s__	0.9464621982776271
a16d36e69afdf19613294ca169e2c049	d__Bacteria	0.9998220718513049
d8d8292ea1cde6b019692e183507147f	d__Bacteria;p__Planctomycetota;c__Planctomycetes;o__Planctomycetales;f__uncultured;g__uncultured;s__	0.9971660858790165
2af3ff4915c09414fd9c124353df796b	d__Bacteria	0.9996210780689752
6cacd3b6596194505190e8a42afca7eb	d__Bacteria	0.9999715714972786
8e3aa63bdbe486801278038273f215a1	d__Bacteria;p__Verrucomicrobiota;c__Verrucomicrobiae;o__Chthoniobacterales;f__Chthoniobacteraceae;g__Candidatus_Udaeobacter;s__	0.9720220152391252
56de62e5110ba3f9f33405373a868c9b	d__Bacteria;p__Acidobacteriota;c__Acidobacteriae;o__Acidobacteriales	0.7102185690839136
8cc61a34ae56aca05a5092e79e72fb50	d__Bacteria;p__Acidobacteriota;c__Thermoanaerobaculia;o__Thermoanaerobaculales;f__Thermoanaerobaculaceae;g__Subgroup_10;s__	0.9863545169526614
e0ae4800adfcc7c5ee6a6615fe0ac26f	d__Bacteria;p__Proteobacteria;c__Alphaproteobacteria;o__Rickettsiales;f__SM2D12;g__SM2D12;s__	0.7462553767467235
7828bd1acc049e93eaabf4e4b8755014	d__Bacteria;p__Verrucomicrobiota;c__Verrucomicrobiae;o__Chthoniobacterales;f__Chthoniobacteraceae;g__Candidatus_Udaeobacter;s__	0.8745504882952851
53cbc934d6757e1bc6e7e23b9aad28ec	d__Bacteria;p__Chloroflexi;c__Ktedonobacteria;o__Ktedonobacterales;f__Ktedonobacteraceae	0.9230681623446187
e5783fbc17d65a7240b32291765db631	d__Bacteria;p__Patescibacteria;c__Berkelbacteria;o__Berkelbacteria;f__Berkelbacteria;g__Berkelbacteria;s__	0.9624458939021382
71af1d60c022eb38bd18aa5fc4b70f8b	d__Bacteria;p__Planctomycetota;c__Planctomycetes;o__Planctomycetales;f__uncultured;g__uncultured;s__	0.9250228873478437
c214eb386ddb7d89db3b9e6c93dc88c5	d__Bacteria;p__Planctomycetota;c__Phycisphaerae;o__Tepidisphaerales;f__WD2101_soil_group;g__WD2101_soil_group;s__	0.9628496514077098
5d1e72419e2477d761bbbb79dcdc2169	d__Bacteria;p__Planctomycetota;c__Phycisphaerae;o__Tepidisphaerales;f__WD2101_soil_group;g__WD2101_soil_group;s__	0.9986329543946592
8dd7c373e494cc1a36d7e8ce2f0275f8	d__Bacteria;p__WPS-2;c__WPS-2;o__WPS-2;f__WPS-2;g__WPS-2;s__	0.9986679842753297
61e46c4da6e86c8eee39d826c6a8d9d9	d__Bacteria;p__Proteobacteria;c__Alphaproteobacteria	0.9712642159825615
f2b30fe9da3c143003ac5b9371eb56ee	d__Bacteria	0.9997884392095181
b1853dcb47b324d39f98de1830e2fa28	d__Bacteria;p__Actinobacteriota;c__Actinobacteria;o__Propionibacteriales;f__Nocardioidaceae	0.900909437448343
d59b4f5ac7310df603dcc074543e761f	d__Bacteria;p__Chloroflexi	0.8014623685928935
17c63e011395c8a359bdd59543635a96	d__Bacteria;p__Acidobacteriota;c__Blastocatellia;o__Elev-16S-573;f__Elev-16S-573;g__Elev-16S-573;s__	0.9773578366569076
6fbb2eee7236589f01e78784ba1d432c	d__Bacteria;p__Bacteroidota;c__Bacteroidia;o__Chitinophagales;f__Chitinophagaceae;g__uncultured;s__	0.9938787058013115
5005d0b7a81e18f7bf26b054c1d12710	d__Bacteria;p__Bacteroidota;c__Bacteroidia;o__Sphingobacteriales;f__env.OPS_17;g__env.OPS_17;s__	0.9921230519847558
9650dad7523d357b2a771daca6dc85b2	d__Bacteria;p__Patescibacteria;c__Parcubacteria	0.803769552558529
01ab0727081439e1fceebc299de4dce2	d__Bacteria;p__Gemmatimonadota;c__Gemmatimonadetes;o__Gemmatimonadales;f__Gemmatimonadaceae;g__uncultured;s__	0.9976249933470369
df10af82629bfc77ae7cba630565c338	d__Bacteria;p__Bacteroidota;c__Bacteroidia;o__Chitinophagales;f__Chitinophagaceae;g__uncultured;s__	0.8218976567460534
717fc7d29681b85ef8f07e4dfb6205b9	d__Bacteria;p__Bdellovibrionota;c__Oligoflexia;o__0319-6G20;f__0319-6G20;g__0319-6G20;s__	0.9860074624518627
8c870de54cd97db199324eef4d9a6435	d__Bacteria;p__Chloroflexi;c__Anaerolineae	0.9767292339326008
848b6a7424c1e5fae89e6c58529d3acb	d__Bacteria;p__Bacteroidota;c__Bacteroidia;o__Chitinophagales;f__Chitinophagaceae;g__uncultured;s__	0.960106923105952
2b96006baec953a5bbc4e4c00524642a	d__Bacteria;p__Verrucomicrobiota;c__Verrucomicrobiae;o__Chthoniobacterales;f__Chthoniobacteraceae;g__Candidatus_Udaeobacter;s__	0.9948002982774482
3a8ed8a284eada890d6893cfa8726b83	d__Bacteria;p__Chloroflexi;c__Ktedonobacteria;o__Ktedonobacterales;f__Ktedonobacteraceae;g__JG30a-KF-32;s__	0.9686796456209693
7678eb5e74ee8d1eb9118a83d6232305	d__Bacteria;p__Actinobacteriota;c__Acidimicrobiia;o__IMCC26256;f__IMCC26256;g__IMCC26256;s__	0.9877506967689748
a2fed25c3daf5cf061ca0f5a4ed8ddaf	d__Bacteria	0.9999878251920087
dc7363f79947c430dc113cae4e7dc599	d__Bacteria;p__Proteobacteria;c__Alphaproteobacteria;o__Rhizobiales;f__Xanthobacteraceae	0.98673784300783
33deb7dcb340567e374ffa622a70b6ae	d__Bacteria;p__Bacteroidota	0.7911399366602683
9bfd5dd7b1db873e25b941895f5ba8d4	d__Bacteria;p__Verrucomicrobiota;c__Verrucomicrobiae;o__Chthoniobacterales;f__Chthoniobacteraceae;g__Candidatus_Udaeobacter;s__	0.7364293000279409
95cf04ded66c3efb9df05263f7c6aa5c	d__Bacteria;p__Acidobacteriota;c__Blastocatellia;o__Blastocatellales;f__Blastocatellaceae	0.7538105520420668
4bcac6b115861001b22e305ab44f4ae8	d__Bacteria;p__Chloroflexi;c__Ktedonobacteria;o__Ktedonobacterales;f__Ktedonobacteraceae;g__JG30a-KF-32;s__	0.9986485735646083
dfbddcf8ecbbc478a30aa820c063c5a4	d__Bacteria;p__Proteobacteria;c__Alphaproteobacteria;o__Rickettsiales;f__Mitochondria;g__Mitochondria;s__	0.9798522774570387
7b8127e1f45d54ad890b3f02cab21cc7	d__Bacteria;p__Proteobacteria;c__Alphaproteobacteria;o__Rhizobiales;f__Xanthobacteraceae	0.8463558195312554
32b5cce81d74b5b9963609cd07ec7e73	d__Bacteria;p__FCPU426;c__FCPU426;o__FCPU426;f__FCPU426;g__FCPU426;s__	0.9809576682257245
69c1318d4d3dfb70754925f75f4215d8	d__Bacteria;p__Proteobacteria;c__Alphaproteobacteria;o__Holosporales;f__Holosporaceae;g__uncultured;s__	0.9750105761979865
ce42a277ced0df842babe64e4cb0328a	d__Bacteria;p__Planctomycetota;c__Phycisphaerae;o__Tepidisphaerales;f__WD2101_soil_group;g__WD2101_soil_group;s__	0.9933099496264008
82c29a45dfc42661d504927f2fcfd6ee	d__Bacteria;p__Acidobacteriota;c__Acidobacteriae;o__Solibacterales;f__Solibacteraceae;g__Candidatus_Solibacter;s__	0.9965920826534043
b0f4b4d892cf9ffcfc7d3610512bc1b8	d__Bacteria;p__Chloroflexi;c__Chloroflexia;o__Elev-1554;f__Elev-1554;g__Elev-1554;s__	0.9958011078262349
05abbc125ed6fa9743e5a1e143902701	d__Bacteria;p__Patescibacteria	0.9812495358795337
42d35013e430afc541b0a6aeb973954f	d__Bacteria;p__Proteobacteria;c__Gammaproteobacteria;o__Diplorickettsiales;f__Diplorickettsiaceae;g__uncultured;s__	0.8944194906525607
91284f3f65cb8648ddfcb84eebafe1d1	d__Bacteria	0.999336095673361
d1b7c03a6c3bd306a7507cf575280a40	d__Bacteria;p__Acidobacteriota;c__Acidobacteriae;o__Bryobacterales;f__Bryobacteraceae;g__Bryobacter;s__	0.763700293526507
a1c07b590098020c9c6f4be093c32e77	d__Bacteria;p__Acidobacteriota;c__Acidobacteriae;o__Bryobacterales;f__Bryobacteraceae;g__Bryobacter;s__	0.9243013688085132
8edc2dc2ab9e2a309eb69cfb51be7aae	d__Bacteria;p__Verrucomicrobiota;c__Chlamydiae;o__Chlamydiales;f__Parachlamydiaceae;g__Neochlamydia;s__	0.9096370368695147
db2483ecc37046cb0a4edd818e9a0f88	d__Bacteria;p__Verrucomicrobiota;c__Verrucomicrobiae;o__Opitutales;f__Opitutaceae;g__Lacunisphaera;s__	0.9974608309318854
3a05b8b2361666335fb6bb9b830a1515	d__Bacteria;p__Proteobacteria;c__Alphaproteobacteria;o__Sphingomonadales;f__Sphingomonadaceae;g__Sphingomonas;s__	0.9487992542165827
3aa4fa87cc65c1971d153843e0d037be	d__Bacteria;p__Chloroflexi;c__Ktedonobacteria;o__Ktedonobacterales;f__Ktedonobacteraceae;g__JG30a-KF-32;s__	0.9987516801675563
5230a6ea24645b9a76759ac995e178c7	d__Bacteria	0.99909473966977
0225119dd1cb65c2d31e522e6b5ca39a	d__Bacteria;p__Chloroflexi;c__Ktedonobacteria;o__Ktedonobacterales;f__Ktedonobacteraceae;g__JG30a-KF-32;s__	0.9959667087736562
49f94d41ae01445be4458ea90dde25e3	d__Bacteria;p__Proteobacteria;c__Alphaproteobacteria;o__Rhizobiales;f__Xanthobacteraceae;g__uncultured;s__	0.7888855773123976
2be596b39d59f392ba1a09e332799de3	d__Bacteria	0.9999277055235335
eb51ce920ad8ccb8e5a65dca58c93ce6	d__Bacteria;p__Verrucomicrobiota;c__Verrucomicrobiae;o__Chthoniobacterales;f__Chthoniobacteraceae;g__Candidatus_Udaeobacter;s__	0.9869120359801258
21fa740033ede4e5410f52c1f5187310	d__Bacteria;p__Bacteroidota;c__Bacteroidia;o__Chitinophagales;f__Chitinophagaceae;g__uncultured;s__	0.988197102455789
a5a6f24384c0b81ed16074e71ac90d3f	d__Bacteria;p__Proteobacteria;c__Gammaproteobacteria;o__Pseudomonadales;f__Pseudomonadaceae;g__Pseudomonas;s__	0.9398553878038194
fda6d1881350f518cd8fd79614eecc06	d__Bacteria;p__Proteobacteria;c__Gammaproteobacteria;o__Gammaproteobacteria_Incertae_Sedis;f__Unknown_Family;g__Unknown_Family;s__	0.8966221867842763
85a86606dbb9a40f3f3219d1fe275d67	d__Bacteria;p__Planctomycetota;c__Planctomycetes;o__Gemmatales;f__Gemmataceae;g__uncultured;s__	0.8595246092832229
2671b1034c58aea738fc1336fab3f533	d__Bacteria	0.9995333322037014
c233edaf3ebb12dcf7d4306980b04e5c	d__Bacteria;p__Proteobacteria;c__Alphaproteobacteria;o__Rhizobiales;f__Xanthobacteraceae;g__Bradyrhizobium;s__	0.9306692954702996
b14e1fe87de2506ce4bbddf1bfd3b340	d__Bacteria;p__Proteobacteria;c__Gammaproteobacteria;o__Burkholderiales;f__Oxalobacteraceae	0.9431818653267434
046068007108c476106245a98ce0b3a5	d__Bacteria	0.9999910020665704
fc4c43beaa4e93bf4f7dac454c686fbc	d__Bacteria;p__Bacteroidota;c__Bacteroidia;o__Chitinophagales;f__Chitinophagaceae;g__uncultured;s__	0.7867822709493636
d209d5c544073aae5a5ffcd28024ffdd	d__Bacteria;p__Planctomycetota;c__Planctomycetes;o__Gemmatales;f__Gemmataceae;g__uncultured;s__	0.9715605966499723
6e9ecb32318a96551d4cec540959e96e	d__Bacteria;p__Verrucomicrobiota;c__Verrucomicrobiae;o__Chthoniobacterales;f__Chthoniobacteraceae	0.9295684284491519
a35437697f0d5bbe788f6c7e76b0643d	d__Bacteria;p__Proteobacteria;c__Alphaproteobacteria	0.9920806842816717
634edad658b4939f6e81915332ab8f3e	d__Bacteria;p__Patescibacteria;c__Parcubacteria;o__Candidatus_Kaiserbacteria;f__Candidatus_Kaiserbacteria;g__Candidatus_Kaiserbacteria;s__	0.9157698523698614
32c267f4f6bc9e9a15e431507f8361a6	d__Bacteria	0.9999708311940056
4d28c2cc495ac3485ea8aa0bdb890f6e	d__Bacteria;p__Proteobacteria;c__Gammaproteobacteria;o__Burkholderiales	0.9844790808927525
1716f8e2f233cb6c7868c33084bad7da	d__Bacteria;p__Verrucomicrobiota	0.74329082790128
640a605413cc41f137e6eeef1701caf0	d__Bacteria;p__Patescibacteria;c__Microgenomatia;o__Candidatus_Woesebacteria;f__Candidatus_Woesebacteria;g__Candidatus_Woesebacteria;s__	0.9699671890621764
671d4cc3f496000af17fb5a00d75efaf	d__Bacteria;p__Proteobacteria;c__Gammaproteobacteria;o__Burkholderiales;f__TRA3-20;g__TRA3-20;s__	0.9426877746723984
a24f7dd6ad7c211eac92c647eb8b3668	d__Bacteria;p__Chloroflexi;c__Ktedonobacteria;o__B12-WMSP1;f__B12-WMSP1;g__B12-WMSP1;s__	0.9884533212310566
9ee542de408310adb99877aba943eb0a	d__Bacteria	0.9999082832663708
7549b1d4b5706cd2663410857efb5800	d__Bacteria;p__Bacteroidota;c__Bacteroidia;o__Chitinophagales;f__Chitinophagaceae;g__uncultured;s__	0.971970913547634
03b2d2cd8469bf0b83e436ee22d6ad1e	d__Bacteria	0.9997546059843683
7eeeda80e00d04dbbdf07b685d33ad03	d__Bacteria;p__Proteobacteria;c__Gammaproteobacteria;o__Burkholderiales	0.9955066099850989
3f706300fc61fdc6a0cdbdac196f9d36	d__Bacteria;p__Patescibacteria;c__Parcubacteria	0.9253261536363963
159efc5673576b4f1e7aa00b75318b61	d__Bacteria	0.9999352812809497
a366997c1a6a9b2b8474e4af44585912	d__Bacteria;p__Chloroflexi;c__Anaerolineae;o__Anaerolineae;f__Anaerolineae;g__Anaerolineae;s__	0.9945327739542025
d333e0ac7bc244c426856acea0acb897	d__Bacteria;p__Chloroflexi;c__AD3;o__AD3;f__AD3;g__AD3;s__	0.7483533701230413
f8b380153f3f2f2a79f6e802a27f4e8f	d__Bacteria;p__Chloroflexi;c__Ktedonobacteria;o__Ktedonobacterales;f__Ktedonobacteraceae;g__G12-WMSP1;s__	0.7451101231461386
fc4e43738f13f305250f64583a176009	d__Bacteria	0.9993791778292114
4387269b7350137323dc0f50f6056991	d__Bacteria;p__Proteobacteria;c__Gammaproteobacteria;o__Burkholderiales	0.9962929847117177
b81930a2b2d0ff1f74c38f2940ab91f5	d__Bacteria;p__Patescibacteria;c__Saccharimonadia;o__Saccharimonadales	0.9929275591987724
9c8ad3ca76b84e99c6666320328f9bfd	d__Bacteria;p__Bacteroidota;c__Bacteroidia;o__Sphingobacteriales;f__Sphingobacteriaceae	0.923982945194128
799c8668d8a606ece09ed7f018bec0ed	d__Bacteria;p__Patescibacteria;c__Parcubacteria;o__Parcubacteria;f__Parcubacteria;g__Parcubacteria;s__	0.720287481092474
c015eab7531d54fdd1e3ca3e3fcb1326	d__Bacteria;p__Chloroflexi;c__Ktedonobacteria;o__Ktedonobacterales;f__Ktedonobacteraceae	0.7017367535521295
b5c9049b3bb45ccb22ecc07c0a75beee	d__Bacteria	0.9998156939973657
19f73d1813d42b4407e2752ca675d9ab	d__Bacteria	0.9999224317149026
ad5c4bf14c9a9cb7ab192da5cf232845	d__Bacteria;p__Actinobacteriota;c__Actinobacteria;o__Micrococcales;f__Microbacteriaceae	0.9244240993120806
22459be0a1e628bf61a5bbb2e99d5d1d	d__Bacteria;p__Patescibacteria;c__Saccharimonadia;o__Saccharimonadales;f__Saccharimonadales;g__Saccharimonadales;s__	0.9479355281533586
e1a86378d01fc81587470518543c14e0	d__Bacteria	0.9998996150265911
4a853895f97a6115f1793c805ae3b595	d__Bacteria;p__Acidobacteriota;c__Acidobacteriae	0.7746786089217554
9843f760013938d12710d813a7c15774	d__Bacteria;p__Proteobacteria;c__Gammaproteobacteria	0.9439272612847577
a0b6569cad2e03a30cddd335de0c4fcf	d__Bacteria	0.9997428736463921
893792c5514c96865a29bb0f2dcf9f88	d__Bacteria	0.9998246438895686
2b87ffc704e587aa1a847d8886c85f86	d__Bacteria;p__Acidobacteriota;c__Blastocatellia	0.9427993168911489
b12c789c92b006bf0ccfb7e9332b4df6	d__Bacteria;p__Bacteroidota;c__Bacteroidia;o__Chitinophagales;f__Chitinophagaceae;g__uncultured;s__	0.789449502725874
a9de82a3e5813e0fe40cc651ca985dd6	d__Bacteria;p__Proteobacteria;c__Gammaproteobacteria;o__Gammaproteobacteria_Incertae_Sedis;f__Unknown_Family;g__Unknown_Family;s__	0.7337982156236248
650ae0b16a9ae0b8dbf97f06ee66fbaa	d__Bacteria;p__Verrucomicrobiota;c__Verrucomicrobiae;o__Chthoniobacterales;f__Chthoniobacteraceae;g__Candidatus_Udaeobacter;s__	0.960169458671418
8ccf9f1c3606967b25978fe65ee3923f	d__Bacteria;p__Acidobacteriota;c__Acidobacteriae;o__Subgroup_2;f__Subgroup_2;g__Subgroup_2;s__	0.9947187186917406
a5ac53d04e595336b18977e7461b2fbe	d__Bacteria;p__Actinobacteriota;c__Actinobacteria;o__Streptomycetales;f__Streptomycetaceae;g__E1B-B3-114;s__	0.9004553717700424
9029fee62407cb5c618e5a3e4e923d37	d__Bacteria;p__Chloroflexi	0.756312214725691
c441e5cf9dbefc84814a5d0d66938f83	d__Bacteria;p__Proteobacteria;c__Gammaproteobacteria;o__Burkholderiales;f__Oxalobacteraceae;g__Massilia;s__	0.8728130972396612
696781f86d217cd7e86eeea3b349b72d	d__Bacteria;p__Proteobacteria;c__Gammaproteobacteria;o__Pseudomonadales;f__Pseudomonadaceae;g__Pseudomonas;s__	0.9521170350535987
0dbeb98853579022354173f377bfc9a0	d__Bacteria;p__Acidobacteriota;c__Holophagae;o__Subgroup_7;f__Subgroup_7;g__Subgroup_7;s__	0.9997300008281622
66a1aa4024af78a47a067bd9052622d1	d__Bacteria;p__Proteobacteria;c__Alphaproteobacteria	0.7335715469827634
58e9a6ac622e4372efe890bc66e70616	d__Bacteria;p__Proteobacteria;c__Alphaproteobacteria	0.8680561315929597
0082800d1d41e164e1b3c03bda35e365	d__Bacteria;p__Actinobacteriota;c__Actinobacteria;o__Propionibacteriales;f__Nocardioidaceae;g__Nocardioides;s__	0.9502380570572536
a582e868f44cad4f2acc343b48280b58	d__Bacteria;p__Chloroflexi;c__Ktedonobacteria;o__C0119;f__C0119;g__C0119;s__	0.9642990397675094
db08dd65550ba7b3089b23eaeb0260bb	d__Bacteria	0.9999616290587793
a83a203a8dcb2c3172b00b172d6156c1	d__Bacteria;p__Planctomycetota	0.7205945786606676
f63f656fa907faa52927a67d6d73899d	d__Bacteria;p__Patescibacteria;c__Parcubacteria	0.8316956130152806
56a94c992e3acb35c6c06c2f8d80aee9	d__Bacteria;p__Bacteroidota;c__Kapabacteria;o__Kapabacteriales;f__Kapabacteriales;g__Kapabacteriales;s__	0.8389909094626405
9248f38641be5982e763522b43c7d4f0	d__Bacteria;p__Chloroflexi;c__Anaerolineae;o__SBR1031	0.7163421568102561
1309ba3869f8383745d97bad9f825813	d__Bacteria;p__Patescibacteria;c__Saccharimonadia;o__Saccharimonadales;f__Saccharimonadaceae;g__TM7a;s__	0.7459310447189218
174f6c9e22da31164833b99d29be0299	d__Bacteria;p__Planctomycetota;c__Planctomycetes;o__Planctomycetales;f__uncultured;g__uncultured;s__	0.9784528254413225
6e36b8b470e4b3862afef0c1ab23af09	d__Bacteria;p__Bacteroidota;c__Bacteroidia;o__Sphingobacteriales;f__Sphingobacteriaceae	0.8380108487489821
bcb6423cb72b9d889e83dc03d85305af	d__Bacteria;p__Acidobacteriota;c__Blastocatellia;o__Elev-16S-573;f__Elev-16S-573;g__Elev-16S-573;s__	0.8819953423189648
fc7127651a6c56909215f1f6f3348a23	d__Bacteria;p__Chloroflexi;c__Ktedonobacteria;o__Ktedonobacterales;f__Ktedonobacteraceae;g__JG30a-KF-32;s__	0.9989187080526054
6271ff0c2a99bb6c414fe73a0f628eb6	d__Bacteria;p__WPS-2;c__WPS-2;o__WPS-2;f__WPS-2;g__WPS-2;s__	0.9980506817808971
5edc0df933b3c0c16cd04e1efe94a883	d__Bacteria;p__Verrucomicrobiota;c__Verrucomicrobiae;o__Chthoniobacterales;f__Chthoniobacteraceae;g__Candidatus_Udaeobacter;s__	0.9822002222490557
dabf1b17a2ec5d94c068f1a1289dace5	d__Bacteria	0.9998409601342977
1dba2a4a19df8e05fd50bfdaef97e35b	d__Bacteria;p__Verrucomicrobiota;c__Verrucomicrobiae;o__Chthoniobacterales;f__Chthoniobacteraceae;g__Candidatus_Udaeobacter;s__	0.7651129002118183
b567ce1f4c64650dd6b82ec02bef60b6	d__Bacteria;p__Actinobacteriota;c__Actinobacteria	0.7113327038762491
a85091eb60966ce08eb0bf5e4c47a050	d__Bacteria;p__Patescibacteria;c__Saccharimonadia;o__Saccharimonadales;f__Saccharimonadales;g__Saccharimonadales;s__	0.9285605819849727
73b735f62ddd8f6206a2cd11aac7b083	d__Bacteria;p__Planctomycetota;c__Planctomycetes;o__Gemmatales;f__Gemmataceae;g__Gemmata;s__	0.7897464907106782
fb103f43df83979b1c9ef1a3d4485d32	d__Bacteria;p__Actinobacteriota;c__Actinobacteria;o__Micrococcales;f__Intrasporangiaceae	0.7737474136417084
4d69ce6ca488f5330e5223c851aff0e6	d__Bacteria;p__Bacteroidota;c__Bacteroidia;o__Sphingobacteriales;f__env.OPS_17;g__env.OPS_17;s__	0.9918877490209285
c0668a487c9879869cad770164e8954c	d__Bacteria;p__Bacteroidota;c__Bacteroidia;o__Chitinophagales;f__Chitinophagaceae;g__uncultured;s__	0.9936754215042874
7b5a8083042fea68178489b25dfc4dd1	d__Bacteria;p__Proteobacteria;c__Alphaproteobacteria	0.8509570092593979
fea05d6a10a0efa43951d0c58a0bc7f1	d__Bacteria;p__Acidobacteriota;c__Acidobacteriae;o__Acidobacteriales;f__uncultured;g__uncultured;s__	0.9436177923965499
4bff6620700d6892ab1a28d762ebf38e	d__Bacteria;p__Chloroflexi;c__Anaerolineae	0.9692315989872473
933c5153640d7fe65041b9b99f0e4cc5	d__Bacteria;p__Gemmatimonadota;c__Gemmatimonadetes;o__Gemmatimonadales;f__Gemmatimonadaceae;g__uncultured;s__	0.9353395178065629
17d37860c9d4d2c77c05c051167a392d	d__Bacteria;p__Patescibacteria;c__WWE3;o__WWE3;f__WWE3;g__WWE3;s__	0.9954325011812664
d914c434288baa17ae35b7d98bc44800	d__Bacteria;p__Myxococcota;c__Polyangia;o__Polyangiales	0.9162829035654888
c5b7b5ed416c58400987aee117bfb87d	d__Bacteria;p__Verrucomicrobiota;c__Verrucomicrobiae;o__Pedosphaerales;f__Pedosphaeraceae;g__Pedosphaeraceae;s__	0.9450783376872115
1e9398919f7f0522547bacaf4d8e56f7	d__Bacteria	0.9999889503402376
5d204c3ab4b01bab67a819eec9256901	d__Bacteria;p__Patescibacteria;c__Saccharimonadia;o__Saccharimonadales	0.9929911673947855
ca3a18fbe9b1461a3dcf7c82643ff78b	d__Bacteria;p__Acidobacteriota;c__Acidobacteriae;o__Bryobacterales;f__Bryobacteraceae;g__Bryobacter;s__	0.8258326429835701
3e7f7d7a952bc8cb5cb7e333d589f596	d__Bacteria;p__Bacteroidota;c__Bacteroidia;o__Sphingobacteriales;f__env.OPS_17;g__env.OPS_17;s__	0.9662747508935984
40a5bad6550b7c06480fde936bd37096	d__Bacteria;p__Acidobacteriota;c__Acidobacteriae;o__Acidobacteriales;f__uncultured;g__uncultured;s__	0.9091719655288311
ce798bed336880fb3dc09c302d60eef6	d__Bacteria;p__Patescibacteria;c__Parcubacteria	0.9943853412286044
65d3ad53372bc8a3b22d7c0ff81436ad	d__Bacteria;p__Bacteroidota;c__Kapabacteria;o__Kapabacteriales;f__Kapabacteriales;g__Kapabacteriales;s__	0.8744844352990799
8f5d09f47b33ea6bb8f77f53dc1d5afd	d__Bacteria;p__Proteobacteria;c__Alphaproteobacteria;o__Caulobacterales;f__Caulobacteraceae	0.9211134553570981
150aec4ef9453d41a56fdad5f6edb545	d__Bacteria;p__Bacteroidota;c__Bacteroidia;o__Sphingobacteriales;f__Sphingobacteriaceae	0.8032267868725353
b9dcebbe8e53e602837d266c9b43adf1	d__Bacteria;p__Bdellovibrionota;c__Bdellovibrionia;o__Bdellovibrionales;f__Bdellovibrionaceae;g__Bdellovibrio;s__	0.9180861588483596
9b5d35153523efc0fd7cdb5b21e781e6	d__Bacteria;p__Verrucomicrobiota;c__Verrucomicrobiae;o__Chthoniobacterales;f__Chthoniobacteraceae;g__Candidatus_Udaeobacter;s__	0.8993152542291278
c3512463417c7fcc28cc006dcc2476ed	d__Bacteria;p__Planctomycetota;c__Planctomycetes;o__Planctomycetales;f__uncultured;g__uncultured;s__	0.9207767689398861
568c6580102d0e0fa2c5f11101b7a00a	d__Bacteria;p__Chloroflexi;c__Ktedonobacteria;o__Ktedonobacterales;f__Ktedonobacteraceae;g__uncultured;s__	0.9113109050827229
70ca099e715a3cdca7461ffa89944fb2	d__Bacteria;p__Chloroflexi	0.9639214244544808
86ac6655d203c55f2c1e6ce6f0aa1ed5	d__Bacteria;p__Patescibacteria;c__Saccharimonadia;o__Saccharimonadales;f__WWH38;g__WWH38;s__	0.9094549204093707
db94579803b53b59cf15ac20625d0851	d__Bacteria	0.9999478815441538
a27b83a917cf9c04b0c69d9e455f6667	d__Bacteria;p__Proteobacteria;c__Gammaproteobacteria;o__Burkholderiales	0.9626224276932663
927247df3742126d2f3c55561fac84d4	d__Bacteria;p__Acidobacteriota;c__Acidobacteriae;o__Acidobacteriales;f__uncultured;g__uncultured;s__	0.9485903936535246
bb0e391e4e08524141a4b27ed8d7c021	d__Bacteria;p__Patescibacteria	0.8485355396005861
8a332029e4d9c9c07c5add9cec6561df	d__Bacteria;p__Patescibacteria;c__Parcubacteria	0.917794774950039
ef49dd6e1424bec07c880e489d8a2bcc	d__Bacteria	0.9993768995302906
41f3c81430f6509695855f252484d957	d__Bacteria;p__Chloroflexi;c__Ktedonobacteria;o__Ktedonobacterales;f__Ktedonobacteraceae;g__JG30a-KF-32;s__	0.9933019135948099
a375bb92715123a6321b8c8bc9105a6f	d__Bacteria;p__Patescibacteria;c__Microgenomatia;o__Candidatus_Pacebacteria;f__Candidatus_Pacebacteria;g__Candidatus_Pacebacteria;s__	0.9258746908821377
3ec00f3389d14641fbafd731b67e6a87	d__Bacteria;p__Verrucomicrobiota;c__Verrucomicrobiae;o__Chthoniobacterales;f__Chthoniobacteraceae;g__Candidatus_Udaeobacter;s__	0.9067399122750198
f029d51829882da6668ae528bafe5eba	d__Bacteria;p__Acidobacteriota;c__Acidobacteriae;o__Acidobacteriales;f__Acidobacteriaceae_(Subgroup_1);g__uncultured;s__	0.7158325863299707
508d63d1b366025f55ae5c9c55a17695	d__Bacteria	0.9988177346105556
c068fafe54bf38e95f5344cd181d3cbf	d__Bacteria;p__Bdellovibrionota;c__Oligoflexia;o__Oligoflexales;f__Oligoflexaceae;g__uncultured;s__	0.9333523261451122
8c4e59437643dc6f915049c9abc202fb	d__Bacteria;p__Proteobacteria;c__Alphaproteobacteria;o__Micavibrionales	0.99887210854378
0ba1a86f49aba5e29ae8de0d1c86645b	d__Bacteria;p__Acidobacteriota;c__Holophagae;o__Subgroup_7;f__Subgroup_7;g__Subgroup_7;s__	0.9403296403747832
4f54012e7d8b7fc5783d8fb31787425b	d__Bacteria;p__Bacteroidota;c__Bacteroidia;o__Sphingobacteriales;f__Sphingobacteriaceae	0.9594987063772804
93dfe51463f22cfaa86dabac5554d1ad	d__Bacteria;p__Planctomycetota;c__Planctomycetes;o__Planctomycetales;f__uncultured;g__uncultured;s__	0.9988441082307968
1bc65f4d7080ce019535dfc7ff05df80	d__Bacteria;p__Chloroflexi;c__Anaerolineae;o__SBR1031	0.841684543947938
aef5146ae2d0dcb81535cb1d9a41b524	d__Bacteria;p__Actinobacteriota;c__Acidimicrobiia;o__uncultured;f__uncultured;g__uncultured;s__	0.874034472596948
f4fea5a2f2571882c07adfa5cec89abb	d__Bacteria	0.9999739617563983
20d441bb4be7dc51cf29768417532946	d__Bacteria;p__Planctomycetota;c__Phycisphaerae;o__Tepidisphaerales;f__WD2101_soil_group;g__WD2101_soil_group;s__	0.9950562711875001
5249ea05ac0957b2a3530d12f604493e	d__Bacteria;p__Bacteroidota;c__Bacteroidia;o__Sphingobacteriales;f__Sphingobacteriaceae;g__Mucilaginibacter;s__	0.9845001816901112
ed0bcbcda9d0873958e922d65ccf14ed	d__Bacteria;p__Cyanobacteria;c__Vampirivibrionia;o__Obscuribacterales;f__Obscuribacteraceae;g__Obscuribacteraceae;s__	0.9058848948541102
7c88e327f92e8edb8f920038ae2f85bd	d__Bacteria;p__Acidobacteriota;c__Blastocatellia	0.9994809589734108
67eafc368795446abdde4938156a64d4	d__Bacteria;p__Proteobacteria;c__Alphaproteobacteria	0.8529292331172527
67414f15e4f3ae1b198a7d40b0804e44	d__Bacteria;p__Patescibacteria;c__Saccharimonadia;o__Saccharimonadales;f__Saccharimonadales;g__Saccharimonadales;s__	0.9840951829158329
228568eaaaa8cbdc231a7709f7f6b57a	d__Bacteria;p__Bacteroidota;c__Bacteroidia;o__Sphingobacteriales;f__env.OPS_17;g__env.OPS_17;s__	0.9955171490863188
46dca6c94d15fe5d4bb6015162c812d5	d__Bacteria;p__Patescibacteria;c__Parcubacteria;o__Candidatus_Kaiserbacteria;f__Candidatus_Kaiserbacteria;g__Candidatus_Kaiserbacteria;s__	0.9986269473008752
229ef97a862832edb143c104c3963c96	d__Bacteria;p__Acidobacteriota;c__Acidobacteriae;o__Subgroup_2;f__Subgroup_2;g__Subgroup_2;s__	0.9912273261986523
d871a0635701c95ca92df74c05f93caf	d__Bacteria;p__Planctomycetota;c__Planctomycetes;o__Gemmatales;f__Gemmataceae;g__uncultured;s__	0.8810493402208681
25b16181e579b03b3804f36a9251bd47	d__Bacteria;p__Proteobacteria;c__Alphaproteobacteria	0.8562159330643351
59f4a1a6664249739d6d5aad98fe993d	d__Bacteria;p__Chloroflexi;c__OLB14;o__OLB14;f__OLB14;g__OLB14;s__	0.9952767650437728
6871a7d3730a3561faf415127fc17811	d__Bacteria;p__Proteobacteria;c__Alphaproteobacteria	0.7638384349150082
f5aff3cbed16bb6c45990a73a2a3a09d	d__Bacteria;p__Dependentiae;c__Babeliae;o__Babeliales	0.984781791958423
e37b3c8808b528b76d303be7b2d1b15a	d__Bacteria;p__Bacteroidota;c__Bacteroidia;o__Sphingobacteriales;f__Sphingobacteriaceae;g__uncultured;s__	0.831158497832835
4e9ef0c0339e73d7e2830536f806e48f	d__Bacteria;p__Acidobacteriota;c__Blastocatellia	0.7873529116587353
3118da58c669f888191c4f40a2e2015f	d__Bacteria;p__Patescibacteria	0.7051876810989137
2d806cd0650ba10722686688260e0c83	d__Bacteria	0.999839209248721
6665a54e7a6101d6a0536e223ce78265	d__Bacteria;p__Bacteroidota;c__Bacteroidia;o__Sphingobacteriales;f__Sphingobacteriaceae	0.8807537529057929
5062fad6252c0d64a557494ac26637e4	d__Bacteria;p__Gemmatimonadota;c__Gemmatimonadetes;o__Gemmatimonadales;f__Gemmatimonadaceae;g__uncultured;s__	0.8366855409670638
d1f341d8a29077e717352cd8d88a3376	d__Bacteria;p__Bacteroidota;c__Kapabacteria;o__Kapabacteriales;f__Kapabacteriales;g__Kapabacteriales;s__	0.9886890960335593
a0042060a8fb899d54bae37f467d1162	d__Bacteria;p__Verrucomicrobiota;c__Verrucomicrobiae;o__Chthoniobacterales;f__Chthoniobacteraceae;g__Candidatus_Udaeobacter;s__	0.9650104253745914
8be1bfffa41b6c563f032a3230de434b	d__Bacteria;p__Acidobacteriota;c__Acidobacteriae;o__Acidobacteriales;f__uncultured;g__uncultured;s__	0.9453283987866515
a6128531b54637b792729497d3440787	d__Bacteria;p__Bacteroidota;c__Kapabacteria;o__Kapabacteriales;f__Kapabacteriales;g__Kapabacteriales;s__	0.9967029608878731
6b40a27a5103865d1a5d7c8a8e0ce532	d__Bacteria;p__Gemmatimonadota;c__Gemmatimonadetes;o__Gemmatimonadales;f__Gemmatimonadaceae;g__uncultured;s__	0.7593242374309532
28f8a9345e46fd11126686dd5c784a1b	d__Bacteria	0.9999919059067712
d6b27c5c8060c84ad30740055fcb75cb	d__Bacteria	0.9975090144511644
cad25eced710fc1dee1f39338b10ef23	d__Bacteria;p__Verrucomicrobiota;c__Verrucomicrobiae;o__Chthoniobacterales;f__Chthoniobacteraceae;g__Candidatus_Udaeobacter;s__	0.8438724427570898
35b80fc90c1a399c27fff1e98e05f644	d__Bacteria;p__Proteobacteria;c__Alphaproteobacteria	0.9971386126512386
394f7101181ec0fee89ac3078a3ce680	d__Bacteria;p__Chloroflexi	0.8208036833612473
b57d62d9a74a12eddcd7d55e385277b6	d__Bacteria;p__Proteobacteria;c__Gammaproteobacteria;o__Burkholderiales	0.9996635096804778
520d08886b0c116f6d1c392a4ca27f3d	d__Bacteria;p__Verrucomicrobiota;c__Verrucomicrobiae;o__Chthoniobacterales;f__Chthoniobacteraceae;g__Candidatus_Udaeobacter;s__	0.9877763774064507
49412d7856d875d0f2f22bdc3d202d78	d__Bacteria;p__Proteobacteria;c__Gammaproteobacteria;o__Diplorickettsiales;f__Diplorickettsiaceae;g__uncultured;s__	0.979320891442258
7c72096045df487f214290aa7739e872	d__Bacteria;p__Chloroflexi;c__Ktedonobacteria;o__Ktedonobacterales;f__Ktedonobacteraceae	0.7061967710495816
c4cfbcf9ea0f8053f94bc25e46345c25	d__Bacteria;p__Proteobacteria;c__Gammaproteobacteria;o__Burkholderiales;f__Comamonadaceae	0.9967439391122987
e544a0c2c159b64dba2dabd2e1503a7c	d__Bacteria	0.9981724277441886
88986c96f737879835dd8fc086ffc10f	d__Bacteria;p__Myxococcota;c__Polyangia;o__Polyangiales;f__Polyangiaceae;g__Aetherobacter;s__	0.9233338265610436
d12b13cf2bca4abc2161ca1bdb93a4f1	d__Bacteria;p__Proteobacteria;c__Gammaproteobacteria;o__Pseudomonadales;f__Pseudomonadaceae;g__Pseudomonas;s__	0.9795178352473755
7727807c1951b737ddf11258edac1f00	d__Bacteria	0.9996770632239327
02ad26004c2e4d7d2edac5eecaddee05	d__Bacteria	0.9999139857339662
65f61029c86f04bb7adbb783db245a02	d__Bacteria;p__Planctomycetota	0.947297382910154
6fba2d256bf41ba5c1653499eb9e04ca	d__Bacteria;p__Bacteroidota;c__Bacteroidia;o__Chitinophagales;f__Chitinophagaceae;g__uncultured;s__	0.9806998355586637
5632b6ee123ff34b97324b58f0f5e62b	d__Bacteria;p__Bacteroidota;c__Bacteroidia	0.9922611512664127
327b615c01ad7b318870b1ebdda89d34	d__Bacteria;p__Gemmatimonadota;c__Gemmatimonadetes;o__Gemmatimonadales;f__Gemmatimonadaceae;g__Gemmatimonas;s__	0.7003223174284136
dac3b9093c67a3ef7e46f5c942104a8d	d__Bacteria;p__Bacteroidota;c__Bacteroidia;o__Chitinophagales;f__Chitinophagaceae;g__uncultured;s__	0.8750898257716306
d8b0ea36416fe2c99c27f3e5ea67fdeb	d__Bacteria;p__Bacteroidota;c__Bacteroidia;o__Chitinophagales;f__Chitinophagaceae	0.9999822354549609
9c4e9e97f7cee8da260566d7f79fab00	d__Bacteria	0.9997189273476591
af32da1a076648691562bb8cd6e580aa	d__Bacteria;p__Chloroflexi	0.7051952065235111
882c0400d17837d25183eae761be23e7	d__Bacteria;p__Acidobacteriota;c__Blastocatellia;o__Blastocatellales;f__Blastocatellaceae	0.967756609961181
d2deeacfef990cd9214cbfdba1d4014a	d__Bacteria;p__Myxococcota;c__Polyangia;o__Haliangiales;f__Haliangiaceae;g__Haliangium;s__	0.9100290932014444
f15dc6500dc3f9bd28ff6999e1274f9d	d__Bacteria;p__Planctomycetota;c__Phycisphaerae;o__Tepidisphaerales;f__WD2101_soil_group;g__WD2101_soil_group;s__	0.9997748096891599
be4a3dee1dbce3cf8a1bd109be9e6cf8	d__Bacteria;p__Patescibacteria;c__Parcubacteria;o__Candidatus_Kaiserbacteria;f__Candidatus_Kaiserbacteria;g__Candidatus_Kaiserbacteria;s__	0.80300269900731
4feb33cc2ef2086b922420d7f50d6a20	d__Bacteria	0.9999756229789347
81721c74d4e905311772c6db20203155	d__Bacteria;p__Acidobacteriota;c__Blastocatellia;o__Blastocatellales;f__Blastocatellaceae	0.9713517062588861
39cfd78b830ae247fb322cfcc10e6f76	d__Bacteria	0.999984461797742
4ae93b0e7f43c7c8c2d5ac7099f82e1d	d__Bacteria;p__Proteobacteria;c__Gammaproteobacteria;o__Burkholderiales;f__SC-I-84;g__SC-I-84;s__	0.7730025651376755
ec0daa558401c6967255ea2d4dc57f80	d__Bacteria;p__Verrucomicrobiota;c__Verrucomicrobiae;o__Chthoniobacterales;f__Chthoniobacteraceae;g__Candidatus_Udaeobacter;s__	0.959533538423108
d54c2dbb4d8f21b9142982bd9e4648a6	d__Bacteria;p__Planctomycetota;c__Planctomycetes	0.9998119261818772
ca524d66a770eb6fdf466c4747fb906e	d__Bacteria;p__Chloroflexi;c__Ktedonobacteria;o__Ktedonobacterales;f__Ktedonobacteraceae;g__JG30a-KF-32;s__	0.8149278713256387
2b30b30dee6f4f0f842be0157df193c9	d__Bacteria;p__Proteobacteria;c__Alphaproteobacteria;o__Rhizobiales;f__Xanthobacteraceae;g__Bradyrhizobium;s__	0.7168696299584361
73824755db512f5135b50d9594c6838b	d__Bacteria;p__Actinobacteriota;c__Thermoleophilia;o__Solirubrobacterales;f__67-14;g__67-14;s__	0.7404672734558708
ed52b7da3f224c0ae8bd8b0feb3bb2ae	d__Bacteria;p__Proteobacteria;c__Gammaproteobacteria;o__Diplorickettsiales;f__Diplorickettsiaceae;g__uncultured;s__	0.7844600797851894
ab03821899f11be1754dec92464a2cda	d__Bacteria;p__Proteobacteria;c__Gammaproteobacteria;o__Burkholderiales;f__Burkholderiaceae	0.8922516103822707
0872ae5e1aea2963c3e45ebe1d60b0d5	d__Bacteria	0.9953022610087984
9510b0696878eb8db61af5f043298943	d__Bacteria;p__Chloroflexi;c__AD3;o__AD3;f__AD3;g__AD3;s__	0.9989112619686715
d6bdd2a35c7f382cacad7f8b291bf8a0	d__Bacteria;p__Cyanobacteria;c__Vampirivibrionia;o__Obscuribacterales;f__Obscuribacteraceae;g__Candidatus_Obscuribacter;s__	0.9187124928750002
3623c84b1dbc03d326bd7196978277f4	d__Bacteria;p__Proteobacteria;c__Gammaproteobacteria;o__Burkholderiales;f__A21b;g__A21b;s__	0.9076455770806169
a81197f5b91ede2476c8df4fbb6f6e25	d__Bacteria;p__Acidobacteriota;c__Acidobacteriae;o__Bryobacterales;f__Bryobacteraceae;g__Bryobacter;s__	0.8569891459888022
67b649d10106bad76c43efc0aa0490d1	d__Bacteria;p__Patescibacteria;c__Microgenomatia;o__Candidatus_Woesebacteria;f__Candidatus_Woesebacteria;g__Candidatus_Woesebacteria;s__	0.8805325624704614
5357a4ae06730a0f35f6586212ddcea9	d__Bacteria;p__Proteobacteria;c__Gammaproteobacteria;o__Burkholderiales	0.9923238147847198
762a5639a46571e458c2586a80435094	d__Bacteria;p__Gemmatimonadota;c__Gemmatimonadetes;o__Gemmatimonadales;f__Gemmatimonadaceae;g__uncultured;s__	0.9802777580495742
5fc54f67a9cebced6afd469ac0fea5ce	d__Bacteria;p__Dependentiae;c__Babeliae;o__Babeliales;f__Vermiphilaceae;g__Vermiphilaceae;s__	0.9509311268389188
45094717a8f726ff936b3ba9ff4fb5ae	d__Bacteria;p__Verrucomicrobiota;c__Verrucomicrobiae;o__Chthoniobacterales;f__Chthoniobacteraceae;g__Candidatus_Udaeobacter;s__	0.988581274005965
edc00386baa99522c4db5e8fd7f2f48c	d__Bacteria;p__Proteobacteria;c__Gammaproteobacteria;o__Burkholderiales;f__Nitrosomonadaceae;g__MND1;s__	0.9008902208694572
463ca9b1a1eac7eadf09a7c83d5dc6e7	d__Bacteria;p__Verrucomicrobiota;c__Verrucomicrobiae;o__Chthoniobacterales;f__Chthoniobacteraceae;g__Candidatus_Udaeobacter;s__	0.8179405911272302
a0ba5cc320b2124e7bc0c771f1df3ac5	d__Bacteria;p__Proteobacteria;c__Gammaproteobacteria;o__Burkholderiales;f__Nitrosomonadaceae;g__Ellin6067;s__	0.96417991692468
135353631c9dc486ea1499c4365e1eb2	d__Bacteria;p__Bacteroidota;c__Bacteroidia;o__Cytophagales	0.82829607221546
e815516a22f7352cb0658fcc44f86475	d__Bacteria;p__Verrucomicrobiota;c__Verrucomicrobiae;o__Chthoniobacterales;f__Chthoniobacteraceae;g__Candidatus_Udaeobacter;s__	0.8930967717148203
c4f338d16a6b4025ffd49e79ed6f7372	d__Bacteria;p__Planctomycetota;c__Planctomycetes;o__Gemmatales;f__Gemmataceae;g__uncultured;s__	0.9858384034891031
86790a1b707e33b2e2ac1118f7c43311	d__Bacteria;p__Planctomycetota;c__Planctomycetes;o__Planctomycetales;f__uncultured;g__uncultured;s__	0.8313073885201185
6b6128d0d3c008949c8412fe1dfd9a82	d__Bacteria;p__Bacteroidota;c__Bacteroidia;o__Sphingobacteriales;f__env.OPS_17;g__env.OPS_17;s__	0.9997794246839868
e18dd28fcd6bc5e3832bde88dc3afd6e	d__Bacteria	0.9999911730143173
089b4d1395753c728dc21a3e02c253a3	d__Bacteria;p__Patescibacteria;c__Parcubacteria;o__Parcubacteria;f__Parcubacteria;g__Parcubacteria;s__	0.817672984754259
72944a3bfff6261251f808dfa2139045	d__Bacteria	0.9999146048406491
fbfcc9b58f836a25e333032adea93f11	d__Bacteria;p__Proteobacteria;c__Gammaproteobacteria;o__Burkholderiales;f__Comamonadaceae	0.9997476240972958
e4ab0b374738cee812cd7e1ce3e0c65a	d__Bacteria	0.9999678060522685
e48ebd5f9c8384a92e63de536a439b3d	d__Bacteria;p__Acidobacteriota;c__Acidobacteriae	0.9309552695654336
788ce814765c8821be377bfd14181506	d__Bacteria;p__Proteobacteria;c__Gammaproteobacteria;o__Pseudomonadales;f__Pseudomonadaceae;g__Pseudomonas;s__	0.9474609019820637
582308af41e5a008092c5da06a70524c	d__Bacteria;p__Proteobacteria;c__Gammaproteobacteria	0.701160040171583
1a0b028e9eae4d584a977f172c433900	d__Bacteria;p__Proteobacteria;c__Gammaproteobacteria;o__Xanthomonadales;f__Xanthomonadaceae;g__uncultured;s__	0.8604607182654759
7b730de305550e29b79fd74ac5d29126	d__Bacteria;p__Chloroflexi;c__Chloroflexia;o__Thermomicrobiales;f__JG30-KF-CM45;g__JG30-KF-CM45;s__	0.7243133892711269
363ea04bfab7f8cda8cffcd5fe1e9bc1	d__Bacteria	0.9999878480273399
ca94ea07ac04b12bcc284a9d7111cf65	d__Bacteria	0.9999788841745473
381525c2a8a1e3ba82ae547daa543f9e	d__Bacteria;p__Patescibacteria;c__Saccharimonadia;o__Saccharimonadales;f__Saccharimonadales;g__Saccharimonadales;s__	0.8490056804168761
855436df0d93ca60a8da6deb29084ef8	d__Bacteria;p__Proteobacteria;c__Gammaproteobacteria;o__Diplorickettsiales;f__Diplorickettsiaceae;g__Aquicella;s__	0.9999367693636577
c2dd5cb5b833823608141fe5a4ee3923	d__Bacteria;p__Patescibacteria;c__Parcubacteria	0.7666848142512878
811b04b5718ef410503ffdce5275a0e6	d__Bacteria;p__Chloroflexi;c__TK10;o__TK10;f__TK10;g__TK10;s__	0.997180175207017
6f144f2afe1702f3b632cb21cc73aa7d	d__Bacteria;p__Acidobacteriota;c__Blastocatellia;o__Elev-16S-573;f__Elev-16S-573;g__Elev-16S-573;s__	0.8678488594963126
4921d1f66140655098e6b5f6c659df45	d__Bacteria;p__Patescibacteria;c__Gracilibacteria;o__Candidatus_Peribacteria;f__Candidatus_Peribacteria;g__Candidatus_Peribacteria;s__	0.9397218201492609
9a024b43736941b11fba9722758a3b18	d__Bacteria;p__Acidobacteriota;c__Acidobacteriae;o__Acidobacteriales;f__Acidobacteriaceae_(Subgroup_1);g__uncultured;s__	0.8082030419290023
a2b7e41c1feb1029cf3420bd7cac8338	d__Bacteria;p__Patescibacteria;c__Parcubacteria;o__Parcubacteria;f__Parcubacteria;g__Parcubacteria;s__	0.7530233516876461
a2484b17b262ad19bb96c34e7e148b50	d__Bacteria;p__Planctomycetota;c__Phycisphaerae;o__Phycisphaerales;f__Phycisphaeraceae	0.701364223420202
60d353f8d912ebcb653583904dbb2dac	d__Bacteria	0.9999871096363013
f4fa13e1400f7e15daeebedd262048d8	d__Bacteria;p__Verrucomicrobiota;c__Verrucomicrobiae;o__Methylacidiphilales;f__Methylacidiphilaceae;g__uncultured;s__	0.9998196512868628
b44789780efaaa7f8b79dbdc57792405	d__Bacteria;p__Planctomycetota	0.9936259235705519
0bcadde4ad62e2e7a08a7878c65b6e6f	d__Bacteria	0.9999495601035435
9167b04a3d95d23139e2eb2c5d5741a9	d__Bacteria;p__Patescibacteria;c__Parcubacteria;o__Candidatus_Kaiserbacteria;f__Candidatus_Kaiserbacteria;g__Candidatus_Kaiserbacteria;s__	0.9565232713959605
17e1d78818351a1ef92f59cfdb85d000	d__Bacteria;p__Patescibacteria;c__Parcubacteria	0.998913941815714
eca086859c723144bc8bcebbbe38fa12	d__Bacteria;p__Proteobacteria;c__Gammaproteobacteria;o__Burkholderiales	0.9823823251134148
ceef055714bb99414906f9625eca3b40	d__Bacteria;p__Acidobacteriota;c__Blastocatellia	0.9373957981843741
d1380fd011c571351b7e1f13a60078b2	d__Bacteria;p__Chloroflexi;c__Ktedonobacteria;o__Ktedonobacterales;f__Ktedonobacteraceae;g__JG30a-KF-32;s__	0.9252334681559181
d7ad2a83bbe8b6f5c1a1e5c53630633b	d__Bacteria	0.9999827342099772
312c7e696d6a40d73787fbdf1ef47160	d__Bacteria;p__Myxococcota;c__Myxococcia;o__Myxococcales;f__Myxococcaceae;g__KD3-10;s__	0.9997768152798631
06555fa7da5c0117ffb1fec825ce2bea	d__Bacteria	0.9996962269139549
535c17cd6f4c6671842feb25ed609335	d__Bacteria	0.9996487620402739
8b295e32e2b5113332ef29cc19cce97a	d__Bacteria;p__Proteobacteria;c__Alphaproteobacteria;o__Caulobacterales;f__Caulobacteraceae;g__Asticcacaulis;s__	0.9720168532287787
d5625b9e776602ef082314760685eb31	d__Bacteria	0.9998498327819247
c59ae4530ecec68c96a58a27485b2f15	d__Bacteria;p__Proteobacteria;c__Gammaproteobacteria;o__Burkholderiales	0.999650058526135
b2a0d2a61400b6ce1a4f60126fea1ec5	d__Bacteria;p__Proteobacteria;c__Gammaproteobacteria	0.9760040940009275
6126a929823ab058f78bdf22c1578b21	d__Bacteria	0.9999935712133496
84241bf64225e507bfd140a4aa8bedb5	d__Bacteria;p__Patescibacteria;c__Saccharimonadia;o__Saccharimonadales;f__Saccharimonadales;g__Saccharimonadales;s__	0.9954046761365937
067298fbbc924e58be1809a9cc3fd977	d__Bacteria;p__Cyanobacteria;c__Cyanobacteriia;o__Chloroplast;f__Chloroplast;g__Chloroplast;s__	0.9994414616637931
4132258a2b209c0977a2a5252365c487	d__Bacteria;p__Planctomycetota;c__vadinHA49;o__vadinHA49;f__vadinHA49;g__vadinHA49;s__	0.760248265522894
a0707bafbc14747874ecc0e472f6b5ce	d__Bacteria;p__Verrucomicrobiota;c__Verrucomicrobiae;o__Chthoniobacterales;f__Chthoniobacteraceae;g__Chthoniobacter;s__	0.9952699178456323
e66e585d2131644e504e476bc8d9b103	d__Bacteria;p__Proteobacteria;c__Gammaproteobacteria;o__Burkholderiales;f__Burkholderiaceae	0.760014215793234
867b908994ccac432309fd49a16251e9	d__Bacteria	0.9999996285512645
003c7adf3e2ee738e7b7128aa8b96ba4	d__Bacteria	0.9999817906794927
f4514276ae6a6422da7c0b5ea451d359	d__Bacteria;p__Proteobacteria;c__Alphaproteobacteria;o__Rhizobiales;f__Xanthobacteraceae	0.7975774082059511
85b6314242c341bd7fc5416e8b21c2ff	d__Bacteria;p__Bacteroidota;c__Bacteroidia;o__Cytophagales	0.7441571288078432
9f71b1e48f81a10f38808c067b0641ab	d__Bacteria;p__Gemmatimonadota;c__Gemmatimonadetes;o__Gemmatimonadales;f__Gemmatimonadaceae;g__uncultured;s__	0.963140710633585
fd684aff3139f0e276e2e51475c580a9	d__Bacteria;p__Proteobacteria;c__Alphaproteobacteria;o__Caedibacterales;f__Caedibacteraceae;g__Caedibacter;s__	0.9964487182819408
6a94df3da8e5a3f0346e7b92ba4018c4	d__Bacteria;p__Proteobacteria;c__Alphaproteobacteria;o__Rickettsiales;f__Rickettsiaceae;g__uncultured;s__	0.931946323220661
1dbeffc50ca4c766c9e56229cf31a285	d__Bacteria;p__Planctomycetota;c__Phycisphaerae;o__Tepidisphaerales;f__WD2101_soil_group;g__WD2101_soil_group;s__	0.9988803517233195
4edb26de3c04c67cb5edc2d82f9d3794	d__Bacteria;p__Patescibacteria;c__Saccharimonadia;o__Saccharimonadales;f__Saccharimonadales;g__Saccharimonadales;s__	0.9942395615344083
6235fc0eb34979b9c58134f368525e9e	d__Bacteria;p__Patescibacteria;c__Gracilibacteria;o__Candidatus_Peribacteria;f__Candidatus_Peribacteria;g__Candidatus_Peribacteria;s__	0.9906688571242563
584fb53e82848253a71c2e98ce800763	d__Bacteria	0.999992597474429
fbe7da7f8a3784abdb511993e6606daf	d__Bacteria	0.9999981884012888
e3c8eea752527fa5e8d2ade4b341d673	d__Bacteria;p__Bacteroidota;c__Bacteroidia	0.9973891372778523
bdc1d016060b254984a0c05465f60649	d__Bacteria;p__Patescibacteria;c__Parcubacteria	0.9548895124357738
6fa2ab3a4567d95493cc946c00baede7	d__Bacteria;p__Verrucomicrobiota;c__Verrucomicrobiae;o__Chthoniobacterales;f__Chthoniobacteraceae	0.9870087878623053
de3199389dc6b7eea34c8c3e33277a39	d__Bacteria;p__Proteobacteria;c__Alphaproteobacteria;o__Rickettsiales;f__Mitochondria;g__Mitochondria;s__	0.9884697475173003
33b292dc91a7616b29b98ce973679c71	d__Bacteria;p__Acidobacteriota;c__Thermoanaerobaculia;o__Thermoanaerobaculales;f__Thermoanaerobaculaceae;g__Subgroup_10;s__	0.998848919410654
6fe3b2bafc6066a0c57091c8fc23c0ac	d__Bacteria;p__Planctomycetota;c__Phycisphaerae;o__Tepidisphaerales;f__WD2101_soil_group;g__WD2101_soil_group;s__	0.999446849820375
faba147d410ff4ae38d2ab40872fb1dd	d__Bacteria;p__Proteobacteria;c__Alphaproteobacteria;o__Rhizobiales;f__Xanthobacteraceae	0.9548715221787788
339183099d418e020d327538821c59e7	d__Bacteria;p__Actinobacteriota;c__Actinobacteria;o__Micrococcales;f__Microbacteriaceae	0.9599457554511407
466798a1adcc4c03f0e9a330337ed205	d__Bacteria;p__Chloroflexi;c__KD4-96;o__KD4-96;f__KD4-96;g__KD4-96;s__	0.9283955966738178
75326154f412eb7d48d1f484c225cf34	d__Bacteria;p__Gemmatimonadota;c__Gemmatimonadetes;o__Gemmatimonadales;f__Gemmatimonadaceae	0.9231793739806792
ba0c7f052ba82cec1bf80cb9677ece40	d__Bacteria	0.9999768214017474
9d466ee7ced5bc0a356569164923c8c3	d__Bacteria;p__Proteobacteria;c__Gammaproteobacteria	0.7244126978598271
504bb23e85203c64f16255fc6b01ad7c	d__Bacteria;p__Patescibacteria;c__ABY1;o__Candidatus_Falkowbacteria;f__Candidatus_Falkowbacteria;g__Candidatus_Falkowbacteria;s__	0.9876093776497364
c15fdf8d681f6dd05037fa5749560cc6	d__Bacteria;p__Gemmatimonadota;c__Gemmatimonadetes;o__Gemmatimonadales;f__Gemmatimonadaceae;g__uncultured;s__	0.9995957912415229
bdfabd97ab2ff9edad4da425a119685b	d__Bacteria;p__Myxococcota;c__Polyangia;o__Polyangiales;f__BIrii41;g__BIrii41;s__	0.9986597000909151
3a4c8608a5a4dcf746b21a1ebaa6d499	d__Bacteria;p__Gemmatimonadota;c__S0134_terrestrial_group;o__S0134_terrestrial_group;f__S0134_terrestrial_group;g__S0134_terrestrial_group;s__	0.9997668474814989
5f79ba83d7da5926561328aa2ef38f88	d__Bacteria;p__Chloroflexi;c__AD3;o__AD3;f__AD3;g__AD3;s__	0.9868608685586194
3ecd53320290ce5c1f3dfee4a7112894	d__Bacteria	0.9999952303359927
3313e27b12c553a04f4824dcf83c2455	d__Bacteria;p__Chloroflexi;c__Anaerolineae	0.9284658223618465
d672ec07ccc1d12c4eadea3eb76e1d81	d__Bacteria;p__Patescibacteria;c__Microgenomatia;o__Candidatus_Daviesbacteria;f__Candidatus_Daviesbacteria;g__Candidatus_Daviesbacteria;s__	0.9962535931347066
6dbfb3393ced820e08b40dedbd204cae	d__Bacteria;p__Gemmatimonadota;c__Gemmatimonadetes;o__Gemmatimonadales;f__Gemmatimonadaceae;g__uncultured;s__	0.9951532656026335
9ceb9f82d982e4b6fca746cf9ffdb6d1	d__Bacteria;p__Actinobacteriota;c__Thermoleophilia;o__Solirubrobacterales;f__Solirubrobacteraceae;g__Conexibacter;s__	0.7074576613172557
45fc5df1a3321e97264ecf0869ec9392	d__Bacteria;p__Patescibacteria;c__Saccharimonadia;o__Saccharimonadales;f__Saccharimonadales;g__Saccharimonadales;s__	0.7380427266476971
39512d0c552419fe210127a7f5192d49	d__Bacteria;p__Gemmatimonadota;c__Gemmatimonadetes;o__Gemmatimonadales;f__Gemmatimonadaceae;g__uncultured;s__	0.9918095247726442
c3164c4dd75cf0b393d19084f984fcdd	d__Bacteria;p__Bacteroidota;c__Bacteroidia;o__Chitinophagales	0.9856710330965344
88756007f9b4692cd78eee450fb37c83	d__Bacteria;p__Patescibacteria;c__Parcubacteria	0.9821995379054005
ff1308b50625e5bc00cf7fd4a91ca3af	d__Eukaryota	0.7520616928695991
f2c811ba8af649541f7d405511feb968	d__Bacteria;p__Bacteroidota;c__Bacteroidia;o__Sphingobacteriales;f__Sphingobacteriaceae;g__uncultured;s__	0.8787144299830054
92a3bc3f0e17adad5f4b1cc4bd024701	d__Bacteria;p__Chloroflexi;c__KD4-96;o__KD4-96;f__KD4-96;g__KD4-96;s__	0.9999558109681673
9fb3bfc88372f5378feb1d71d05ca272	d__Bacteria;p__Acidobacteriota;c__Acidobacteriae;o__Subgroup_2;f__Subgroup_2;g__Subgroup_2;s__	0.9999888599263962
5783a43a1b1a8e821b7f80e7e5b4b922	d__Bacteria	0.9999386752982193
e4f6c439194823ec7035f4342c45bded	d__Bacteria	0.9999739932947799
99b7a1bceb3494b798c1804bd3be1f31	d__Bacteria;p__Proteobacteria;c__Alphaproteobacteria;o__Rhizobiales;f__Xanthobacteraceae;g__uncultured;s__	0.7549484594233566
8e7da3ff8928ec2711296f06ec82546c	d__Bacteria;p__Chloroflexi;c__Ktedonobacteria;o__C0119;f__C0119;g__C0119;s__	0.8695889355064873
cf83774ef401bbc1a636a7ed64a625f3	d__Bacteria	0.9999238687189552
dc66ec4bafb09a34b2c53e2de0345362	d__Bacteria;p__Bacteroidota;c__Bacteroidia	0.7042874830970555
ce9e3d719d214c447514ca74238e7c49	d__Bacteria;p__Actinobacteriota;c__Actinobacteria;o__Propionibacteriales;f__Nocardioidaceae;g__Nocardioides;s__	0.983515981506755
b9dcc3e4ef918a3cb5da6be35daaf931	d__Bacteria;p__Chloroflexi;c__JG30-KF-CM66;o__JG30-KF-CM66;f__JG30-KF-CM66;g__JG30-KF-CM66;s__	0.8975228339456377
541a3296f2e6b7d5bce9f3b574514b19	d__Bacteria;p__Chloroflexi;c__Anaerolineae;o__SBR1031;f__A4b;g__A4b;s__	0.9848951011268965
cf29da47551c08a0fea588211f302dfb	d__Bacteria;p__Proteobacteria;c__Gammaproteobacteria;o__Burkholderiales;f__Comamonadaceae	0.9872243901958458
7ed741a0399b31f6299f7a6263403703	d__Bacteria;p__Cyanobacteria;c__Cyanobacteriia;o__Chloroplast;f__Chloroplast;g__Chloroplast;s__	0.8916930660047702
7a4c28ab85711be87ababf9ea58bef8b	d__Bacteria;p__Acidobacteriota;c__Blastocatellia	0.8322307364038375
7b7f685e9fd69ba5db3a2cf20fd0a6a1	d__Bacteria;p__Proteobacteria;c__Alphaproteobacteria;o__Sphingomonadales;f__Sphingomonadaceae;g__Sphingomonas;s__	0.9187374446148767
72e1055cc7465020bdb184d0b94c5586	d__Bacteria;p__Acidobacteriota;c__Acidobacteriae;o__Subgroup_2;f__Subgroup_2;g__Subgroup_2;s__	0.9994835844216775
37394f4d55ec19dcc2ceb8dae82eefca	d__Bacteria	0.9999701477857601
b4e43d0c53579664ebd18f590f9c0749	d__Bacteria;p__Planctomycetota;c__Planctomycetes;o__Gemmatales;f__Gemmataceae;g__uncultured;s__	0.8074490764816132
56e4e2d18a945523cf060d4684817228	d__Bacteria;p__Acidobacteriota;c__Acidobacteriae;o__Bryobacterales;f__Bryobacteraceae;g__Bryobacter;s__	0.7607653400082196
721e2d3ce4566f39ccb429a9795244d0	d__Bacteria;p__Planctomycetota;c__Planctomycetes;o__Gemmatales;f__Gemmataceae;g__uncultured;s__	0.8858408447320736
ee1b3e0e68909804fb796ed5f33676e6	d__Bacteria;p__Acidobacteriota;c__Thermoanaerobaculia;o__Thermoanaerobaculales;f__Thermoanaerobaculaceae;g__Subgroup_10;s__	0.9430281159905161
88d5a2e41579431ad980e1879fc0d1a4	d__Bacteria;p__Verrucomicrobiota;c__Verrucomicrobiae;o__Chthoniobacterales;f__Chthoniobacteraceae;g__Candidatus_Udaeobacter;s__	0.8840227273248485
0277484f68d0768c60d25cdf7298080c	d__Bacteria;p__Cyanobacteria;c__Cyanobacteriia;o__Chloroplast;f__Chloroplast;g__Chloroplast;s__	0.9994882987131581
e19c90bdf6467f6a65139b20ab27084d	d__Bacteria;p__Acidobacteriota;c__Acidobacteriae;o__Subgroup_2;f__Subgroup_2;g__Subgroup_2;s__	0.9587640417098315
cc611bd4b85eec0b022bb16906710ac2	d__Bacteria;p__Acidobacteriota;c__Acidobacteriae;o__Subgroup_2;f__Subgroup_2;g__Subgroup_2;s__	0.9845713567356634
2386201f7ec6de7256448d7bf4ee9ac4	d__Bacteria;p__Bacteroidota;c__Bacteroidia;o__Sphingobacteriales;f__env.OPS_17;g__env.OPS_17;s__	0.9944736294158159
9b2586d0bfb4eebaf6154c4214863ad3	d__Bacteria;p__Gemmatimonadota;c__Gemmatimonadetes;o__Gemmatimonadales;f__Gemmatimonadaceae;g__uncultured;s__	0.9793331324002675
097c427e67bb9efd1b48ed7892d33e6b	d__Bacteria;p__Proteobacteria;c__Alphaproteobacteria;o__Sphingomonadales;f__Sphingomonadaceae	0.9982534599742181
e01240baf619070ac45a26423e36a7ed	d__Bacteria;p__Actinobacteriota;c__Acidimicrobiia	0.9988168901125862
7e8bbbc3507596308e4189bfaa5b488d	d__Bacteria;p__WPS-2;c__WPS-2;o__WPS-2;f__WPS-2;g__WPS-2;s__	0.9961705360921137
f3b2cef87a6ae0647cdc8641a8c33545	d__Bacteria;p__Verrucomicrobiota;c__Verrucomicrobiae;o__Chthoniobacterales;f__Chthoniobacteraceae;g__Candidatus_Udaeobacter;s__	0.7290679594133751
58861c935ac1666a1cc4e182b07cc691	d__Bacteria;p__Gemmatimonadota;c__Gemmatimonadetes;o__Gemmatimonadales;f__Gemmatimonadaceae;g__uncultured;s__	0.841154961703982
1665b0f42e68b2858d5cac9229c5fe63	d__Bacteria;p__Bacteroidota;c__Kapabacteria;o__Kapabacteriales;f__Kapabacteriales;g__Kapabacteriales;s__	0.9553026850491796
47ddee4047fd83ec3ea7577debd7648b	d__Bacteria;p__Bacteroidota;c__Bacteroidia;o__Chitinophagales;f__Chitinophagaceae;g__uncultured;s__	0.9502553990877335
15e5e1fd4cbebbe7bc928b83ff5b30f8	d__Bacteria;p__Bdellovibrionota;c__Oligoflexia;o__0319-6G20;f__0319-6G20;g__0319-6G20;s__	0.7046503495643517
ea13939409b2032d05eb1870636feb08	d__Bacteria;p__Verrucomicrobiota;c__Verrucomicrobiae;o__Pedosphaerales;f__Pedosphaeraceae;g__Pedosphaeraceae;s__	0.8695943175010575
d4fd469c9684e8068d7616dae95628c1	d__Bacteria	0.9999704449874331
19984ff2df038cf30dc871dcdc5955cd	d__Bacteria;p__Proteobacteria;c__Alphaproteobacteria;o__Sphingomonadales;f__Sphingomonadaceae;g__Sphingomonas;s__	0.7057331802951294
e2817ad35bf767098ad38456bc135d71	d__Bacteria;p__Acidobacteriota;c__Acidobacteriae;o__Subgroup_2;f__Subgroup_2;g__Subgroup_2;s__	0.999975761056761
a4f94d920c0ddf385f9f7efbc54302e9	d__Bacteria;p__Verrucomicrobiota;c__Verrucomicrobiae;o__Chthoniobacterales;f__Chthoniobacteraceae;g__Candidatus_Udaeobacter;s__	0.9933254715507693
58d0ddc55778b9dde2df529ac4d70b4c	d__Bacteria;p__Chloroflexi	0.9681209612298496
74555801966ac59f5b44208bf4d2a28e	d__Bacteria;p__Planctomycetota;c__vadinHA49;o__vadinHA49;f__vadinHA49;g__vadinHA49;s__	0.922398444988047
6e5a4d917c8e1381ab5f7927d2e255a4	d__Bacteria;p__Chloroflexi;c__Ktedonobacteria;o__Ktedonobacterales;f__Ktedonobacteraceae;g__JG30a-KF-32;s__	0.9930666147728703
58ece0b93c2f9feb25ec3580afab8b0f	d__Bacteria;p__Planctomycetota;c__Phycisphaerae;o__Tepidisphaerales;f__WD2101_soil_group;g__WD2101_soil_group;s__	0.8425724855074405
05a0236294fee728d4743da1188cfaed	d__Bacteria;p__Proteobacteria;c__Gammaproteobacteria;o__Burkholderiales;f__Comamonadaceae	0.9997449734768996
0ac0d609a330b508fc644f4fb6e6bd6d	d__Bacteria;p__Acidobacteriota;c__Acidobacteriae;o__Subgroup_2;f__Subgroup_2;g__Subgroup_2;s__	0.9989753022597604
831909ebdbde9910c7fa117d90248b69	d__Bacteria;p__Bacteroidota;c__Bacteroidia;o__Chitinophagales;f__Chitinophagaceae;g__Ferruginibacter;s__	0.9748610727438513
7ab565861435af920994ea12a01991fd	d__Bacteria;p__Verrucomicrobiota;c__Verrucomicrobiae;o__Chthoniobacterales;f__Chthoniobacteraceae	0.9089671580089311
0ff19843bdaa437823c20a66c919d53d	d__Bacteria;p__Proteobacteria;c__Gammaproteobacteria;o__Pseudomonadales;f__Pseudomonadaceae;g__Pseudomonas;s__	0.965017852863791
dff2eb3ccdee8ab22f44b357bbe402ec	d__Bacteria;p__Proteobacteria;c__Alphaproteobacteria	0.7456878133398002
1c7df5e58da856a4a098ebe1e947c2e9	d__Bacteria;p__Patescibacteria;c__Parcubacteria;o__Parcubacteria;f__Parcubacteria;g__Parcubacteria;s__	0.771148268374237
5c9843d937aa67537a04745710845172	d__Bacteria;p__Planctomycetota;c__Phycisphaerae;o__Tepidisphaerales;f__WD2101_soil_group;g__WD2101_soil_group;s__	0.9711723544020466
1349c459562ed065a07f6a8b72f9ec41	d__Bacteria;p__Bacteroidota;c__Ignavibacteria;o__SJA-28;f__SJA-28;g__SJA-28;s__	0.9871486726848189
c728a4645d9f9be8f8accb132e6d57df	d__Bacteria;p__Gemmatimonadota;c__Gemmatimonadetes;o__Gemmatimonadales;f__Gemmatimonadaceae	0.893859919708514
38ceafefdc605ffed50b4d0ccb3a5448	d__Bacteria;p__Chloroflexi;c__Ktedonobacteria;o__B12-WMSP1;f__B12-WMSP1;g__B12-WMSP1;s__	0.999770787962186
0de477d82d70e9a78c66fc399cd80351	d__Bacteria;p__Chloroflexi;c__Ktedonobacteria;o__Ktedonobacterales;f__Ktedonobacteraceae;g__JG30a-KF-32;s__	0.9923338593287903
1b9a856c0409ce5b3bb71de27bc9b5fd	d__Bacteria;p__Bdellovibrionota	0.7608366236357965
58459b9b53198f4d0d4f1b1b10aeea82	d__Bacteria;p__Planctomycetota	0.9457513290894307
380a52ff8cdff6107a6dfc3a1c5059c8	d__Bacteria;p__Proteobacteria;c__Gammaproteobacteria;o__WD260;f__WD260;g__WD260;s__	0.7130826001554088
9545d8313ca2ff03b9a16c987c258aa5	d__Bacteria;p__Planctomycetota;c__Phycisphaerae;o__Tepidisphaerales;f__WD2101_soil_group;g__WD2101_soil_group;s__	0.9899416597152594
48d96220b9a3214c6efbe9f1437abee7	d__Bacteria;p__Verrucomicrobiota;c__Verrucomicrobiae;o__Chthoniobacterales;f__Chthoniobacteraceae;g__Candidatus_Udaeobacter;s__	0.9234565814079627
31381ed6b4efdafa27fd5508a39cd8ac	d__Bacteria;p__Acidobacteriota;c__Acidobacteriae;o__Subgroup_2;f__Subgroup_2;g__Subgroup_2;s__	0.9319751787082915
50ceaee27623d7cf3ee02a2b3510903d	d__Bacteria;p__Patescibacteria;c__Saccharimonadia;o__Saccharimonadales;f__Saccharimonadales;g__Saccharimonadales;s__	0.7882101416319208
21f53162ae3462c903c8b901a4f01e5e	d__Bacteria;p__Chloroflexi;c__TK10;o__TK10;f__TK10;g__TK10;s__	0.9639912221055223
ac62fe77eb0a1f6dfe8ca50ce6cdf13d	d__Bacteria	0.9999850913526044
8c3bec3792ac44a853c74e77960f245e	d__Bacteria	0.999975170396967
b77fbc576cac51d20a63d5748f0601ff	d__Bacteria;p__Actinobacteriota;c__Actinobacteria;o__Frankiales;f__Acidothermaceae;g__Acidothermus;s__	0.9865525928873847
28fb8ee9b9daefc085dc2b96b24d80f3	d__Bacteria	0.99999934858818
5df8fd5e43b6c9c4f512a044411290b4	d__Bacteria	0.9999793393608196
b28f7857fc36ce4fabf0bff9de404cf8	d__Bacteria;p__Patescibacteria;c__Parcubacteria	0.7274817922032643
9a85b0fcb196707a22d8f7750064e94e	d__Bacteria	0.9994449660687201
1a2e626b135debc497afab77b916489f	d__Bacteria;p__Actinobacteriota;c__Actinobacteria;o__Micrococcales;f__Intrasporangiaceae	0.7062919890306462
731fb7168f32e5e37db9d8c8dc3f6eba	d__Bacteria;p__Proteobacteria;c__Gammaproteobacteria;o__Burkholderiales	0.9621311289316756
6150420e2f970e459a45fb9a0bc83cb1	d__Bacteria;p__Bacteroidota;c__Bacteroidia;o__Sphingobacteriales;f__Sphingobacteriaceae	0.9964189126708551
ebe7d698adea82d094b53c5b3ee1db7b	d__Bacteria;p__Acidobacteriota;c__Acidobacteriae;o__Subgroup_2;f__Subgroup_2;g__Subgroup_2;s__	0.9781590925347327
08ba0c535235249f94a8cd6ba18429f5	d__Bacteria;p__Chloroflexi;c__TK10;o__TK10;f__TK10;g__TK10;s__	0.9509865293129202
0fffe260f70451b511501717060dbd13	d__Bacteria;p__Patescibacteria;c__Saccharimonadia;o__Saccharimonadales;f__Saccharimonadales;g__Saccharimonadales;s__	0.991888136172992
2143a3eecda2458e8e51aa37df74bf63	d__Bacteria	0.9999988322663632
ae2c9d9bde672e2b132e3c2ce61876ac	d__Bacteria;p__Armatimonadota;c__Fimbriimonadia;o__Fimbriimonadales;f__Fimbriimonadales;g__Fimbriimonadales;s__	0.9750537192513478
94eb8c6d01cf6f2bfac0c5623c492086	d__Bacteria;p__Gemmatimonadota;c__Gemmatimonadetes;o__Gemmatimonadales;f__Gemmatimonadaceae;g__uncultured;s__	0.8252010914892044
289b4b138192d110804b6d1a11a33df4	d__Bacteria;p__Planctomycetota;c__Planctomycetes;o__Planctomycetales;f__uncultured;g__uncultured;s__	0.9884226747950867
9d0743ae553cadae33d4de28ab0102c6	d__Bacteria;p__Proteobacteria;c__Alphaproteobacteria;o__Sphingomonadales;f__Sphingomonadaceae;g__Sphingomonas;s__	0.8689645167676426
c9969156653a1f9b7f653d751b314a9b	d__Bacteria;p__Acidobacteriota;c__Acidobacteriae;o__Subgroup_2;f__Subgroup_2;g__Subgroup_2;s__	0.9960990338120622
c100913b0fd248dca0fdf5fcabc73a76	d__Bacteria;p__Patescibacteria;c__Gracilibacteria;o__Candidatus_Peribacteria;f__Candidatus_Peribacteria;g__Candidatus_Peribacteria;s__	0.9930217466392759
573029fd4f04a56133f71c0a7f9250ec	d__Bacteria;p__Proteobacteria;c__Alphaproteobacteria;o__Rickettsiales;f__SM2D12;g__SM2D12;s__	0.868783044939473
8ebdbc7f1caa17cdee9a58c0afdec20e	d__Bacteria;p__Proteobacteria;c__Gammaproteobacteria;o__Burkholderiales;f__A21b;g__A21b;s__	0.9101006849735104
9c82cee583c790331db600e2898b89cf	d__Bacteria;p__Verrucomicrobiota;c__Verrucomicrobiae;o__Pedosphaerales;f__Pedosphaeraceae;g__Pedosphaeraceae;s__	0.8233937244484675
e5025303aeae47cc4fe114dd6cac829b	d__Bacteria;p__Planctomycetota;c__Planctomycetes;o__Planctomycetales;f__uncultured;g__uncultured;s__	0.9918470942493717
bcb5fc9bde6c3eedce1301afc32e7c41	d__Bacteria;p__Chloroflexi	0.7503911981010128
1feaeb917d3907dfd9f0f159a47aac8a	d__Bacteria;p__Chloroflexi	0.7219325832682408
878eaa37696e78a593b37febdd5454b9	d__Bacteria	0.9999445568475486
32b71c9a98b848e9d90f2745cd6abdba	d__Bacteria;p__Proteobacteria;c__Alphaproteobacteria;o__Rickettsiales;f__SM2D12;g__SM2D12;s__	0.9948312275342825
89f45dcdf456069d9536c66eed7e5db9	d__Bacteria;p__Planctomycetota;c__Planctomycetes;o__Planctomycetales;f__uncultured;g__uncultured;s__	0.990161111446651
8e8fada3cc83a583b71fa00cda627b82	d__Bacteria;p__Planctomycetota;c__Phycisphaerae;o__Tepidisphaerales;f__WD2101_soil_group;g__WD2101_soil_group;s__	0.9995771411142717
7021dc565a0a0b9ebffd5eabea299f5b	d__Bacteria	0.9984958786448359
fcd218d08fe3cff7966297bce654604f	d__Bacteria;p__Gemmatimonadota;c__Gemmatimonadetes;o__Gemmatimonadales;f__Gemmatimonadaceae;g__uncultured;s__	0.9534815793099031
7d6c9094a1baa415a252b553e525546b	d__Bacteria;p__Proteobacteria;c__Gammaproteobacteria;o__Diplorickettsiales;f__Diplorickettsiaceae;g__uncultured;s__	0.7156939181093404
c17cbdbdb4ebcfce7abcf44059042ec1	d__Bacteria;p__Proteobacteria;c__Alphaproteobacteria;o__Sphingomonadales;f__Sphingomonadaceae;g__Sphingomonas;s__	0.9837392813565387
604384f58bac6750baa7109deb94a037	d__Bacteria;p__Chloroflexi;c__Ktedonobacteria;o__C0119;f__C0119;g__C0119;s__	0.7197427395561818
4591b481a70e6f99445a8499102a58b0	d__Bacteria;p__Patescibacteria;c__Saccharimonadia;o__Saccharimonadales;f__Saccharimonadales;g__Saccharimonadales;s__	0.709508331213406
6fd75210b7605a5b2419715621e9d545	d__Bacteria;p__Bacteroidota;c__Bacteroidia;o__Chitinophagales;f__Chitinophagaceae;g__uncultured;s__	0.9761555467536772
ea490d533130687d6dce1819a9eda1c4	d__Bacteria;p__Chloroflexi;c__Ktedonobacteria;o__Ktedonobacterales;f__Ktedonobacteraceae;g__uncultured;s__	0.9206023913502928
06709766d827a5d7b83636218acf7278	d__Bacteria;p__Myxococcota;c__Polyangia;o__Haliangiales;f__Haliangiaceae;g__Haliangium;s__	0.9661244731656752
f7031ecd9b6b7a7da59f339b37339b09	d__Bacteria;p__Bdellovibrionota;c__Bdellovibrionia;o__Bdellovibrionales;f__Bdellovibrionaceae;g__Bdellovibrio;s__	0.9957370570616751
37b2313143ecbb57ab95736dbe45c2e7	d__Bacteria	0.9999654212240662
a2352978ef3378fc0b7bae8a5ca65068	d__Bacteria	0.9997312081949665
46c0e51b22e0e8e9eaf87e99fa434964	d__Bacteria;p__Proteobacteria;c__Gammaproteobacteria;o__Coxiellales;f__Coxiellaceae;g__Coxiella;s__	0.8198683558768443
6bfbb320646dfe4ac124e0d9ef4392d2	d__Bacteria;p__Gemmatimonadota;c__Gemmatimonadetes;o__Gemmatimonadales;f__Gemmatimonadaceae;g__uncultured;s__	0.9947087279361865
b7273b2c614d79be63a500f3dc62e11d	d__Bacteria;p__Chloroflexi	0.7290615512651069
afde8a87b33068efec3aff24eee3482a	d__Bacteria	0.9999617990261969
1e5dd5804b01217b87791e892a11ef86	d__Bacteria;p__Bacteroidota;c__Bacteroidia;o__Chitinophagales;f__Chitinophagaceae;g__uncultured;s__	0.9356844892909634
ff5fee4242f36cdfee963d854288823a	d__Bacteria;p__Acidobacteriota;c__Acidobacteriae;o__Acidobacteriales;f__uncultured;g__uncultured;s__	0.8197910525463232
1c1fc7e011703e63689db5df4e9ece2a	d__Bacteria;p__Patescibacteria;c__Gracilibacteria;o__Gracilibacteria;f__Gracilibacteria;g__Gracilibacteria;s__	0.7152966746556425
be985e2d2437bd7f4f032fa8ec879157	d__Bacteria;p__Bdellovibrionota;c__Bdellovibrionia;o__Bdellovibrionales;f__Bdellovibrionaceae;g__Bdellovibrio;s__	0.9993675546406372
0d67ecdb84e90521e39066b14f31bf3c	d__Bacteria;p__Chloroflexi;c__Ktedonobacteria;o__Ktedonobacterales;f__Ktedonobacteraceae;g__JG30a-KF-32;s__	0.9918746119724919
885579f3a5da617e1e7da96670d7569c	d__Bacteria;p__Chloroflexi;c__AD3;o__AD3;f__AD3;g__AD3;s__	0.9989547063251722
16e9258acc961b6fa7f7ea2a4367c9e0	d__Bacteria;p__Bacteroidota;c__Bacteroidia;o__Cytophagales;f__Spirosomaceae;g__uncultured;s__	0.7182694834925055
60038da893919d93658360939653f6d5	d__Bacteria;p__Actinobacteriota;c__Thermoleophilia;o__Solirubrobacterales;f__67-14;g__67-14;s__	0.9756101698920062
08f593c2baf6713170d6f6bb16d44239	d__Bacteria;p__Bacteroidota;c__Bacteroidia;o__Chitinophagales;f__Chitinophagaceae;g__uncultured;s__	0.9791182152681154
cccc57fc59deea8cb5c64b411ab17f29	d__Bacteria	0.9997244413878477
f5e243ed52a4f491c91095c358effd62	d__Bacteria	0.9999984124891652
ab47630bd5a29bb4a3f81c2658614141	d__Bacteria	0.9999977838827003
ff93af9be6f40457f16cf90a61016758	d__Bacteria;p__Proteobacteria;c__Gammaproteobacteria;o__Diplorickettsiales;f__Diplorickettsiaceae;g__uncultured;s__	0.9951188167760326
c3042c53b531a2f047c973d709a1501d	d__Bacteria;p__Gemmatimonadota;c__S0134_terrestrial_group;o__S0134_terrestrial_group;f__S0134_terrestrial_group;g__S0134_terrestrial_group;s__	0.992298436365278
ec05c5b5a609a984cd4711571e49794e	d__Bacteria;p__Chloroflexi;c__Ktedonobacteria;o__Ktedonobacterales;f__Ktedonobacteraceae;g__uncultured;s__	0.8304773781673809
c187b661c830d62977af49bbd40a2c49	d__Bacteria;p__Chloroflexi;c__Ktedonobacteria;o__Ktedonobacterales;f__Ktedonobacteraceae;g__JG30a-KF-32;s__	0.9030735854272681
768034d81c137955274172b01a6d253d	d__Bacteria;p__Acidobacteriota;c__Acidobacteriae;o__Bryobacterales;f__Bryobacteraceae;g__Bryobacter;s__	0.9145329189689131
e595cd98a1328232ea79803575681a3b	d__Bacteria;p__Chloroflexi;c__Ktedonobacteria;o__Ktedonobacterales;f__Ktedonobacteraceae;g__uncultured;s__	0.8051792829623823
361c4789f1f016bfef3bada5f24c6fb3	d__Bacteria;p__Actinobacteriota;c__Thermoleophilia;o__Gaiellales	0.9992886296890778
08b4dc7b104d4c42b42ba5aada50858f	d__Bacteria;p__Planctomycetota;c__Planctomycetes;o__Planctomycetales;f__uncultured;g__uncultured;s__	0.9792174734537583
efe61336067f34a4edab4caec083f7e6	d__Bacteria;p__Verrucomicrobiota;c__Verrucomicrobiae;o__Chthoniobacterales;f__Chthoniobacteraceae;g__Candidatus_Udaeobacter;s__	0.92986078564035
552ed474c82b8cc555914e96a892a0c1	d__Bacteria;p__Proteobacteria;c__Gammaproteobacteria;o__Diplorickettsiales;f__Diplorickettsiaceae;g__uncultured;s__	0.7811373796897497
e2ae4066bfae74db9fc7a883427e83cb	d__Bacteria;p__Planctomycetota;c__Planctomycetes;o__Isosphaerales;f__Isosphaeraceae;g__uncultured;s__	0.9228993784581694
4098760d58adabefcaf79cb56f228095	d__Bacteria;p__Verrucomicrobiota;c__Verrucomicrobiae;o__Chthoniobacterales;f__Chthoniobacteraceae;g__Candidatus_Udaeobacter;s__	0.8823549889743906
97c2528aa33ff78d066e57bfaad21f3c	d__Bacteria;p__Proteobacteria;c__Gammaproteobacteria;o__Burkholderiales;f__Oxalobacteraceae	0.9592274140040727
e77e04a3b05a2e4586db9b96f952d259	d__Bacteria;p__Patescibacteria;c__Saccharimonadia;o__Saccharimonadales;f__Saccharimonadales;g__Saccharimonadales;s__	0.9927794272318388
2ac18fea6958a3eabe463318272093b0	d__Bacteria;p__Acidobacteriota;c__Acidobacteriae;o__Bryobacterales;f__Bryobacteraceae;g__Bryobacter;s__	0.945068748824872
8740471064c6564d8e9a1909b256e2fb	d__Bacteria;p__Acidobacteriota;c__Vicinamibacteria;o__Vicinamibacterales;f__uncultured;g__uncultured;s__	0.9634028050727708
c113f5b3f41ca49525027321da7803f1	d__Bacteria;p__Proteobacteria;c__Gammaproteobacteria;o__Burkholderiales;f__A21b;g__A21b;s__	0.8539840931699046
9b6a1406326fb758d332b539b8215866	d__Bacteria;p__Planctomycetota;c__Planctomycetes;o__Planctomycetales;f__uncultured;g__uncultured;s__	0.9728479856826433
6027cfc54907695f9d74c708d3ed2e24	d__Bacteria;p__Verrucomicrobiota;c__Chlamydiae;o__Chlamydiales	0.9999885704962053
6f111ad15314b37af8f66884a0d1d4ca	d__Bacteria;p__Verrucomicrobiota;c__Verrucomicrobiae;o__Chthoniobacterales;f__Chthoniobacteraceae;g__Candidatus_Udaeobacter;s__	0.9735256211062436
0b1f234c49f4b140fd0de8e44b9d422d	d__Bacteria;p__Bacteroidota;c__Bacteroidia;o__Chitinophagales;f__Chitinophagaceae;g__Edaphobaculum;s__	0.8679877431001413
d2dc97a46bd5ecba5256ddd22ca50fcb	d__Bacteria	0.9998818873772508
c2fcf556ef864a42b3183723a9b015be	d__Bacteria;p__Acidobacteriota;c__Acidobacteriae;o__Subgroup_2;f__Subgroup_2;g__Subgroup_2;s__	0.9999116831965474
85f0be0665518cbab6fb8eccc32b9d75	d__Bacteria;p__Proteobacteria;c__Alphaproteobacteria;o__Caulobacterales;f__Caulobacteraceae;g__uncultured;s__	0.7246212149882447
53d68f35e9dae2403ab5544c2c3df541	d__Bacteria;p__Chloroflexi;c__TK10;o__TK10;f__TK10;g__TK10;s__	0.9944504397751255
161c4c2443e5582bf949a4785d13ed28	d__Bacteria;p__Acidobacteriota;c__Acidobacteriae;o__Bryobacterales;f__Bryobacteraceae;g__Bryobacter;s__	0.7206162628198183
7ccf0bde6aab30682487fbae21e53036	d__Bacteria	0.9999855748206516
dd8d0ce1d24fd2ce588b8a3f778541f1	d__Bacteria	0.9999939183620228
fcc91e083f61d693b296486396e37136	d__Bacteria;p__Acidobacteriota;c__Acidobacteriae;o__Acidobacteriales;f__Acidobacteriaceae_(Subgroup_1)	0.9698727852874554
622d47f85d90ae0ab1e6ce4f6757c052	d__Bacteria;p__Acidobacteriota;c__Holophagae;o__Subgroup_7;f__Subgroup_7;g__Subgroup_7;s__	0.8370864330536628
f0a4fdbd07369fa0a4af5f5f74511b3b	d__Bacteria;p__Proteobacteria;c__Gammaproteobacteria;o__Gammaproteobacteria_Incertae_Sedis;f__Unknown_Family;g__Unknown_Family;s__	0.9946974703162409
a39bef091adebe400a1294568fd75bc8	d__Bacteria;p__Myxococcota;c__Polyangia;o__mle1-27;f__mle1-27;g__mle1-27;s__	0.9985627346772274
9039f444781d5479691945cdeab622f4	d__Bacteria;p__Proteobacteria;c__Alphaproteobacteria;o__Sphingomonadales;f__Sphingomonadaceae;g__Sphingomonas;s__	0.9243979891769813
4fab79b5c2fd8d876aef1a727d75549e	d__Bacteria	0.9996764724286589
95b67b8b901d8c1cfc8f5eee8c8873f9	d__Bacteria;p__Verrucomicrobiota;c__Verrucomicrobiae;o__Chthoniobacterales;f__Chthoniobacteraceae;g__Candidatus_Udaeobacter;s__	0.9922530466113084
e3a790c64ced396d50d263d1f50968d8	d__Bacteria;p__Cyanobacteria;c__Cyanobacteriia;o__Chloroplast;f__Chloroplast;g__Chloroplast;s__	0.9912424986448845
f9fc40e52171ce6f540c8f9b9756f1ac	d__Bacteria	0.9999870432167913
cb9ed218ad65050c181ae979998c229b	d__Bacteria;p__Proteobacteria;c__Gammaproteobacteria;o__Xanthomonadales;f__Xanthomonadaceae	0.9814323585109347
9b4300e872ba485fdbb28c6c16c823a3	d__Bacteria;p__Chloroflexi;c__Ktedonobacteria	0.7770522331887391
ac6ad4b58a7a1ab446d4109f13205bb1	d__Bacteria;p__Verrucomicrobiota;c__Verrucomicrobiae;o__Chthoniobacterales;f__Chthoniobacteraceae;g__Candidatus_Udaeobacter;s__	0.9869805502691225
6b4581ba947915b636466dcf816c67dc	d__Bacteria;p__Proteobacteria;c__Gammaproteobacteria;o__Burkholderiales;f__TRA3-20;g__TRA3-20;s__	0.9924080140149757
5cf1a1297bcb5dcfea1b8dac74c83b2c	d__Bacteria;p__Chloroflexi;c__Ktedonobacteria;o__Ktedonobacterales;f__Ktedonobacteraceae;g__uncultured;s__	0.7873170667089375
ec2c28a522080e021d9c6d149cb1abe6	d__Bacteria	0.9998912781102869
28ce59cb1c79973e9df6e05eef33b9a3	d__Bacteria	0.9998135100324269
0f9f0dbcf9fdcb1f2c6a1ddae0dc29ae	d__Bacteria;p__Acidobacteriota;c__Acidobacteriae;o__Subgroup_2;f__Subgroup_2;g__Subgroup_2;s__	0.9376068216708647
5fe9cf6657ebb4426e33c48f63f5ffb5	d__Bacteria;p__Proteobacteria;c__Gammaproteobacteria;o__Burkholderiales	0.702909243620496
88f7c4501fa2f9acd8cf2a3c355a3abe	d__Bacteria;p__Verrucomicrobiota;c__Verrucomicrobiae;o__Chthoniobacterales;f__Chthoniobacteraceae;g__Candidatus_Udaeobacter;s__	0.8658771780293386
dcf1a922d15d00678db38fd06ef6f5ce	d__Bacteria;p__Proteobacteria;c__Gammaproteobacteria;o__Xanthomonadales;f__Xanthomonadaceae;g__Arenimonas;s__	0.9912901487139308
4d3310d4d23baf757ca775c9d9d0dd22	d__Bacteria;p__Patescibacteria;c__Parcubacteria;o__Candidatus_Nomurabacteria;f__Candidatus_Nomurabacteria;g__Candidatus_Nomurabacteria;s__	0.8093998720191375
bcd23a40f9264f1bcd53f1b035041085	d__Bacteria;p__Planctomycetota;c__Phycisphaerae;o__Tepidisphaerales;f__WD2101_soil_group;g__WD2101_soil_group;s__	0.9546177537297212
2059367aa9d3e8f2069a1e1fbcf2bd7b	d__Bacteria;p__Patescibacteria;c__Berkelbacteria;o__Berkelbacteria;f__Berkelbacteria;g__Berkelbacteria;s__	0.9537938365249818
24455da8961ea286dc8cf0be8ffc14f5	d__Bacteria;p__Actinobacteriota	0.71928718719239
90c6ae516a6eceb3cd6225169eda0497	d__Bacteria;p__Patescibacteria;c__Microgenomatia;o__Candidatus_Roizmanbacteria;f__Candidatus_Roizmanbacteria;g__Candidatus_Roizmanbacteria;s__	0.8186532008648995
3dca2ac39217e7b91a003ecbbfb42309	d__Bacteria;p__Chloroflexi;c__Ktedonobacteria;o__Ktedonobacterales;f__Ktedonobacteraceae;g__JG30a-KF-32;s__	0.9162145732309169
ad246f924752ada44c016cadcf31d0e6	d__Bacteria;p__Cyanobacteria;c__Vampirivibrionia;o__Obscuribacterales;f__Obscuribacteraceae;g__Obscuribacteraceae;s__	0.9986915110121786
8d7facb6c7b62d9f5018c4fb6697230d	d__Bacteria;p__Bdellovibrionota;c__Bdellovibrionia;o__Bdellovibrionales;f__Bdellovibrionaceae;g__Bdellovibrio;s__	0.8038344243373541
ec3146141a8bee42da1fed91f4782c5d	d__Bacteria	0.9998888521503411
343a44ce64bfc493e210da3c64e92e09	d__Bacteria	0.9999897626260336
4e5d84bd6c644b35ccc3fc48cf29e18e	d__Bacteria;p__Proteobacteria;c__Gammaproteobacteria;o__Burkholderiales;f__Comamonadaceae	0.9036955864341178
07d0d1afec5684c07530324ac5b094f1	d__Bacteria;p__Bdellovibrionota;c__Bdellovibrionia;o__Bdellovibrionales;f__Bdellovibrionaceae;g__Bdellovibrio;s__	0.9999585302908476
c1fb43b259753c010539a8a4968df306	d__Bacteria;p__Planctomycetota	0.8703456257882694
73d56de992c24efea048f81fe75b660c	d__Bacteria;p__Verrucomicrobiota;c__Verrucomicrobiae;o__Chthoniobacterales;f__Chthoniobacteraceae;g__Candidatus_Udaeobacter;s__	0.8069232395019733
ca32506644f9f8ed49240fb542b18c32	d__Bacteria;p__Planctomycetota;c__Planctomycetes;o__Gemmatales;f__Gemmataceae;g__uncultured;s__	0.9265913381689012
9a241b9c3a6a0ce4b9d3b2cf14723c23	d__Bacteria	0.8030777758350498
0ef5309c9192d599630c9b4c9c2d895e	d__Bacteria	0.9971417567901011
21b943ff5ceac9218907e1dffb3414fc	d__Bacteria;p__Proteobacteria;c__Alphaproteobacteria;o__Rhizobiales	0.8743017580405598
fb777825544c39b3be88516ded3c7755	d__Bacteria;p__Acidobacteriota;c__Blastocatellia;o__Blastocatellales;f__Blastocatellaceae	0.9806506311618839
522e200c983e22a1d1877686c327aa68	d__Bacteria;p__Verrucomicrobiota;c__Verrucomicrobiae;o__Chthoniobacterales;f__Chthoniobacteraceae;g__Candidatus_Udaeobacter;s__	0.9583759095601493
9239fa3cfee970b0d36b911c63c714a1	d__Bacteria	0.9999963135287562
6633a85473380e99b5b74979c5b4863c	d__Bacteria;p__Proteobacteria;c__Alphaproteobacteria;o__Rhodospirillales;f__uncultured;g__uncultured;s__	0.9881462111889552
0f3565f1b1400ae2052d546d466c1ed3	d__Bacteria;p__Bacteroidota;c__Bacteroidia;o__Chitinophagales;f__Chitinophagaceae;g__uncultured;s__	0.988965597359346
5eda0a57165f6eb0c52b3b6ec75948a6	d__Bacteria;p__Acidobacteriota;c__Acidobacteriae;o__Acidobacteriales;f__uncultured;g__uncultured;s__	0.8513391144033612
a083d6569c359f121b90380356721934	d__Bacteria;p__Patescibacteria;c__Parcubacteria;o__Candidatus_Kaiserbacteria;f__Candidatus_Kaiserbacteria;g__Candidatus_Kaiserbacteria;s__	0.9505231510309429
6360cbe47d53a26eea3d1192eb45a8e3	d__Bacteria;p__Proteobacteria;c__Gammaproteobacteria;o__Xanthomonadales;f__Xanthomonadaceae	0.9237325735609508
125aee5f56253d40468bd5e1e8b09d72	d__Bacteria;p__Verrucomicrobiota;c__Verrucomicrobiae;o__Chthoniobacterales;f__Chthoniobacteraceae;g__Chthoniobacter;s__	0.9672785903833222
eb00bbf2342bf24b81c05fe5cf4ceca8	d__Bacteria	0.9987538234867065
dc1bff1d0f4f4eb8d6cb5c8c1192f4e6	d__Bacteria;p__Proteobacteria;c__Alphaproteobacteria;o__Rhizobiales;f__Xanthobacteraceae	0.8006452557089316
79ae29225fa4a8c4644d609ff81a4192	d__Bacteria;p__Planctomycetota;c__Planctomycetes;o__Isosphaerales;f__Isosphaeraceae;g__uncultured;s__	0.8486469236834966
188974cd800a991e3707561bace99021	d__Bacteria;p__Verrucomicrobiota;c__Verrucomicrobiae;o__Chthoniobacterales;f__Chthoniobacteraceae	0.7367570803236264
d70c44e3d26ad4433bed5f42893ec647	d__Bacteria;p__Acidobacteriota;c__Acidobacteriae;o__Acidobacteriales;f__uncultured;g__uncultured;s__	0.9976634278686407
9f88c5e1dbcde996bec3ba51de0ccfcd	d__Bacteria	0.9994456520523373
999396e72586831b94cd14c1877dfd05	d__Bacteria;p__Bacteroidota;c__Bacteroidia;o__Chitinophagales;f__Chitinophagaceae;g__uncultured;s__	0.9545882383533026
e41b0699ab31a0b5aa9def42866f0bcf	d__Bacteria;p__Bacteroidota;c__Bacteroidia;o__Cytophagales;f__Microscillaceae;g__uncultured;s__	0.8338719471767808
2be4fe50d274b58f5ce874392af08e65	d__Bacteria;p__Patescibacteria;c__Saccharimonadia;o__Saccharimonadales;f__Saccharimonadales;g__Saccharimonadales;s__	0.9320519480511222
b301ccea3b3ad7d6db367f0cf38a761e	d__Bacteria;p__Bacteroidota;c__Bacteroidia;o__Chitinophagales;f__Chitinophagaceae;g__uncultured;s__	0.9074655565339371
8e1b0674fff337c58205b57889a026a4	d__Bacteria;p__Bacteroidota;c__Kapabacteria;o__Kapabacteriales;f__Kapabacteriales;g__Kapabacteriales;s__	0.9800740845770213
cf1d18a1fbfe09be048a36be942dc548	d__Bacteria;p__Bacteroidota;c__Bacteroidia;o__Chitinophagales;f__Chitinophagaceae;g__uncultured;s__	0.9656646142422971
686e69e723e5b9804e9ab19c23565da3	d__Bacteria;p__Patescibacteria;c__Saccharimonadia;o__Saccharimonadales;f__Saccharimonadales;g__Saccharimonadales;s__	0.9907184882985934
ea12fc3f1b20d6018a20576b360de8cf	d__Bacteria;p__Acidobacteriota;c__Acidobacteriae;o__Subgroup_2;f__Subgroup_2;g__Subgroup_2;s__	0.9998034555552879
9d76e81067cfd15ccead95593c890413	d__Bacteria;p__Proteobacteria;c__Alphaproteobacteria	0.9763963093300541
85c7aa412102e5d9f7cd8a84dd3a81cf	d__Bacteria;p__Verrucomicrobiota;c__Verrucomicrobiae;o__Chthoniobacterales;f__Chthoniobacteraceae;g__Candidatus_Udaeobacter;s__	0.8207135513639797
f20253d8667e10303bcc8c383a859fef	d__Bacteria;p__Chloroflexi;c__TK10;o__TK10;f__TK10;g__TK10;s__	0.9823541692288157
1d8d5fa26ff7df666c95d0bd2b8ac88e	d__Bacteria;p__Bacteroidota;c__Bacteroidia;o__Chitinophagales;f__Chitinophagaceae;g__uncultured;s__	0.9188593387097573
553bb1f435103f9a62dc3a494acbe085	d__Bacteria	0.9999946640035349
6acdca8d6a2bd45995f3392a72f0ef47	d__Bacteria;p__Chloroflexi;c__Chloroflexia;o__Chloroflexales;f__Roseiflexaceae;g__uncultured;s__	0.9993749365863707
4c94d0a6e815a9c547b0c20f8463b980	d__Bacteria;p__Patescibacteria;c__Saccharimonadia;o__Saccharimonadales	0.9998182559387025
4d8ed47069d1ae5b6dd7689855d3dc10	d__Bacteria;p__Cyanobacteria;c__Vampirivibrionia;o__Vampirovibrionales;f__Vampirovibrionaceae;g__Vampirovibrionaceae;s__	0.9996055571955492
dc570f1964717ebe46fe8e0b55c3c1bf	d__Bacteria;p__Proteobacteria;c__Gammaproteobacteria;o__Gammaproteobacteria_Incertae_Sedis;f__Unknown_Family;g__Unknown_Family;s__	0.9302678784776541
69cb1052404e5b2060708ed0e124e99b	d__Bacteria;p__Patescibacteria;c__Parcubacteria	0.9219292281964883
e0736d18c582f172fbacc1dd7f853373	d__Bacteria	0.9997707100115985
52773bbc2140f780cbe15db320cf8dd6	d__Bacteria	0.9999204043469084
29b5de76542112592112f37f15492c5b	Unassigned	0.3951530319755343
975e6498d3c6353072d783cec5dff7a8	d__Bacteria;p__Proteobacteria;c__Alphaproteobacteria;o__Rickettsiales;f__SM2D12;g__SM2D12;s__	0.9915226789814258
b5e9c75b169bc7a767bddfbf327e0f83	d__Bacteria;p__Patescibacteria;c__Microgenomatia;o__Candidatus_Woesebacteria;f__Candidatus_Woesebacteria;g__Candidatus_Woesebacteria;s__	0.9790450141296079
88796bd25c280fcf83015bf23d6dfd5f	d__Bacteria;p__Verrucomicrobiota;c__Verrucomicrobiae;o__Chthoniobacterales	0.726851879912286
42e4991b487c9fed3bd0afd298fac00b	d__Bacteria;p__Planctomycetota;c__Planctomycetes;o__Planctomycetales;f__Schlesneriaceae;g__Schlesneria;s__	0.8104254790980271
9060245195a88cd039029ae1a7dd4153	d__Bacteria;p__Bacteroidota;c__Bacteroidia;o__Chitinophagales	0.744171619526805
fa73c4d49324d1c9b54cb2573f9eba6c	d__Bacteria;p__Planctomycetota;c__Planctomycetes;o__Isosphaerales;f__Isosphaeraceae	0.8334481417279849
2e1b0a4e545ce9ee487d4b426bb622d8	d__Bacteria	0.9999771201315067
ef89620b65f649ade75916e47808d9c9	d__Bacteria;p__Proteobacteria;c__Alphaproteobacteria	0.819438077835321
d757077c65c0b054b697212fa68b11e4	d__Bacteria;p__Proteobacteria;c__Gammaproteobacteria;o__Xanthomonadales	0.9992189047150976
bf2fc4a43ec155b1e8bbb9d93b02e233	d__Bacteria;p__Planctomycetota;c__Planctomycetes;o__Gemmatales;f__Gemmataceae	0.9984173426106742
12e11427c8d21c12b7c84e1e1d0d5aa4	d__Bacteria	0.9999819086658104
cad6055fe37f00f4702cf8e9dd4e862e	d__Bacteria;p__Acidobacteriota;c__Blastocatellia;o__Blastocatellales;f__Blastocatellaceae;g__Blastocatella;s__	0.963523286145753
9c746e3744c4054edf177ddf84b6f4d0	d__Bacteria;p__Chloroflexi	0.7150534310811045
898268d23d370c02d24bb8e1b5e64593	d__Bacteria;p__Bacteroidota;c__Bacteroidia;o__Chitinophagales;f__Chitinophagaceae;g__uncultured;s__	0.8147498419118879
ecd96194def3c5f52a54319fc2fa08be	d__Bacteria	0.9996548426904672
eb5eadcfb8a27de4e9c22c16d5a5a843	d__Bacteria;p__Chloroflexi;c__Ktedonobacteria;o__Ktedonobacterales;f__Ktedonobacteraceae;g__JG30a-KF-32;s__	0.938290025718477
59b5434cf49af08b0bf5121f9fea3f28	d__Bacteria;p__Planctomycetota;c__Planctomycetes;o__Pirellulales;f__Pirellulaceae;g__Pirellula;s__	0.9144167131985731
70ef95cf9009e5f9242e4b596402ca0b	d__Bacteria;p__Patescibacteria;c__Saccharimonadia;o__Saccharimonadales;f__Saccharimonadales;g__Saccharimonadales;s__	0.8100482790626201
fd0304c024a74f04ed8951e6ef56ac2b	d__Bacteria;p__Chloroflexi;c__Ktedonobacteria;o__Ktedonobacterales;f__Ktedonobacteraceae;g__JG30a-KF-32;s__	0.9943911766639879
d314f4a31d7cb82395c75511559ddf65	d__Bacteria;p__Bacteroidota;c__Bacteroidia;o__Chitinophagales;f__37-13;g__37-13;s__	0.9768122122689312
7245d427fc97cda71a53cd69f4b004a5	d__Bacteria;p__Proteobacteria;c__Alphaproteobacteria;o__Rickettsiales;f__Mitochondria;g__Mitochondria;s__	0.8138866270250723
99c7b0e13e20daa5a857becdfa87bef3	d__Bacteria;p__Proteobacteria;c__Alphaproteobacteria;o__Caulobacterales;f__Caulobacteraceae	0.7972427306088646
3ec4c9176b7ebab1cc3e055bad87b5fc	d__Bacteria;p__Chloroflexi	0.7536091552367271
0863b3a4bdbfca9358f8e4934814b841	d__Bacteria;p__Proteobacteria;c__Alphaproteobacteria;o__uncultured;f__uncultured;g__uncultured;s__	0.7658374899191988
f86b77e83503d7ba7cdac4e07793a7a1	d__Bacteria;p__Planctomycetota;c__Planctomycetes;o__Planctomycetales;f__uncultured;g__uncultured;s__	0.876855615630602
cbd33688e2bd630603fb509f216946be	d__Bacteria;p__Planctomycetota;c__Phycisphaerae;o__Tepidisphaerales;f__WD2101_soil_group;g__WD2101_soil_group;s__	0.9998840332332614
a8db74858c50b252c00a5cfb7d0ed37e	d__Bacteria;p__WPS-2;c__WPS-2;o__WPS-2;f__WPS-2;g__WPS-2;s__	0.9978076776344588
39361d57b3932d299d8c96d0cb6bd45e	d__Bacteria	0.9998930639895767
6817313dc1911e9d42045460d36bd2aa	d__Bacteria;p__Chloroflexi;c__Ktedonobacteria;o__Ktedonobacterales;f__Ktedonobacteraceae;g__JG30a-KF-32;s__	0.8691428676091475
af4b44b95bb61b3c6d62b802c848b29e	d__Bacteria;p__Bacteroidota;c__Bacteroidia;o__Chitinophagales;f__Chitinophagaceae;g__uncultured;s__	0.7825241384239394
77d3a90ddb41ec8097852af9ca4aa422	d__Bacteria;p__Verrucomicrobiota;c__Verrucomicrobiae;o__Chthoniobacterales;f__Chthoniobacteraceae;g__Candidatus_Udaeobacter;s__	0.8243130539136364
dba9e85e8562478b4d71efdb28b3c30d	d__Bacteria;p__Planctomycetota	0.8141556096411083
2ec3c50ee948dfbbc415a4f856bf0067	d__Bacteria	0.9999972727565577
27cf8d17822b7095d6c4b1d4033ad1cc	d__Bacteria;p__Acidobacteriota;c__Vicinamibacteria;o__Vicinamibacterales;f__uncultured;g__uncultured;s__	0.9999731523842166
568919d7706a96429e898544a4c6a8db	Unassigned	0.5666592662062018
00cf07e215dcdea0b2716c54b5796064	d__Bacteria;p__Patescibacteria;c__Parcubacteria;o__Parcubacteria;f__Parcubacteria;g__Parcubacteria;s__	0.9980025653178306
8e19e11431a51d3e392966d982b58b08	d__Bacteria;p__Acidobacteriota;c__Acidobacteriae;o__Subgroup_2;f__Subgroup_2;g__Subgroup_2;s__	0.9999672261114275
ecacfb5fc599463f90f758c476678ee8	d__Bacteria;p__Gemmatimonadota;c__Gemmatimonadetes;o__Gemmatimonadales;f__Gemmatimonadaceae	0.7075440218883203
fb489a204108c430ea37e4d7312c8e23	d__Bacteria;p__Acidobacteriota;c__Vicinamibacteria;o__Vicinamibacterales;f__Vicinamibacteraceae;g__Vicinamibacteraceae;s__	0.9970126127161031
32fa05545d898b1c10c6d2d6fabbb2e2	d__Bacteria	0.9999787655836552
4b193135aab9cd91f10be85d13fbd394	d__Bacteria;p__Proteobacteria;c__Alphaproteobacteria;o__Sphingomonadales;f__Sphingomonadaceae;g__Sphingomonas;s__	0.8943971965440818
3d3a55bceec3a8c56406c25f4d7c302c	d__Bacteria	0.9999984906275042
c283bfd18e0ad6ee2f973e427889c054	d__Bacteria;p__Patescibacteria;c__Parcubacteria;o__Parcubacteria;f__Parcubacteria;g__Parcubacteria;s__	0.8632057391022999
f86e5828c0eb874eb446656074fad18a	d__Bacteria;p__Cyanobacteria;c__Cyanobacteriia;o__Chloroplast;f__Chloroplast;g__Chloroplast;s__	0.9985706317380619
915d19aca24858165d58553beec160ab	d__Bacteria;p__Proteobacteria;c__Alphaproteobacteria;o__Rhizobiales;f__Xanthobacteraceae;g__Bradyrhizobium;s__	0.769591569392248
33f7eb95ba8694c7272ceac2f5b36dbb	d__Bacteria;p__Acidobacteriota;c__Holophagae;o__Subgroup_7;f__Subgroup_7;g__Subgroup_7;s__	0.9956008146034638
d440b233b0f30cb399403afd96326edb	d__Bacteria;p__Patescibacteria;c__Parcubacteria;o__Parcubacteria;f__Parcubacteria;g__Parcubacteria;s__	0.8681600509376084
f041044b43b46c3fe148b06563a748a7	d__Bacteria;p__Bacteroidota;c__Bacteroidia	0.9999744548088167
58c88d398a6c072699eb455a49cc6ba9	d__Bacteria;p__Patescibacteria	0.8223491322733345
746b86af541b2b049228d59dbe7d5229	d__Bacteria;p__Chloroflexi;c__Ktedonobacteria;o__Ktedonobacterales;f__Ktedonobacteraceae;g__JG30a-KF-32;s__	0.9876907278735572
d65026caed8d0407d4861679fd791da8	d__Bacteria;p__Planctomycetota;c__Planctomycetes	0.7233482990136763
1aabd83a9cfe2850331081391fbc5a4a	d__Bacteria;p__Proteobacteria;c__Alphaproteobacteria;o__Rhodospirillales;f__uncultured;g__uncultured;s__	0.9908771223774412
d5e369da6d4d49c8b51ca3b9a68ccda1	d__Bacteria;p__Acidobacteriota;c__Blastocatellia;o__Blastocatellales;f__Blastocatellaceae;g__JGI_0001001-H03;s__	0.7027878381637689
d7a20f61ab05997e18c0f8de5dd73682	d__Bacteria;p__Proteobacteria;c__Alphaproteobacteria;o__Sphingomonadales;f__Sphingomonadaceae;g__Sphingomonas;s__	0.7573349540759031
d82431162729211fbf5310cb32732c19	d__Bacteria;p__Acidobacteriota;c__Acidobacteriae;o__Subgroup_2;f__Subgroup_2;g__Subgroup_2;s__	0.9997871826697793
ad4ca027497d25b4c7d3136a6caedf05	d__Bacteria;p__Patescibacteria;c__Saccharimonadia;o__Saccharimonadales;f__Saccharimonadales;g__Saccharimonadales;s__	0.823009827126873
c77fe415d47ebbe9c436832658b3f715	d__Bacteria;p__Planctomycetota;c__Phycisphaerae;o__Tepidisphaerales;f__WD2101_soil_group;g__WD2101_soil_group;s__	0.9998096225425761
6ab1c841b6a85b6c3ee37a1662328e75	d__Bacteria	0.9997393088652494
1793ab521ee770f9777e7c22758b73df	d__Bacteria	0.9999993026171771
a2e8ff29f071442345e60610cc553657	d__Bacteria;p__Acidobacteriota;c__Acidobacteriae;o__Acidobacteriales;f__uncultured;g__uncultured;s__	0.7231996148437503
d173afc72cc39dcf6d77ed6bd4e2ebd3	d__Bacteria;p__Actinobacteriota;c__Thermoleophilia;o__Gaiellales;f__uncultured;g__uncultured;s__	0.8901978565922453
1ce4b89e5a2ef93be3ee3066e05f33cb	d__Bacteria	0.999991909424863
972fc5c7f8fca5f07428c903384a9d27	d__Bacteria	0.9999865839865145
7e3daa581da87df9292aa9aee99696c9	d__Bacteria;p__Acidobacteriota;c__Acidobacteriae;o__Solibacterales;f__Solibacteraceae;g__Candidatus_Solibacter;s__	0.7394449955691279
974664a3c39592ea47254e616c7906c3	d__Bacteria;p__Patescibacteria;c__Saccharimonadia;o__Saccharimonadales;f__Saccharimonadales;g__Saccharimonadales;s__	0.8191021907797778
be3fa84a7c7ecb6ef2fa7c1135c7ac0f	d__Bacteria;p__Proteobacteria;c__Gammaproteobacteria;o__Xanthomonadales;f__Xanthomonadaceae	0.9832377495469734
39d32f5e47e52a0b49579fcec943232b	d__Bacteria;p__Myxococcota;c__Polyangia;o__Haliangiales;f__Haliangiaceae;g__Haliangium;s__	0.8958491088906452
0cc55e316a6a951163bc57d511a4e52a	d__Bacteria;p__Planctomycetota;c__Planctomycetes;o__Gemmatales;f__Gemmataceae	0.8429755447420664
c405467c1fce24e71a89b09dfa8fb605	d__Bacteria;p__Verrucomicrobiota;c__Verrucomicrobiae;o__Chthoniobacterales;f__Chthoniobacteraceae;g__Candidatus_Udaeobacter;s__	0.8911908921692288
e81643fd1e3072e8cc33cc1dbe3c7693	d__Bacteria;p__Acidobacteriota;c__Holophagae;o__Subgroup_7;f__Subgroup_7;g__Subgroup_7;s__	0.9904869099038516
d01d3763163629d305670d2a8dc1f450	d__Bacteria	0.9999990183984893
4b0a0dc0b03430e243c9f30c5b7533db	d__Bacteria;p__Patescibacteria;c__Gracilibacteria;o__Candidatus_Peribacteria;f__Candidatus_Peribacteria;g__Candidatus_Peribacteria;s__	0.9789858595794803
06241d8012b14ee5f52e4a6f462d1326	d__Bacteria;p__Proteobacteria;c__Gammaproteobacteria;o__Diplorickettsiales;f__Diplorickettsiaceae;g__uncultured;s__	0.737857188918928
3d82c359c7891dd30263f56d45631618	d__Bacteria;p__Proteobacteria;c__Gammaproteobacteria;o__Xanthomonadales;f__Xanthomonadaceae	0.9815561570966067
8b1986241c36063eb37bf5d716ce3ac0	d__Bacteria;p__Proteobacteria;c__Alphaproteobacteria;o__Rhizobiales;f__Xanthobacteraceae	0.9992853306347683
87c782093f97124b67f63dd712a6a406	d__Bacteria;p__Proteobacteria;c__Gammaproteobacteria;o__Burkholderiales;f__TRA3-20;g__TRA3-20;s__	0.9472993731987881
d7883a9ab9b664e79511c02c74ebf981	d__Bacteria;p__Proteobacteria;c__Gammaproteobacteria;o__Diplorickettsiales;f__Diplorickettsiaceae;g__uncultured;s__	0.7930868854330461
d0b14949720b90b058076633191a6d0e	d__Bacteria;p__Proteobacteria;c__Gammaproteobacteria;o__Xanthomonadales;f__Xanthomonadaceae	0.9020432858548229
a3df0c9e69a5787cde3aae859c64f44b	d__Bacteria;p__Chloroflexi;c__Ktedonobacteria;o__C0119;f__C0119;g__C0119;s__	0.9977547799979625
d3f32bb47d2dea12ab46806b121f77c8	d__Bacteria;p__Acidobacteriota;c__Holophagae;o__Subgroup_7;f__Subgroup_7;g__Subgroup_7;s__	0.996191978352349
671d9d238b7ce45582a2920f77c5ab55	d__Bacteria	0.999841367366435
d9f326908741120ceb7e33e1e29c26df	d__Bacteria;p__Elusimicrobiota;c__Lineage_IIa;o__Lineage_IIa;f__Lineage_IIa;g__Lineage_IIa;s__	0.954654662628272
815b738b51a6f3100c0b167a67324426	d__Bacteria	0.9999670147423291
feaf607f5b7807474cb5827129064b60	d__Bacteria	0.9999303678537955
d20f20122e2c58fcd339d2f09604d681	d__Bacteria;p__Dependentiae;c__Babeliae;o__Babeliales;f__Vermiphilaceae;g__Vermiphilaceae;s__	0.7904970283394075
7d3fb4c79b0790fe123c0d622f5f0f13	d__Bacteria;p__Chloroflexi;c__AD3;o__AD3;f__AD3;g__AD3;s__	0.9970823399550537
ebdc9db959d636151b475aef9ef066c1	d__Bacteria;p__Chloroflexi;c__Anaerolineae	0.8916833833243186
baefcf98651178f4ed5f16cbcd44c73a	d__Bacteria;p__Acidobacteriota;c__Acidobacteriae;o__Subgroup_2;f__Subgroup_2;g__Subgroup_2;s__	0.9999736052585997
ee78ea79773b40e4bd3aa25fdf566b95	d__Bacteria;p__Proteobacteria;c__Alphaproteobacteria;o__Elsterales;f__uncultured;g__uncultured;s__	0.9994269772231152
cdd856cd5ad4f320bd1076e98f71af69	d__Bacteria;p__Proteobacteria;c__Alphaproteobacteria	0.8680955813621427
1a6e0c3d1f4dd270821b3b34f5bdfffa	d__Bacteria;p__Acidobacteriota;c__Acidobacteriae;o__Solibacterales;f__Solibacteraceae;g__Candidatus_Solibacter;s__	0.9976456647026017
d9d277f8a74d0c0f3ed7b7ef192b4804	d__Bacteria;p__Actinobacteriota;c__Thermoleophilia;o__Gaiellales;f__uncultured;g__uncultured;s__	0.7758438428834484
4806158869750ef3abc6191546b33881	d__Bacteria;p__Verrucomicrobiota;c__Verrucomicrobiae;o__Chthoniobacterales;f__Chthoniobacteraceae;g__Candidatus_Udaeobacter;s__	0.9920021485295202
f046bca0cc02240e58e59dbcb898d186	d__Bacteria;p__Bacteroidota;c__Bacteroidia;o__Chitinophagales;f__Chitinophagaceae;g__uncultured;s__	0.9412516386735493
cbd106558c58e704f4cb76b602d5bf7c	d__Bacteria	0.9999892536106145
fbeda2d7c94ad3fe936a8b89e64b6919	d__Bacteria;p__Bacteroidota;c__Bacteroidia;o__Chitinophagales;f__Chitinophagaceae;g__uncultured;s__	0.969142381987659
9a143ad7016c1a00c68337a1d40af5cc	d__Bacteria	0.9999956098440678
c5d9a10504bca55e50fbf5edc118cdbd	d__Bacteria;p__Verrucomicrobiota;c__Verrucomicrobiae;o__Chthoniobacterales;f__Chthoniobacteraceae	0.9511079639376994
5e5b80a60fda92e51a04a496d0e24abc	d__Bacteria;p__Acidobacteriota;c__Acidobacteriae;o__Subgroup_2;f__Subgroup_2;g__Subgroup_2;s__	0.9996751816337988
d3e16076d5e01d8df7a2fd9c0bc9b7bb	d__Bacteria;p__Patescibacteria;c__Parcubacteria;o__Parcubacteria;f__Parcubacteria;g__Parcubacteria;s__	0.8993208408838227
d9e57955e707ae0cba8dee2be1463edb	d__Bacteria	0.9998359643358805
7419fcc3bf61090408b9fd6da79dcdbc	d__Bacteria;p__WPS-2;c__WPS-2;o__WPS-2;f__WPS-2;g__WPS-2;s__	0.8481723641822356
fdea340c4bce81c5d3255c17e1044633	d__Bacteria;p__Gemmatimonadota;c__Gemmatimonadetes;o__Gemmatimonadales;f__Gemmatimonadaceae;g__uncultured;s__	0.9991853334629645
45f02073467894c7c72e37324d630d79	d__Bacteria;p__Proteobacteria;c__Gammaproteobacteria;o__Burkholderiales;f__Comamonadaceae	0.9981076480783229
4ada1eb1a2e9c4e7c7386f799b6cd39b	d__Bacteria	0.9991154709375203
97e97eec52a8a31cb0fad0bbee325ba2	d__Bacteria;p__Acidobacteriota;c__Acidobacteriae;o__Acidobacteriales;f__uncultured;g__uncultured;s__	0.98980767016015
ef6c07d0c011b7a56283d6d020d59187	d__Bacteria;p__Planctomycetota;c__vadinHA49;o__vadinHA49;f__vadinHA49;g__vadinHA49;s__	0.9789368176163044
379029e407f9662122c42faef47605e4	d__Bacteria	0.9999674590109652
9276fd9d296cea5f63068fb4aceaca40	d__Bacteria;p__Acidobacteriota;c__Blastocatellia;o__Blastocatellales;f__Blastocatellaceae	0.9352435209594613
7df1a170164967e90a7ac64761cb8073	d__Bacteria;p__Verrucomicrobiota;c__Verrucomicrobiae;o__Chthoniobacterales;f__Chthoniobacteraceae;g__Candidatus_Udaeobacter;s__	0.998952855253467
cf797e50235976bcbb553793699fb618	d__Bacteria	0.9999630273124589
8680af7de8e7ca8f9994c74eb8a0f605	d__Bacteria;p__Acidobacteriota;c__Blastocatellia	0.9581810499588553
51c333431b7a16b0f34b2001052bf443	d__Bacteria;p__Bacteroidota;c__Bacteroidia;o__Chitinophagales;f__Chitinophagaceae;g__uncultured;s__	0.8437575193922675
16a912141e8c75f627fa72f10faf0b2f	d__Bacteria;p__Actinobacteriota;c__Thermoleophilia;o__Gaiellales;f__uncultured;g__uncultured;s__	0.9936422627401382
f449e81ba704b358bed3e5110e145ea2	d__Bacteria;p__Planctomycetota;c__Planctomycetes;o__Planctomycetales;f__uncultured;g__uncultured;s__	0.9925669838846302
8ec7b12e98f9f6a8383ce7e1fd250fd6	d__Bacteria;p__Chloroflexi;c__Ktedonobacteria;o__Ktedonobacterales;f__Ktedonobacteraceae;g__JG30a-KF-32;s__	0.9948922012238145
2587e44a76f01a77568f5fd011dd2c80	d__Bacteria	0.9993607938074909
0f8c3498458c99e461ae0f331e472d09	d__Bacteria;p__Bacteroidota;c__Bacteroidia;o__Cytophagales;f__Microscillaceae;g__uncultured;s__	0.7538020413945123
d3351d39b058e571988a093192b3c971	d__Bacteria;p__Dependentiae;c__Babeliae;o__Babeliales;f__Vermiphilaceae;g__Vermiphilaceae;s__	0.7763663227671038
a951c02ab240fbaee7412ee72900c956	d__Bacteria;p__Patescibacteria;c__Parcubacteria;o__Candidatus_Kaiserbacteria;f__Candidatus_Kaiserbacteria;g__Candidatus_Kaiserbacteria;s__	0.8630185409600287
037879d52e33de4537e4b9c06d31964f	d__Bacteria;p__Acidobacteriota;c__Acidobacteriae;o__Acidobacteriales;f__uncultured;g__uncultured;s__	0.9723814707371716
ee947f5397b0740ac6ed6e4e631ff969	d__Bacteria;p__Bacteroidota;c__Bacteroidia;o__Chitinophagales;f__Chitinophagaceae;g__uncultured;s__	0.9691402136624885
7c7d91e026e452a04151db5dc05f8cfe	d__Bacteria;p__Planctomycetota;c__Planctomycetes;o__Isosphaerales;f__Isosphaeraceae;g__Tundrisphaera;s__	0.9962576869241366
3a36ad5e9af55f7db08336aafe07baed	d__Bacteria;p__Gemmatimonadota;c__Gemmatimonadetes;o__Gemmatimonadales;f__Gemmatimonadaceae;g__uncultured;s__	0.9925230487709525
d0df8c4cce45c15dcf4a50699636a502	d__Bacteria;p__Bacteroidota;c__Bacteroidia;o__Chitinophagales	0.9554249296381161
664652d5a56d1aff0f5bb520e54d095d	d__Bacteria;p__Bacteroidota;c__Kapabacteria;o__Kapabacteriales;f__Kapabacteriales;g__Kapabacteriales;s__	0.9153898942396037
978f6038fe987bb9bf37b61000b61140	d__Bacteria;p__Gemmatimonadota;c__Gemmatimonadetes;o__Gemmatimonadales;f__Gemmatimonadaceae;g__uncultured;s__	0.9980611088508546
73316abc0f74934202ba196dd70b9690	d__Bacteria	0.9995811103592265
e1a3231bee0cf344a2d831bae41c6db7	d__Bacteria;p__Gemmatimonadota;c__Gemmatimonadetes;o__Gemmatimonadales;f__Gemmatimonadaceae;g__uncultured;s__	0.9939191926009578
5cb8428aa548b92ddd570fd74ebb5a38	d__Bacteria;p__Acidobacteriota;c__Holophagae;o__Subgroup_7;f__Subgroup_7;g__Subgroup_7;s__	0.962810830287344
fdc6fdc52af5203f1589e6b2da6ce121	d__Bacteria;p__Acidobacteriota;c__Holophagae;o__Subgroup_7;f__Subgroup_7;g__Subgroup_7;s__	0.98362910421425
2f2911990361e923469bbafccad1b92c	d__Bacteria;p__Cyanobacteria;c__Cyanobacteriia;o__Chloroplast;f__Chloroplast;g__Chloroplast;s__	0.9914670759893391
81e48ee3990fca91acb9432965738855	d__Bacteria	0.9998527382876832
6c11503dc84c0bb59dbfb006b38ffc74	d__Bacteria;p__Proteobacteria;c__Alphaproteobacteria	0.9928558114589778
807404192ab5cc59ef480ab9b9f0a864	d__Bacteria	0.9999933777611112
fdb8be4114aead2b64ade6982180c887	d__Bacteria;p__Gemmatimonadota;c__Gemmatimonadetes;o__Gemmatimonadales;f__Gemmatimonadaceae;g__uncultured;s__	0.9971680905652055
dfe4d525f6264b4e6797e3279be27bae	d__Bacteria	0.9998932705008388
dbb3ccb376fefbca2a89a235353eef2e	d__Bacteria;p__Planctomycetota;c__Planctomycetes;o__Isosphaerales;f__Isosphaeraceae;g__uncultured;s__	0.8356420605466257
e8ac771b0e8b9a14a5c20e70532d9965	d__Bacteria	0.9999992402421417
4a20dbed586e0ff1ac70d9c545b2011d	d__Bacteria;p__Planctomycetota;c__Planctomycetes;o__Planctomycetales;f__uncultured;g__uncultured;s__	0.9346424785758354
605eec9dd722603eda7c11cad4b32291	d__Bacteria;p__Chloroflexi;c__Dehalococcoidia;o__S085;f__S085;g__S085;s__	0.9281870337566659
1b3e85f92047579531ce622fa3819f4f	d__Bacteria;p__Chloroflexi;c__AD3;o__AD3;f__AD3;g__AD3;s__	0.8801974757126386
e5402ae95bfb34f9de76e7a8a8d87710	d__Bacteria;p__Patescibacteria;c__Gracilibacteria;o__Candidatus_Peribacteria;f__Candidatus_Peribacteria;g__Candidatus_Peribacteria;s__	0.9993871845235356
61c1071d5bd466a80fc2a5697f3a197b	d__Bacteria;p__Verrucomicrobiota;c__Verrucomicrobiae;o__Pedosphaerales;f__Pedosphaeraceae;g__Pedosphaeraceae;s__	0.8247923502137308
b5d8315cc2398de360d998b338f5cdc8	d__Bacteria;p__Proteobacteria;c__Alphaproteobacteria	0.8904195128360621
3c95ec1ff8c6a7af64114fb2b03132e5	d__Bacteria;p__Patescibacteria;c__Microgenomatia;o__Candidatus_Levybacteria;f__Candidatus_Levybacteria;g__Candidatus_Levybacteria;s__	0.9998544401565134
d63d5db4989ec34997c81a09af3d8d1d	d__Bacteria;p__Bacteroidota;c__Bacteroidia;o__Chitinophagales;f__Chitinophagaceae;g__uncultured;s__	0.7935320165327758
ad99cf849999a2e9bd1cf172dd1cf492	d__Bacteria;p__Myxococcota;c__Polyangia;o__Polyangiales	0.7542486834458247
b215d7a32a26b42ade78ce15846e896d	d__Bacteria;p__Planctomycetota	0.8882026406545974
47260b5f8444977665aaf21050de8baa	d__Bacteria;p__Dependentiae;c__Babeliae;o__Babeliales	0.998068717600245
41544e62c9ad30ef0926df23b0dc4a00	d__Bacteria;p__Myxococcota;c__Polyangia;o__Polyangiales;f__Polyangiaceae	0.8889370488571366
28f73f609b29cab022be6dc6087d3cc3	d__Bacteria;p__Chloroflexi;c__Ktedonobacteria;o__Ktedonobacterales;f__Ktedonobacteraceae	0.9597918192560398
162d719c27956eff831de4bba227d1d9	d__Bacteria;p__Patescibacteria;c__Parcubacteria	0.987588655942065
c60bf0a356962f4587dddec8de5df457	d__Bacteria;p__Bacteroidota;c__Bacteroidia;o__Chitinophagales;f__Chitinophagaceae	0.9997555458324909
6e30794193917156b82537952a7e490d	d__Bacteria;p__WPS-2;c__WPS-2;o__WPS-2;f__WPS-2;g__WPS-2;s__	0.992280904825377
4670df3d04bac46d6b71f7fc2f58ed6e	d__Bacteria;p__Acidobacteriota;c__Blastocatellia;o__11-24;f__11-24;g__11-24;s__	0.9965003863833676
d29ff4630e0298da233eefd4dd254767	d__Bacteria;p__Proteobacteria;c__Alphaproteobacteria;o__Rhodospirillales;f__uncultured;g__uncultured;s__	0.9746555732945851
920bc26f36922a04ede3c60cbc156a3c	d__Bacteria;p__Verrucomicrobiota;c__Chlamydiae;o__Chlamydiales;f__Parachlamydiaceae	0.9130243788461672
242924e004fc9205666ad2ae31cb4979	d__Bacteria;p__Proteobacteria;c__Alphaproteobacteria;o__Rickettsiales;f__SM2D12;g__SM2D12;s__	0.9059593959084726
fa3c24108f9d6f6e8af7f2c6e779d7d4	d__Bacteria	0.9997313292259794
629f1f2ddc1e39acb2f4458d438bd734	d__Bacteria;p__Proteobacteria;c__Alphaproteobacteria;o__Rickettsiales;f__Mitochondria;g__Mitochondria;s__	0.9712401952909804
64b29eaeb1645aa8be0da130d7129f80	d__Bacteria;p__Acidobacteriota;c__Acidobacteriae;o__Subgroup_2;f__Subgroup_2;g__Subgroup_2;s__	0.9548806611223183
1599aacd0d6a45815c3164e456ca2ae0	d__Bacteria;p__Proteobacteria;c__Gammaproteobacteria;o__Burkholderiales;f__SC-I-84;g__SC-I-84;s__	0.9624289694861631
ed2c1c8228da12dd65f14acfd03b965e	d__Bacteria;p__Planctomycetota;c__Planctomycetes;o__Isosphaerales;f__Isosphaeraceae	0.9999974822973877
8003470d9b21e09701dbc862257db28f	d__Bacteria;p__Gemmatimonadota;c__Gemmatimonadetes;o__Gemmatimonadales;f__Gemmatimonadaceae;g__Gemmatimonas;s__	0.9401791845216794
c3a73903f30c87496e7e75a9e14bd108	d__Bacteria;p__Proteobacteria;c__Gammaproteobacteria;o__Burkholderiales	0.7571888995265035
c40afc23698d4dc74e443b2fc80ca8e4	d__Bacteria;p__Acidobacteriota;c__Blastocatellia	0.9952805658059073
a53a2468ca3fd8d608d5a4924cd7b1bd	d__Bacteria;p__Acidobacteriota;c__Thermoanaerobaculia;o__Thermoanaerobaculales;f__Thermoanaerobaculaceae;g__Subgroup_10;s__	0.9984327143512648
d75f02974a5b82dec9b79e38e224c1ca	d__Bacteria;p__Bacteroidota;c__Bacteroidia;o__Chitinophagales;f__Chitinophagaceae;g__uncultured;s__	0.9546540828275776
6cdf6fa2f7e5f8a8806dadd231d84a30	d__Bacteria	0.9999717336916447
54351b777c3c17835efc3ab86e997090	d__Bacteria;p__Bacteroidota;c__Bacteroidia;o__Chitinophagales;f__Chitinophagaceae;g__uncultured;s__	0.9706104346337802
ce15cfab1f669a1f26db4dd8c66769b3	d__Bacteria	0.999689771086766
49566e126f3505f2b9deb75fab9cbb6e	d__Bacteria;p__Patescibacteria;c__Saccharimonadia;o__Saccharimonadales	0.9993064166845227
ad6e44f014283e244c8f7610a757b49d	d__Bacteria;p__Acidobacteriota;c__Acidobacteriae;o__Bryobacterales;f__Bryobacteraceae;g__Bryobacter;s__	0.9361727007834482
3c98f288e2ddb7914cea6d9bd1f845c6	d__Bacteria;p__Acidobacteriota;c__Holophagae;o__Subgroup_7;f__Subgroup_7;g__Subgroup_7;s__	0.992050908296662
b5eb892e661cb880fb86fc5b9b4317f8	d__Bacteria;p__Chloroflexi	0.917999749739846
41b9a355682be06bfb69a584f37b4586	d__Bacteria;p__Proteobacteria;c__Gammaproteobacteria	0.9787087562981889
8b25a4efb8c05468bfc5608bf8781bd9	d__Bacteria	0.9999834312162331
f56e19e73474a87a759071a0c9295643	d__Bacteria;p__Proteobacteria;c__Alphaproteobacteria	0.7497920777661485
9985b3640ca57e085c273a7060f7eb60	d__Bacteria;p__Proteobacteria;c__Alphaproteobacteria	0.838407681560093
f8728dd53700faa0b72c3a39051923f5	d__Bacteria;p__Acidobacteriota;c__Acidobacteriae;o__Subgroup_2;f__Subgroup_2;g__Subgroup_2;s__	0.9676957057413564
6f0001ccb91ef919001a2e474218c86e	d__Bacteria;p__Armatimonadota;c__uncultured;o__uncultured;f__uncultured;g__uncultured;s__	0.9114764060958542
c343c438e10156c72761f6643b46cee8	d__Bacteria;p__Bacteroidota;c__Bacteroidia;o__Chitinophagales;f__Chitinophagaceae;g__uncultured;s__	0.9657930850537298
53ab1df2d5e95328c7828dc324fcffc4	d__Bacteria;p__Verrucomicrobiota;c__Verrucomicrobiae;o__Chthoniobacterales;f__Chthoniobacteraceae;g__Candidatus_Udaeobacter;s__	0.8197220573186085
f7192e086f3bef034170d999dec44f21	d__Bacteria;p__Bacteroidota;c__Bacteroidia;o__Chitinophagales;f__Chitinophagaceae;g__uncultured;s__	0.9015756808463442
41e6cc27e0e55d33c1e8b3b140b3bf15	d__Bacteria;p__Patescibacteria;c__Parcubacteria	0.9882423638074932
a6b9f2d2cbef893883c2b708af0dfe62	d__Bacteria;p__Acidobacteriota;c__Acidobacteriae;o__Bryobacterales;f__Bryobacteraceae;g__Bryobacter;s__	0.7187002704240443
0732caa36b847f2c06e9d70b02c2153a	d__Bacteria;p__Acidobacteriota;c__Acidobacteriae;o__Solibacterales;f__Solibacteraceae;g__Candidatus_Solibacter;s__	0.920355146584542
291e7a7c77024dd582677e67f4657fbe	d__Bacteria;p__Proteobacteria;c__Gammaproteobacteria;o__Burkholderiales;f__TRA3-20;g__TRA3-20;s__	0.9998307598916659
f82e4740b043b55be06e0575db8dbc9f	d__Bacteria;p__Actinobacteriota;c__Thermoleophilia	0.7457245567910301
7c2ad88eb52d850b415f553812b5e5b2	d__Bacteria;p__Bdellovibrionota;c__Oligoflexia;o__Oligoflexales;f__Oligoflexaceae;g__uncultured;s__	0.9982099723487499
1a9c9e3fb100570ad432066570e506fe	d__Bacteria;p__Acidobacteriota;c__Acidobacteriae;o__Bryobacterales;f__Bryobacteraceae;g__Bryobacter;s__	0.9465153813201052
80863ed3a433a226ab5aa9e19f93e8cf	d__Bacteria;p__Chloroflexi	0.8245509795286079
8d960f32be42f827a79e3a3ae5415d70	d__Bacteria;p__Planctomycetota;c__Planctomycetes;o__Pirellulales;f__Pirellulaceae;g__Pirellula;s__	0.9669952821834008
9a0beb7a904672b8f73bdfd2975a3cd4	d__Bacteria;p__Armatimonadota;c__Fimbriimonadia;o__Fimbriimonadales;f__Fimbriimonadaceae;g__Fimbriimonadaceae;s__	0.9105572547586681
aefa664a0f036ea1bebb32f1dc2de8ce	d__Bacteria	0.9966375318510682
d5f152dbd88d48c262a62b6b94ceaadb	d__Bacteria;p__Acidobacteriota;c__Holophagae;o__Subgroup_7;f__Subgroup_7;g__Subgroup_7;s__	0.848897688514719
c2a666c1b38b9d64a2ddee7e2269e628	d__Bacteria;p__Proteobacteria;c__Gammaproteobacteria;o__Burkholderiales;f__Nitrosomonadaceae;g__Ellin6067;s__	0.9843459393585305
574915c7a61c2a3c7db70383868f8d8c	d__Bacteria	0.9999579463570445
bb72c3c2468bdaaa4363fded8079e84c	d__Bacteria;p__Planctomycetota	0.7478457107787283
6d2ed4a299793102dff828449f48b006	d__Bacteria	0.9999947142721124
a8e041318a34e5e481bdbd69a745e355	d__Bacteria;p__Acidobacteriota;c__Acidobacteriae	0.9986875043923077
fb7515d819922c6251ef5a558f79ec1f	d__Bacteria;p__Proteobacteria;c__Alphaproteobacteria;o__Rhizobiales;f__Devosiaceae	0.9864637081657608
0783c950725f610f6452821a2c562e8a	d__Bacteria;p__Planctomycetota;c__Phycisphaerae;o__Tepidisphaerales;f__WD2101_soil_group;g__WD2101_soil_group;s__	0.9918137498534297
d0dce41a7e62740cae7a9b3b73260296	d__Bacteria;p__Proteobacteria;c__Gammaproteobacteria;o__Xanthomonadales;f__Xanthomonadaceae	0.7575032823145785
7353099f538f29ec0c483346bedffa50	d__Bacteria;p__Verrucomicrobiota;c__Verrucomicrobiae;o__Chthoniobacterales;f__Chthoniobacteraceae;g__Candidatus_Udaeobacter;s__	0.9754495564487363
5ad0e7845ff7c0868be8c164a8a1610f	d__Bacteria;p__Chloroflexi;c__AD3;o__AD3;f__AD3;g__AD3;s__	0.9979097658508392
d3dcc8df8ceac1f877fdb8d9f2b04542	d__Bacteria;p__Bacteroidota;c__Bacteroidia;o__Chitinophagales;f__Chitinophagaceae;g__uncultured;s__	0.7894578057353625
51983ad92851c4c722a7f124fd740ec4	d__Bacteria;p__Bdellovibrionota;c__Oligoflexia;o__Oligoflexales;f__Oligoflexaceae;g__uncultured;s__	0.9965737775313732
dacdcf7d54ae43546cfa09a9a8126b2c	d__Bacteria;p__Patescibacteria;c__Gracilibacteria;o__Candidatus_Peribacteria;f__Candidatus_Peribacteria;g__Candidatus_Peribacteria;s__	0.9870374938805985
c272fbaf318bb9b05bbcdbcb9efd775a	d__Bacteria;p__Proteobacteria;c__Gammaproteobacteria;o__Diplorickettsiales;f__Diplorickettsiaceae;g__uncultured;s__	0.8799725973480018
412b65b69c6366d5f018c4ac6cb22465	d__Bacteria;p__Bacteroidota;c__Bacteroidia;o__Chitinophagales;f__Chitinophagaceae;g__uncultured;s__	0.94513457551803
ae12b7fad26aa5bccbd18ed2dae7bca7	d__Bacteria;p__Bdellovibrionota;c__Oligoflexia;o__0319-6G20;f__0319-6G20;g__0319-6G20;s__	0.998735510144335
d3dba10487272b0e2307542775d56323	d__Bacteria;p__Proteobacteria;c__Gammaproteobacteria;o__Diplorickettsiales;f__Diplorickettsiaceae;g__uncultured;s__	0.9764951757584859
5820228a8eb6ce37967dfba381239667	d__Bacteria;p__Bacteroidota;c__Bacteroidia;o__Chitinophagales;f__Chitinophagaceae;g__uncultured;s__	0.8856432363447267
54cbafe3235868b88d87bbe18d94082e	d__Bacteria;p__Patescibacteria;c__Saccharimonadia;o__Saccharimonadales;f__Saccharimonadales;g__Saccharimonadales;s__	0.9172251450359856
4aebd9aaf66b1cab89f0b0b63452b68c	d__Bacteria;p__Gemmatimonadota;c__Gemmatimonadetes;o__Gemmatimonadales;f__Gemmatimonadaceae;g__uncultured;s__	0.9505760527073874
0b4b1ab56c00974faa0451970ca62200	d__Bacteria;p__Proteobacteria;c__Gammaproteobacteria;o__Xanthomonadales;f__Rhodanobacteraceae;g__Rhodanobacter;s__	0.9627481567633643
72f7b7eee82b98c18c216f0f7ed51947	d__Bacteria;p__Proteobacteria;c__Alphaproteobacteria;o__Caulobacterales;f__Caulobacteraceae	0.9530989226310618
b883b069bb62da1c2759bef052eaa94e	d__Bacteria;p__Bacteroidota;c__Bacteroidia	0.9927282007981727
1c9a1efb9ca54129a32e3a3bf84c595e	d__Bacteria;p__Bdellovibrionota;c__Oligoflexia;o__Oligoflexales;f__Oligoflexaceae;g__uncultured;s__	0.7084898417420395
a92d632dcfdb1bab4faf8dca3d0a9141	d__Bacteria	0.9999008769571035
1116ad08a8e9ef89a795e541e7c57b7e	d__Bacteria	0.9999572583219805
c928220c71fe5e0c856537e2e03d09cb	d__Bacteria;p__Patescibacteria;c__Saccharimonadia;o__Saccharimonadales;f__Saccharimonadales;g__Saccharimonadales;s__	0.9819969515375279
ca4a4cad9452c39ae90f4fbce672bca7	d__Bacteria;p__Verrucomicrobiota;c__Verrucomicrobiae;o__Pedosphaerales;f__Pedosphaeraceae;g__uncultured;s__	0.9977801089887899
4e4ca542899f55e34e1fec95b6bde448	d__Bacteria;p__Acidobacteriota;c__Acidobacteriae;o__Subgroup_2;f__Subgroup_2;g__Subgroup_2;s__	0.9821882873981427
54ce21d257de379e17ebf9e05c5ccb4b	d__Bacteria;p__Chloroflexi;c__Ktedonobacteria;o__Ktedonobacterales;f__Ktedonobacteraceae;g__HSB_OF53-F07;s__	0.9860176358334876
4e3a14ee1aa1a530635e134f072cc868	d__Bacteria;p__Proteobacteria;c__Gammaproteobacteria;o__Burkholderiales;f__Burkholderiaceae	0.8494939621984015
ddc6c85795d0d055164e31f8f5ebe063	d__Bacteria;p__Patescibacteria;c__Saccharimonadia;o__Saccharimonadales;f__Saccharimonadales;g__Saccharimonadales;s__	0.8929872350139614
aba31c61952a0d77c4cc592b49d4951c	d__Bacteria;p__Acidobacteriota;c__Acidobacteriae;o__Subgroup_12;f__Subgroup_12;g__Subgroup_12;s__	0.9999985704615412
5e6fb42e16827c493dc9f6f648a6a449	d__Bacteria;p__Bacteroidota;c__Bacteroidia;o__Chitinophagales;f__Chitinophagaceae;g__uncultured;s__	0.9684245623314184
655137b9fd405086b6a77bcf393b4625	d__Bacteria;p__Proteobacteria;c__Gammaproteobacteria;o__Burkholderiales;f__Comamonadaceae	0.9670439996556925
20283b3dc59024c37cbe0b1446ca3122	d__Bacteria;p__Proteobacteria;c__Gammaproteobacteria	0.9811445456400285
ed2b4678cbae03924bd49d3ce010b107	d__Bacteria;p__Patescibacteria;c__Saccharimonadia;o__Saccharimonadales;f__Saccharimonadales;g__Saccharimonadales;s__	0.7457458259641255
7025990c9038e6ee78c441593c58ade6	d__Bacteria;p__Proteobacteria;c__Gammaproteobacteria;o__Burkholderiales;f__Comamonadaceae	0.9994443725431648
6340081c26b490b65af305e08756267e	d__Bacteria;p__Patescibacteria;c__Saccharimonadia;o__Saccharimonadales;f__Saccharimonadales;g__Saccharimonadales;s__	0.7770986255266711
f296e9b1cf2e7b5b8107cf6697f82302	d__Bacteria;p__Bacteroidota;c__Bacteroidia;o__Chitinophagales;f__Chitinophagaceae;g__uncultured;s__	0.9605954881360586
0c9bc5ca581ab91bf8cddcee7e2d1ffe	d__Bacteria;p__Proteobacteria;c__Alphaproteobacteria;o__Micropepsales;f__Micropepsaceae	0.8775567659484367
7d44d1ec51c8c902be27f963bb3eacbf	d__Bacteria;p__Cyanobacteria;c__Vampirivibrionia;o__Obscuribacterales;f__Obscuribacteraceae;g__Obscuribacteraceae;s__	0.8127556078223729
61c16a462bc73b79aefc69d35bc8e7e9	d__Bacteria	0.9997557773940129
d39a92833d9fb207fb7cc27392a991af	d__Bacteria;p__Patescibacteria;c__Gracilibacteria;o__Candidatus_Peribacteria;f__Candidatus_Peribacteria;g__Candidatus_Peribacteria;s__	0.785947036534803
09b80f9b0e610f7717ac3ff8e1300dc4	d__Bacteria;p__Acidobacteriota;c__Acidobacteriae;o__Solibacterales;f__Solibacteraceae;g__Candidatus_Solibacter;s__	0.8835755853121702
e4f251f8efc8b504fc4d4b7222dda40a	d__Bacteria;p__Proteobacteria;c__Alphaproteobacteria;o__Rhizobiales;f__Xanthobacteraceae;g__uncultured;s__	0.7259589760894383
6779753267e9bc8d7c9ba1c587b1d25a	d__Bacteria;p__Myxococcota;c__Polyangia;o__Blfdi19;f__Blfdi19;g__Blfdi19;s__	0.9998670893517878
2cb805a7e0cd4e3b4a3b7499926e5b5d	d__Bacteria;p__Patescibacteria	0.7394482296051061
1ff7e69653e70960f0e3e2b20f6b5508	d__Bacteria;p__Cyanobacteria;c__Vampirivibrionia;o__Obscuribacterales;f__Obscuribacteraceae;g__Obscuribacteraceae;s__	0.9236884497229748
505debce55ca71a156f05386bfb859b6	d__Bacteria;p__Gemmatimonadota;c__Gemmatimonadetes;o__Gemmatimonadales;f__Gemmatimonadaceae;g__uncultured;s__	0.9275373687411167
12d2c5f9725112e56e2ebd8660fb1da5	d__Bacteria;p__Planctomycetota;c__Phycisphaerae;o__Tepidisphaerales;f__WD2101_soil_group;g__WD2101_soil_group;s__	0.9998997198344259
5269292eeff0ea8ca4116cf212bbb5ce	d__Bacteria;p__Proteobacteria;c__Gammaproteobacteria;o__Burkholderiales	0.9864644881482592
a0cac1bbf0d951c48197675de6386e12	d__Bacteria;p__Proteobacteria;c__Gammaproteobacteria;o__Burkholderiales;f__Oxalobacteraceae	0.7298209032570958
8c8a2cfd0bf1b4001a59940bf17354f7	d__Bacteria;p__Acidobacteriota;c__Acidobacteriae;o__Subgroup_2;f__Subgroup_2;g__Subgroup_2;s__	0.9996219148421419
d416cf1ac206399dd711077f806234d4	d__Bacteria;p__Verrucomicrobiota;c__Verrucomicrobiae;o__Chthoniobacterales;f__Chthoniobacteraceae;g__Candidatus_Udaeobacter;s__	0.8608512689252887
bf58e352d6e5e884796f29e156e61320	d__Bacteria;p__Patescibacteria;c__Microgenomatia;o__Candidatus_Levybacteria;f__Candidatus_Levybacteria;g__Candidatus_Levybacteria;s__	0.9986282889184257
33c0c225c887de57955af8532b92c294	d__Bacteria	0.9988917645509804
d006b544a72e6d5794128c15915fbfca	d__Bacteria;p__Gemmatimonadota;c__Gemmatimonadetes;o__Gemmatimonadales;f__Gemmatimonadaceae;g__uncultured;s__	0.8696152282664293
7ed241871f11df18ce8e7757a38c31da	d__Bacteria;p__Proteobacteria;c__Gammaproteobacteria;o__Xanthomonadales	0.804421284336359
fcbc79de63281f90db75d9f8a29880ca	d__Bacteria;p__Verrucomicrobiota	0.817116139006983
98e00f4493157004444556f239cceff8	d__Bacteria;p__Bacteroidota;c__Bacteroidia;o__Chitinophagales;f__Chitinophagaceae	0.9863041428556003
b2ebadc85e7efbc010de0e05236677a5	d__Bacteria;p__Bacteroidota;c__Bacteroidia;o__Chitinophagales;f__Chitinophagaceae;g__Edaphobaculum;s__	0.9273304962104799
fc08daface4ff29e321efd97894ba175	d__Bacteria;p__Chloroflexi;c__Chloroflexia;o__Thermomicrobiales;f__JG30-KF-CM45;g__JG30-KF-CM45;s__	0.9796033307228227
e93b897de53779a071a63997ac3ebab0	d__Bacteria;p__Chloroflexi;c__Dehalococcoidia;o__S085;f__S085;g__S085;s__	0.9071710857533073
fd3c7513497f3fa9717246a3501b2cbf	d__Bacteria;p__Actinobacteriota;c__Actinobacteria;o__Corynebacteriales;f__Nocardiaceae;g__Nocardia;s__	0.8382040387040739
a5ce71a02563bd724b0f467665ffc2d9	d__Bacteria	0.9997504208790324
863b7502d1c421704598e6f6f80f776f	d__Bacteria;p__Bacteroidota;c__Bacteroidia;o__Sphingobacteriales;f__Sphingobacteriaceae	0.7087903868517504
2e45250ab919225d13acc58a11fede82	d__Bacteria;p__Chloroflexi;c__Ktedonobacteria;o__B12-WMSP1;f__B12-WMSP1;g__B12-WMSP1;s__	0.8744322652011014
39a7726f742367e97b2211d4c76c44e9	d__Bacteria;p__Verrucomicrobiota;c__Verrucomicrobiae;o__Chthoniobacterales;f__Chthoniobacteraceae;g__Candidatus_Udaeobacter;s__	0.9142455573975793
ad9435d0e4f6c1b39b849bf9aefec845	d__Bacteria;p__Cyanobacteria;c__Vampirivibrionia;o__Obscuribacterales;f__Obscuribacteraceae;g__Obscuribacteraceae;s__	0.99974761238713
b8670284fe93f4b3939baf99af363482	d__Bacteria	0.9999514804819639
27d03b8bfcf70a88a32071e94062de95	d__Bacteria	0.999987247284933
3fd870fa4fff058c2884d07f6b9ee011	d__Bacteria;p__Armatimonadota;c__Fimbriimonadia;o__Fimbriimonadales;f__Fimbriimonadaceae;g__Fimbriimonadaceae;s__	0.8596241785157455
a5debc9654c5f9739b299886476d6c2e	d__Bacteria;p__Actinobacteriota;c__Actinobacteria;o__Corynebacteriales;f__Mycobacteriaceae;g__Mycobacterium;s__	0.9460653894299904
16641b58afc01f3df1ca8330f74eb823	d__Bacteria;p__Proteobacteria;c__Alphaproteobacteria;o__Sphingomonadales;f__Sphingomonadaceae;g__Sphingomonas;s__	0.9316160969547955
921a693cc495bc07c32b79d8de8b3d37	d__Bacteria;p__Acidobacteriota;c__Acidobacteriae;o__Subgroup_2;f__Subgroup_2;g__Subgroup_2;s__	0.9888943523335847
eb8ec65567dd826a46f618d71635c9ba	d__Bacteria;p__Proteobacteria;c__Gammaproteobacteria;o__Burkholderiales;f__Comamonadaceae	0.9897295235147111
e7fe6379e603205ab9d0d00fdf0bdae1	d__Bacteria;p__Proteobacteria;c__Alphaproteobacteria;o__Rickettsiales;f__Mitochondria;g__Mitochondria;s__	0.9954950117634201
5efc3152b5517952ce3bb05db39fc642	d__Bacteria;p__Bacteroidota;c__Bacteroidia;o__Cytophagales;f__Cytophagaceae;g__Cytophaga;s__	0.8730984618602311
5491067a6b76b46c708a6a7fcf755f6b	d__Bacteria;p__Proteobacteria;c__Gammaproteobacteria;o__Burkholderiales;f__Comamonadaceae	0.9992712790369604
08be3f315caa1509a9288d6f69884fd2	d__Bacteria;p__Proteobacteria;c__Gammaproteobacteria;o__Burkholderiales;f__Oxalobacteraceae	0.8189834909065616
5bd25b0afa83b403d9e968856c9c339a	d__Bacteria	0.9999998487458084
e053d6dab6c40007dd54527d06535daf	d__Bacteria;p__Acidobacteriota;c__Acidobacteriae;o__Solibacterales;f__Solibacteraceae;g__Candidatus_Solibacter;s__	0.9982201718965246
09752505d8aa8ff097bdfd701b540b20	d__Bacteria;p__Proteobacteria;c__Gammaproteobacteria;o__Burkholderiales;f__Oxalobacteraceae	0.9908062898356117
e70ae8d84cd6909667f8f86672f8c403	d__Bacteria	0.9997736483321229
9e09480e44a369df5d88390faf2f94aa	d__Bacteria;p__Planctomycetota;c__Planctomycetes;o__Gemmatales;f__Gemmataceae;g__uncultured;s__	0.7503329672953974
7ac57f116363d824419f28f71bb3604e	d__Bacteria;p__Patescibacteria;c__Saccharimonadia;o__Saccharimonadales;f__Saccharimonadales;g__Saccharimonadales;s__	0.9880590979530639
4844f889b8799a401b8e6f15f3bdca34	d__Bacteria;p__Proteobacteria;c__Gammaproteobacteria;o__Diplorickettsiales;f__Diplorickettsiaceae;g__Aquicella;s__	0.9999902306572327
25335b93869fbe19b70d044cf3a624b6	d__Bacteria	0.9999380824242297
189cf1002acdf9cd9eca6492b5606feb	d__Bacteria;p__Verrucomicrobiota;c__Verrucomicrobiae;o__Chthoniobacterales;f__Chthoniobacteraceae;g__Candidatus_Udaeobacter;s__	0.9924513662067456
b20f5557a806c199239ef2366ad95449	d__Bacteria;p__Bacteroidota;c__Ignavibacteria;o__SJA-28;f__SJA-28;g__SJA-28;s__	0.743611051417068
3e35f5617b5a35fd6c29e08c9bc8bf3f	d__Bacteria	0.9998879250001013
9fb7bfb468d3c23ae536e7345891d579	d__Bacteria;p__Proteobacteria;c__Alphaproteobacteria;o__Acetobacterales;f__Acetobacteraceae	0.9970627094656741
1be3f7638550d49c249ccc0c06663132	d__Bacteria;p__Gemmatimonadota;c__Gemmatimonadetes;o__Gemmatimonadales;f__Gemmatimonadaceae	0.9186494503748488
a59a643962801ec1ded03c58bdfcfb05	d__Bacteria;p__Patescibacteria;c__Parcubacteria;o__Parcubacteria;f__Parcubacteria;g__Parcubacteria;s__	0.846391365931441
28f2cb27d8fef666818dead5b540f6de	d__Bacteria	0.9993735307621163
183b62350b989374430974d8f4aa17c8	d__Bacteria;p__Bacteroidota;c__Bacteroidia;o__Chitinophagales;f__Chitinophagaceae;g__uncultured;s__	0.9192450385241165
118b84983d0fbe0f5bb601e6a9478f00	d__Bacteria;p__Chloroflexi;c__JG30-KF-CM66;o__JG30-KF-CM66;f__JG30-KF-CM66;g__JG30-KF-CM66;s__	0.9454222467001849
5b2ebaefaed4e50d3cbc77cea5c072a5	d__Bacteria;p__Planctomycetota;c__Planctomycetes;o__Gemmatales;f__Gemmataceae;g__uncultured;s__	0.998181984511746
b302487d6e80bf3d3a54e7f710496c8e	d__Bacteria;p__Chloroflexi	0.9365811183654538
ab48acd4e94e56631a2f3b46594855aa	d__Bacteria;p__Acidobacteriota;c__Acidobacteriae	0.9311187811910618
e6043dd69484c515193c047cfd800e39	d__Bacteria;p__Actinobacteriota;c__Actinobacteria;o__Micrococcales;f__Micrococcaceae	0.7951468460875455
a19588cc0cff87e6d76c3408ff739d5f	d__Bacteria;p__Verrucomicrobiota;c__Verrucomicrobiae;o__Chthoniobacterales;f__Xiphinematobacteraceae;g__Candidatus_Xiphinematobacter;s__	0.9676811781522537
53ff7118d6c8bdb4d87079a9dc841a9d	d__Bacteria	0.9999852614819059
253375c94d6110a7aa19e57db52d78e5	d__Bacteria;p__Chloroflexi;c__Ktedonobacteria;o__Ktedonobacterales;f__Ktedonobacteraceae;g__JG30a-KF-32;s__	0.955736273852136
b337d2bff382eb3de9a3da59d5f6f70c	d__Bacteria;p__Acidobacteriota;c__Blastocatellia;o__Blastocatellales;f__Blastocatellaceae	0.8608970232255475
3521caeff7f7922d469f73b3f08660dd	d__Bacteria;p__Chloroflexi;c__Ktedonobacteria;o__Ktedonobacterales;f__Ktedonobacteraceae;g__uncultured;s__	0.87388160507335
d11e499d829eb1f506e9b0725d7748aa	d__Bacteria;p__Proteobacteria;c__Alphaproteobacteria	0.7061871105464822
1d0cd848ba70ec4803b1bc5d2923679a	d__Bacteria;p__Bdellovibrionota;c__Oligoflexia;o__0319-6G20;f__0319-6G20;g__0319-6G20;s__	0.9938974738788823
f7ad234db6d36011c7fb862eed76a4b9	d__Bacteria;p__Verrucomicrobiota;c__Verrucomicrobiae;o__Chthoniobacterales;f__Chthoniobacteraceae;g__Candidatus_Udaeobacter;s__	0.9786190400980139
a7a98fd81f6e290347cb7bb62283c2a3	d__Bacteria;p__Planctomycetota;c__Phycisphaerae;o__Tepidisphaerales;f__WD2101_soil_group;g__WD2101_soil_group;s__	0.9999894172590371
bdc2a9d2d54a933b62b19b951529dd4c	d__Bacteria;p__Bacteroidota;c__Bacteroidia;o__Chitinophagales;f__Chitinophagaceae	0.9999697985922199
c2c719f2c4e485aec9a098d822d84e88	d__Bacteria;p__Acidobacteriota;c__Holophagae;o__Subgroup_7;f__Subgroup_7;g__Subgroup_7;s__	0.9999638033640331
aa0f7f41264d62c61bd36a677b59b992	d__Bacteria	0.9992771863874625
12326ae50c668a6c1f8fcc3c9c761b30	d__Bacteria;p__Actinobacteriota;c__Thermoleophilia;o__Solirubrobacterales;f__Solirubrobacteraceae;g__uncultured;s__	0.7380348402804503
8d1cbae8c09f81d0931914aae4840ad1	d__Bacteria;p__Actinobacteriota;c__Actinobacteria;o__Frankiales;f__Frankiaceae;g__Jatrophihabitans;s__	0.710592108077247
45f3cd46fbaf39320b4445f07732316f	d__Bacteria;p__Proteobacteria;c__Gammaproteobacteria;o__Burkholderiales;f__Nitrosomonadaceae;g__Ellin6067;s__	0.9994936457033532
c5b42dfbd5dd6c4d5d12abff4fe24f11	d__Bacteria;p__Proteobacteria;c__Gammaproteobacteria;o__Burkholderiales;f__Oxalobacteraceae	0.9944659422905412
6fd01b975b7761adb9932e4b19121148	d__Bacteria;p__Acidobacteriota;c__Acidobacteriae	0.8036810483747457
4b25de90f81fb81e8333be9670528bb3	d__Bacteria;p__Acidobacteriota;c__Vicinamibacteria;o__Vicinamibacterales;f__uncultured;g__uncultured;s__	0.9998828015871422
55e303f55f06a2cf2cf2aa9914364bfe	d__Bacteria;p__Acidobacteriota;c__Blastocatellia;o__Blastocatellales;f__Blastocatellaceae	0.9995921188741854
597e9c40d3187a5dd65b1dbbf78fab30	d__Bacteria;p__Acidobacteriota;c__Vicinamibacteria;o__Vicinamibacterales;f__uncultured;g__uncultured;s__	0.9966574712447447
3d263c796d2bd25abd53cb247249d147	d__Bacteria;p__Planctomycetota;c__Phycisphaerae;o__Tepidisphaerales;f__WD2101_soil_group;g__WD2101_soil_group;s__	0.9999934150713677
c084621b6b2efc6db5e65e05754f2350	d__Bacteria;p__Verrucomicrobiota;c__Verrucomicrobiae;o__Chthoniobacterales;f__Chthoniobacteraceae;g__Candidatus_Udaeobacter;s__	0.9938396071386945
b08576f212908f18f9d75f05a2f37b47	d__Bacteria;p__Patescibacteria;c__Parcubacteria	0.9325645280490562
d9fbe34b4a3197e00a19ab8fecc94906	d__Bacteria	0.9990458404331789
6f52cad7dc33155cf877997366dc2d31	d__Bacteria;p__Verrucomicrobiota;c__Verrucomicrobiae;o__Chthoniobacterales;f__Chthoniobacteraceae;g__Candidatus_Udaeobacter;s__	0.9804760168666989
31ed4bbe6aca4009a5785596de1696b4	d__Bacteria;p__Elusimicrobiota;c__Lineage_IIa;o__Lineage_IIa;f__Lineage_IIa;g__Lineage_IIa;s__	0.9999898886158758
40d5eb16b9dd3707dba38d2a9d274b2a	d__Bacteria;p__Acidobacteriota;c__Acidobacteriae;o__Subgroup_2;f__Subgroup_2;g__Subgroup_2;s__	0.9999920234009019
cd189724999c844b050ff938f576dde6	d__Bacteria;p__Verrucomicrobiota;c__Verrucomicrobiae;o__Chthoniobacterales;f__Chthoniobacteraceae;g__Candidatus_Udaeobacter;s__	0.8660469692001336
fb280a9b64b4dc403d465b3a29a58939	d__Bacteria;p__Planctomycetota;c__Phycisphaerae;o__Tepidisphaerales;f__WD2101_soil_group;g__WD2101_soil_group;s__	0.99999710826626
