Feature ID	Taxon	Confidence
eeba152e35840a145c91bab3a5c02414	d__Bacteria;p__Patescibacteria;c__Saccharimonadia;o__Saccharimonadales;f__Saccharimonadaceae;g__TM7a;s__	0.8421693299457095
7b6875a8da035d0f8d3171ccd07d511a	d__Bacteria;p__Acidobacteriota;c__Blastocatellia;o__Pyrinomonadales;f__Pyrinomonadaceae;g__RB41;s__	0.9999832434687367
9801c1197c405a7ee7071e252d772831	d__Bacteria;p__Verrucomicrobiota;c__Verrucomicrobiae;o__Chthoniobacterales;f__Chthoniobacteraceae;g__Candidatus_Udaeobacter;s__	0.8039956340927774
2407b8a2e280a87d52c72beb650c03e3	d__Bacteria;p__Proteobacteria;c__Gammaproteobacteria;o__Salinisphaerales;f__Solimonadaceae	0.9979518754291669
8a49b6875d31fca57a10ecf14c5f8647	d__Bacteria;p__Actinobacteriota;c__Actinobacteria;o__Propionibacteriales;f__Nocardioidaceae;g__Marmoricola;s__	0.7627915674953495
4c10ad8307592ec34c83c30d4e4aebdc	d__Bacteria;p__Gemmatimonadota;c__Gemmatimonadetes;o__Gemmatimonadales;f__Gemmatimonadaceae;g__uncultured;s__	0.9850606675126421
d698c627ee6e1448cc0b1e0057533aa0	d__Bacteria;p__Gemmatimonadota;c__Gemmatimonadetes;o__Gemmatimonadales;f__Gemmatimonadaceae;g__uncultured;s__	0.9614138986634002
eaf81e31fc2592ca78865236f4b561e4	d__Bacteria;p__Actinobacteriota;c__Actinobacteria;o__Propionibacteriales;f__Nocardioidaceae	0.9934657692667893
0648ca946cc84b68b053c7d8ddd059d9	d__Bacteria;p__Proteobacteria;c__Alphaproteobacteria;o__Rhizobiales;f__Rhizobiales_Incertae_Sedis;g__uncultured;s__	0.768204395033404
21ebc973ef069cc0cbea60a7bc7c7614	d__Bacteria;p__Actinobacteriota;c__Actinobacteria;o__Propionibacteriales;f__Nocardioidaceae;g__Aeromicrobium;s__	0.9268919977538896
4c16f132a29b8e81009f791999d6329e	d__Bacteria;p__Acidobacteriota;c__Blastocatellia;o__Pyrinomonadales;f__Pyrinomonadaceae;g__RB41;s__	0.9999659425378931
139521df8313cb851e412f569822df47	d__Bacteria;p__Gemmatimonadota;c__Gemmatimonadetes;o__Gemmatimonadales;f__Gemmatimonadaceae	0.998673895866684
60b681afbda0f74af05728635fff30af	d__Bacteria;p__Acidobacteriota;c__Blastocatellia;o__Blastocatellales;f__Blastocatellaceae	0.9999996877405188
ca05f29e6fd9c3d008bf59a0d7db5eba	d__Bacteria;p__Acidobacteriota;c__Vicinamibacteria;o__Vicinamibacterales;f__Vicinamibacteraceae;g__Vicinamibacteraceae;s__	0.9357050486751832
1102145fdc7aa2f2ca39a03def35c9da	d__Bacteria;p__Proteobacteria;c__Gammaproteobacteria;o__Burkholderiales;f__Sutterellaceae;g__uncultured;s__	0.9995730795269361
21f1e8d9461147b629e97932631f3bf7	d__Bacteria;p__Acidobacteriota;c__Vicinamibacteria;o__Vicinamibacterales;f__uncultured;g__uncultured;s__	0.9994503972203894
e84a7dc1a736f97dd260048587035520	d__Bacteria;p__Patescibacteria;c__Parcubacteria;o__Candidatus_Nomurabacteria;f__Candidatus_Nomurabacteria;g__Candidatus_Nomurabacteria;s__	0.9940208785155314
fd59954236fe1c38fed9f23987a95c8d	d__Bacteria;p__Actinobacteriota;c__Actinobacteria;o__Propionibacteriales;f__Nocardioidaceae;g__Nocardioides;s__	0.8034892109502431
1f006f8fd0566310a7b553e60208e872	d__Bacteria;p__Acidobacteriota;c__Blastocatellia;o__Pyrinomonadales;f__Pyrinomonadaceae;g__RB41;s__	0.9998897308323423
68a276879f5850201e8147f245f92a68	d__Bacteria;p__Proteobacteria;c__Alphaproteobacteria;o__Rhizobiales;f__Xanthobacteraceae	0.9973621307813803
af3044170bf45315be3137f5929712ce	d__Bacteria;p__Actinobacteriota;c__Thermoleophilia;o__Gaiellales	0.9994541496992022
7d9f3556c451061d3b504040835f6357	d__Bacteria;p__Chloroflexi;c__Anaerolineae;o__Anaerolineales;f__Anaerolineaceae	0.896875364415648
79edadf364b2bd99231536c822f3e618	d__Bacteria;p__Acidobacteriota;c__Blastocatellia;o__Blastocatellales;f__Blastocatellaceae	0.9999986336494968
bf29d0f08c61e6327c929a46f9902fcc	d__Bacteria;p__Patescibacteria;c__Saccharimonadia;o__Saccharimonadales;f__Saccharimonadales;g__Saccharimonadales;s__	0.8780048383721858
2731f5c667e1f6b6bc72e739b6e786a0	d__Bacteria;p__Verrucomicrobiota;c__Verrucomicrobiae;o__Opitutales;f__Opitutaceae;g__Opitutus;s__	0.731534343107378
4eff92de6f644b679b1f62a0e6b5e442	d__Bacteria;p__Planctomycetota;c__Planctomycetes;o__Gemmatales;f__Gemmataceae	0.9998874202261261
06fd1147b42540feed8d50bf0f3f76d9	d__Bacteria;p__Actinobacteriota;c__Actinobacteria;o__Micrococcales;f__Micrococcaceae	0.8463259789252148
b6a7b6f4911517906de1c980bd1c2a09	d__Bacteria;p__Acidobacteriota;c__Blastocatellia;o__Pyrinomonadales;f__Pyrinomonadaceae;g__RB41;s__	0.9999139661343511
841c7e4ab06d97e1c4dd494f873a360c	d__Bacteria;p__Verrucomicrobiota;c__Verrucomicrobiae;o__Chthoniobacterales;f__Chthoniobacteraceae;g__Candidatus_Udaeobacter;s__	0.8939317687024443
0824ee05d09bd958b079fb8fd562f4f8	d__Bacteria;p__Proteobacteria;c__Gammaproteobacteria;o__Burkholderiales;f__Nitrosomonadaceae;g__Ellin6067;s__	0.997402359276738
08ea51229130e2fb1e1310c7b7bb1882	d__Bacteria;p__Acidobacteriota;c__Vicinamibacteria;o__Vicinamibacterales;f__Vicinamibacteraceae;g__Vicinamibacteraceae;s__	0.9896751845749464
118648f0eff2047ee0f6e31c9bca2a87	d__Bacteria;p__Chloroflexi;c__KD4-96;o__KD4-96;f__KD4-96;g__KD4-96;s__	0.9871814169070227
57c2983b5f7955617d56d978a8aec189	d__Bacteria;p__Proteobacteria;c__Alphaproteobacteria;o__Sphingomonadales;f__Sphingomonadaceae	0.999949521586755
0ec5192105f8acb899cf13a377e49541	d__Bacteria;p__Verrucomicrobiota;c__Verrucomicrobiae;o__Verrucomicrobiales;f__Verrucomicrobiaceae;g__uncultured;s__	0.999624417429862
7994b875a1d5a4fa81e71ad6dc2ad8bd	d__Bacteria;p__Proteobacteria;c__Alphaproteobacteria;o__Rhizobiales;f__Xanthobacteraceae	0.9679372987807721
b095cb21a2c2a78fbc35b8cd9f3fa499	d__Bacteria;p__Patescibacteria;c__Parcubacteria	0.9201929486559108
7270bee3ce1507af83a1932008c21adf	d__Bacteria;p__Actinobacteriota;c__Acidimicrobiia	0.8965571274701527
13544f69ac2cb605c015254b8272d301	d__Bacteria;p__Acidobacteriota;c__Holophagae;o__Subgroup_7;f__Subgroup_7;g__Subgroup_7;s__	0.999793520606728
52930b26ed497e48dc2afda19e56aea4	d__Bacteria;p__Planctomycetota;c__Planctomycetes;o__Gemmatales;f__Gemmataceae;g__uncultured;s__	0.7353682254258546
605c7ad0845b6399d6b0aa005c9dff5e	d__Bacteria;p__Nitrospirota;c__Nitrospiria;o__Nitrospirales;f__Nitrospiraceae;g__Nitrospira;s__	0.9998426978981413
e33e26c010424adb2fac790c1db1b9d6	d__Bacteria;p__Verrucomicrobiota;c__Verrucomicrobiae;o__Chthoniobacterales;f__Chthoniobacteraceae;g__Candidatus_Udaeobacter;s__	0.8892039655183727
01d821e678d9bb4c34b1fb5981b87bf5	d__Bacteria;p__Proteobacteria;c__Gammaproteobacteria;o__Salinisphaerales;f__Solimonadaceae	0.9930265989409566
7959ebd4637e4af71338175244d8bf74	d__Bacteria;p__Proteobacteria;c__Gammaproteobacteria;o__Salinisphaerales;f__Solimonadaceae	0.9946501038510122
081120ecdf77e74901ccc9342b24022a	d__Bacteria;p__Planctomycetota;c__Planctomycetes;o__Planctomycetales;f__Schlesneriaceae;g__Schlesneria;s__	0.993681698909344
f69f291c69c2ceaeae461e83d797154a	d__Bacteria;p__Acidobacteriota;c__Vicinamibacteria;o__Vicinamibacterales;f__uncultured;g__uncultured;s__	0.959755021601649
f43119114b1666e3a357e66f7acd9694	d__Bacteria;p__Acidobacteriota	0.710632774447028
6ebddf717365545b33a78198628e0dcb	d__Bacteria;p__Chloroflexi;c__KD4-96;o__KD4-96;f__KD4-96;g__KD4-96;s__	0.8816118125087539
92e76901eeda90b0a20dced869d1d62a	d__Bacteria;p__Planctomycetota;c__Planctomycetes;o__Gemmatales;f__Gemmataceae	0.995276000053346
c3de73617223233f712e005c1b638af5	d__Bacteria;p__Actinobacteriota;c__Actinobacteria	0.9999532624242526
ec8e764fdee1b86a7582b0c29af66b91	d__Bacteria;p__Proteobacteria;c__Gammaproteobacteria;o__Burkholderiales;f__TRA3-20;g__TRA3-20;s__	0.9986651189365238
0f08bf90f2b76904cbba5bbd170a5b5b	d__Bacteria;p__Chloroflexi;c__Gitt-GS-136;o__Gitt-GS-136;f__Gitt-GS-136;g__Gitt-GS-136;s__	0.9999910623055346
2d336295d6e95ed9ebaa2d579e56d8cd	d__Bacteria;p__Planctomycetota;c__Planctomycetes;o__Pirellulales;f__Pirellulaceae;g__Pirellula;s__	0.8284738309526738
7039af346a62f1764efcb2a0c2ba3cd9	d__Bacteria;p__Proteobacteria;c__Gammaproteobacteria;o__Xanthomonadales;f__Xanthomonadaceae	0.9789663118127614
0658e8a1a766cced6ae7f37ce580bbec	d__Bacteria;p__Verrucomicrobiota;c__Verrucomicrobiae;o__Chthoniobacterales;f__Chthoniobacteraceae;g__Candidatus_Udaeobacter;s__	0.9210937795651278
d4cb0e8b2f3ed0ce64ae1906efaffbba	d__Bacteria;p__Acidobacteriota;c__Vicinamibacteria;o__Vicinamibacterales;f__uncultured;g__uncultured;s__	0.9993830118806437
08927286e5953dcf38fa9f6de6ff74cf	d__Bacteria;p__Acidobacteriota;c__Vicinamibacteria;o__Subgroup_17;f__Subgroup_17;g__Subgroup_17;s__	0.9995320585897759
d7cedb9ef6f36b3b12fcf474121daff9	d__Bacteria;p__Chloroflexi;c__Anaerolineae;o__Anaerolineales;f__Anaerolineaceae;g__UTCFX1;s__	0.9807593793926087
266b9008bbfe08b55d3363403a2fa767	d__Bacteria;p__Proteobacteria;c__Gammaproteobacteria;o__Pseudomonadales;f__Pseudomonadaceae;g__Pseudomonas;s__	0.927247321812021
387f22ff94a26f8cbb7104af46124c35	d__Bacteria;p__Proteobacteria;c__Gammaproteobacteria;o__Burkholderiales;f__Nitrosomonadaceae	0.9871667234668807
75e807d2382680130fa6dd116c10d7cb	d__Bacteria;p__Proteobacteria;c__Alphaproteobacteria;o__Sphingomonadales;f__Sphingomonadaceae	0.9999704825236406
9671146a3a948da12762a8dba6467fcc	d__Bacteria;p__Proteobacteria;c__Alphaproteobacteria;o__Sphingomonadales;f__Sphingomonadaceae	0.9996173198062901
e37c82e3f784d281bc019bb040b8e3e0	d__Bacteria;p__Proteobacteria;c__Gammaproteobacteria;o__Burkholderiales;f__SC-I-84;g__SC-I-84;s__	0.775002903974452
d444f4b3b77cc89b2cb4360816d833d9	d__Bacteria;p__Planctomycetota;c__Planctomycetes;o__Pirellulales;f__Pirellulaceae;g__Pirellula;s__	0.9854203782774664
f520515f1261863057db3264428f048c	d__Bacteria;p__Acidobacteriota;c__Blastocatellia;o__Pyrinomonadales;f__Pyrinomonadaceae;g__RB41;s__	0.9999529410194855
6c88957d62228f0947d3f193ee00986f	d__Bacteria;p__Chloroflexi;c__Anaerolineae;o__Anaerolineales;f__Anaerolineaceae;g__UTCFX1;s__	0.9265341266695529
9f8eb674e7f3fe3a5354b1fc7f57f73d	d__Bacteria;p__Proteobacteria;c__Alphaproteobacteria;o__Sphingomonadales;f__Sphingomonadaceae	0.9999597054085987
033b61a9e0f66ae073c0a82c3e6a779e	d__Bacteria;p__Patescibacteria;c__Parcubacteria;o__Candidatus_Nomurabacteria;f__Candidatus_Nomurabacteria;g__Candidatus_Nomurabacteria;s__	0.9959942806738691
3f050d14fc435a0f385bbd3af9ec832b	d__Bacteria;p__Proteobacteria;c__Alphaproteobacteria;o__Sphingomonadales;f__Sphingomonadaceae	0.9999334121938677
73a32b20d62ad40e365ba69e3831f212	d__Bacteria;p__Proteobacteria;c__Alphaproteobacteria;o__Rhizobiales	0.9195565400290104
282b92addcc40778fb11a0f1495d62d4	d__Bacteria;p__Acidobacteriota;c__Vicinamibacteria;o__Vicinamibacterales;f__Vicinamibacteraceae;g__Vicinamibacteraceae;s__	0.9646212657276628
45ec4d7109210f0dd1656c2c4bde5868	d__Bacteria;p__Acidobacteriota;c__Vicinamibacteria;o__Vicinamibacterales;f__uncultured;g__uncultured;s__	0.7441035516756227
673babce2a763a20a632692bc5c6c7a8	d__Bacteria;p__Chloroflexi;c__KD4-96;o__KD4-96;f__KD4-96;g__KD4-96;s__	0.9990109627835779
53fba35915301db91cbcf33e4c1ef8a7	d__Bacteria;p__Planctomycetota;c__Phycisphaerae;o__Tepidisphaerales;f__WD2101_soil_group;g__WD2101_soil_group;s__	0.9999004581650325
f5d82ebd793e0cd5767e6d8102dae576	d__Bacteria;p__Gemmatimonadota;c__Gemmatimonadetes;o__Gemmatimonadales;f__Gemmatimonadaceae	0.9541750059089623
ca3cb898b0697d5c5d87e2df58916447	d__Bacteria;p__Proteobacteria;c__Gammaproteobacteria;o__Burkholderiales;f__TRA3-20;g__TRA3-20;s__	0.9978613277151477
c6c28a661415ab7537499a0d1ceeac76	d__Bacteria;p__Proteobacteria;c__Gammaproteobacteria;o__Burkholderiales;f__Comamonadaceae	0.99995314047965
473ea1d5854b95ac296f101b6383e894	d__Bacteria;p__Acidobacteriota;c__Vicinamibacteria;o__Vicinamibacterales;f__uncultured;g__uncultured;s__	0.9966061502224234
681ac903b10295282cb6359e967a1053	d__Bacteria;p__Acidobacteriota;c__Vicinamibacteria;o__Vicinamibacterales;f__uncultured;g__uncultured;s__	0.9673346411401416
06bc6baa720eb05f5fb3f66c8751abf9	d__Bacteria;p__Verrucomicrobiota;c__Verrucomicrobiae;o__Chthoniobacterales;f__Chthoniobacteraceae;g__Chthoniobacter;s__	0.9515661408333533
e576e81b2dd4d69e967a843517f1f0f5	d__Bacteria;p__Acidobacteriota;c__Blastocatellia;o__Pyrinomonadales;f__Pyrinomonadaceae;g__RB41;s__	0.9996999092454885
0839b9cd5011954da8fbd09d4c2451ba	d__Bacteria;p__Actinobacteriota;c__Thermoleophilia	0.9991642386589925
ae08606c6b4b2de6d7a4128c4b3d89ac	d__Bacteria;p__Proteobacteria;c__Alphaproteobacteria;o__Rhizobiales;f__Xanthobacteraceae	0.9972996530895928
7342b2ef6b5b742a3282208798af1356	d__Bacteria;p__Acidobacteriota;c__Blastocatellia;o__Pyrinomonadales;f__Pyrinomonadaceae;g__RB41;s__	0.9995492600380507
61d2e22bcd8a116177597a07ca572d17	d__Bacteria;p__Acidobacteriota;c__Holophagae;o__Subgroup_7;f__Subgroup_7;g__Subgroup_7;s__	0.9970082865170473
914070a5921d7712507bbbfadba340ca	d__Bacteria;p__Acidobacteriota;c__Vicinamibacteria;o__Vicinamibacterales;f__uncultured;g__uncultured;s__	0.7072279082300492
659909de23ec70985ddfa58e438ec04d	d__Bacteria;p__Latescibacterota;c__Latescibacterota;o__Latescibacterota;f__Latescibacterota;g__Latescibacterota;s__	0.9909140378177438
bcd4cdb8455213c2dad98c840157f888	d__Bacteria;p__Acidobacteriota;c__Blastocatellia;o__Blastocatellales;f__Blastocatellaceae	0.9999981794929943
9385be16e6beef73f8f13cc91335430f	d__Bacteria;p__Acidobacteriota;c__Vicinamibacteria;o__Vicinamibacterales;f__uncultured;g__uncultured;s__	0.9770812518637679
f3ffcc0cc1b6acf97b578b248f6f3786	d__Bacteria;p__Acidobacteriota;c__Blastocatellia;o__Pyrinomonadales;f__Pyrinomonadaceae;g__RB41;s__	0.9999477470942049
47e984f5bc758b407ad754588f15fa27	d__Bacteria;p__Verrucomicrobiota;c__Verrucomicrobiae;o__Chthoniobacterales;f__Chthoniobacteraceae;g__Chthoniobacter;s__	0.9281869853148729
4b918a14ea21f36edbdb7cc1da0bf824	d__Bacteria;p__Planctomycetota;c__Planctomycetes;o__Gemmatales;f__Gemmataceae	0.9986041476661243
b820101bfb89601d20a8c50cd66c4f5c	d__Bacteria;p__Gemmatimonadota;c__Gemmatimonadetes;o__Gemmatimonadales;f__Gemmatimonadaceae;g__uncultured;s__	0.9460654109883514
06692ee00f119dd225d39a73034946e1	d__Bacteria;p__Acidobacteriota;c__Blastocatellia;o__Blastocatellales;f__Blastocatellaceae	0.9999981281588692
e45665635d849a9b45f6765e6c1747b7	d__Bacteria;p__Acidobacteriota;c__Blastocatellia;o__Pyrinomonadales;f__Pyrinomonadaceae;g__RB41;s__	0.9999509534556098
9dd7437619a09ba13913d860df73e4b6	d__Bacteria;p__Planctomycetota;c__Planctomycetes;o__Gemmatales;f__Gemmataceae	0.9999555184263522
e5909a76ee67e8fa532b1e0f27615bf8	d__Bacteria;p__Acidobacteriota;c__Holophagae;o__Subgroup_7;f__Subgroup_7;g__Subgroup_7;s__	0.9950907175470685
df31a84bbde26f25de13da1c7fd57741	d__Bacteria;p__Acidobacteriota;c__Vicinamibacteria;o__Vicinamibacterales;f__uncultured;g__uncultured;s__	0.9997997466807176
3aee4f888452ed126db9518a62c5deb2	d__Bacteria;p__Proteobacteria;c__Alphaproteobacteria;o__Rhizobiales	0.992405292799591
c914fc82c43f15103c459da09989fee2	d__Bacteria;p__Acidobacteriota;c__Vicinamibacteria;o__Vicinamibacterales;f__Vicinamibacteraceae;g__Vicinamibacteraceae;s__	0.9967412172457135
5ddea93c260110148367144eb1ec2f09	d__Bacteria;p__Acidobacteriota;c__Holophagae;o__Subgroup_7;f__Subgroup_7;g__Subgroup_7;s__	0.999707161567614
863b882164540bcc92df926b4ddc240e	d__Bacteria;p__Actinobacteriota;c__Actinobacteria;o__Micrococcales;f__Micrococcaceae	0.8717430600357474
416afdca4e09d6c80fda5fdaf1d6cf6b	d__Bacteria;p__Acidobacteriota;c__Blastocatellia;o__Pyrinomonadales;f__Pyrinomonadaceae;g__RB41;s__	0.9999718028542174
daf794d50742879a7c3cef370ce90f8d	d__Bacteria;p__Planctomycetota;c__Planctomycetes;o__Gemmatales;f__Gemmataceae;g__uncultured;s__	0.8486935923091213
33390999c84532d545d5351a13a270e9	d__Bacteria;p__Latescibacterota;c__Latescibacterota;o__Latescibacterota;f__Latescibacterota;g__Latescibacterota;s__	0.990402725172799
c587545c69876b5b4555f42118c7d384	d__Bacteria;p__Acidobacteriota;c__Holophagae;o__Subgroup_7;f__Subgroup_7;g__Subgroup_7;s__	0.9966805049621595
f3adb39404b07c49dc3aa311d12d4602	d__Bacteria;p__Bacteroidota;c__Bacteroidia;o__Chitinophagales;f__Chitinophagaceae	0.9999225436493139
1708bbe730d9bf58eb56adaa01397820	d__Bacteria;p__Proteobacteria;c__Alphaproteobacteria;o__Rhizobiales;f__Hyphomicrobiaceae	0.9877629863144679
692121aa355c25aceabc819780b6018d	d__Bacteria;p__Verrucomicrobiota;c__Verrucomicrobiae;o__Pedosphaerales;f__Pedosphaeraceae	0.9999532112162617
c886832825516c2a23a5739b25930d1b	d__Bacteria;p__Verrucomicrobiota;c__Verrucomicrobiae;o__Chthoniobacterales;f__Chthoniobacteraceae;g__Candidatus_Udaeobacter;s__	0.8310301204142476
48dba4629afb9cf38b71ae00af64743d	d__Bacteria;p__Planctomycetota;c__Planctomycetes;o__Gemmatales;f__Gemmataceae;g__uncultured;s__	0.8405628965626549
7f764fe4c56b9585a893e617a55e81e1	d__Bacteria;p__Verrucomicrobiota;c__Verrucomicrobiae;o__Chthoniobacterales;f__Chthoniobacteraceae;g__Chthoniobacter;s__	0.7499643115008583
a631d011fc22e9d7184b131e1e765876	d__Bacteria;p__Actinobacteriota;c__Thermoleophilia;o__Gaiellales;f__Gaiellaceae;g__Gaiella;s__	0.7679467694625198
6c429a7a55c5d728d4b1b72c7e11f28a	d__Bacteria;p__Planctomycetota;c__Planctomycetes;o__Gemmatales;f__Gemmataceae;g__Fimbriiglobus;s__	0.8292981188933409
f1eff2769fcfabd8d2eff6c32621cb1e	d__Bacteria;p__Planctomycetota;c__Phycisphaerae;o__Tepidisphaerales;f__WD2101_soil_group;g__WD2101_soil_group;s__	0.9921034647865842
df4f5d88b957fee2ac5ad98283fd342a	d__Bacteria;p__Verrucomicrobiota;c__Verrucomicrobiae;o__Chthoniobacterales;f__Chthoniobacteraceae;g__Candidatus_Udaeobacter;s__	0.9314006532378273
c168477249f5f8b5bcee9a684491e1dd	d__Bacteria;p__Chloroflexi;c__Anaerolineae;o__Anaerolineales;f__Anaerolineaceae	0.927869134729258
5297326cc56385620792db250cf3488a	d__Bacteria;p__Verrucomicrobiota;c__Verrucomicrobiae;o__Chthoniobacterales;f__Chthoniobacteraceae	0.945650292102486
0f0703fd0a244296ec2a768a2dfb8899	d__Bacteria;p__Acidobacteriota;c__Acidobacteriae	0.9999785247894971
78fc69332f369677325f80d8584df795	d__Bacteria;p__Proteobacteria;c__Alphaproteobacteria;o__Sphingomonadales;f__Sphingomonadaceae	0.9996781318793214
4f06eb7eebbb1600329082424452a445	d__Bacteria;p__Verrucomicrobiota;c__Verrucomicrobiae;o__Chthoniobacterales;f__Chthoniobacteraceae;g__Chthoniobacter;s__	0.85447068243869
7864b6473ecb66209d72480125c9f03f	d__Bacteria;p__Planctomycetota;c__Planctomycetes;o__Planctomycetales;f__Rubinisphaeraceae	0.999552197931034
6d39f366e1b0527485c0cec3e1522853	d__Bacteria;p__Planctomycetota;c__Planctomycetes;o__Pirellulales;f__Pirellulaceae;g__Pirellula;s__	0.7342640174273145
bbed4c655e56c2c70a39edc0befdaf6d	d__Bacteria;p__Verrucomicrobiota;c__Verrucomicrobiae;o__Verrucomicrobiales;f__Verrucomicrobiaceae;g__uncultured;s__	0.9996046780877866
b55029d35659246d9b9d59ece975c62c	d__Bacteria;p__Actinobacteriota;c__Thermoleophilia;o__Gaiellales	0.9971995221994574
df39cf08df8ae95dc1dc0da3969265c6	d__Bacteria;p__Proteobacteria;c__Gammaproteobacteria;o__Burkholderiales;f__Comamonadaceae	0.9999921267609435
723db51e3e0165be182b6d64b3b51150	d__Bacteria;p__Proteobacteria;c__Alphaproteobacteria;o__Rhizobiales;f__Rhodomicrobiaceae;g__Rhodomicrobium;s__	0.9552594036403714
11a1339d26408d8ca8545b1d69ed9b4f	d__Bacteria;p__Acidobacteriota;c__Holophagae;o__Subgroup_7;f__Subgroup_7;g__Subgroup_7;s__	0.997569515090926
864bf215a975ebf2fd3cabb9f28ec37d	d__Bacteria;p__Acidobacteriota;c__Holophagae;o__Subgroup_7;f__Subgroup_7;g__Subgroup_7;s__	0.997139361537925
dc97f98467162f0b2a4b3160342ee1a0	d__Bacteria;p__Methylomirabilota;c__Methylomirabilia;o__Rokubacteriales;f__Rokubacteriales;g__Rokubacteriales;s__	0.9999929399061894
d1a092c38258714d2fdc015270a05fb4	d__Bacteria;p__Verrucomicrobiota;c__Verrucomicrobiae;o__Chthoniobacterales;f__Chthoniobacteraceae;g__Candidatus_Udaeobacter;s__	0.851366474491774
1e7b302965ed199e605ef170d49b0ec9	d__Bacteria;p__Proteobacteria;c__Alphaproteobacteria;o__Caulobacterales;f__Caulobacteraceae	0.9999932640422393
b02ecb2562f42fa91c4a6e6bc5ddf630	d__Bacteria;p__Proteobacteria;c__Gammaproteobacteria;o__Burkholderiales;f__Methylophilaceae	0.9951579189218103
a0cf8445914e08815c5bb062d0f2d5e9	d__Bacteria;p__Bacteroidota;c__Bacteroidia;o__Flavobacteriales;f__Flavobacteriaceae;g__Flavobacterium;s__	0.9836467838512264
8c77c2890ee354895ff7bb9090070425	d__Bacteria;p__Proteobacteria;c__Gammaproteobacteria;o__Burkholderiales;f__Methylophilaceae	0.9638759165429134
a9edddd062e40be7460f1148c8f70140	d__Bacteria;p__Acidobacteriota;c__Vicinamibacteria;o__Vicinamibacterales;f__uncultured;g__uncultured;s__	0.8600006577669613
97e7e84d95e01a07f7b018046208771c	d__Bacteria;p__Bacteroidota;c__Bacteroidia;o__Chitinophagales;f__Chitinophagaceae;g__Flavitalea;s__	0.7237013654401834
5ecaf9e17dadbe997c8b200784dfa7b0	d__Bacteria;p__Proteobacteria;c__Gammaproteobacteria;o__Burkholderiales;f__Nitrosomonadaceae;g__MND1;s__	0.9901072103709196
3ee6f57569e51ed83ebb3f1c5cbbd01d	d__Bacteria;p__Proteobacteria;c__Gammaproteobacteria;o__Salinisphaerales;f__Solimonadaceae	0.9970196557964222
b30d7f0963ec6755f7bd2af3010d4dc5	d__Bacteria;p__Actinobacteriota;c__MB-A2-108;o__MB-A2-108;f__MB-A2-108;g__MB-A2-108;s__	0.9950285799795213
e1b8ebc0815a9f08a04633b22d7d78b1	d__Bacteria;p__Myxococcota;c__Polyangia;o__Haliangiales;f__Haliangiaceae;g__Haliangium;s__	0.980211284632758
d4fd161926713b1c6f0482c06fa8c7de	d__Bacteria;p__Proteobacteria;c__Gammaproteobacteria;o__Burkholderiales;f__Comamonadaceae	0.9997646540378827
26389459aca31c07d5191cfd686b970c	d__Bacteria;p__Actinobacteriota;c__Acidimicrobiia;o__Microtrichales;f__Ilumatobacteraceae;g__CL500-29_marine_group;s__	0.7043038606627059
49c5633a7ae269db4bc21c74f1fe0f7e	d__Bacteria;p__Bacteroidota;c__Bacteroidia;o__Chitinophagales;f__Chitinophagaceae	0.9991831331675326
9d7eaebe24f49166bbe6e4ffe90ef209	d__Bacteria;p__Proteobacteria;c__Alphaproteobacteria;o__Reyranellales;f__Reyranellaceae;g__Reyranella;s__	0.9413983616741217
51344d78d2ac960b5632043b1eb64d8c	d__Bacteria;p__Acidobacteriota;c__Blastocatellia;o__11-24;f__11-24;g__11-24;s__	0.9996109586186428
4eca288149f507c8a46498866e5c6cad	d__Bacteria;p__Acidobacteriota;c__Holophagae;o__Subgroup_7;f__Subgroup_7;g__Subgroup_7;s__	0.9978118000261863
1a8dfcd41578a58222b5a6c66da18e01	d__Bacteria;p__Verrucomicrobiota;c__Verrucomicrobiae;o__Pedosphaerales;f__Pedosphaeraceae;g__uncultured;s__	0.8481330403486002
fb34b885ea61c6c62e6c0ee2a5323946	d__Bacteria;p__Gemmatimonadota;c__Gemmatimonadetes;o__Gemmatimonadales;f__Gemmatimonadaceae;g__uncultured;s__	0.9328281228651086
90d26909a2208a0ff50a893cd7d55c8e	d__Bacteria;p__Proteobacteria;c__Gammaproteobacteria;o__Salinisphaerales;f__Solimonadaceae;g__uncultured;s__	0.9930647650007247
1b2775d3f72e6367a5d1717271d76878	d__Bacteria;p__Planctomycetota;c__Planctomycetes;o__Pirellulales;f__Pirellulaceae;g__Pirellula;s__	0.9904371708327999
9204ec0fbdc42e22dda1c2ed1fbd6c5b	d__Bacteria;p__Acidobacteriota;c__Vicinamibacteria;o__Vicinamibacterales;f__uncultured;g__uncultured;s__	0.8696930678021008
6878602b5e9bd8bf30acb55bdafff21f	d__Bacteria;p__Chloroflexi;c__Dehalococcoidia;o__S085;f__S085;g__S085;s__	0.8671210944495481
8b3c15ee8ca81d6069580e12109b1036	d__Bacteria;p__Planctomycetota;c__Planctomycetes;o__Pirellulales;f__Pirellulaceae	0.9255623019811099
6b847194cb73077886204c7d4d393a78	d__Bacteria;p__Proteobacteria;c__Gammaproteobacteria;o__Burkholderiales;f__Comamonadaceae	0.9999871768055263
42058271b92cd5d8ed8409cb3b7bf0e5	d__Bacteria;p__Planctomycetota;c__Phycisphaerae;o__Tepidisphaerales;f__WD2101_soil_group;g__WD2101_soil_group;s__	0.9998225965601769
0aa7305e3a6e5b989013063ad718369e	d__Bacteria;p__Gemmatimonadota;c__Gemmatimonadetes;o__Gemmatimonadales;f__Gemmatimonadaceae	0.8697761375167832
04960e4059ac68339db8f594294b22d8	d__Bacteria;p__Chloroflexi;c__Dehalococcoidia;o__S085;f__S085;g__S085;s__	0.9510271095688556
4eca13a78ea15810f35f2ebbf2854b69	d__Bacteria;p__Verrucomicrobiota;c__Verrucomicrobiae;o__Pedosphaerales;f__Pedosphaeraceae	0.9999686829463738
59fc44f2470dc33a905933c49d8bdb42	d__Bacteria;p__Verrucomicrobiota;c__Verrucomicrobiae;o__Chthoniobacterales;f__Chthoniobacteraceae;g__Candidatus_Udaeobacter;s__	0.842994417609975
923f62d24d4df618b0cba2710094284d	d__Bacteria;p__Proteobacteria;c__Gammaproteobacteria;o__Nitrosococcales;f__Nitrosococcaceae;g__wb1-P19;s__	0.998698625195532
602ffa92b7e2359d34c8d2c2d3982d7f	d__Bacteria;p__Planctomycetota;c__Planctomycetes;o__Gemmatales;f__Gemmataceae;g__Gemmata;s__	0.9747649520010646
ec2a65afdb1229875e4141043a2cfdb3	d__Bacteria;p__Planctomycetota;c__Phycisphaerae;o__Tepidisphaerales;f__WD2101_soil_group;g__WD2101_soil_group;s__	0.9702461279855076
a2009c0d9f938b6ff3eedbd215d4af41	d__Bacteria;p__Acidobacteriota;c__Vicinamibacteria;o__Vicinamibacterales;f__Vicinamibacteraceae;g__Vicinamibacteraceae;s__	0.9958552909544134
571b13a87244c802d80176220893c085	d__Bacteria;p__Acidobacteriota;c__Holophagae;o__Subgroup_7;f__Subgroup_7;g__Subgroup_7;s__	0.9999723232454986
dc7ba4205876a4df714b0a9265a9baaa	d__Bacteria;p__Planctomycetota;c__Planctomycetes;o__Gemmatales;f__Gemmataceae;g__Gemmata;s__	0.9293091529389147
8f13c5a5abb20b8c5d97d9bdddc0c19b	d__Bacteria;p__Proteobacteria;c__Alphaproteobacteria;o__Rhizobiales;f__Devosiaceae	0.8813199106025096
bdc4d9bce17ce418ce10b8f3a029424a	d__Bacteria;p__Gemmatimonadota;c__Gemmatimonadetes;o__Gemmatimonadales;f__Gemmatimonadaceae;g__uncultured;s__	0.7975858555767109
23e02de6a0f15e7b431f85c4fe24c093	d__Bacteria;p__Planctomycetota;c__Planctomycetes;o__Gemmatales;f__Gemmataceae;g__uncultured;s__	0.9921457232850769
376f71002740ae35c0e59fa19884871d	d__Bacteria;p__Patescibacteria;c__Parcubacteria;o__Candidatus_Nomurabacteria;f__Candidatus_Nomurabacteria;g__Candidatus_Nomurabacteria;s__	0.9596414873572459
19d6195e69e0299e3fc929eb5a774b7a	d__Bacteria;p__Acidobacteriota;c__Blastocatellia;o__Pyrinomonadales;f__Pyrinomonadaceae;g__RB41;s__	0.9999315056127408
096323b66654611703a575e2b1d621a8	d__Bacteria;p__Proteobacteria;c__Gammaproteobacteria;o__Burkholderiales;f__Nitrosomonadaceae;g__Ellin6067;s__	0.9873638471256302
cb3862aab7ff59915e161f6c1462b062	d__Bacteria;p__Planctomycetota;c__Planctomycetes;o__Gemmatales;f__Gemmataceae;g__Telmatocola;s__	0.8302661853322749
a0dacbe0a10d2d7ffd1edb87455f0462	d__Bacteria;p__Actinobacteriota;c__Actinobacteria	0.9985188691588993
e2a8ff2920c7fb58141efa9f3dcbcb52	d__Bacteria;p__Acidobacteriota;c__Vicinamibacteria;o__Vicinamibacterales;f__Vicinamibacteraceae;g__Vicinamibacteraceae;s__	0.998071682355799
6f339c128e253b8d6f53289f8f65b85d	d__Bacteria;p__Planctomycetota;c__Phycisphaerae;o__Tepidisphaerales;f__WD2101_soil_group;g__WD2101_soil_group;s__	0.9998109796358711
7a6ee9cc25f3cade98c3f3bcfd2165d1	d__Bacteria;p__Actinobacteriota;c__Thermoleophilia;o__Gaiellales	0.9824599639625615
d735b2e32f94948d49bcf09bea14485b	d__Bacteria;p__Proteobacteria;c__Alphaproteobacteria;o__Rhizobiales;f__KF-JG30-B3;g__KF-JG30-B3;s__	0.9092864260984633
fb3d57fd8d71bf950263041624110570	d__Bacteria;p__Nitrospirota;c__Nitrospiria;o__Nitrospirales;f__Nitrospiraceae;g__Nitrospira;s__	0.9997560239373726
601d950ef817978380404321b0f5995e	d__Bacteria;p__Proteobacteria;c__Gammaproteobacteria;o__Burkholderiales;f__Oxalobacteraceae	0.998651440907875
6487978c5847f54a60a0be3d77941b3b	d__Bacteria;p__Planctomycetota;c__Phycisphaerae;o__Tepidisphaerales;f__WD2101_soil_group;g__WD2101_soil_group;s__	0.9786135444599955
36583b98ff9a8ff2cbde6decab755fbb	d__Bacteria;p__Actinobacteriota;c__Acidimicrobiia	0.92396686803925
8e74697a0effa988b3c0a16014341ab7	d__Bacteria;p__Planctomycetota;c__Planctomycetes;o__Gemmatales;f__Gemmataceae;g__uncultured;s__	0.984647172652822
d484273b6ce14ba14980545f1ba944fc	d__Bacteria;p__Chloroflexi;c__Chloroflexia;o__Chloroflexales;f__Roseiflexaceae;g__uncultured;s__	0.995455437913093
eb5dbbc5f40b4f2569d2406b6ab51a35	d__Bacteria;p__Acidobacteriota;c__Blastocatellia;o__Blastocatellales;f__Blastocatellaceae	0.9999958140499986
99613d0d7318d880741cb6a44a00a663	d__Bacteria;p__Acidobacteriota;c__Vicinamibacteria;o__Vicinamibacterales;f__uncultured;g__uncultured;s__	0.9992281962171172
06b18a3489739268f1709e10395e4e44	d__Bacteria;p__Bacteroidota;c__Bacteroidia;o__Chitinophagales;f__Chitinophagaceae	0.9951416415041902
48414f53519872925cafee6988f9f4b2	d__Bacteria;p__Bacteroidota;c__Bacteroidia;o__Flavobacteriales;f__Flavobacteriaceae;g__Flavobacterium;s__	0.9536870675062333
71cd983287b33fb9adb460a28fff0b75	d__Bacteria;p__Acidobacteriota;c__Blastocatellia;o__Pyrinomonadales;f__Pyrinomonadaceae;g__RB41;s__	0.9999157597686688
ffad50e1d995d591d792ee1c632607bc	d__Bacteria;p__Verrucomicrobiota;c__Verrucomicrobiae;o__Chthoniobacterales;f__Chthoniobacteraceae;g__Chthoniobacter;s__	0.7287208631113363
fcfc6fa4084d017b319e68c05ef8d2ca	d__Bacteria;p__Acidobacteriota;c__Blastocatellia;o__Pyrinomonadales;f__Pyrinomonadaceae;g__RB41;s__	0.9999396739982707
8168a8075ca6ab1683e0fd3cc35f7107	d__Bacteria;p__Bacteroidota;c__Bacteroidia;o__Chitinophagales;f__Chitinophagaceae;g__Terrimonas;s__	0.9349236894477856
15061430bc745694277be053aca968c4	d__Bacteria;p__Gemmatimonadota;c__Gemmatimonadetes;o__Gemmatimonadales;f__Gemmatimonadaceae;g__uncultured;s__	0.9889436870522331
a255793177be3a900aa4605cc8544c9e	d__Bacteria;p__Actinobacteriota;c__Thermoleophilia;o__Gaiellales	0.9994655447934051
8e74e2c2ddd3f87731b63586676bb063	d__Bacteria;p__Acidobacteriota;c__Vicinamibacteria;o__Vicinamibacterales;f__uncultured;g__uncultured;s__	0.9967157028141844
8d1b248c0afe34c4b88b5eb3cfd3a43c	d__Bacteria;p__Chloroflexi;c__KD4-96;o__KD4-96;f__KD4-96;g__KD4-96;s__	0.9613453054990897
215551d40238fa1e6b3e7e3cbcceb04c	d__Bacteria;p__Acidobacteriota;c__Holophagae;o__Subgroup_7;f__Subgroup_7;g__Subgroup_7;s__	0.9999844118131533
1562b0bb93128c3b5a9c3bb7007ac8b8	d__Bacteria;p__Acidobacteriota;c__Vicinamibacteria;o__Vicinamibacterales;f__Vicinamibacteraceae;g__Vicinamibacteraceae;s__	0.9869865138367979
47b5261b6a613956ed9cb7484a8a2157	d__Bacteria;p__Verrucomicrobiota;c__Verrucomicrobiae;o__Pedosphaerales;f__Pedosphaeraceae	0.9999206387949949
d468f5bf319713a6a7b0d8eefd453fa8	d__Bacteria;p__Verrucomicrobiota;c__Verrucomicrobiae;o__Chthoniobacterales;f__Chthoniobacteraceae	0.9767705809944061
1c6afd8705536169a6eb6fa8e3e55065	d__Bacteria;p__Proteobacteria;c__Gammaproteobacteria;o__Burkholderiales;f__Rhodocyclaceae	0.7489403616070099
7438b6b48676daa608ce904dd23624fb	d__Bacteria;p__Planctomycetota;c__Planctomycetes;o__Pirellulales;f__Pirellulaceae;g__Pir4_lineage;s__	0.7288186557910986
53caeae5d3e34b5450caef0744e78a14	d__Bacteria;p__Acidobacteriota;c__Blastocatellia;o__Pyrinomonadales;f__Pyrinomonadaceae;g__RB41;s__	0.999979093600665
70a79f2b559b867cc45e6a1172cac17c	d__Bacteria;p__Chloroflexi;c__Anaerolineae;o__SBR1031;f__A4b;g__A4b;s__	0.9890362483769288
f24c7af59eaf23f8820b8bbf0f050848	d__Bacteria;p__Acidobacteriota;c__Blastocatellia;o__Pyrinomonadales;f__Pyrinomonadaceae;g__RB41;s__	0.9999579523425397
4f59b2c00b361747072e3283e84b5ac2	d__Bacteria;p__Actinobacteriota;c__Thermoleophilia;o__Gaiellales	0.9990615836332889
cfe02f2abfe47445a14346aa87b51dc3	d__Bacteria;p__Verrucomicrobiota;c__Verrucomicrobiae;o__Chthoniobacterales;f__Chthoniobacteraceae	0.9750088805304706
192395dd7e4f527b7549bba8de8060b9	d__Bacteria;p__Acidobacteriota;c__Acidobacteriae;o__Solibacterales;f__Solibacteraceae;g__Candidatus_Solibacter;s__	0.8349997382042195
99553025b096352e1199ca50ec0a76af	d__Bacteria;p__Acidobacteriota;c__Blastocatellia;o__Pyrinomonadales;f__Pyrinomonadaceae;g__RB41;s__	0.9999374656810668
48181704ff7638f424ebf9064bb38dd8	d__Bacteria;p__Proteobacteria;c__Gammaproteobacteria;o__Burkholderiales;f__Comamonadaceae;g__Aquabacterium;s__	0.9429257087887557
e265734fa8860e7705bb4cae3bd8c30f	d__Bacteria;p__Planctomycetota;c__Planctomycetes;o__Gemmatales;f__Gemmataceae;g__uncultured;s__	0.8544785686463464
2d02f1d836c09b1ae0ea0fe896e78e89	d__Bacteria;p__Patescibacteria;c__Saccharimonadia;o__Saccharimonadales;f__Saccharimonadaceae;g__TM7a;s__	0.9395281144539607
cca4776dab427c7f1059dfb4d938a60a	d__Bacteria;p__Planctomycetota;c__Planctomycetes;o__Gemmatales;f__Gemmataceae;g__Fimbriiglobus;s__	0.917098554693353
ada6bfe7909ac22ebb6689cff88980e2	d__Bacteria;p__Acidobacteriota;c__Vicinamibacteria;o__Vicinamibacterales;f__uncultured;g__uncultured;s__	0.9780058445931776
9b7633b36324f46671e528f47bbe6b2d	d__Bacteria;p__Planctomycetota;c__Planctomycetes;o__Gemmatales;f__Gemmataceae	0.9998136355938797
878a299a1d9ed8699b5dc6dbf44d1926	d__Bacteria;p__Planctomycetota;c__Planctomycetes;o__Gemmatales;f__Gemmataceae;g__uncultured;s__	0.9743857816009434
53935f8ec58f9bf2669b12a9c2b17cb6	d__Bacteria;p__Chloroflexi;c__Anaerolineae;o__Anaerolineales;f__Anaerolineaceae;g__UTCFX1;s__	0.966497306648546
81b38076ed80ea278082775da07913ed	d__Bacteria;p__Chloroflexi;c__TK10;o__TK10;f__TK10;g__TK10;s__	0.9514338883569333
2aa8fddd406820f509d167f70b681212	d__Bacteria;p__Chloroflexi;c__Gitt-GS-136;o__Gitt-GS-136;f__Gitt-GS-136;g__Gitt-GS-136;s__	0.9996902412829215
d5be4f97080382fb9af8b1b86daa5ead	d__Bacteria;p__Planctomycetota;c__Planctomycetes;o__Gemmatales;f__Gemmataceae;g__Telmatocola;s__	0.8895629244221784
fe242ae61464383043fc7d7ab2a4d747	d__Bacteria;p__Bacteroidota;c__Ignavibacteria;o__SJA-28;f__SJA-28;g__SJA-28;s__	0.998935207774207
35fa9a18e436edb74390efba82adc8bc	d__Bacteria;p__Patescibacteria;c__Gracilibacteria;o__Gracilibacteria;f__Gracilibacteria;g__Gracilibacteria;s__	0.7731697423946147
9f4112218ddc435d92a92ecc3ec3c4bb	d__Bacteria;p__Actinobacteriota;c__Acidimicrobiia	0.9769467773385162
4078c70b2a8c49aeccaf7807fa4e1320	d__Bacteria;p__Acidobacteriota;c__Vicinamibacteria;o__Vicinamibacterales;f__Vicinamibacteraceae;g__Vicinamibacteraceae;s__	0.9092984197759166
aa1c2b534354b0844cf1764c4aee262b	d__Bacteria;p__Proteobacteria;c__Gammaproteobacteria;o__Xanthomonadales;f__Xanthomonadaceae	0.9140265274815321
9169abe16870f46027bcdab5337aed0b	d__Bacteria;p__Planctomycetota;c__Planctomycetes;o__Gemmatales;f__Gemmataceae;g__uncultured;s__	0.7386939535459341
cd4fb605318e2c3c6fc18cbf6ddd191b	d__Bacteria;p__Verrucomicrobiota;c__Verrucomicrobiae;o__Chthoniobacterales;f__Chthoniobacteraceae	0.9855472412472113
8816fc777d7585a06bd7c187565085bf	d__Bacteria;p__Planctomycetota;c__Planctomycetes;o__Pirellulales;f__Pirellulaceae	0.9939108225514224
a89d8b2a96d6dcd5e2803103a205c641	d__Bacteria;p__Proteobacteria;c__Gammaproteobacteria;o__Burkholderiales;f__SC-I-84;g__SC-I-84;s__	0.9712662074818278
30177f9eb34a60b5a5ea2d3aec9947a1	d__Bacteria	0.9999999644940372
773a96c1b29477c6c6f841f044be4ee7	d__Bacteria;p__Actinobacteriota;c__MB-A2-108;o__MB-A2-108;f__MB-A2-108;g__MB-A2-108;s__	0.9949671705280881
b6e174356ec75a462f646574a790f25d	d__Bacteria;p__Planctomycetota;c__Planctomycetes;o__Gemmatales;f__Gemmataceae	0.9999830858391859
374ce65f32c432ae701ce32755864146	d__Bacteria;p__Actinobacteriota;c__Thermoleophilia;o__Gaiellales	0.9968767623755435
b8c9313dfc9f008c11c7cda6b609552f	d__Bacteria;p__Actinobacteriota;c__Thermoleophilia;o__Gaiellales	0.9995410852779453
226482466c6aa98cd788155e22520684	d__Bacteria;p__Planctomycetota;c__Planctomycetes;o__Pirellulales;f__Pirellulaceae;g__Pirellula;s__	0.7638983274762184
de0067043d9f036b4b226b9124157d78	d__Bacteria;p__Chloroflexi;c__Dehalococcoidia;o__S085;f__S085;g__S085;s__	0.967235324689575
36df6680a1d3fbd461f0e1953edd0569	d__Bacteria;p__Verrucomicrobiota;c__Verrucomicrobiae;o__Chthoniobacterales;f__Chthoniobacteraceae;g__Chthoniobacter;s__	0.9559378321085266
328132e46d8f5c7244e1d85a7f777455	d__Bacteria;p__Chloroflexi;c__Chloroflexia;o__Chloroflexales;f__Roseiflexaceae;g__uncultured;s__	0.9876141319459679
6f0fccd073765b861718cea8622a9059	d__Bacteria;p__Planctomycetota;c__Phycisphaerae;o__Phycisphaerales;f__Phycisphaeraceae;g__AKYG587;s__	0.9996645711338484
909c19cae1eebae41591efa7a9b2cc93	d__Bacteria;p__Verrucomicrobiota;c__Verrucomicrobiae;o__Chthoniobacterales;f__Chthoniobacteraceae;g__Chthoniobacter;s__	0.9423057374111202
b22f987ebe4efe5044b79a27f073a958	d__Bacteria;p__Actinobacteriota;c__Acidimicrobiia	0.9146482163278911
1351f8ae9c9e93ddd148c99e01dbbe9e	d__Bacteria;p__Sumerlaeota;c__Sumerlaeia;o__Sumerlaeales;f__Sumerlaeaceae;g__Sumerlaea;s__	0.9635412770737396
e60ee6413d864bd8212969e4a07af634	d__Bacteria;p__Patescibacteria;c__Gracilibacteria;o__Candidatus_Peribacteria;f__Candidatus_Peribacteria;g__Candidatus_Peribacteria;s__	0.9998889938093654
7d3ad7c5d4333bb73214ea090fc469fa	d__Bacteria;p__Actinobacteriota	0.9996242199829874
bc21f481fc0cde6878079ff132a85aa2	d__Bacteria;p__Proteobacteria;c__Gammaproteobacteria;o__Salinisphaerales;f__Solimonadaceae;g__Panacagrimonas;s__	0.9757983850390773
28e20209c4f153e2d34433c26f208b74	d__Bacteria;p__Acidobacteriota;c__Vicinamibacteria;o__Vicinamibacterales;f__uncultured;g__uncultured;s__	0.9991461726462105
85d7c86eab5d4b9e446623ca2cf3096a	d__Bacteria;p__Planctomycetota;c__Planctomycetes;o__Pirellulales;f__Pirellulaceae;g__Pirellula;s__	0.9385927960823092
0f03e3c48a0c69e7826177be6267d1e7	d__Bacteria;p__Verrucomicrobiota;c__Verrucomicrobiae;o__Verrucomicrobiales;f__Verrucomicrobiaceae;g__Verrucomicrobium;s__	0.9319062818748092
09cce70cf15e90cacb1c60f1bb790794	d__Bacteria;p__Methylomirabilota;c__Methylomirabilia;o__Rokubacteriales;f__Rokubacteriales;g__Rokubacteriales;s__	0.9999902794596601
f2b015df4048956c46065c43858d3c04	d__Bacteria;p__Chloroflexi;c__Anaerolineae;o__SBR1031;f__A4b;g__A4b;s__	0.9988155238325479
4b4605ac6f30358c2fce0daea809f062	d__Bacteria;p__Chloroflexi;c__TK10;o__TK10;f__TK10;g__TK10;s__	0.9714773692017517
f79fbd70c02f4df53124d8669c7079f4	d__Bacteria;p__Chloroflexi;c__Chloroflexia;o__Thermomicrobiales;f__JG30-KF-CM45;g__JG30-KF-CM45;s__	0.9984581109893335
b50c4d0eaf89c73bbb27f54862757651	d__Bacteria;p__Proteobacteria;c__Alphaproteobacteria;o__Rhizobiales;f__Xanthobacteraceae;g__Rhodoplanes;s__	0.7389028753405785
01994bbad31867dc16a7dd0e7eb51da1	d__Bacteria;p__Acidobacteriota;c__Vicinamibacteria;o__Vicinamibacterales;f__Vicinamibacteraceae;g__Vicinamibacteraceae;s__	0.9101054612791198
917c94aaf90ede98d6dcbe28fe4349a0	d__Bacteria	0.9999935130007659
9b6de6b0b9e7724bf454b8d20a082d8d	d__Bacteria;p__Acidobacteriota;c__Holophagae;o__Subgroup_7;f__Subgroup_7;g__Subgroup_7;s__	0.9939157846398229
d4c9668cbc34881ebc611c706f71a020	d__Bacteria;p__Planctomycetota;c__Planctomycetes;o__Pirellulales;f__Pirellulaceae;g__Pirellula;s__	0.9895633188663416
4921b1c15dd0d06f507e21dc4b4d93de	d__Bacteria;p__Chloroflexi;c__KD4-96;o__KD4-96;f__KD4-96;g__KD4-96;s__	0.9951331745818655
8dc10bd69a00f594b60aa2b7afb458a5	d__Bacteria;p__Gemmatimonadota;c__Gemmatimonadetes;o__Gemmatimonadales;f__Gemmatimonadaceae	0.9908655699228024
697fd9c5ba3ebe4d63f50cca7bedb979	d__Bacteria;p__Proteobacteria;c__Gammaproteobacteria;o__Burkholderiales;f__TRA3-20;g__TRA3-20;s__	0.9610745952153054
42cfbc24e28fe7862019e4823df1b2ed	d__Bacteria;p__Planctomycetota;c__Planctomycetes;o__Gemmatales;f__Gemmataceae;g__Gemmata;s__	0.9876773744106789
9ceecdd043606dbb851c2de373d7598d	d__Bacteria;p__Proteobacteria;c__Gammaproteobacteria;o__Xanthomonadales;f__Xanthomonadaceae	0.9871877232132215
ae454855ea40db2ae5117ccd5f6486da	d__Bacteria;p__Acidobacteriota;c__Vicinamibacteria;o__Vicinamibacterales;f__uncultured;g__uncultured;s__	0.8156784460907706
0c4b2da30229dc431fa51d93a3e11787	d__Bacteria;p__Acidobacteriota;c__Vicinamibacteria;o__Vicinamibacterales;f__Vicinamibacteraceae;g__Vicinamibacteraceae;s__	0.956336038476542
5759cbea9947d3200e7b005401f905d5	d__Bacteria;p__Planctomycetota;c__Planctomycetes;o__Planctomycetales;f__uncultured;g__uncultured;s__	0.9451414722027045
47b4bd93ffdc53341f8ed27b99868daf	d__Bacteria;p__Proteobacteria;c__Alphaproteobacteria;o__Rhizobiales;f__Xanthobacteraceae	0.7879709245651193
d16ed577934125ab3a73fdfbcdf04588	d__Bacteria;p__Proteobacteria;c__Gammaproteobacteria;o__PLTA13;f__PLTA13;g__PLTA13;s__	0.9989331737627045
886ed6db0fb6cb351ab3246a2f4b7904	d__Bacteria;p__Proteobacteria;c__Gammaproteobacteria;o__Burkholderiales;f__Nitrosomonadaceae;g__Ellin6067;s__	0.995817742984018
a1208a4e30d458c6aec670340dd80567	d__Bacteria	0.9998008359880354
c611d8f69d185dc7de155813bdb78de2	d__Bacteria;p__Patescibacteria;c__Parcubacteria;o__Parcubacteria;f__Parcubacteria;g__Parcubacteria;s__	0.9740446883014043
2d638f512d0063486c5a6b90ad810679	d__Bacteria;p__Acidobacteriota;c__Blastocatellia;o__Pyrinomonadales;f__Pyrinomonadaceae;g__RB41;s__	0.9998324701508452
9c8cbc64fe939b48affd69448b43857a	d__Bacteria;p__Planctomycetota;c__Phycisphaerae;o__Tepidisphaerales;f__WD2101_soil_group;g__WD2101_soil_group;s__	0.997783427698918
238cae6eabcaa47e13f671faae3258b5	d__Bacteria;p__Proteobacteria;c__Gammaproteobacteria;o__Burkholderiales;f__Nitrosomonadaceae;g__Ellin6067;s__	0.9879203398454434
580f744bb760b8c4440875ef8d8a487a	d__Bacteria;p__Verrucomicrobiota;c__Verrucomicrobiae;o__Pedosphaerales;f__Pedosphaeraceae	0.9993720025987869
db1627cdfe1bec6e01d713e8a61e5327	d__Bacteria;p__Bacteroidota;c__Ignavibacteria;o__SJA-28;f__SJA-28;g__SJA-28;s__	0.9994356122967237
d3f601bdba72939723e1228ef48cb59b	d__Bacteria;p__Proteobacteria;c__Gammaproteobacteria;o__Xanthomonadales;f__Xanthomonadaceae;g__Lysobacter;s__	0.7412273935250722
e9a172317fef08d3586ba1318f267b31	d__Bacteria;p__Gemmatimonadota;c__Gemmatimonadetes;o__Gemmatimonadales;f__Gemmatimonadaceae	0.9945259532971289
38e5d9396cd681ede0a5134127ccd416	d__Bacteria;p__Chloroflexi;c__Anaerolineae;o__SBR1031;f__A4b;g__A4b;s__	0.986927653749163
9b2d96fc369ae2e3c953bb77b77f43ac	d__Bacteria;p__Planctomycetota;c__Planctomycetes;o__Pirellulales;f__Pirellulaceae;g__Pir4_lineage;s__	0.8834313803342484
d381d679fcd0279c840aed65996259b4	d__Bacteria;p__Acidobacteriota;c__Vicinamibacteria;o__Vicinamibacterales;f__Vicinamibacteraceae;g__Vicinamibacteraceae;s__	0.9994768722748356
4d9da368a4310d0910f8a04521b62691	d__Bacteria	0.999975908227315
3e1a7ece47e90e32e84e5574693139c4	d__Bacteria;p__Planctomycetota;c__Planctomycetes;o__Pirellulales;f__Pirellulaceae;g__uncultured;s__	0.7274820533023829
a623cafd739fc5eef0af01ef9454bb80	d__Bacteria;p__Proteobacteria;c__Gammaproteobacteria;o__Burkholderiales;f__Nitrosomonadaceae;g__MND1;s__	0.9942215681369263
40114508c508944f247e8e56ecb756d0	d__Bacteria;p__Planctomycetota;c__Planctomycetes	0.9996909111377391
5206c2140c8ed74cfc7b5e3620350e0b	d__Bacteria;p__Bacteroidota;c__Bacteroidia;o__Chitinophagales;f__Chitinophagaceae	0.9999406938236947
68189f11f1594a173e22436536dd40b9	d__Bacteria;p__Planctomycetota;c__Planctomycetes;o__Pirellulales;f__Pirellulaceae;g__Pirellula;s__	0.9755540624641137
9bcb76788f090ad5e582a35db083afa8	d__Bacteria;p__Chloroflexi;c__Ktedonobacteria;o__C0119;f__C0119;g__C0119;s__	0.9074278872164794
db7e500f4de9c3808bf8e959433f19f6	d__Bacteria;p__Chloroflexi;c__Anaerolineae;o__Ardenticatenales;f__uncultured;g__uncultured;s__	0.954444614379913
8f5ccc85c22b1a28152b56ce041fb123	d__Bacteria;p__Patescibacteria;c__Parcubacteria	0.8400526643240782
8ebb1e792d139711cf794dd8e4b73490	d__Bacteria;p__Verrucomicrobiota;c__Verrucomicrobiae;o__Chthoniobacterales;f__Chthoniobacteraceae;g__Chthoniobacter;s__	0.7054682354869288
8a7efe9c93b854c5761d50a8d5a53e94	d__Bacteria;p__Latescibacterota;c__Latescibacterota;o__Latescibacterota;f__Latescibacterota;g__Latescibacterota;s__	0.9907893166882381
f9e5f9f4d16a8b1a7b59e9fd2dd1f934	d__Bacteria;p__Acidobacteriota;c__Acidobacteriae	0.9999990776958387
3c4760fa25da43cbc8786a0ca4da4998	d__Bacteria;p__Acidobacteriota;c__Blastocatellia;o__Pyrinomonadales;f__Pyrinomonadaceae;g__RB41;s__	0.9997884376916595
14f898c0902a3ba9f723f2c26873969e	d__Bacteria;p__Acidobacteriota;c__Blastocatellia;o__11-24;f__11-24;g__11-24;s__	0.9999367602616693
29cfb60a6140087c1e9e1bfc9005f545	d__Bacteria;p__Proteobacteria;c__Alphaproteobacteria;o__Rhizobiales;f__Xanthobacteraceae	0.7028462471409276
a446b38c68bbfde7ae0ab55cb7b78607	d__Bacteria;p__Patescibacteria;c__Saccharimonadia;o__Saccharimonadales;f__Saccharimonadales;g__Saccharimonadales;s__	0.7491625028118063
69062d6f0a9810e2c5014fef8056ca84	d__Bacteria;p__Verrucomicrobiota;c__Verrucomicrobiae;o__Chthoniobacterales;f__Chthoniobacteraceae;g__Candidatus_Udaeobacter;s__	0.9254029043144005
f4f2ff467f364e175f25aa00f27e60f4	d__Bacteria;p__Proteobacteria;c__Alphaproteobacteria;o__Rhizobiales	0.989444162705629
63e3650cfb1e916bbd1b06c3530840f3	d__Bacteria;p__Planctomycetota;c__Planctomycetes	0.9780778360396283
866375efce8f10ff93938d296c72ae16	d__Bacteria;p__Chloroflexi;c__Gitt-GS-136;o__Gitt-GS-136;f__Gitt-GS-136;g__Gitt-GS-136;s__	0.9998210885620091
08bc3c49d38165b669955ad70ae2dd73	d__Bacteria;p__Proteobacteria;c__Gammaproteobacteria;o__Xanthomonadales;f__Xanthomonadaceae	0.9454481548556612
512d7a14aba088cd8b6cc53779dc8508	d__Bacteria;p__Planctomycetota;c__Phycisphaerae;o__Phycisphaerales;f__Phycisphaeraceae;g__AKYG587;s__	0.9999055987468021
bb3d33e4fefdea43074f20f4c3c16ee2	d__Bacteria;p__Patescibacteria;c__Parcubacteria;o__Candidatus_Moranbacteria;f__Candidatus_Moranbacteria;g__Candidatus_Moranbacteria;s__	0.8553842154916236
b50a699e2eace4bec5bd8df478e35a1b	d__Bacteria;p__Acidobacteriota;c__Holophagae;o__Subgroup_7;f__Subgroup_7;g__Subgroup_7;s__	0.997984245140877
522af7e38e216ec2bd2b4314560c8492	d__Bacteria;p__Gemmatimonadota;c__Gemmatimonadetes;o__Gemmatimonadales;f__Gemmatimonadaceae;g__uncultured;s__	0.9698882049382042
c13f0ac9a517a9a6aebf7bb2973f277d	d__Bacteria;p__Acidobacteriota;c__Vicinamibacteria;o__Subgroup_17;f__Subgroup_17;g__Subgroup_17;s__	0.9995129790313444
fec6fb919e0670f17ec7f2eb339176f6	d__Bacteria;p__Verrucomicrobiota;c__Verrucomicrobiae;o__Chthoniobacterales;f__Chthoniobacteraceae;g__Chthoniobacter;s__	0.9463035644627207
e13dd06e147ad972b6fde17c80dc7b0c	d__Bacteria;p__Acidobacteriota;c__Blastocatellia;o__Pyrinomonadales;f__Pyrinomonadaceae;g__RB41;s__	0.9890238426574248
d8d0c39729f58b8bcf0d32851a4d246b	d__Bacteria;p__Verrucomicrobiota;c__Verrucomicrobiae;o__Opitutales;f__Opitutaceae	0.9999989472726254
e5f906573a952e2f2087c2c8536cee60	d__Bacteria;p__Proteobacteria;c__Gammaproteobacteria;o__Burkholderiales;f__Comamonadaceae;g__Aquabacterium;s__	0.9492632175822966
fe20ee93ffc5668d8a3502a08e5d562b	d__Bacteria;p__Planctomycetota;c__Phycisphaerae;o__Phycisphaerales;f__Phycisphaeraceae;g__AKYG587;s__	0.9996021135286971
014bd2bf05a3b87349d99fa9f528874d	d__Bacteria;p__Planctomycetota;c__Planctomycetes;o__Gemmatales;f__Gemmataceae;g__uncultured;s__	0.8685147920086209
1928ec13bd77ad4eed66974465aa11cb	d__Bacteria;p__Proteobacteria;c__Gammaproteobacteria;o__Burkholderiales;f__Comamonadaceae;g__Rhizobacter;s__	0.9619940661243972
9f605bf8a013d937bef27dac84138eeb	d__Bacteria;p__Proteobacteria;c__Alphaproteobacteria;o__Rhizobiales;f__Devosiaceae	0.8984239015731016
0ad0f9fe533e436b640e1321e7749212	d__Bacteria;p__Methylomirabilota;c__Methylomirabilia;o__Rokubacteriales;f__Rokubacteriales;g__Rokubacteriales;s__	0.9999878860434176
10f1e367de81fbd90d2da7c20c4de33a	d__Bacteria;p__Proteobacteria;c__Alphaproteobacteria;o__Rhizobiales;f__Xanthobacteraceae	0.9902720473659345
05ef64386c62941d8366d44b23d1f62a	d__Bacteria;p__Verrucomicrobiota;c__Verrucomicrobiae;o__Opitutales;f__Opitutaceae	0.9999990893185822
66310ec9747d9987b8d8b2c13937710f	d__Bacteria;p__Patescibacteria;c__Saccharimonadia;o__Saccharimonadales;f__Saccharimonadaceae;g__TM7a;s__	0.8387298879089912
1354030aba6558f852a2d2c5e2f354da	d__Bacteria;p__Myxococcota;c__Polyangia	0.9992887196023014
5b4b954cf551a5b2d5437da30739c083	d__Bacteria;p__Patescibacteria;c__Gracilibacteria;o__Candidatus_Peribacteria;f__Candidatus_Peribacteria;g__Candidatus_Peribacteria;s__	0.9990235639579949
42215c94ceebc09a1ad3ed9e9a812c27	d__Bacteria;p__Planctomycetota;c__Planctomycetes;o__Pirellulales;f__Pirellulaceae	0.9965403253431259
2b2a6951bcbd57bf9aa2e0a748fcb690	d__Bacteria;p__Patescibacteria;c__Saccharimonadia;o__Saccharimonadales;f__Saccharimonadales;g__Saccharimonadales;s__	0.9136595171593609
9f3c29b5ff3edbe70dfa7b182da60db2	d__Bacteria;p__Planctomycetota;c__Planctomycetes;o__Planctomycetales;f__uncultured;g__uncultured;s__	0.9849411287135803
c04cc566cc8ed5732e3fdf2369598739	d__Bacteria;p__Nitrospirota;c__Nitrospiria;o__Nitrospirales;f__Nitrospiraceae;g__Nitrospira;s__	0.9396730932274316
2cf9f15a280cb67768d7c8e7f9b8537a	d__Bacteria;p__Planctomycetota;c__Planctomycetes;o__Pirellulales;f__Pirellulaceae;g__Pirellula;s__	0.9719502049450263
9cbf06ba4da42b2c6b83f543b25babda	d__Bacteria;p__Actinobacteriota;c__Thermoleophilia;o__Solirubrobacterales;f__Solirubrobacteraceae	0.9532669381981154
957b7cbd2b3fc5c2ce4baef236ea7872	d__Bacteria;p__Bacteroidota;c__Bacteroidia;o__Chitinophagales;f__Chitinophagaceae;g__uncultured;s__	0.776126389387907
4c58e4f9bfc621b156251d07230b446f	d__Bacteria;p__Acidobacteriota;c__Vicinamibacteria;o__Vicinamibacterales;f__uncultured;g__uncultured;s__	0.9978640050283049
f15d93e22bfa47c36474ae6d34bc48f4	d__Bacteria;p__Proteobacteria;c__Gammaproteobacteria;o__Burkholderiales;f__Comamonadaceae;g__Rhizobacter;s__	0.9670526149940676
cb91433de1088df53fd66d19db0e50ab	d__Bacteria;p__Verrucomicrobiota;c__Verrucomicrobiae;o__Verrucomicrobiales;f__Verrucomicrobiaceae;g__Roseimicrobium;s__	0.9893458230252696
32d1f2b3778220bffcbab0315e94df1b	d__Bacteria;p__Chloroflexi;c__Gitt-GS-136;o__Gitt-GS-136;f__Gitt-GS-136;g__Gitt-GS-136;s__	0.9998787023882787
23679ac63855261a25e200626c9caad5	d__Bacteria;p__Chloroflexi;c__Anaerolineae;o__SBR1031;f__A4b;g__A4b;s__	0.9985603689371743
e247ffb70e867916862f8dfa99b38551	d__Bacteria;p__Bacteroidota;c__Bacteroidia;o__Chitinophagales;f__Chitinophagaceae	0.9983722249929189
0fc9f03a8db35cd8b7d068ee836d354e	d__Bacteria;p__Verrucomicrobiota;c__Verrucomicrobiae;o__Verrucomicrobiales;f__Verrucomicrobiaceae;g__uncultured;s__	0.9993056586202154
a3b144eaf0eb59073b54c1a38faa901f	d__Bacteria;p__Proteobacteria;c__Gammaproteobacteria;o__Xanthomonadales;f__Xanthomonadaceae	0.9288791284615024
7e2cab95c53248cf91d7e40d7783523f	d__Bacteria;p__Patescibacteria;c__Parcubacteria;o__Candidatus_Yanofskybacteria;f__Candidatus_Yanofskybacteria;g__Candidatus_Yanofskybacteria;s__	0.9860426551106691
7f681a8aff3ec6b36f8e9b8a1e44943b	d__Bacteria;p__Acidobacteriota;c__Vicinamibacteria;o__Vicinamibacterales;f__uncultured;g__uncultured;s__	0.9993661708107962
ece7e9133c282849e0ecfd4afaa9cfc0	d__Bacteria;p__Planctomycetota;c__Planctomycetes;o__Gemmatales;f__Gemmataceae	0.8665177697702822
971342342a9aee8dc35465175fdf52ca	d__Bacteria;p__Planctomycetota;c__OM190;o__OM190;f__OM190;g__OM190;s__	0.9841283523338362
813776554ba0c8adbfeacfd2bce2d24a	d__Bacteria;p__Acidobacteriota;c__Holophagae;o__Subgroup_7;f__Subgroup_7;g__Subgroup_7;s__	0.999983243223632
d70f879ea84d8a31d0a692e74817dde8	d__Bacteria;p__Planctomycetota;c__OM190;o__OM190;f__OM190;g__OM190;s__	0.9741255440123244
a6d85aefde0c5a403035a7722fe6b3c9	d__Bacteria;p__Myxococcota;c__Myxococcia;o__Myxococcales;f__Myxococcaceae	0.9998777272540937
66a446c56d85f2c7f61d3a6f424377a1	d__Bacteria;p__Acidobacteriota;c__Holophagae;o__Subgroup_7;f__Subgroup_7;g__Subgroup_7;s__	0.9999749589005654
a3387bf980cdcfa203bc5913b06526f2	d__Bacteria;p__Bacteroidota;c__Bacteroidia;o__Cytophagales;f__Microscillaceae	0.9999014582230907
e430903a963cf44b8874789ed6b8564e	d__Bacteria;p__Proteobacteria;c__Gammaproteobacteria;o__Xanthomonadales;f__Xanthomonadaceae;g__Arenimonas;s__	0.7013131250396459
9a3cfff46584546ecc521ba1c6ba1240	d__Bacteria;p__Proteobacteria;c__Gammaproteobacteria;o__Salinisphaerales;f__Solimonadaceae;g__Polycyclovorans;s__	0.9998257484420281
c7f4d6e8691d24874618372057cdb3ef	d__Bacteria;p__Planctomycetota;c__Planctomycetes;o__Pirellulales;f__Pirellulaceae	0.9922262633989583
700bc5152c81ce9491c6da1571c038d7	d__Bacteria;p__Acidobacteriota;c__Blastocatellia;o__Pyrinomonadales;f__Pyrinomonadaceae;g__RB41;s__	0.9999499368961869
d0dc2134c6fe9705c066ac93e2a97b71	d__Bacteria;p__Acidobacteriota;c__Acidobacteriae	0.9999971140334294
96c55ae2cc5590fa0979f720ae60aad6	d__Bacteria;p__Chloroflexi;c__KD4-96;o__KD4-96;f__KD4-96;g__KD4-96;s__	0.9952566063675465
0a7c0aa48ff7421e61958089c6ccd5ae	d__Bacteria;p__Bacteroidota;c__Bacteroidia;o__Chitinophagales;f__Chitinophagaceae;g__Lacibacter;s__	0.9968521158231867
d80a50f259ab152b7161380a9e55fc6a	d__Bacteria;p__Gemmatimonadota;c__Gemmatimonadetes;o__Gemmatimonadales;f__Gemmatimonadaceae;g__uncultured;s__	0.9854836026687684
d66278d007d0dae636dd0f9184c0e477	d__Bacteria;p__Acidobacteriota;c__Vicinamibacteria;o__Vicinamibacterales;f__uncultured;g__uncultured;s__	0.9797195731869311
1b1c2a3d244c50be8b045b1334309f33	d__Bacteria;p__Proteobacteria;c__Alphaproteobacteria;o__Sphingomonadales;f__Sphingomonadaceae	0.9999357471778474
360032d57c8b547c4e2b19c53599c957	d__Bacteria;p__Verrucomicrobiota;c__Verrucomicrobiae;o__Chthoniobacterales;f__Chthoniobacteraceae;g__Chthoniobacter;s__	0.9232453320023196
65a4cbeda2e2726193a5a52afd70c69f	d__Bacteria;p__Verrucomicrobiota;c__Verrucomicrobiae;o__Chthoniobacterales;f__Chthoniobacteraceae;g__Candidatus_Udaeobacter;s__	0.8728130308213955
8dd09c0883b49da927637417d21fc12c	d__Bacteria	0.9999756967779811
4e7eadbd00edd9c834970cc1a9d4fe4b	d__Bacteria;p__Chloroflexi;c__Anaerolineae;o__Anaerolineales;f__Anaerolineaceae	0.917067171139695
a7989da3a3ae3bac87651f454201f6a0	d__Bacteria;p__Gemmatimonadota;c__Gemmatimonadetes;o__Gemmatimonadales;f__Gemmatimonadaceae	0.9923812600714141
b2d3e480b6a3a31d038a2e1fd77a653d	d__Bacteria;p__Acidobacteriota;c__Vicinamibacteria;o__Vicinamibacterales;f__uncultured;g__uncultured;s__	0.9994772968882306
a4623cacaa2442b8332ae62021faa960	d__Bacteria;p__Armatimonadota;c__Fimbriimonadia;o__Fimbriimonadales;f__Fimbriimonadaceae;g__Fimbriimonadaceae;s__	0.9529336860053704
7a7ecc12d18bc26e08dc61f552d12ca6	d__Bacteria;p__Proteobacteria;c__Gammaproteobacteria;o__CCD24;f__CCD24;g__CCD24;s__	0.9092576480888747
d55e36085fe8579afe0351168ffad338	d__Bacteria;p__Patescibacteria;c__Parcubacteria;o__Candidatus_Kaiserbacteria;f__Candidatus_Kaiserbacteria;g__Candidatus_Kaiserbacteria;s__	0.8118531878116823
89c60ebc7bff6cd97ba30140108e1437	d__Bacteria;p__Verrucomicrobiota;c__Verrucomicrobiae;o__Chthoniobacterales;f__Chthoniobacteraceae;g__Chthoniobacter;s__	0.7652296442996667
e724e968e174eda045f627f5b0c9ae29	d__Bacteria;p__Actinobacteriota	0.998010358641263
3d639ad1abfb40a0aac6c70b9eecab28	d__Bacteria;p__Chloroflexi;c__Dehalococcoidia;o__S085;f__S085;g__S085;s__	0.9927757624467489
067c0a2eadb8aea17fe02f47277463df	d__Bacteria;p__Acidobacteriota;c__Vicinamibacteria;o__Vicinamibacterales;f__uncultured;g__uncultured;s__	0.9976025255033105
0ef5b72c5ad2f0cf477f33ad2395a607	d__Bacteria;p__Proteobacteria;c__Gammaproteobacteria;o__Burkholderiales;f__Nitrosomonadaceae;g__MND1;s__	0.9757315429207734
33a91da0ebb2f13c060c73bea381fce8	d__Bacteria;p__Proteobacteria;c__Gammaproteobacteria;o__Burkholderiales;f__TRA3-20;g__TRA3-20;s__	0.9650128558109582
01ed32e4242ed8bff26685c5af009129	d__Bacteria;p__Acidobacteriota;c__Vicinamibacteria;o__Subgroup_17;f__Subgroup_17;g__Subgroup_17;s__	0.9998904814020413
6c7c2cdf9fdec3afbde8a4cb1b869e4c	d__Bacteria;p__Acidobacteriota;c__Vicinamibacteria;o__Vicinamibacterales;f__Vicinamibacteraceae;g__Vicinamibacteraceae;s__	0.9786900164869435
2bc0d2cfbb05a68caf69d2d5e870701b	d__Bacteria;p__Gemmatimonadota;c__Gemmatimonadetes;o__Gemmatimonadales;f__Gemmatimonadaceae;g__uncultured;s__	0.7271584313880654
ecec28a018853fc6558adda229eb8708	d__Bacteria;p__Verrucomicrobiota;c__Verrucomicrobiae;o__Pedosphaerales;f__Pedosphaeraceae;g__Pedosphaeraceae;s__	0.7719272829907501
96faa7a4932e074052dee28b73103a66	d__Bacteria;p__Planctomycetota;c__Planctomycetes;o__Pirellulales;f__Pirellulaceae;g__Pir4_lineage;s__	0.8715573199299945
a19ad9d8a9f08c3ea7464548b967ecf8	d__Bacteria;p__Acidobacteriota;c__Vicinamibacteria;o__Vicinamibacterales;f__uncultured;g__uncultured;s__	0.9821225134035242
660808d19eba183c3f9949e0cac61c9d	d__Bacteria;p__Actinobacteriota;c__Actinobacteria;o__Micrococcales;f__Microbacteriaceae	0.9990383311082709
94f22adfe2bd0520f6eddfbb78f30ace	d__Bacteria	0.9999366436658031
c87dd68f12ceba561811e5b5cdfbd202	d__Bacteria;p__Patescibacteria;c__Parcubacteria;o__Parcubacteria;f__Parcubacteria;g__Parcubacteria;s__	0.9692087349197945
d77652edc8f3d083bd556d0b001fbc6c	d__Bacteria;p__Bacteroidota;c__Bacteroidia;o__Chitinophagales;f__Saprospiraceae;g__uncultured;s__	0.91493305745581
55f1cff63255a2f56fe283e58c796720	d__Bacteria;p__Planctomycetota;c__Planctomycetes;o__Pirellulales;f__Pirellulaceae;g__Pir4_lineage;s__	0.8772822308713968
3423d3182f62201b7f346c9d0e35240d	d__Bacteria;p__Verrucomicrobiota;c__Verrucomicrobiae;o__Chthoniobacterales;f__Chthoniobacteraceae;g__Chthoniobacter;s__	0.9607157789196281
38f71fcf5ecd4ead199bb9e4604e5a85	d__Bacteria;p__Proteobacteria;c__Gammaproteobacteria;o__Burkholderiales;f__TRA3-20;g__TRA3-20;s__	0.997450295827714
8c507b14d106cf6aea0221892f47fe41	d__Bacteria;p__Gemmatimonadota;c__Gemmatimonadetes;o__Gemmatimonadales;f__Gemmatimonadaceae;g__Gemmatimonas;s__	0.764681625877402
806be186c45e7258c993f394eb3d462e	d__Bacteria;p__Myxococcota;c__Polyangia;o__Polyangiales;f__BIrii41;g__BIrii41;s__	0.8419584983237441
6185a9232ab861f86f2a85def3ad9215	d__Bacteria;p__Acidobacteriota;c__Holophagae;o__Subgroup_7;f__Subgroup_7;g__Subgroup_7;s__	0.9999688457220127
cc8cbe11c2494ebb4f3dc8575cb93d51	d__Bacteria;p__Bacteroidota;c__Bacteroidia;o__Chitinophagales;f__Chitinophagaceae;g__Ferruginibacter;s__	0.9072257283500125
dfbf99407d7b87abb0477d1e90a2bf07	d__Bacteria;p__Chloroflexi;c__Anaerolineae;o__Caldilineales;f__Caldilineaceae;g__Litorilinea;s__	0.9995004712896453
f7f2df9b427be03a64432887c1e2e9ed	d__Bacteria;p__Acidobacteriota;c__Vicinamibacteria;o__Subgroup_17;f__Subgroup_17;g__Subgroup_17;s__	0.9996083030058196
7952b61f809d06a6d5c0b7d2df4bd474	d__Bacteria;p__Verrucomicrobiota;c__Verrucomicrobiae;o__Chthoniobacterales;f__Chthoniobacteraceae	0.9777262424557612
8e06e954a5b15b0bcec966eb5b354de6	d__Bacteria;p__Proteobacteria;c__Alphaproteobacteria;o__Caulobacterales;f__Caulobacteraceae;g__Brevundimonas;s__	0.9404792150150312
db44fdd4580403a90bc6cf358bc261cc	d__Bacteria;p__Acidobacteriota;c__Vicinamibacteria;o__Vicinamibacterales;f__Vicinamibacteraceae;g__Vicinamibacteraceae;s__	0.9711827697885665
de08273cfa384fd915acebae6755d6f8	d__Bacteria;p__Acidobacteriota;c__Vicinamibacteria;o__Vicinamibacterales;f__Vicinamibacteraceae;g__Vicinamibacteraceae;s__	0.9944027130897903
87eaaa0ac0197675c1d42da3659620f7	d__Bacteria;p__Planctomycetota;c__Planctomycetes;o__Gemmatales;f__Gemmataceae;g__Gemmata;s__	0.7219990707641089
a03e88292b03642ee900684f8316b087	d__Bacteria;p__Proteobacteria;c__Gammaproteobacteria;o__Burkholderiales;f__TRA3-20;g__TRA3-20;s__	0.99783700044029
40210e8e6d8673c2ba881b0b667b1a2a	d__Bacteria;p__Bacteroidota;c__Bacteroidia;o__Chitinophagales;f__Chitinophagaceae	0.9999331672426636
3ee5313151066b55da6d710e1b135231	d__Bacteria;p__Proteobacteria;c__Gammaproteobacteria;o__Burkholderiales;f__TRA3-20;g__TRA3-20;s__	0.9916383548415287
cc98150a8bed06bdee9e327685b93003	d__Bacteria	0.9999999787610013
bb1a472d1cb6b00f51d1acb54e86cb2a	d__Bacteria;p__Myxococcota;c__Polyangia;o__Polyangiales;f__Sandaracinaceae;g__Sandaracinus;s__	0.9845621171570818
072da393955db71a802eafe5d7416a45	d__Bacteria;p__Planctomycetota;c__Planctomycetes;o__Gemmatales;f__Gemmataceae;g__Fimbriiglobus;s__	0.8527173251226005
dfbb4783258f607929b92358329e9dc9	d__Bacteria;p__Proteobacteria;c__Gammaproteobacteria;o__Nitrosococcales;f__Nitrosococcaceae;g__wb1-P19;s__	0.9908633444695407
8171b96735741e944a152186b9fc3ecf	d__Bacteria;p__Proteobacteria;c__Gammaproteobacteria;o__Burkholderiales;f__Comamonadaceae	0.999996627465067
fa4c9372da016ac1310c0c4d5f06216e	d__Bacteria;p__Acidobacteriota;c__Subgroup_22;o__Subgroup_22;f__Subgroup_22;g__Subgroup_22;s__	0.9908224710610666
182ff67ee3f5e31fddfb8d7eceae73f3	d__Bacteria;p__Verrucomicrobiota;c__Verrucomicrobiae;o__Pedosphaerales;f__Pedosphaeraceae	0.9998415943985117
4595f7b08c508155a49f8be016393016	d__Bacteria;p__Proteobacteria;c__Alphaproteobacteria;o__Rhizobiales	0.9738894215465835
b1b26c4c88b90940e87a078ad42d68ec	d__Bacteria;p__Chloroflexi;c__Ktedonobacteria;o__C0119;f__C0119;g__C0119;s__	0.8889329568362913
1a10708235dfad940962b7a6b9d8b9f1	d__Bacteria;p__Verrucomicrobiota;c__Verrucomicrobiae;o__Chthoniobacterales;f__Chthoniobacteraceae;g__Candidatus_Udaeobacter;s__	0.8095156589199728
f2326a01397f54cfca0d00b5df6145d2	d__Bacteria;p__Gemmatimonadota;c__Gemmatimonadetes;o__Gemmatimonadales;f__Gemmatimonadaceae;g__uncultured;s__	0.7216479130330476
06ebcc6c98a1297060d1d700164a3ecb	d__Bacteria;p__Acidobacteriota;c__Vicinamibacteria;o__Subgroup_17;f__Subgroup_17;g__Subgroup_17;s__	0.9996899423266217
9326ac863fe210fe65bfd4ca9192faa5	d__Bacteria;p__Planctomycetota;c__OM190;o__OM190;f__OM190;g__OM190;s__	0.7202565320451954
87ddde3212f8a01cd35c4191798d44b6	d__Bacteria;p__Proteobacteria;c__Gammaproteobacteria;o__Burkholderiales	0.9996577454962059
e16eeb308276a67b1e4cebd5d0b4b364	d__Bacteria;p__Acidobacteriota;c__Vicinamibacteria;o__Vicinamibacterales;f__uncultured;g__uncultured;s__	0.744083201908567
e1cc6fbc8cca8a3fa90eb5f3226ad911	d__Bacteria;p__Planctomycetota;c__Phycisphaerae;o__Tepidisphaerales;f__WD2101_soil_group;g__WD2101_soil_group;s__	0.920999149795724
7b597c6644746aa38252c0b6e0172170	d__Bacteria;p__Planctomycetota;c__Planctomycetes;o__Pirellulales;f__Pirellulaceae;g__Pir4_lineage;s__	0.9251833943028142
a378a09d17ffb714b2ec14b00ee99c0a	d__Bacteria;p__Verrucomicrobiota;c__Verrucomicrobiae;o__Pedosphaerales;f__Pedosphaeraceae	0.9999759357058637
88ed3785f04f32e4bab6cabe3a1431bb	d__Bacteria;p__Actinobacteriota;c__Acidimicrobiia;o__Actinomarinales	0.7885004685336425
c2fc3c291c4362ed7df05fd0f99fbe9a	d__Bacteria;p__Gemmatimonadota;c__Gemmatimonadetes;o__Gemmatimonadales;f__Gemmatimonadaceae;g__uncultured;s__	0.7870589266660263
9830a7fe23f74edecf96035578b5b2f1	d__Bacteria;p__Acidobacteriota;c__Vicinamibacteria;o__Vicinamibacterales;f__uncultured;g__uncultured;s__	0.9362090525889158
09832412326c9c74b3dd24ae485a33e3	d__Bacteria;p__Acidobacteriota;c__Vicinamibacteria;o__Subgroup_17;f__Subgroup_17;g__Subgroup_17;s__	0.9999243180307194
73956619ced3426bea7c106fe3805d08	d__Eukaryota;p__Ascomycota	0.9994860484607522
4b5d73df2e3f3a869f2d035925f11016	d__Bacteria;p__Planctomycetota;c__Planctomycetes;o__Gemmatales;f__Gemmataceae;g__uncultured;s__	0.936119743880496
f743d99f6c2b3bf9b1c533ddd88e6dab	d__Bacteria;p__Actinobacteriota;c__Acidimicrobiia	0.9799062754249553
67eb69f664af3fb2b66da88c4c89ecb8	d__Bacteria;p__Proteobacteria;c__Gammaproteobacteria;o__Burkholderiales;f__Comamonadaceae	0.9999676432841349
ea295257f7e5a8cc188a7739d37bc17a	d__Bacteria;p__Verrucomicrobiota;c__Verrucomicrobiae;o__Pedosphaerales;f__Pedosphaeraceae;g__Pedosphaeraceae;s__	0.8696563701520423
2288a5c31fa1fd18ad1c8aa731ff0530	d__Bacteria;p__Proteobacteria;c__Gammaproteobacteria;o__Burkholderiales;f__SC-I-84;g__SC-I-84;s__	0.9466042400396965
d15ca84ae1619074c914e3dfe7b5df46	d__Bacteria;p__Planctomycetota;c__Phycisphaerae;o__Phycisphaerales;f__Phycisphaeraceae;g__AKYG587;s__	0.9902247682887709
dd719717ed190d4afa1c0ae3a0833d11	d__Bacteria;p__Verrucomicrobiota;c__Verrucomicrobiae;o__Pedosphaerales;f__Pedosphaeraceae	0.9999196424327821
9a06c546d39cd916c524acb8f6bfd154	d__Bacteria;p__Acidobacteriota;c__Holophagae;o__Subgroup_7;f__Subgroup_7;g__Subgroup_7;s__	0.999980514669288
62bdf2ad6c9fc347193e74250108b2e8	d__Bacteria;p__Verrucomicrobiota;c__Verrucomicrobiae;o__Chthoniobacterales;f__Chthoniobacteraceae;g__Candidatus_Udaeobacter;s__	0.8217267384815253
b03d8bbbb592194c71bb7783a23d6a1d	d__Bacteria;p__Proteobacteria;c__Gammaproteobacteria;o__Burkholderiales;f__Comamonadaceae	0.9999941926252581
f6b0c88efa715558be23a7b249f71d7d	d__Bacteria;p__Actinobacteriota;c__Actinobacteria;o__Corynebacteriales;f__Nocardiaceae;g__Nocardia;s__	0.9650355526976236
f6d1faf6b824e87aa6534334ccfa89ee	d__Bacteria;p__Patescibacteria;c__Parcubacteria;o__Candidatus_Kaiserbacteria;f__Candidatus_Kaiserbacteria;g__Candidatus_Kaiserbacteria;s__	0.9927227095792509
0abffae1c2ab929298fc0f5c00b604d4	d__Bacteria;p__Proteobacteria;c__Gammaproteobacteria;o__Burkholderiales;f__Comamonadaceae	0.9999950795009855
fd2a6c3c493dd7b946bfd3403dbc3967	d__Bacteria;p__Acidobacteriota;c__Vicinamibacteria;o__Vicinamibacterales;f__uncultured;g__uncultured;s__	0.9996826414622528
c0d56818d1f06d142851fa4f14bcd428	d__Bacteria;p__Proteobacteria;c__Alphaproteobacteria;o__Rhizobiales;f__Beijerinckiaceae;g__Bosea;s__	0.9857334513089974
878a26823ec29800c361e9eb1e3af75a	d__Bacteria;p__Verrucomicrobiota;c__Verrucomicrobiae;o__Chthoniobacterales;f__Chthoniobacteraceae;g__Chthoniobacter;s__	0.8466523666767863
7739fef1ade36554f06ff8859ceffa35	d__Bacteria;p__Planctomycetota;c__Phycisphaerae;o__Tepidisphaerales;f__WD2101_soil_group;g__WD2101_soil_group;s__	0.999234530014021
5eb6a977751c314032ae8992e0fca7e2	d__Bacteria;p__Verrucomicrobiota;c__Verrucomicrobiae;o__Verrucomicrobiales;f__Verrucomicrobiaceae;g__uncultured;s__	0.999636144719796
310e468c1e730404b272ac679ce629da	d__Bacteria;p__Proteobacteria;c__Alphaproteobacteria;o__Rhizobiales;f__Devosiaceae	0.9673238905912191
112ab8cbed8cfce584d5f4db041d3707	d__Bacteria;p__Acidobacteriota;c__Holophagae;o__Subgroup_7;f__Subgroup_7;g__Subgroup_7;s__	0.994165658172095
b3789394078ea7ee44bd569e8718e793	d__Bacteria;p__Acidobacteriota;c__Vicinamibacteria;o__Vicinamibacterales;f__uncultured;g__uncultured;s__	0.9873106575891989
cca6e389482f03a73de4c33f1c771697	d__Bacteria;p__Patescibacteria;c__Parcubacteria;o__Candidatus_Nomurabacteria;f__Candidatus_Nomurabacteria;g__Candidatus_Nomurabacteria;s__	0.9903622622200389
a2e45c5b522d6388e65038be48d30091	d__Bacteria;p__Acidobacteriota;c__Vicinamibacteria;o__Vicinamibacterales;f__uncultured;g__uncultured;s__	0.9966014109674809
eaa2ca02423638c061c984e3e7d7f3d0	d__Bacteria;p__Bacteroidota;c__Bacteroidia;o__Cytophagales;f__Microscillaceae;g__Ohtaekwangia;s__	0.7988879795387435
b783fcc729e7a31c7d1e694883b64c6c	d__Bacteria;p__Chloroflexi;c__Chloroflexia;o__Thermomicrobiales;f__JG30-KF-CM45;g__JG30-KF-CM45;s__	0.9981428601414187
6ee1982634979415e2ad33f45d1b1ba6	d__Bacteria;p__Planctomycetota;c__Planctomycetes;o__Gemmatales;f__Gemmataceae;g__uncultured;s__	0.8950822482355562
77ff93e9739f906d415a2b4c4cf8b76c	d__Bacteria;p__Proteobacteria;c__Gammaproteobacteria;o__Burkholderiales;f__Nitrosomonadaceae;g__Ellin6067;s__	0.9975872603251769
e56b522105ada891c07d29b7b3a0fe23	d__Bacteria;p__Actinobacteriota;c__Thermoleophilia;o__Gaiellales;f__Gaiellaceae;g__Gaiella;s__	0.7959353722657823
06eb42d00261a2339c2d3cebee7eff18	d__Bacteria;p__Planctomycetota;c__Planctomycetes;o__Planctomycetales;f__Rubinisphaeraceae;g__SH-PL14;s__	0.9884158649176324
3ec51b14e67785beb89adf240be3ac11	d__Bacteria;p__Proteobacteria;c__Alphaproteobacteria;o__Caulobacterales;f__Caulobacteraceae	0.9999917889966257
21aabf598aec4f650f58c6088852b6bd	d__Bacteria;p__Verrucomicrobiota;c__Verrucomicrobiae;o__Chthoniobacterales;f__Chthoniobacteraceae	0.959188453372767
6c1041aa06d918d6f09d38d59f621474	d__Bacteria;p__Proteobacteria;c__Gammaproteobacteria;o__Burkholderiales	0.9994531463681481
0cbdb410399bf5cabcd1f14780fd8ff5	d__Bacteria;p__Verrucomicrobiota;c__Verrucomicrobiae;o__Chthoniobacterales;f__Chthoniobacteraceae	0.7410814131843749
948b418f347191b421ad5d33e3350bc1	d__Bacteria;p__Planctomycetota;c__Phycisphaerae;o__Tepidisphaerales;f__WD2101_soil_group;g__WD2101_soil_group;s__	0.999487501129354
c6717b92708dcfc2dd198392fe712c46	d__Bacteria;p__Proteobacteria;c__Gammaproteobacteria;o__Burkholderiales;f__Comamonadaceae	0.9999966612582848
cdb532fecd47e48f77a0ea708f8770b1	d__Bacteria;p__Verrucomicrobiota;c__Verrucomicrobiae;o__Verrucomicrobiales;f__Verrucomicrobiaceae;g__Roseimicrobium;s__	0.9190578680319776
eec03b7114583a0c6dee99530c076c52	d__Bacteria;p__Proteobacteria;c__Gammaproteobacteria;o__Salinisphaerales;f__Solimonadaceae;g__Panacagrimonas;s__	0.989579479374381
ad3892013b7311f9a11824a713433ad1	d__Bacteria;p__Chloroflexi;c__OLB14;o__OLB14;f__OLB14;g__OLB14;s__	0.9973295694468988
346a397eabd137466233713d12d4ea23	d__Bacteria;p__Acidobacteriota;c__Vicinamibacteria;o__Vicinamibacterales;f__Vicinamibacteraceae;g__Vicinamibacteraceae;s__	0.9949475131984546
1f7395cbbf611d803df34f3dbd2a3595	d__Bacteria;p__Planctomycetota;c__Planctomycetes;o__Gemmatales;f__Gemmataceae	0.7615921409645837
3eca012467024da03cb137570e46f3b7	d__Bacteria;p__Chloroflexi;c__Anaerolineae;o__RBG-13-54-9;f__RBG-13-54-9;g__RBG-13-54-9;s__	0.9485894251434401
ec8d3dc4a430d6aa6073c0343e13d5d8	d__Bacteria;p__Proteobacteria;c__Gammaproteobacteria;o__Burkholderiales;f__TRA3-20;g__TRA3-20;s__	0.9978163071784927
a078b09bcc8543d929b4430b88f0ed5a	d__Bacteria;p__Bacteroidota;c__Ignavibacteria;o__SJA-28;f__SJA-28;g__SJA-28;s__	0.999854110660258
89990d484709640ebf22837f319d985d	d__Bacteria;p__Proteobacteria;c__Gammaproteobacteria;o__Xanthomonadales;f__Rhodanobacteraceae;g__Pseudofulvimonas;s__	0.8812391924790743
3895f9650e3d13e664eaf45f19460d3b	d__Bacteria;p__Chloroflexi;c__Dehalococcoidia;o__S085;f__S085;g__S085;s__	0.9962612876361921
f96c3fff853bd12af4ab0c239397cc42	d__Bacteria;p__Planctomycetota;c__Planctomycetes;o__Pirellulales;f__Pirellulaceae;g__Candidatus_Anammoximicrobium;s__	0.8653865148598958
aca34ec7c88f8aaa3d52365b2174b169	d__Bacteria;p__Verrucomicrobiota;c__Verrucomicrobiae;o__Verrucomicrobiales;f__Verrucomicrobiaceae;g__Roseimicrobium;s__	0.987953786960757
bfd00c93d5a0ab10ad29aa3b41b1eb47	d__Bacteria;p__Verrucomicrobiota;c__Verrucomicrobiae;o__Chthoniobacterales;f__Chthoniobacteraceae;g__Candidatus_Udaeobacter;s__	0.8251000310974033
989177f6f923229dd5bd3558b42cef62	d__Bacteria	0.9999999740403224
951aa49703097c42ad77c87d92feb8ce	d__Bacteria;p__Myxococcota;c__Polyangia;o__Polyangiales	0.9992756486998822
6b052307572fcf08b7023659e9e66405	d__Bacteria;p__Verrucomicrobiota;c__Verrucomicrobiae;o__Pedosphaerales;f__Pedosphaeraceae	0.9998465396830979
890b6341b57facade078176724f55f95	d__Bacteria;p__Actinobacteriota;c__Actinobacteria;o__Streptosporangiales;f__Thermomonosporaceae;g__Actinocorallia;s__	0.9237977532846368
4a040188c13bf000012f734b2371069a	d__Bacteria;p__Acidobacteriota;c__Vicinamibacteria;o__Vicinamibacterales;f__Vicinamibacteraceae;g__Vicinamibacteraceae;s__	0.9969680670613854
1005037e085acf95c7e2314340b36a3a	d__Bacteria;p__Proteobacteria;c__Gammaproteobacteria;o__Burkholderiales;f__Comamonadaceae	0.9999290673790439
274c2c406a0f51234d7c5b080a8c0f02	d__Bacteria;p__Acidobacteriota;c__Blastocatellia;o__Pyrinomonadales;f__Pyrinomonadaceae;g__RB41;s__	0.9999419965303669
649d5c028ab6e60975137ff55926351f	d__Bacteria;p__Planctomycetota;c__Planctomycetes;o__Gemmatales;f__Gemmataceae;g__Telmatocola;s__	0.7715431205117022
287486a2510fd387489d7647e1d6ddfe	d__Bacteria;p__Chloroflexi;c__P2-11E;o__P2-11E;f__P2-11E;g__P2-11E;s__	0.9999750625320406
24fe1e780a516e6441991baaa515711e	d__Bacteria;p__Acidobacteriota;c__Vicinamibacteria;o__Vicinamibacterales;f__uncultured;g__uncultured;s__	0.8570255439989826
add999f56e6ff3e827b8a1e7fd4138a9	d__Bacteria;p__Actinobacteriota;c__Acidimicrobiia;o__Microtrichales;f__Iamiaceae;g__Iamia;s__	0.8468909673099376
8c548bc46817b077a150cfc9173f1433	d__Bacteria;p__Acidobacteriota;c__Vicinamibacteria;o__Vicinamibacterales;f__uncultured;g__uncultured;s__	0.9991634799139086
2602728fd1b128907e7229529f252975	d__Bacteria;p__Actinobacteriota;c__Actinobacteria;o__Propionibacteriales;f__Nocardioidaceae;g__Nocardioides;s__	0.7587404320888957
3b3e0f1cf94b26d2c0a4e15f880cd032	d__Bacteria;p__Acidobacteriota;c__Vicinamibacteria;o__Vicinamibacterales;f__uncultured;g__uncultured;s__	0.9996205846474359
017a0d56be24ae5c778c2b46557d0c13	d__Bacteria;p__Proteobacteria;c__Gammaproteobacteria;o__Xanthomonadales;f__Rhodanobacteraceae;g__uncultured;s__	0.8321298250255286
95d2deaf4574deaa5fc17a168d37edc2	d__Bacteria	0.997338566879198
9e80fdfda06f36a25ee2e8ab0c7f9c03	d__Bacteria;p__Planctomycetota;c__Planctomycetes;o__Planctomycetales;f__Rubinisphaeraceae	0.9998431981843153
f5877a48c71eab1471b4682f4a127aa5	d__Bacteria;p__Actinobacteriota;c__Acidimicrobiia;o__Microtrichales	0.915297316973764
b32b1827e9ea151aa5526521d85bc1a3	d__Bacteria;p__Patescibacteria;c__Gracilibacteria;o__Candidatus_Peribacteria;f__Candidatus_Peribacteria;g__Candidatus_Peribacteria;s__	0.9987696962443176
ecd58da7ece91a6fe4776fe49e109c41	d__Bacteria;p__Bacteroidota;c__Bacteroidia;o__Chitinophagales;f__Chitinophagaceae	0.9972837106990694
f63f5377059d6fca439cf44129eb03ed	d__Bacteria;p__Chloroflexi;c__TK10;o__TK10;f__TK10;g__TK10;s__	0.9768135696851334
0651c2417e5c546bc69a5cd97eaff018	d__Bacteria;p__Acidobacteriota;c__Vicinamibacteria;o__Vicinamibacterales;f__uncultured;g__uncultured;s__	0.9923005206138726
1ee218dead6ce874db44d619b2af9ca9	d__Bacteria;p__Proteobacteria;c__Gammaproteobacteria;o__Burkholderiales;f__Methylophilaceae	0.9779112259779468
7eb8643bc0943660b5c367e4a6a3ff5d	d__Bacteria;p__Gemmatimonadota;c__Gemmatimonadetes;o__Gemmatimonadales;f__Gemmatimonadaceae	0.9698411178453334
38353cd2da0b7b27f596f78ee5e632e3	d__Bacteria;p__Planctomycetota;c__Planctomycetes;o__uncultured;f__uncultured;g__uncultured;s__	0.995949361874829
9c2ffed44a780580ec7225ffb89a844f	d__Bacteria;p__Acidobacteriota;c__Blastocatellia;o__Pyrinomonadales;f__Pyrinomonadaceae;g__RB41;s__	0.9995947028623118
2c5c869c8ed96742cca75fcd414cbe80	d__Bacteria;p__Bacteroidota;c__Bacteroidia;o__Cytophagales;f__Microscillaceae;g__Ohtaekwangia;s__	0.8489551509961021
c6ac3f06ad55ad0705cafb016a24fae9	d__Bacteria;p__Planctomycetota;c__Planctomycetes;o__Pirellulales;f__Pirellulaceae;g__Blastopirellula;s__	0.8779716023093347
85039d87005c0cce552eb4291746cabc	d__Bacteria;p__Proteobacteria;c__Gammaproteobacteria;o__Salinisphaerales;f__Solimonadaceae	0.9835098657055098
c9874a4f24bff877088946623551c280	d__Bacteria;p__Proteobacteria;c__Gammaproteobacteria;o__Burkholderiales;f__Comamonadaceae	0.999988107160435
b1f22831f96eea71ede478b7abe2d4c1	d__Bacteria;p__Actinobacteriota;c__Actinobacteria;o__Propionibacteriales;f__Nocardioidaceae;g__Nocardioides;s__	0.9817254845549478
82b9335fb79858bd814101e7f67b13c7	d__Bacteria;p__Patescibacteria;c__Parcubacteria;o__GWA2-38-13b;f__GWA2-38-13b;g__GWA2-38-13b;s__	0.7343658405755806
dc9a6784e293c856631c254965d180f2	d__Bacteria;p__Planctomycetota;c__Planctomycetes;o__Planctomycetales;f__Schlesneriaceae;g__Schlesneria;s__	0.9717936809525075
6a32afb3fb50a52d35a1ea47fb263e1f	d__Bacteria;p__Acidobacteriota;c__Vicinamibacteria;o__Vicinamibacterales;f__uncultured;g__uncultured;s__	0.998772590870847
5f7e4df02b356e1e76a9c52cbfd78660	d__Bacteria;p__Proteobacteria;c__Alphaproteobacteria;o__Rhizobiales;f__Rhizobiales_Incertae_Sedis	0.9878336275271679
5bb5310dab362bc4c5e1328dd949aa50	d__Bacteria;p__Planctomycetota;c__Planctomycetes;o__Pirellulales;f__Pirellulaceae	0.9985958224707246
53d29afbe9cb1073fe2a7de3c74aab9a	d__Bacteria;p__Acidobacteriota;c__Vicinamibacteria;o__Vicinamibacterales;f__uncultured;g__uncultured;s__	0.950099184536085
57289b6500a38a965508b16335175857	d__Bacteria;p__Planctomycetota;c__Phycisphaerae;o__Tepidisphaerales;f__WD2101_soil_group;g__WD2101_soil_group;s__	0.9857735562195281
602fcee4bbcd8ca360e6370ee36ad2b6	d__Bacteria;p__Planctomycetota;c__Planctomycetes;o__Pirellulales;f__Pirellulaceae;g__uncultured;s__	0.9428467544104924
b745ab98a98cb900fd15c07c38050091	d__Bacteria;p__Proteobacteria;c__Gammaproteobacteria;o__Burkholderiales;f__TRA3-20;g__TRA3-20;s__	0.9980561507305855
af3da36d3a7b05e96da194cc5a13f952	d__Bacteria;p__WS2;c__WS2;o__WS2;f__WS2;g__WS2;s__	0.9991854301808232
ccdb7046a1b827abb06de359749749c6	d__Bacteria;p__Acidobacteriota;c__Vicinamibacteria;o__Vicinamibacterales;f__uncultured;g__uncultured;s__	0.999203979167055
489406b4b484d5556edf74a8bcaad12a	d__Bacteria;p__Chloroflexi;c__Anaerolineae	0.978072896858907
f095c107a4dc3c763566c5f70fc0a51e	d__Bacteria;p__Actinobacteriota;c__Actinobacteria;o__Frankiales	0.8815298791156393
4c376bc27be06fb05911d993a2c5b64a	d__Bacteria;p__Proteobacteria;c__Gammaproteobacteria;o__Burkholderiales;f__Comamonadaceae;g__Rhizobacter;s__	0.9863045425052053
8c1e69e2e65755b57ec393f3be793fba	d__Bacteria;p__Gemmatimonadota;c__S0134_terrestrial_group;o__S0134_terrestrial_group;f__S0134_terrestrial_group;g__S0134_terrestrial_group;s__	0.952893999751265
ffd03e76edff683bbc78e1fd26489a8e	d__Bacteria;p__Acidobacteriota;c__Vicinamibacteria;o__Vicinamibacterales;f__Vicinamibacteraceae;g__Vicinamibacteraceae;s__	0.9988430761333831
942dabdf91fa0fe95aff31d814db4c45	d__Bacteria;p__Proteobacteria;c__Gammaproteobacteria;o__Burkholderiales	0.9988879493748131
25b844afa814771c730560e79d9211a6	d__Bacteria;p__Chloroflexi;c__Anaerolineae;o__SBR1031;f__A4b;g__A4b;s__	0.8986205709217117
0ac5bd885bfc9e7fadd2e4d95d6a0161	d__Bacteria;p__Gemmatimonadota;c__Gemmatimonadetes;o__Gemmatimonadales;f__Gemmatimonadaceae;g__uncultured;s__	0.8908243133808854
097e0ab7ac86d0cd1c3879aadd038c7e	d__Bacteria;p__Planctomycetota	0.9514278184330656
25544ed6826fe882eaccb59351d3d33c	d__Bacteria;p__Verrucomicrobiota;c__Verrucomicrobiae;o__Pedosphaerales;f__Pedosphaeraceae;g__uncultured;s__	0.8926724189789854
5fd54e9da2674c6be4ef4e8f5980e284	d__Bacteria;p__Acidobacteriota;c__Vicinamibacteria;o__Subgroup_17;f__Subgroup_17;g__Subgroup_17;s__	0.9972134410968583
24f3cb6d61d69875b0ee108c1d263e68	d__Bacteria;p__Actinobacteriota;c__Acidimicrobiia;o__Microtrichales;f__Ilumatobacteraceae	0.9966803561135616
8d02347007a6814243fbf07c364a9c44	d__Bacteria;p__Bacteroidota;c__Bacteroidia;o__Chitinophagales;f__Chitinophagaceae	0.9994262364406958
54aa4787d085d76cab26b323b3dec1e1	d__Bacteria;p__Verrucomicrobiota;c__Verrucomicrobiae;o__Verrucomicrobiales	0.993414465748331
468dc0c18390584be144c576f48a2a8b	d__Bacteria;p__Acidobacteriota;c__Vicinamibacteria;o__Vicinamibacterales;f__uncultured;g__uncultured;s__	0.9942867434540934
c350d50abf66add21eff7b56677c825a	d__Bacteria;p__Patescibacteria;c__Berkelbacteria;o__Berkelbacteria;f__Berkelbacteria;g__Berkelbacteria;s__	0.9690595885789893
9f93acf3b3b12d007479719d956323b4	d__Bacteria;p__Acidobacteriota;c__Vicinamibacteria;o__Vicinamibacterales;f__uncultured;g__uncultured;s__	0.9995400193789193
f2b9f08cc581fa9b5f806d1a573eb1db	d__Bacteria;p__Myxococcota;c__Polyangia;o__Polyangiales	0.8084985520474747
d938ce5514b4884ecd79398eee34898b	d__Bacteria;p__Acidobacteriota;c__Subgroup_11;o__Subgroup_11;f__Subgroup_11;g__Subgroup_11;s__	0.9999122605525991
5cd92a9f810259d042f416dd70a27ea9	d__Bacteria;p__Proteobacteria;c__Gammaproteobacteria;o__Burkholderiales;f__Methylophilaceae	0.9939435093925584
28ea1fbbe0ef723fb8ab6471486563f8	d__Bacteria;p__Actinobacteriota;c__Acidimicrobiia;o__Microtrichales;f__Ilumatobacteraceae	0.9996871600605917
5f9739af6d25f2f92a926d1f83c88f9b	d__Bacteria;p__Proteobacteria	0.9449222605868199
197fa27dbcc289441e9aedd4711369fa	d__Bacteria;p__Myxococcota;c__Polyangia;o__Blfdi19;f__Blfdi19;g__Blfdi19;s__	0.9262074917345393
88df9c3c35da368d2674c15b830db66a	d__Bacteria;p__Patescibacteria;c__Parcubacteria;o__Candidatus_Nomurabacteria;f__Candidatus_Nomurabacteria;g__Candidatus_Nomurabacteria;s__	0.9496395479206879
33ad84df8eab9f6106eb1892ffa98cda	d__Bacteria;p__Gemmatimonadota;c__Gemmatimonadetes;o__Gemmatimonadales;f__Gemmatimonadaceae;g__uncultured;s__	0.9028924915290824
92bc52afc927a818b821c13b69b9b1ef	d__Bacteria;p__Planctomycetota;c__Phycisphaerae;o__Tepidisphaerales;f__WD2101_soil_group;g__WD2101_soil_group;s__	0.9975963593812311
4767757f6dfae08f628ec9d45811d9d2	d__Bacteria;p__Verrucomicrobiota;c__Verrucomicrobiae;o__Pedosphaerales;f__Pedosphaeraceae;g__uncultured;s__	0.7355230250885686
7d7f7370fcd13edd0c36b844a4ae1bd4	d__Bacteria;p__Sumerlaeota;c__Sumerlaeia;o__Sumerlaeales;f__Sumerlaeaceae;g__Sumerlaea;s__	0.9973193974968825
6eeb2e5145106f9fd58caf41540f7894	d__Bacteria;p__Acidobacteriota;c__Subgroup_18;o__Subgroup_18;f__Subgroup_18;g__Subgroup_18;s__	0.9968945265988055
a736ac7f8efda14b3c7962fba312d643	d__Bacteria;p__Planctomycetota;c__Planctomycetes;o__Pirellulales;f__Pirellulaceae	0.8686536814300914
9366c4a85fdf744fcb8985a29b7f5d50	d__Bacteria;p__Verrucomicrobiota;c__Verrucomicrobiae;o__Chthoniobacterales;f__Chthoniobacteraceae;g__Chthoniobacter;s__	0.9219557194420763
350642f940b511adc78c3ea25d318ff1	d__Bacteria;p__Gemmatimonadota;c__Gemmatimonadetes;o__Gemmatimonadales;f__Gemmatimonadaceae	0.9971099965296749
2688a9d2cae2000d3be11ece6c9997e2	d__Bacteria;p__Acidobacteriota;c__Holophagae;o__Subgroup_7;f__Subgroup_7;g__Subgroup_7;s__	0.9998733819824506
ecdc608f8ea5636e93c4a8aa7426f73b	d__Bacteria	0.9999947068479195
ff3ba7e20c25b072596c770afcc87650	d__Bacteria;p__Proteobacteria;c__Gammaproteobacteria;o__Burkholderiales;f__Comamonadaceae	0.9998592928799596
f395fc288ed6852e31c8fa59c39fe3aa	d__Bacteria;p__Proteobacteria;c__Alphaproteobacteria;o__Rhizobiales;f__Rhizobiaceae	0.9799305324890784
6a9f2989420c40a85eb730f8e33737ed	d__Bacteria;p__Myxococcota;c__Myxococcia;o__Myxococcales;f__Myxococcaceae	0.9986425889855024
edb00767d2c99fb2577bd0c3f4ef8062	d__Bacteria;p__Acidobacteriota;c__Blastocatellia;o__Pyrinomonadales;f__Pyrinomonadaceae;g__RB41;s__	0.9997939362316659
b1df3151eacc50946e97b885706e94e0	d__Bacteria;p__Patescibacteria;c__Parcubacteria	0.7767533522586941
06ec2c4872452b8b9cdcf588761ca1ed	d__Bacteria;p__Planctomycetota;c__Planctomycetes;o__Pirellulales;f__Pirellulaceae;g__uncultured;s__	0.9051723191774709
4391eccf6ab01cd9d6655946f6b2284d	d__Bacteria;p__Acidobacteriota;c__Vicinamibacteria;o__Vicinamibacterales;f__uncultured;g__uncultured;s__	0.9973563504323222
d8e0519fa117f32453df02fce6c33e2a	d__Bacteria;p__Proteobacteria;c__Gammaproteobacteria;o__Burkholderiales	0.9998211506704018
ee3e097c58fe83596bf6c996d01db9b9	d__Bacteria;p__Actinobacteriota;c__MB-A2-108;o__MB-A2-108;f__MB-A2-108;g__MB-A2-108;s__	0.9775649104130265
91403d61ee3d4787517d280999c023e5	d__Bacteria;p__Planctomycetota;c__Planctomycetes;o__Gemmatales;f__Gemmataceae;g__Gemmata;s__	0.835233063996797
47280879465375c0ff76d7b47e0c9cf6	d__Bacteria;p__Acidobacteriota;c__Acidobacteriae;o__Solibacterales;f__Solibacteraceae;g__Candidatus_Solibacter;s__	0.919482452746417
b5e6b1b12f1c8140dc9cdd9c15d50f32	d__Bacteria;p__Acidobacteriota;c__Vicinamibacteria;o__Vicinamibacterales;f__uncultured;g__uncultured;s__	0.997997395034701
eabfe94aad3e920d006d0f1b7fa80d39	d__Bacteria;p__Proteobacteria;c__Gammaproteobacteria;o__Burkholderiales;f__Comamonadaceae	0.9999980411389028
8b4943a193db43535c3fccf78f00ecba	d__Bacteria;p__Proteobacteria;c__Gammaproteobacteria;o__Burkholderiales;f__Comamonadaceae;g__Polaromonas;s__	0.700042262881985
60ce104398ba3a61041cc385cc35f9c3	d__Bacteria;p__Proteobacteria;c__Alphaproteobacteria;o__Sphingomonadales;f__Sphingomonadaceae	0.9964624616520554
3424cb15350d2e64f98d4416e338136c	d__Bacteria;p__Acidobacteriota;c__Vicinamibacteria;o__Vicinamibacterales;f__uncultured;g__uncultured;s__	0.9989105196067392
1207443a2e8af05ec785f1f1dab9eb7c	d__Bacteria;p__Bacteroidota;c__Bacteroidia;o__Chitinophagales;f__Chitinophagaceae;g__Ferruginibacter;s__	0.9456976440088574
b4d86a4537598300f3fe097910fcb446	d__Bacteria;p__Verrucomicrobiota;c__Verrucomicrobiae;o__Chthoniobacterales;f__Chthoniobacteraceae;g__Candidatus_Udaeobacter;s__	0.7954801840329211
5a57e1b1478df9c46a14f01f1314b9fa	d__Bacteria;p__Acidobacteriota;c__Vicinamibacteria;o__Vicinamibacterales;f__uncultured;g__uncultured;s__	0.7960569029958686
e86dfc7a0af129a5c17477c0db07fa97	d__Bacteria;p__Acidobacteriota;c__Vicinamibacteria;o__Vicinamibacterales;f__uncultured;g__uncultured;s__	0.9260609557017684
69ad77b15716c2023566623752d7108d	d__Bacteria;p__Gemmatimonadota;c__Gemmatimonadetes;o__Gemmatimonadales;f__Gemmatimonadaceae;g__uncultured;s__	0.7312330788348542
4774c1af73d0e2287d1b407b5fc81423	d__Bacteria;p__Acidobacteriota;c__Vicinamibacteria;o__Vicinamibacterales;f__uncultured;g__uncultured;s__	0.9994177094685863
1f9570cb01c9cc237e22202c62299656	d__Bacteria;p__Chloroflexi;c__Chloroflexia;o__Chloroflexales	0.7829824584620357
62ac8eaad7850c73b58e327fd2c9fb15	d__Bacteria;p__Verrucomicrobiota;c__Verrucomicrobiae;o__S-BQ2-57_soil_group;f__S-BQ2-57_soil_group;g__S-BQ2-57_soil_group;s__	0.9999055433245441
7b3760c25c7200ef8d0f3a93919a8dcc	d__Bacteria;p__Acidobacteriota;c__Vicinamibacteria;o__Vicinamibacterales;f__uncultured;g__uncultured;s__	0.9991323354032147
0ab71cc9b1e1ddefb7173974141411ad	d__Bacteria;p__Actinobacteriota;c__Acidimicrobiia;o__Actinomarinales	0.7329829561357692
e18a1dbedaafa9e6e5c1a64054194c55	d__Bacteria;p__Acidobacteriota;c__Vicinamibacteria;o__Vicinamibacterales;f__uncultured;g__uncultured;s__	0.9641546703045488
780502e2e3e189d573872b3ad7c84a7a	d__Bacteria;p__Proteobacteria;c__Alphaproteobacteria;o__Rhizobiales;f__Hyphomicrobiaceae	0.9878708599526891
29121cecbae6a52e03807a6d4afdde97	d__Bacteria;p__Proteobacteria;c__Alphaproteobacteria;o__Sphingomonadales;f__Sphingomonadaceae	0.9979448619174198
bd9435c3a22aac3c1e51b5d3209bc201	d__Bacteria;p__Chloroflexi;c__Anaerolineae;o__SBR1031;f__A4b;g__A4b;s__	0.9920677414464003
5467397d19a3a1820ebbccac4503b2d4	d__Bacteria;p__Acidobacteriota;c__Vicinamibacteria;o__Vicinamibacterales;f__Vicinamibacteraceae;g__Vicinamibacteraceae;s__	0.9315475372794262
e997aae83411a35cc331afbc9d0079f5	d__Bacteria;p__Acidobacteriota;c__Vicinamibacteria;o__Subgroup_17;f__Subgroup_17;g__Subgroup_17;s__	0.9886997509119355
2a3c6e1d654de893210e5a1bec440e82	d__Bacteria;p__Planctomycetota;c__Planctomycetes;o__Gemmatales;f__Gemmataceae;g__Gemmata;s__	0.8703272371700536
fe87956b7a245b079384e1b6c621f181	d__Bacteria;p__Proteobacteria;c__Gammaproteobacteria;o__Burkholderiales;f__TRA3-20;g__TRA3-20;s__	0.9887789198665379
5e0adff0647c4925fe925dcaf1900fc0	d__Bacteria;p__Chloroflexi;c__Anaerolineae;o__SBR1031;f__A4b;g__A4b;s__	0.9965997629099693
0458daf750f870fb329a78211b38de1d	d__Bacteria;p__Actinobacteriota;c__MB-A2-108;o__MB-A2-108;f__MB-A2-108;g__MB-A2-108;s__	0.9842819201988597
c63062d4ea85a71454d33c2522a99d62	d__Bacteria;p__Planctomycetota;c__Phycisphaerae;o__Tepidisphaerales;f__WD2101_soil_group;g__WD2101_soil_group;s__	0.995355794415061
0c9fe8dec1ade0e6ecefdf2462e2b055	d__Bacteria;p__Chloroflexi;c__Chloroflexia;o__Chloroflexales;f__Herpetosiphonaceae;g__Herpetosiphon;s__	0.7442720817886527
015c3327ba76126e9069655a1a6bb8c3	d__Bacteria;p__Chloroflexi;c__Anaerolineae	0.9738657195573637
a9179a58c7d2017d8a151a25f6019d20	d__Bacteria;p__Verrucomicrobiota;c__Verrucomicrobiae;o__Chthoniobacterales;f__Chthoniobacteraceae;g__Candidatus_Udaeobacter;s__	0.8354979684245019
5e67c22507886f92942bd09d5040a593	d__Bacteria;p__Actinobacteriota;c__Acidimicrobiia;o__IMCC26256;f__IMCC26256;g__IMCC26256;s__	0.8716082250789727
0b8fa74d8c7046750c56913ed296f62d	d__Bacteria;p__Gemmatimonadota;c__Gemmatimonadetes;o__Gemmatimonadales;f__Gemmatimonadaceae;g__uncultured;s__	0.9370387239703029
6f0045529789c75afe09590172cf8546	d__Bacteria;p__Bacteroidota;c__Bacteroidia;o__Flavobacteriales;f__Flavobacteriaceae;g__Flavobacterium;s__	0.720834537810818
5da53c6734d469a3430198dfb6cb8df1	d__Bacteria;p__Proteobacteria;c__Gammaproteobacteria;o__Salinisphaerales;f__Solimonadaceae	0.9260622586216007
3c501abca6c1f22de45af94f4becd59b	d__Bacteria;p__Verrucomicrobiota;c__Verrucomicrobiae;o__Pedosphaerales;f__Pedosphaeraceae;g__uncultured;s__	0.9580907859902978
c3c3bc39d0b5cde2b517ca62b628e4ff	d__Bacteria;p__Verrucomicrobiota;c__Verrucomicrobiae;o__Pedosphaerales;f__Pedosphaeraceae	0.9998773297842816
5673056d3b2825c96a21cc16f12a333f	d__Bacteria;p__Planctomycetota;c__Planctomycetes;o__Pirellulales;f__Pirellulaceae	0.9757952865200397
8a5f226930a616d3c35f47f0673cf4a7	d__Bacteria;p__Actinobacteriota;c__Acidimicrobiia;o__Microtrichales	0.9828696594387432
777a4fcae171de96ae7ec83bc6bf71da	d__Bacteria;p__Actinobacteriota;c__Acidimicrobiia;o__Microtrichales	0.9131614328152609
3db8e5f3dc50adf95b35675c97f274b0	d__Bacteria;p__Bacteroidota;c__Bacteroidia;o__Chitinophagales;f__Saprospiraceae;g__uncultured;s__	0.8953715743611477
98643baeca474048454ca08bcf0019c0	d__Bacteria;p__Bacteroidota;c__Bacteroidia;o__Sphingobacteriales;f__AKYH767;g__AKYH767;s__	0.8136148652061516
c303f5e4fd7f9109656a699c97829b30	d__Bacteria;p__Bacteroidota;c__Bacteroidia;o__Chitinophagales;f__Chitinophagaceae;g__Ferruginibacter;s__	0.7371711228942879
8928eef00bb549f1bb98c1c3e13c2e87	d__Bacteria;p__Bacteroidota;c__Kapabacteria;o__Kapabacteriales;f__Kapabacteriales;g__Kapabacteriales;s__	0.8206205205492796
4c198d7145802b05755aa9943a40dd9f	d__Bacteria;p__Chloroflexi;c__Anaerolineae;o__Ardenticatenales;f__uncultured;g__uncultured;s__	0.9838401276208384
ebf9c7c66db43f6e2baab89cfdf12d41	d__Bacteria;p__Chloroflexi;c__KD4-96;o__KD4-96;f__KD4-96;g__KD4-96;s__	0.9648202485603354
c2eac4bfb3e892c2a150f87bd6d00032	d__Bacteria;p__FCPU426;c__FCPU426;o__FCPU426;f__FCPU426;g__FCPU426;s__	0.7687855041846172
8ad9f994686a8f5cdf50de7ef66144d5	d__Bacteria;p__Acidobacteriota;c__Holophagae;o__Subgroup_7;f__Subgroup_7;g__Subgroup_7;s__	0.9010853629758734
e636f6a84f3e81a2c656d553857ef39d	d__Archaea;p__Crenarchaeota;c__Nitrososphaeria;o__Nitrososphaerales;f__Nitrososphaeraceae	0.9999970779771705
2231fda11dbd3bc70561e8a5852cc366	d__Bacteria;p__Proteobacteria;c__Gammaproteobacteria;o__Burkholderiales	0.9893118867647702
b5abf14ea95b5d115b05516f8ee1a36a	d__Bacteria;p__Verrucomicrobiota;c__Verrucomicrobiae;o__Chthoniobacterales;f__Chthoniobacteraceae;g__Chthoniobacter;s__	0.934361739589364
3e467f8f9066a3a1938a8041ad6bec64	d__Bacteria;p__Acidobacteriota;c__Holophagae;o__Subgroup_7;f__Subgroup_7;g__Subgroup_7;s__	0.9471477354867467
b3ffa730f37edffaa6001ac14017a372	d__Bacteria;p__Chloroflexi;c__Anaerolineae	0.9844330958254305
6a120626e18304bc14d1e09158aa1b1f	d__Bacteria;p__Planctomycetota;c__Planctomycetes;o__Pirellulales;f__Pirellulaceae	0.7049013069603947
8250bc8d9b36347c86192b3a58eb45b9	d__Archaea;p__Thermoplasmatota;c__Thermoplasmata;o__uncultured;f__uncultured;g__uncultured;s__	0.8438542710191544
87266bee766628eccdf6c52525662989	d__Bacteria;p__Planctomycetota;c__Planctomycetes;o__Pirellulales;f__Pirellulaceae	0.9647161784498114
f090f7b5a5de550feea1a7f82d59946b	d__Bacteria;p__Patescibacteria;c__Parcubacteria;o__Candidatus_Nomurabacteria;f__Candidatus_Nomurabacteria;g__Candidatus_Nomurabacteria;s__	0.9409876940059619
58621d69b583cc153a64f1a89d9fdb25	d__Bacteria;p__Proteobacteria;c__Gammaproteobacteria;o__Burkholderiales;f__Comamonadaceae	0.9999832168150272
af411cc4c17d5540abee7987ed914583	d__Bacteria;p__Bacteroidota;c__Bacteroidia;o__Cytophagales;f__Cytophagaceae;g__Sporocytophaga;s__	0.9840614860672885
7d714779688c3b848dc3fc777c4d6aa6	d__Bacteria;p__Gemmatimonadota;c__Gemmatimonadetes;o__Gemmatimonadales;f__Gemmatimonadaceae;g__uncultured;s__	0.9523122919057764
86f307878f60f725a9c26a83b6e3e610	d__Bacteria;p__Acidobacteriota;c__Vicinamibacteria;o__Vicinamibacterales;f__uncultured;g__uncultured;s__	0.8874874284285573
8d8daf76f1ddf8737e5c7049662e04fc	d__Bacteria;p__Planctomycetota;c__Planctomycetes;o__Pirellulales;f__Pirellulaceae;g__uncultured;s__	0.757805164857918
dcb08d396689a89b248f8d06c8d26493	d__Bacteria;p__Verrucomicrobiota;c__Verrucomicrobiae;o__Chthoniobacterales;f__Chthoniobacteraceae;g__Candidatus_Udaeobacter;s__	0.9690118820702871
5383633638d15fe053ba18ccb982e4bc	d__Bacteria;p__Planctomycetota;c__Planctomycetes;o__Gemmatales;f__Gemmataceae;g__Fimbriiglobus;s__	0.7922948607696546
e447a58eb885d2ab10f0049a8f8a5a7c	d__Bacteria;p__Bacteroidota;c__Bacteroidia;o__Sphingobacteriales;f__env.OPS_17;g__env.OPS_17;s__	0.997682206320811
d986394603a225147598b7c2ffaa0e8e	d__Bacteria;p__Verrucomicrobiota;c__Verrucomicrobiae;o__Pedosphaerales;f__Pedosphaeraceae	0.9994007884674702
ec91d3bc041b4ec0bb1d44046260a5b1	d__Bacteria;p__Acidobacteriota;c__Vicinamibacteria;o__Vicinamibacterales;f__uncultured;g__uncultured;s__	0.9507734810796148
fff0b437336e9aa44b081ea0a20e935b	d__Bacteria;p__Patescibacteria;c__Saccharimonadia;o__Saccharimonadales	0.9710464241167767
c1cd68baaf6193bc57890a90d6658605	d__Bacteria;p__Planctomycetota;c__Planctomycetes;o__Planctomycetales;f__uncultured;g__uncultured;s__	0.9912517814280035
55c7c905ffe403e4f01e8381c287950c	d__Bacteria;p__Acidobacteriota;c__Vicinamibacteria;o__Vicinamibacterales;f__uncultured;g__uncultured;s__	0.9991534760815981
e1aadbdd2c2b50c963c3d32bfd6ddd92	d__Bacteria;p__Bacteroidota;c__Bacteroidia;o__Chitinophagales;f__Chitinophagaceae;g__uncultured;s__	0.9117962041695563
e8014f339240065c872bc8129c5dab9d	d__Bacteria	0.999920311010296
18ab074cd1108e12b9bc9d2425b0d218	d__Bacteria	0.9994284563499325
329c57cb5dcaa3a1db7558cae1025fb6	d__Bacteria;p__Chloroflexi;c__JG30-KF-CM66;o__JG30-KF-CM66;f__JG30-KF-CM66;g__JG30-KF-CM66;s__	0.9903439154704031
a3bad920cf582102b52c947d1d1885e6	d__Bacteria;p__Planctomycetota;c__OM190;o__OM190;f__OM190;g__OM190;s__	0.9630552607335764
55528c6650837b7995cb8cc5d26c8fff	d__Bacteria;p__Acidobacteriota;c__Vicinamibacteria;o__Vicinamibacterales;f__uncultured;g__uncultured;s__	0.9955462190709133
550b8ff3c9a98d8e2920c83508b2187f	d__Bacteria;p__Planctomycetota;c__Planctomycetes;o__Pirellulales;f__Pirellulaceae;g__Pirellula;s__	0.9852125840539983
5733c015322a875b10dc02dd5a5e4556	d__Bacteria;p__Acidobacteriota;c__Vicinamibacteria;o__Vicinamibacterales;f__uncultured;g__uncultured;s__	0.9938853881754537
bb97f9f548c9dedb5a55b6c4373faae4	d__Bacteria;p__Acidobacteriota;c__Subgroup_25;o__Subgroup_25;f__Subgroup_25;g__Subgroup_25;s__	0.9997881844032378
c8ee27bdda70cde0e14a5188d8eee318	d__Bacteria;p__Acidobacteriota;c__Holophagae;o__Subgroup_7;f__Subgroup_7;g__Subgroup_7;s__	0.9977752690966482
658a2fb4469f49d566f5c8f9ab199c7b	d__Bacteria;p__Chloroflexi;c__TK10;o__TK10;f__TK10;g__TK10;s__	0.9716676913019955
3dfbf13e402f6e46c9a221b9289cbd54	d__Bacteria;p__Verrucomicrobiota;c__Verrucomicrobiae;o__Chthoniobacterales;f__Chthoniobacteraceae;g__Candidatus_Udaeobacter;s__	0.8406208469748054
ac07c02e5697101e0deac6cee2742d3a	d__Bacteria;p__Planctomycetota;c__Planctomycetes;o__Gemmatales;f__Gemmataceae;g__Gemmata;s__	0.8759247915073973
902cbf95d77ebcc34feab96219642658	d__Bacteria;p__Patescibacteria;c__Parcubacteria	0.9920777318468988
2de038724085e4e8224e7d4b2c7d084f	d__Bacteria;p__Planctomycetota;c__Planctomycetes;o__Pirellulales;f__Pirellulaceae;g__uncultured;s__	0.8798604215160305
aed3895f4a25197ae86a9f6beccd6543	d__Bacteria;p__Planctomycetota;c__Phycisphaerae;o__Tepidisphaerales;f__Tepidisphaeraceae;g__Tepidisphaeraceae;s__	0.9996529031147396
86e3a4c07b043c85e67960001f6b3dc7	d__Bacteria;p__Patescibacteria;c__Parcubacteria	0.9631378017102824
737eb52d64130317768681d26aa56048	d__Bacteria;p__Planctomycetota;c__Planctomycetes;o__Pirellulales;f__Pirellulaceae	0.9935392096462747
d961201094849f9042509fe315d4e8d3	d__Bacteria;p__Proteobacteria;c__Gammaproteobacteria;o__Diplorickettsiales;f__Diplorickettsiaceae;g__Aquicella;s__	0.9831593038483637
e0f54d92cdcb2e44f898066005aa478e	d__Bacteria;p__Nitrospirota;c__Nitrospiria;o__Nitrospirales;f__Nitrospiraceae;g__Nitrospira;s__	0.9803815256148714
35320abd6fc5e10f852007689e54e98d	d__Bacteria	0.9999286536776504
177c12483a41079706555a3094e118f2	d__Bacteria;p__Planctomycetota;c__Planctomycetes;o__Planctomycetales;f__Rubinisphaeraceae;g__SH-PL14;s__	0.9849524162106712
7ff0f861efdb9def458d6a22198dd9b9	d__Bacteria;p__Acidobacteriota;c__Vicinamibacteria;o__Vicinamibacterales;f__uncultured;g__uncultured;s__	0.965173020132398
c53aecd92161978b88db77bcdc2ce788	d__Bacteria;p__Planctomycetota;c__Phycisphaerae;o__Tepidisphaerales;f__WD2101_soil_group;g__WD2101_soil_group;s__	0.9989030337805156
4260aa621b093959fa702fc83588150e	d__Bacteria;p__Proteobacteria;c__Gammaproteobacteria;o__Burkholderiales;f__Nitrosomonadaceae;g__MND1;s__	0.9808332463141823
92e00ebe6edf6599a82d459549062bf9	d__Bacteria;p__Planctomycetota;c__Planctomycetes;o__Pirellulales;f__Pirellulaceae	0.9953143029555205
f361f0e983afc1c8a4bd9374e07f2960	d__Bacteria;p__Verrucomicrobiota;c__Verrucomicrobiae;o__Chthoniobacterales;f__Chthoniobacteraceae;g__Chthoniobacter;s__	0.925819983351566
0aeeb2fd1dd6c814e567d356d0fd36a1	d__Bacteria;p__Verrucomicrobiota;c__Verrucomicrobiae;o__Verrucomicrobiales	0.9962097697308718
d431d4f7b11cb1631c6dbd13533b90e1	d__Bacteria;p__Chloroflexi;c__Anaerolineae;o__Caldilineales;f__Caldilineaceae;g__uncultured;s__	0.9991555412272743
461720d27b91700960605f75800834c1	d__Bacteria;p__Bacteroidota;c__Bacteroidia;o__Sphingobacteriales;f__KD3-93;g__KD3-93;s__	0.9457717072218432
a44015b9d0a5f0ae7b0eb689a31d7127	d__Bacteria;p__Proteobacteria;c__Gammaproteobacteria;o__Burkholderiales;f__Nitrosomonadaceae;g__Ellin6067;s__	0.9633264088897457
6a2acbff558843249fe69e788b6c125b	d__Bacteria;p__Actinobacteriota;c__Actinobacteria;o__Micromonosporales;f__Micromonosporaceae;g__Longispora;s__	0.7313040257262385
2b7598960852b315858265ecbb30b687	d__Bacteria;p__Patescibacteria;c__Parcubacteria;o__Candidatus_Nomurabacteria;f__Candidatus_Nomurabacteria;g__Candidatus_Nomurabacteria;s__	0.9035409572652577
c42ff5c2a5d536a2a4d145fb3c82f4ff	d__Bacteria;p__Proteobacteria;c__Gammaproteobacteria;o__Burkholderiales;f__SC-I-84;g__SC-I-84;s__	0.9749485531769969
f0304ca167743ddf0fe93c8825a4f1ba	d__Bacteria;p__Actinobacteriota;c__Acidimicrobiia	0.8851201311763767
2320f2f26ed1e203e10c9f99e2abc32d	d__Bacteria;p__Planctomycetota;c__Planctomycetes;o__Planctomycetales;f__uncultured;g__uncultured;s__	0.9507889693687007
0d8b3eb043b75e88617f294da4e5b91a	d__Bacteria;p__Acidobacteriota;c__Vicinamibacteria;o__Vicinamibacterales;f__Vicinamibacteraceae;g__Vicinamibacteraceae;s__	0.986925945922108
cffdfc2ad4785c3ba9145ca72ce4537b	d__Bacteria;p__Patescibacteria;c__Parcubacteria	0.9530817138853654
990dbc651d3718385a0a12ddfab8807d	d__Bacteria;p__Bacteroidota;c__Bacteroidia;o__Chitinophagales;f__Chitinophagaceae;g__Flavihumibacter;s__	0.9152723552298592
913ccd24cab8665269f58c2e828d27ac	d__Bacteria;p__Patescibacteria;c__Parcubacteria;o__Candidatus_Kaiserbacteria;f__Candidatus_Kaiserbacteria;g__Candidatus_Kaiserbacteria;s__	0.9909681514159053
a5156bfedb7c5039eb197f7f6ffe99e6	d__Bacteria;p__Chloroflexi;c__TK10;o__TK10;f__TK10;g__TK10;s__	0.961225943629428
7a003d8cd1aae6e723cb2eb06573b4ef	d__Bacteria;p__Chloroflexi;c__Chloroflexia;o__Chloroflexales;f__Roseiflexaceae;g__uncultured;s__	0.9801165386517271
2712c232ff893efdebffa2bbc5f9cc97	d__Bacteria;p__Bacteroidota;c__Bacteroidia;o__Cytophagales;f__Microscillaceae	0.9998863531634008
c5a69722637cf33f1c6f3c2cec39ef7e	d__Bacteria;p__Acidobacteriota;c__Vicinamibacteria;o__Vicinamibacterales;f__uncultured;g__uncultured;s__	0.9986023395928639
d03d45fe4d415f6da9d1a2fd34bd5fd0	d__Bacteria;p__Proteobacteria;c__Gammaproteobacteria;o__Burkholderiales;f__TRA3-20;g__TRA3-20;s__	0.9965349803043259
b8f8793e643fdb83fd1b8ff04e329ef3	d__Bacteria;p__Proteobacteria;c__Gammaproteobacteria;o__Burkholderiales;f__SC-I-84;g__SC-I-84;s__	0.9811111261988712
ba5efe2c62982d1a469646d1c4e6569f	d__Bacteria;p__Actinobacteriota;c__Acidimicrobiia	0.9292514956000507
0ec3cfebc3378ca2b950a3ce8d03636a	d__Bacteria;p__FCPU426;c__FCPU426;o__FCPU426;f__FCPU426;g__FCPU426;s__	0.997474163404921
c67d3ec6ec3f13fead34d77fd963e2e6	d__Bacteria;p__Actinobacteriota;c__Actinobacteria;o__0319-7L14;f__0319-7L14;g__0319-7L14;s__	0.9817233391908139
3b4cdbdff7925bac53df3c0695d8e284	d__Bacteria;p__Actinobacteriota;c__Actinobacteria;o__Propionibacteriales;f__Nocardioidaceae	0.816201188353149
d3fdd330a9e56cde10fe0d2e26f388e9	d__Bacteria;p__Patescibacteria;c__ABY1	0.8022332182931143
593dc43b86a445e98b076c4044b92140	d__Bacteria;p__Gemmatimonadota;c__S0134_terrestrial_group;o__S0134_terrestrial_group;f__S0134_terrestrial_group;g__S0134_terrestrial_group;s__	0.953667656328356
d4adce6766c30e5548e2d182ebeca698	d__Bacteria;p__Acidobacteriota;c__Vicinamibacteria;o__Vicinamibacterales;f__Vicinamibacteraceae;g__Vicinamibacteraceae;s__	0.9939832486991473
857d90352eeb73223f3b79cc6fa0ee51	d__Bacteria;p__Verrucomicrobiota;c__Verrucomicrobiae;o__Pedosphaerales;f__Pedosphaeraceae	0.9999185129701407
98e03571046721bada8fdf7e3a2a2a45	d__Bacteria;p__Verrucomicrobiota;c__Verrucomicrobiae;o__Verrucomicrobiales;f__Verrucomicrobiaceae;g__Roseimicrobium;s__	0.9890413182949253
bcbec8dcdfc74180939d50caa4503e16	d__Bacteria;p__Proteobacteria;c__Gammaproteobacteria;o__Burkholderiales;f__SC-I-84;g__SC-I-84;s__	0.9857814379196765
0b31bbe453beebb5377427cd071869aa	d__Bacteria;p__Acidobacteriota;c__Blastocatellia;o__Pyrinomonadales;f__Pyrinomonadaceae;g__RB41;s__	0.9999695568795909
3237eb649b2844fba617aa9f5fe7d58e	d__Bacteria;p__Planctomycetota;c__Planctomycetes	0.9989984862095407
7c4e28d32cc004c568b8842210113727	d__Bacteria;p__Proteobacteria;c__Gammaproteobacteria;o__Burkholderiales;f__Nitrosomonadaceae;g__MND1;s__	0.7907132883622955
142ab9a3fb616f43deb24fa2c26d2993	d__Bacteria;p__Planctomycetota;c__Planctomycetes;o__Pirellulales;f__Pirellulaceae;g__uncultured;s__	0.7304053403376652
4ff045dbdc01a1b0fb7217ae9d13d797	d__Bacteria;p__Actinobacteriota;c__Actinobacteria;o__Corynebacteriales;f__Mycobacteriaceae;g__Mycobacterium;s__	0.8268492249771501
63f7f30e8e77c1ee496682c7752e5c5b	d__Bacteria;p__Verrucomicrobiota;c__Verrucomicrobiae;o__Chthoniobacterales;f__Chthoniobacteraceae;g__Chthoniobacter;s__	0.9448859590165701
cb68e855ec868d77dc0e22c288272106	d__Archaea;p__Crenarchaeota;c__Nitrososphaeria;o__Nitrososphaerales;f__Nitrososphaeraceae;g__Nitrososphaeraceae;s__	0.9854316735859239
eacf856888c0c11da849f566dc272ae2	d__Bacteria;p__Chloroflexi;c__JG30-KF-CM66;o__JG30-KF-CM66;f__JG30-KF-CM66;g__JG30-KF-CM66;s__	0.9672659918040534
392ba39fdaae347f35258ef933408ad4	d__Bacteria;p__Patescibacteria;c__Parcubacteria	0.9395438696384855
744d9fd204dc468c911fdaf524a918cc	d__Bacteria;p__Planctomycetota;c__Phycisphaerae;o__Tepidisphaerales;f__WD2101_soil_group;g__WD2101_soil_group;s__	0.9981410948133322
57bd205f2f1b903c4fb181f3223cd425	d__Bacteria;p__Acidobacteriota;c__Vicinamibacteria;o__Vicinamibacterales;f__Vicinamibacteraceae;g__Vicinamibacteraceae;s__	0.9912700094662644
30a4adc7e586de106886f5686fe210e0	d__Bacteria;p__Proteobacteria;c__Alphaproteobacteria	0.9998190232524589
6ef7e2cc8fa5b00546ba16af75254b1b	d__Bacteria;p__Proteobacteria;c__Alphaproteobacteria;o__Rhodobacterales;f__Rhodobacteraceae	0.8585783818889661
b8af16d675ac331afb1ce14d51953a03	d__Bacteria;p__Myxococcota;c__Polyangia;o__Polyangiales;f__Phaselicystidaceae;g__Phaselicystis;s__	0.7029097927886037
69f8be9701b317a46d309ccd241317b4	d__Bacteria;p__Chloroflexi;c__Chloroflexia;o__Chloroflexales;f__Roseiflexaceae;g__uncultured;s__	0.8978799998299944
dfb4a279cae9c3537931055865792290	d__Bacteria;p__Myxococcota;c__Polyangia;o__Haliangiales;f__Haliangiaceae;g__Haliangium;s__	0.9711910027749856
8788e96acfbfbbde560401dc6629ebe2	d__Bacteria;p__Verrucomicrobiota;c__Verrucomicrobiae;o__Chthoniobacterales;f__Chthoniobacteraceae;g__Candidatus_Udaeobacter;s__	0.9673409522563129
b88df28244047c38324a106dfabdcf5c	d__Bacteria;p__Patescibacteria;c__Parcubacteria	0.9416506854926321
81034a3e22a8f44536fcd0090bd2d4c2	d__Bacteria;p__Planctomycetota;c__Phycisphaerae;o__Tepidisphaerales;f__WD2101_soil_group;g__WD2101_soil_group;s__	0.9986074497617438
f4422cdfee823d11e82c70a47a83b261	d__Bacteria;p__Proteobacteria;c__Gammaproteobacteria;o__Burkholderiales;f__SC-I-84;g__SC-I-84;s__	0.945176258048443
3b7d65a432e2472eed7820f273fc0043	d__Bacteria;p__Proteobacteria;c__Alphaproteobacteria;o__Caulobacterales;f__Caulobacteraceae	0.9999843016537272
a2536e289f74b96405e87b34074a45fd	d__Bacteria;p__Planctomycetota;c__Planctomycetes;o__Planctomycetales;f__Rubinisphaeraceae;g__SH-PL14;s__	0.973616067566029
e42ce1659628482a7d426c0443c3b37d	d__Bacteria;p__Proteobacteria;c__Gammaproteobacteria;o__Pseudomonadales;f__Cellvibrionaceae;g__Cellvibrio;s__	0.979164591596972
71cd1b5c96a14ba13fc3d84f3981e9fa	d__Bacteria;p__Verrucomicrobiota;c__Verrucomicrobiae;o__Verrucomicrobiales;f__Rubritaleaceae;g__Luteolibacter;s__	0.9894706649504681
747360e0fb4a3bb0b8385408d95b6f4c	d__Bacteria;p__Chloroflexi;c__Anaerolineae	0.9780797777218169
2d55fb90aa5b5b52784259bd1a03af7f	d__Bacteria;p__Patescibacteria;c__Parcubacteria;o__Candidatus_Adlerbacteria;f__Candidatus_Adlerbacteria;g__Candidatus_Adlerbacteria;s__	0.9873134858791996
a555244fb5dc823a46f33404b5fa84b4	d__Bacteria;p__Planctomycetota;c__Planctomycetes;o__Pirellulales;f__Pirellulaceae	0.9875025906500129
63e552a14288cfec29dcf5a90bc6dd8b	d__Bacteria;p__Proteobacteria;c__Alphaproteobacteria;o__Holosporales;f__Holosporaceae;g__uncultured;s__	0.9796810798203273
08362b7d8b77cb408fe559d0c2400ce5	d__Bacteria;p__Acidobacteriota;c__Holophagae;o__Subgroup_7;f__Subgroup_7;g__Subgroup_7;s__	0.9995770742479324
aba47528d7a6528c6c001a0f8ffbb867	d__Bacteria;p__Planctomycetota;c__Planctomycetes;o__Pirellulales;f__Pirellulaceae	0.962405662227664
8f87c151da3792b498ef367457f3282e	d__Bacteria;p__Actinobacteriota;c__Acidimicrobiia	0.9507511103128995
3d6321092240ac9c10ee102fdbc323e1	d__Bacteria;p__Acidobacteriota;c__Blastocatellia;o__Pyrinomonadales;f__Pyrinomonadaceae;g__RB41;s__	0.999955424862455
daa21d7e31419ee384b2994c0842e127	d__Bacteria;p__Actinobacteriota;c__Actinobacteria;o__Propionibacteriales;f__Nocardioidaceae;g__Nocardioides;s__	0.9766092648032964
38cc2dcc5942ff523d8327d79abc6243	d__Bacteria;p__Proteobacteria;c__Gammaproteobacteria;o__Burkholderiales;f__Comamonadaceae;g__Rhizobacter;s__	0.9393611106998068
e44d24ad1a8328b24b3c9c91bca16081	d__Bacteria;p__Proteobacteria;c__Alphaproteobacteria;o__Rhizobiales;f__Hyphomicrobiaceae	0.9910235333440043
01e4056fee6da178fa4fd9a6808e49e8	d__Bacteria;p__Planctomycetota;c__Planctomycetes;o__Pirellulales;f__Pirellulaceae;g__uncultured;s__	0.9196512660900665
dab22e9f3a8471832197710269ba42be	d__Bacteria;p__Planctomycetota;c__Planctomycetes;o__Gemmatales;f__Gemmataceae;g__uncultured;s__	0.9881151143736022
ee1b8c25fedad0109e17db3a0f493388	d__Bacteria;p__Acidobacteriota;c__Blastocatellia;o__Pyrinomonadales;f__Pyrinomonadaceae;g__RB41;s__	0.9999325011597406
efb67e70c67cef85328859919787494a	d__Bacteria;p__Chloroflexi;c__Chloroflexia;o__Chloroflexales;f__Roseiflexaceae;g__uncultured;s__	0.9356100365681373
995f28c2c42ced52eb6ff30520f9e5d0	d__Bacteria;p__Proteobacteria;c__Gammaproteobacteria;o__Burkholderiales;f__Methylophilaceae	0.9960965517163778
7e02a0efb944178c35419a24d6f1a169	d__Bacteria;p__Patescibacteria;c__Gracilibacteria;o__Candidatus_Peribacteria;f__Candidatus_Peribacteria;g__Candidatus_Peribacteria;s__	0.999463749209715
4d8a5331abf13a4694c5cc346af849a3	d__Bacteria;p__Chloroflexi;c__Chloroflexia;o__Chloroflexales;f__Roseiflexaceae;g__uncultured;s__	0.8996950813178434
9bbdc367815e322945c43777915f792d	d__Bacteria;p__Bacteroidota;c__Bacteroidia;o__Chitinophagales;f__Chitinophagaceae	0.9982498612854205
406735770496ad389d2597651b20c0b7	d__Bacteria;p__Bacteroidota;c__Bacteroidia;o__Chitinophagales;f__Saprospiraceae;g__Aureispira;s__	0.999670692815606
f83aa64dcae774da6a85b17bc4b0ec91	d__Bacteria;p__Planctomycetota;c__Phycisphaerae;o__Tepidisphaerales;f__WD2101_soil_group;g__WD2101_soil_group;s__	0.9997009523286322
04043bd6763f32c4fad3418faa644518	d__Bacteria;p__Actinobacteriota;c__Acidimicrobiia	0.911400871522613
f5cba09fc6c4498dabce79b7ba9c07f2	d__Bacteria;p__Actinobacteriota;c__Acidimicrobiia;o__Microtrichales	0.8827230672161923
18f43ce48a2788034cd5d86d2f5cd7b3	d__Bacteria;p__Verrucomicrobiota;c__Verrucomicrobiae;o__Chthoniobacterales;f__Chthoniobacteraceae	0.9604642044147761
3c29427faf161b1403a3196a92d151ac	d__Archaea;p__Thermoplasmatota;c__Thermoplasmata;o__uncultured;f__uncultured;g__uncultured;s__	0.7778713648140162
7df8fe52f4cf03d5f132b10176af818a	d__Bacteria;p__Verrucomicrobiota;c__Verrucomicrobiae;o__Chthoniobacterales;f__Chthoniobacteraceae;g__Candidatus_Udaeobacter;s__	0.7490043965896908
9b42498a1e94db6509f190efbc66c7e7	d__Bacteria;p__Actinobacteriota	0.9991837729084769
a5b9cfae69ebb942d5b8c517b3d427dd	d__Bacteria;p__Chloroflexi;c__Chloroflexia;o__Chloroflexales;f__Roseiflexaceae;g__uncultured;s__	0.7497516086062452
4f37d43c7ddc931f061c37fbf61908eb	d__Bacteria;p__Actinobacteriota;c__Thermoleophilia;o__Solirubrobacterales;f__Solirubrobacteraceae	0.8363159649349915
46d7aa8733976839b6c2c97462d43f39	d__Bacteria;p__Proteobacteria;c__Gammaproteobacteria;o__Salinisphaerales;f__Solimonadaceae	0.9886729252558527
fa63963c5528cc4460c2cb55c4a8f2f6	d__Bacteria;p__Bacteroidota;c__Bacteroidia;o__Cytophagales;f__Microscillaceae	0.9954753700146721
a3dcf373d081439dbca9446cbf51247b	d__Bacteria;p__Planctomycetota;c__Planctomycetes;o__Pirellulales;f__Pirellulaceae;g__uncultured;s__	0.8553689293527444
f7c769179712454007c96a04bf055ea6	d__Bacteria;p__Acidobacteriota;c__Vicinamibacteria;o__Vicinamibacterales;f__Vicinamibacteraceae;g__Vicinamibacteraceae;s__	0.9568925067478519
7d96dd1e30c30a03b5f24c5112d01b0e	d__Bacteria;p__Acidobacteriota;c__Blastocatellia;o__Pyrinomonadales;f__Pyrinomonadaceae;g__RB41;s__	0.9996270621974206
17cc6b7b0d17ba2868b88b056728238e	d__Bacteria;p__Planctomycetota;c__Planctomycetes;o__Pirellulales;f__Pirellulaceae	0.9430007615226634
53a683f48967775b140579f6d7942cd5	d__Bacteria;p__Planctomycetota;c__Planctomycetes;o__Pirellulales;f__Pirellulaceae;g__Pir4_lineage;s__	0.9070276831000517
2c09ce1a43b843ed72cf96bde3200588	d__Bacteria;p__Planctomycetota;c__Planctomycetes;o__Gemmatales;f__Gemmataceae;g__Gemmata;s__	0.9660534722138872
9b37339c8ce91b1f02b64f78f017ee41	d__Bacteria;p__Actinobacteriota;c__Acidimicrobiia	0.9262909082798683
8ce698b8ed05402053ee7ecaca52d4a5	d__Bacteria;p__Planctomycetota;c__Planctomycetes;o__Pirellulales;f__Pirellulaceae	0.9382180054332633
e12787a7db5b13e9c8fcc18e49073d3b	d__Bacteria;p__Acidobacteriota;c__Vicinamibacteria;o__Subgroup_17;f__Subgroup_17;g__Subgroup_17;s__	0.9910590794541893
a9cbf9607e727c13158cec7126606dbf	d__Bacteria;p__Verrucomicrobiota;c__Verrucomicrobiae;o__Chthoniobacterales;f__Chthoniobacteraceae;g__Chthoniobacter;s__	0.7471814564622644
5b51c2ba42a0d6188dba17f27eadc003	d__Bacteria;p__Actinobacteriota;c__Acidimicrobiia;o__Microtrichales;f__Ilumatobacteraceae;g__CL500-29_marine_group;s__	0.8994495541464667
7f300354c3bcc45d1a667151df9b1771	d__Bacteria;p__Verrucomicrobiota;c__Verrucomicrobiae;o__Verrucomicrobiales;f__Verrucomicrobiaceae;g__Roseimicrobium;s__	0.995457216184257
181e3881eb2d06a379df458ddadb1c0e	d__Eukaryota;p__Ascomycota	0.9917316265498237
4d1ceb9b0334e491be8743195f917bbf	d__Bacteria;p__Latescibacterota;c__Latescibacterota;o__Latescibacterota;f__Latescibacterota;g__Latescibacterota;s__	0.9348339189298948
c7b88efdae65ebc8063d9e1440948f3d	d__Bacteria;p__Myxococcota;c__Polyangia;o__Haliangiales;f__Haliangiaceae;g__Haliangium;s__	0.7299868587852771
029072fce56bc1713e5a1910616bf6dd	d__Bacteria;p__Bacteroidota;c__Bacteroidia;o__Chitinophagales;f__Chitinophagaceae;g__Niastella;s__	0.9347969861671247
a0d817cc9b56bbdcee23b6f973534873	d__Bacteria;p__Acidobacteriota;c__Vicinamibacteria;o__Vicinamibacterales;f__Vicinamibacteraceae;g__Vicinamibacteraceae;s__	0.9401858306376139
782da971d0c331f7d6b2013aee6eb741	d__Bacteria;p__Patescibacteria;c__Saccharimonadia;o__Saccharimonadales	0.999966292534913
13ee1b5e87b729a3d5ed64a0cbe926da	d__Bacteria;p__Proteobacteria;c__Gammaproteobacteria;o__Burkholderiales;f__Comamonadaceae;g__Polaromonas;s__	0.8968809682408222
1b7d5dcb7abc7b829bcd867a1252675e	d__Bacteria;p__Planctomycetota;c__Planctomycetes;o__Pirellulales;f__Pirellulaceae	0.9909451505145728
ac928a1682525d8a8cd837db068f93ee	d__Bacteria;p__Actinobacteriota;c__Actinobacteria;o__Micromonosporales;f__Micromonosporaceae;g__Dactylosporangium;s__	0.7882259574859353
596ea09156c4712b7ff67d3d74fe5386	d__Bacteria;p__Patescibacteria;c__Saccharimonadia;o__Saccharimonadales;f__Saccharimonadales;g__Saccharimonadales;s__	0.8739937648283439
882247ae590fb7ea69584fcf735b5228	d__Bacteria;p__Verrucomicrobiota;c__Verrucomicrobiae;o__Chthoniobacterales;f__Chthoniobacteraceae;g__Candidatus_Udaeobacter;s__	0.8688411687226203
7c1bc31a24740232a10cf04f8f6921e2	d__Bacteria;p__Acidobacteriota;c__Vicinamibacteria;o__Vicinamibacterales;f__Vicinamibacteraceae;g__Vicinamibacteraceae;s__	0.8966546110113128
aee6e896aea63689cfd2eb2dda884130	d__Bacteria;p__Verrucomicrobiota;c__Verrucomicrobiae;o__Chthoniobacterales;f__Chthoniobacteraceae;g__Chthoniobacter;s__	0.8429098841911231
4aa75150159bfdbeb5429f430f0f26a1	d__Bacteria;p__Proteobacteria;c__Gammaproteobacteria;o__Burkholderiales;f__Comamonadaceae	0.9999392646243912
d7d175adacbc21d36ad17e89d1fb64e1	d__Bacteria;p__Planctomycetota;c__Planctomycetes;o__Pirellulales;f__Pirellulaceae;g__uncultured;s__	0.9231820432812022
18e602fe9fb50c672e4944cde7c56c0f	d__Bacteria;p__Patescibacteria;c__Parcubacteria;o__Candidatus_Nomurabacteria;f__Candidatus_Nomurabacteria;g__Candidatus_Nomurabacteria;s__	0.9944711422918514
cebe4993ffb048a888f8ce035582e0bf	d__Bacteria;p__Planctomycetota;c__Planctomycetes;o__Gemmatales;f__Gemmataceae;g__Gemmata;s__	0.7240857379103225
cec1d9b67cf0dad1e458de53f622eec1	d__Bacteria;p__Proteobacteria;c__Gammaproteobacteria;o__Burkholderiales;f__Comamonadaceae	0.9964085416739754
63c7d9ee480385f0021ce19e7ec362df	d__Bacteria;p__Planctomycetota;c__Planctomycetes;o__Pirellulales;f__Pirellulaceae;g__Pir4_lineage;s__	0.7118127574301684
dda13e7fa65802f18d84a75b588321af	d__Bacteria;p__Proteobacteria;c__Alphaproteobacteria;o__Caulobacterales;f__Caulobacteraceae;g__Asticcacaulis;s__	0.9706462437240518
70278c53b73d96c9c3c3ea497f890513	d__Bacteria;p__Acidobacteriota;c__Subgroup_25;o__Subgroup_25;f__Subgroup_25;g__Subgroup_25;s__	0.9998567953814701
efbcdc0f24c08d45d523e3065734eee6	d__Bacteria;p__Chloroflexi;c__Chloroflexia;o__Chloroflexales;f__Roseiflexaceae;g__uncultured;s__	0.7496660749710338
08343554f0bb2368107cf693ca337e37	d__Bacteria;p__Verrucomicrobiota;c__Verrucomicrobiae;o__Chthoniobacterales;f__Chthoniobacteraceae;g__Candidatus_Udaeobacter;s__	0.7561054546626982
f8fc9eef2f18ac918889533595876f6b	d__Bacteria;p__Actinobacteriota;c__Thermoleophilia;o__uncultured;f__uncultured;g__uncultured;s__	0.7784044994231653
49bb8ef2d4cb59f74da018cb688177ba	d__Bacteria;p__Patescibacteria;c__Parcubacteria	0.7766860739891264
3e66c74336fe6c89a7c4294e8af6381d	d__Bacteria;p__Actinobacteriota;c__Thermoleophilia;o__Solirubrobacterales;f__Solirubrobacteraceae	0.8836086054611171
24617aef02aaa12905a653d5476c8742	d__Bacteria;p__Armatimonadota;c__Fimbriimonadia;o__Fimbriimonadales;f__Fimbriimonadaceae	0.9997484281569635
c6d99285210d97b4efabd735eb85e3ab	d__Bacteria;p__Proteobacteria;c__Alphaproteobacteria;o__Rhizobiales;f__uncultured;g__uncultured;s__	0.9003586215491454
65a8f43c60c83c0f62dbfcf7abfa6ba3	d__Bacteria;p__Acidobacteriota;c__Blastocatellia;o__11-24;f__11-24;g__11-24;s__	0.9998461608355306
726efebc294d4525777c98e7b0f9c267	d__Bacteria;p__Actinobacteriota;c__Acidimicrobiia	0.9924762549188819
47663b9e7ae4c20581c65848df9247bf	d__Bacteria;p__Verrucomicrobiota;c__Verrucomicrobiae;o__Opitutales;f__Puniceicoccaceae;g__Cerasicoccus;s__	0.9289247784995227
d227ebfd70b3fec320e42c57a490bc00	d__Bacteria;p__Actinobacteriota;c__Acidimicrobiia;o__Microtrichales;f__Ilumatobacteraceae	0.999662709205915
987b6d226e244f8b162d760fa38cb5bd	d__Bacteria;p__Chloroflexi;c__TK10;o__TK10;f__TK10;g__TK10;s__	0.7243853547331401
ba598a1de6683f15d21c4d38fc68779d	d__Bacteria;p__Gemmatimonadota;c__Gemmatimonadetes;o__Gemmatimonadales;f__Gemmatimonadaceae;g__uncultured;s__	0.9330096041677016
033e3f4c5f1ed3cce20c61d7d1fdc0e7	d__Bacteria;p__Chloroflexi;c__OLB14;o__OLB14;f__OLB14;g__OLB14;s__	0.9986009969915899
19108f69ff7c22edcbb65c0b7a06ee7e	d__Bacteria;p__Planctomycetota;c__Planctomycetes;o__Gemmatales;f__Gemmataceae;g__Gemmata;s__	0.8792274780335878
6c2c05858e055f7e26051dd854135ea3	d__Bacteria;p__Verrucomicrobiota;c__Verrucomicrobiae;o__Opitutales;f__Opitutaceae	0.9999990429937654
eabbc6846b520f7e72017743d5d09dd0	d__Bacteria;p__Bacteroidota;c__Bacteroidia;o__Cytophagales;f__Spirosomaceae;g__Dyadobacter;s__	0.9996445094121545
87adec268244d9789f9a7ecbcd8ac0a3	d__Bacteria;p__Patescibacteria;c__Saccharimonadia;o__Saccharimonadales;f__Saccharimonadales;g__Saccharimonadales;s__	0.8203979983706596
563babc2fe3b33bace8caab1e26eec39	d__Bacteria;p__Proteobacteria;c__Alphaproteobacteria;o__Rhizobiales;f__Methyloligellaceae;g__Methyloceanibacter;s__	0.7669065611597958
c6ee8b0bb0691ddfd3ec0e1167704f1f	d__Bacteria;p__Patescibacteria;c__Parcubacteria;o__Candidatus_Zambryskibacteria;f__Candidatus_Zambryskibacteria;g__Candidatus_Zambryskibacteria;s__	0.7076325246463002
c601f29f8e29296bff7f4428909946c6	d__Bacteria;p__Patescibacteria;c__Berkelbacteria;o__Berkelbacteria;f__Berkelbacteria;g__Berkelbacteria;s__	0.8685558653800372
9d68f3068422b94041fd9694e9e31b14	d__Bacteria;p__Verrucomicrobiota;c__Verrucomicrobiae;o__Chthoniobacterales;f__Chthoniobacteraceae;g__Chthoniobacter;s__	0.9549758184542129
cfc8a1918636bfd1fd1b4826899a8008	d__Bacteria;p__Proteobacteria;c__Gammaproteobacteria;o__Burkholderiales;f__Comamonadaceae;g__Caenimonas;s__	0.9194892527921823
7bc7557383a319a6fd2c2e051797bc26	d__Bacteria;p__Proteobacteria;c__Gammaproteobacteria;o__Burkholderiales;f__Nitrosomonadaceae;g__MND1;s__	0.9201757700227268
1b99e82a5eab4e506c43d7070e83db35	d__Bacteria;p__Actinobacteriota;c__Actinobacteria;o__Frankiales	0.878272192451853
a690e1ff7eb9a3187e6f25f235679315	d__Bacteria;p__Bacteroidota;c__Bacteroidia;o__Cytophagales;f__Microscillaceae;g__uncultured;s__	0.8778806882046726
f45ee92b99f5aae8c76e774a1823d8be	d__Bacteria;p__Planctomycetota;c__Planctomycetes;o__Pirellulales;f__Pirellulaceae;g__uncultured;s__	0.7644946413711549
bad2ddc35815b64310845a7f28bcbb08	d__Bacteria;p__Planctomycetota;c__Planctomycetes;o__Gemmatales;f__Gemmataceae;g__Gemmata;s__	0.94543791281511
86be9ae9f30108820dfaa73dcfb45b57	d__Bacteria;p__Acidobacteriota;c__Vicinamibacteria;o__Vicinamibacterales;f__uncultured;g__uncultured;s__	0.9711346715537365
1dcbd0548dafdc9faae61cc3d59e5e79	d__Bacteria;p__Actinobacteriota;c__Actinobacteria;o__Propionibacteriales;f__Nocardioidaceae;g__Nocardioides;s__	0.9751885628525495
c2689c554ea4cc6ad9ef5f3639b64849	d__Bacteria;p__Gemmatimonadota;c__Gemmatimonadetes;o__Gemmatimonadales;f__Gemmatimonadaceae;g__uncultured;s__	0.8702202973505241
da4718fb0471ad7128bf618c9dae78cf	d__Bacteria;p__Actinobacteriota;c__Thermoleophilia;o__uncultured;f__uncultured;g__uncultured;s__	0.7714044318730129
277b8208b1f4ee574e7b81a05d32178c	d__Bacteria;p__Chloroflexi;c__Chloroflexia;o__Chloroflexales;f__Roseiflexaceae;g__uncultured;s__	0.9139277302382046
567b81d31dfc5534ccfa99c0dc8961ec	d__Bacteria;p__Proteobacteria;c__Gammaproteobacteria;o__Burkholderiales;f__Nitrosomonadaceae;g__Ellin6067;s__	0.9770211562243712
73bb069acc678977f753d2d5c2faaa0d	d__Bacteria;p__Chloroflexi;c__Anaerolineae;o__SBR1031;f__A4b;g__A4b;s__	0.9959837783348974
c3670f8ef98aeecf2d929d96b19b7292	d__Bacteria;p__Acidobacteriota;c__Subgroup_5;o__Subgroup_5;f__Subgroup_5;g__Subgroup_5;s__	0.9998682627587511
b1ccce58d95bcfc888593d6cdeec6f16	d__Bacteria;p__Chloroflexi;c__Chloroflexia;o__Chloroflexales;f__Roseiflexaceae;g__uncultured;s__	0.8687099569305873
ca172b9ccb0df6dc0148e6d2539864e7	d__Bacteria;p__Proteobacteria;c__Gammaproteobacteria	0.9971586710738569
3e277ab0416e1a4f08241ae9d29c0af3	d__Bacteria;p__Verrucomicrobiota;c__Verrucomicrobiae;o__Pedosphaerales;f__Pedosphaeraceae	0.9999856503894025
b4da5eb6bfce7679cc995b2c288a585c	d__Bacteria;p__Firmicutes;c__Clostridia;o__Clostridiales;f__Clostridiaceae;g__Clostridium_sensu_stricto_13;s__	0.9961137909089242
492fe5d1d6f3174955dfb7f51bd14755	d__Bacteria;p__Planctomycetota;c__OM190;o__OM190;f__OM190;g__OM190;s__	0.9784308448686619
fa8066c2426dd5e2811ea86b16283e32	d__Bacteria;p__Patescibacteria;c__Saccharimonadia;o__Saccharimonadales;f__Saccharimonadaceae	0.91231859958972
e52895f2d9cd4a1d658608ac6a00abf7	d__Bacteria;p__Proteobacteria;c__Gammaproteobacteria;o__Burkholderiales;f__Comamonadaceae;g__Rhizobacter;s__	0.8952400852605823
0956be950e1bbaf01abfe47aa9c739d4	d__Bacteria;p__Patescibacteria;c__ABY1	0.9244580372025981
fb0b3646d332799ecd33dc88d7f99b45	d__Bacteria;p__Gemmatimonadota;c__Gemmatimonadetes;o__Gemmatimonadales;f__Gemmatimonadaceae	0.9581733204690417
390b363cdc483e388ad559e1e581d1c8	d__Bacteria;p__Patescibacteria;c__Parcubacteria;o__Candidatus_Yonathbacteria;f__Candidatus_Yonathbacteria;g__Candidatus_Yonathbacteria;s__	0.9907894604380817
f1b4c16bc0dabbecee48d6e955e1f828	d__Bacteria;p__Actinobacteriota;c__Actinobacteria;o__Corynebacteriales;f__Nocardiaceae	0.9118104141905587
37fb37884926cde9dcb7cae7c6f5327d	d__Bacteria;p__Proteobacteria;c__Alphaproteobacteria;o__Rhizobiales	0.9296350398664994
a2b90527d591892d8ecf3d2bf2fdf44f	d__Bacteria;p__Patescibacteria;c__Saccharimonadia;o__Saccharimonadales;f__Saccharimonadales;g__Saccharimonadales;s__	0.8829718614686131
ec638c68b58407f04ce5d13ed0dec9b8	d__Bacteria;p__Myxococcota;c__Polyangia;o__Polyangiales;f__BIrii41;g__BIrii41;s__	0.928071933745511
92208061949937d94d1e9817e38f1047	d__Bacteria;p__Chloroflexi;c__Chloroflexia;o__Thermomicrobiales;f__JG30-KF-CM45;g__JG30-KF-CM45;s__	0.9834563856437984
7f888050d9554bc48868216d56c8f0be	d__Bacteria;p__Acidobacteriota;c__Vicinamibacteria;o__Vicinamibacterales;f__Vicinamibacteraceae;g__Vicinamibacteraceae;s__	0.9368267187718745
e56bafde0b8a282abd2d3a4c21c94e79	d__Bacteria;p__Planctomycetota;c__Planctomycetes;o__Pirellulales;f__Pirellulaceae	0.9970626898303334
b513998794628600d2f309cb7bfb2444	d__Bacteria;p__Acidobacteriota;c__Vicinamibacteria;o__Vicinamibacterales;f__uncultured;g__uncultured;s__	0.986731533479952
5f2515c2d4ba80f641cf501fdf65e9b1	d__Bacteria;p__Acidobacteriota;c__Vicinamibacteria;o__Vicinamibacterales;f__uncultured;g__uncultured;s__	0.8516072134859584
222ecf9799addc05c5591282954d7e7a	d__Bacteria;p__Actinobacteriota;c__Thermoleophilia;o__Solirubrobacterales	0.708624341237564
94d63acae04eb6835f5b989e84ddf717	d__Bacteria;p__Acidobacteriota;c__Subgroup_18;o__Subgroup_18;f__Subgroup_18;g__Subgroup_18;s__	0.9939956822113698
0ed9c3aa4328fc45725a287de561ceb1	d__Bacteria;p__Patescibacteria;c__Parcubacteria	0.9550418119129652
9091dbc2f2800972be6f0214999919a2	d__Bacteria;p__Actinobacteriota;c__Actinobacteria	0.999784630298628
24fca3466f2acd6575c2bafd99f76306	d__Bacteria;p__Proteobacteria;c__Alphaproteobacteria;o__Rhizobiales;f__Rhizobiaceae	0.9724185384055769
ea023565e31905053ff3ca4b1a6cd7e5	d__Bacteria;p__Bacteroidota;c__Bacteroidia;o__Flavobacteriales;f__Flavobacteriaceae;g__Flavobacterium;s__	0.988088428410915
16aaedaa89e3446b43c466db547f2451	d__Archaea;p__Crenarchaeota;c__Nitrososphaeria;o__Nitrososphaerales;f__Nitrososphaeraceae;g__Nitrososphaeraceae;s__	0.999101379897105
59981c4bc447c723515dbbc246371082	d__Bacteria;p__Planctomycetota;c__Planctomycetes;o__Gemmatales;f__Gemmataceae;g__Telmatocola;s__	0.8871494831609186
5562430485a5f7b62012abef32f44703	d__Bacteria;p__Proteobacteria;c__Gammaproteobacteria;o__Burkholderiales;f__Methylophilaceae	0.9944498675295879
306020226cf178df511b82dfb32bebb8	d__Bacteria;p__Verrucomicrobiota;c__Verrucomicrobiae;o__Chthoniobacterales;f__Chthoniobacteraceae;g__Chthoniobacter;s__	0.974033844759668
80ab2373097d9c37a7f1520b77f16302	d__Bacteria;p__Planctomycetota;c__Planctomycetes;o__Pirellulales;f__Pirellulaceae	0.9865253944648664
7170356101b7966583e68328fd3ac5c1	d__Bacteria;p__Verrucomicrobiota;c__Verrucomicrobiae;o__Pedosphaerales;f__Pedosphaeraceae;g__uncultured;s__	0.7708347438650659
672479dcf151e53ee7672a610f07c7ec	d__Bacteria;p__Acidobacteriota;c__Vicinamibacteria;o__Vicinamibacterales;f__Vicinamibacteraceae;g__Vicinamibacteraceae;s__	0.9729089376623886
208d8fffd36801e95416cc06ca89e9f7	d__Bacteria;p__Proteobacteria;c__Gammaproteobacteria;o__Burkholderiales;f__Comamonadaceae	0.999994966848115
44465db6981badf02bac64052ed077ef	d__Bacteria;p__Planctomycetota;c__Planctomycetes;o__Pirellulales;f__Pirellulaceae;g__Pir4_lineage;s__	0.8898779598498908
b369ce01ed05e3b1e0cfc721c631bac3	d__Bacteria;p__Gemmatimonadota;c__AKAU4049;o__AKAU4049;f__AKAU4049;g__AKAU4049;s__	0.9880672743348188
bce01c52c9445703fd6878fcbb2da755	d__Bacteria;p__Actinobacteriota;c__Thermoleophilia;o__Solirubrobacterales;f__67-14;g__67-14;s__	0.9685743616454076
54e5a7831f42d74d27cf73a07a47d461	d__Bacteria;p__Chloroflexi;c__Anaerolineae;o__SBR1031;f__A4b;g__A4b;s__	0.9986721473520866
a352e0c9a5c89288fb7ff301626f0e6c	d__Bacteria;p__Proteobacteria;c__Alphaproteobacteria;o__Caulobacterales;f__Caulobacteraceae	0.999992865341299
8cd7d950990d94399b7534340d285c13	d__Bacteria;p__Patescibacteria;c__Saccharimonadia;o__Saccharimonadales;f__Saccharimonadales;g__Saccharimonadales;s__	0.8723263336204089
cbb25a745b0b29064fe36540a3522b2b	d__Bacteria;p__Planctomycetota;c__Planctomycetes;o__Pirellulales;f__Pirellulaceae;g__Pirellula;s__	0.9961853603928617
4304820e9b3d152c10b63e96d9e1b63e	d__Bacteria;p__Patescibacteria;c__Gracilibacteria;o__Candidatus_Peribacteria;f__Candidatus_Peribacteria;g__Candidatus_Peribacteria;s__	0.9997256698626061
da712dfe0399dfc149b1de1c04485a35	d__Bacteria;p__Patescibacteria;c__Parcubacteria;o__Candidatus_Zambryskibacteria;f__Candidatus_Zambryskibacteria;g__Candidatus_Zambryskibacteria;s__	0.9973234024163913
3fabdef8c35e020b3dfda42f90bb46f8	d__Bacteria;p__Proteobacteria;c__Alphaproteobacteria;o__Rhizobiales;f__Rhizobiaceae	0.9844239022994675
a89ec07e9e3ba71ea654818a0cec92af	d__Bacteria;p__Chloroflexi;c__Chloroflexia;o__Chloroflexales;f__Roseiflexaceae;g__uncultured;s__	0.7166128387412936
82543b8a3a39fe69cafc89d5acffaa49	d__Bacteria;p__Planctomycetota;c__Planctomycetes;o__Pirellulales;f__Pirellulaceae;g__uncultured;s__	0.9239619457094354
feb1c036d25faccea09b065bf153799b	d__Bacteria;p__Planctomycetota;c__Planctomycetes;o__Pirellulales;f__Pirellulaceae;g__uncultured;s__	0.7833466895308937
bc3ac735c7943e28885782354f6ea0d4	d__Bacteria;p__Patescibacteria;c__Parcubacteria;o__Parcubacteria;f__Parcubacteria;g__Parcubacteria;s__	0.9880353735934095
b4668fbbfa26de5e3980147b3537d60e	d__Bacteria;p__Proteobacteria;c__Alphaproteobacteria	0.9837967409207794
d10014ac40a38a3184f9b1aab8e1c13c	d__Bacteria;p__Myxococcota;c__Polyangia;o__Polyangiales;f__Sandaracinaceae;g__Sandaracinus;s__	0.9933701728801474
b1d5d795ceb5d097ee0eaf2c026eed04	d__Bacteria;p__Acidobacteriota;c__Vicinamibacteria;o__Subgroup_17;f__Subgroup_17;g__Subgroup_17;s__	0.996764704146062
84103a00a51a11824e9988e217596c7b	d__Bacteria;p__Methylomirabilota;c__Methylomirabilia;o__Rokubacteriales;f__Rokubacteriales;g__Rokubacteriales;s__	0.9999950803381746
cf7bc4d94760cbbc3e279e513d540a03	d__Bacteria;p__Verrucomicrobiota;c__Verrucomicrobiae;o__Chthoniobacterales;f__Chthoniobacteraceae;g__Candidatus_Udaeobacter;s__	0.7443726125502872
ebe2b872a0677267f362629fc2519ae4	d__Bacteria;p__Actinobacteriota;c__Acidimicrobiia	0.9482943457550462
e0107ec0de4160a6cd3fee07bb63570e	d__Bacteria;p__Acidobacteriota;c__Vicinamibacteria;o__Vicinamibacterales;f__Vicinamibacteraceae;g__Vicinamibacteraceae;s__	0.988426617784507
a5f113ae76a029faf9d08272855c3c75	d__Bacteria;p__NB1-j;c__NB1-j;o__NB1-j;f__NB1-j;g__NB1-j;s__	0.9751148168866599
d5d9d4188ac38a9ce5aeca19ded1bf93	d__Bacteria;p__Verrucomicrobiota;c__Verrucomicrobiae;o__Chthoniobacterales;f__Chthoniobacteraceae;g__Chthoniobacter;s__	0.9320531090710409
f33448595376a21738b30bfcf6b408a6	d__Bacteria;p__Proteobacteria;c__Gammaproteobacteria;o__Burkholderiales;f__Methylophilaceae	0.990002516897795
e7528b1446071059ef89e9d995f87199	d__Bacteria;p__Proteobacteria;c__Gammaproteobacteria;o__Burkholderiales;f__Comamonadaceae;g__Caenimonas;s__	0.772491124855766
70602fa7542a2a5d22478996596fae31	d__Bacteria;p__Proteobacteria	0.9123542447006259
f027ea065296d4583c20241245b58422	d__Bacteria	0.9968789222589562
1f5a1a2fc2c8fe03909bb8a82209272b	d__Bacteria;p__Bacteroidota;c__Bacteroidia;o__Sphingobacteriales;f__env.OPS_17;g__env.OPS_17;s__	0.9997042705932285
b57a84012931fe72cb6661dd46f223c8	d__Bacteria;p__Planctomycetota;c__Planctomycetes;o__Pirellulales;f__Pirellulaceae	0.973793853000793
4ae24aa15bae509b8f22798473c3571b	d__Bacteria;p__Verrucomicrobiota;c__Verrucomicrobiae;o__Opitutales;f__Opitutaceae	0.9999903938931082
e52c73fb5156056716c9795860423151	d__Bacteria;p__Bacteroidota;c__Bacteroidia	0.9986680069898339
13e4fda6914fc7c1e6bc4a47724cfe65	d__Bacteria;p__Chloroflexi;c__Chloroflexia;o__Chloroflexales;f__Roseiflexaceae;g__uncultured;s__	0.977643882376681
a9fc57567c6b192da53f44ba8428361d	d__Bacteria;p__Chloroflexi;c__TK10;o__TK10;f__TK10;g__TK10;s__	0.9963904687957152
6a7402ac4f4605afd4aad5b093704d6c	d__Bacteria;p__Myxococcota;c__Polyangia;o__Haliangiales;f__Haliangiaceae;g__Haliangium;s__	0.9880196666580237
114096799d17f72e6a9ac7e8fe0c243f	d__Bacteria;p__Proteobacteria;c__Gammaproteobacteria;o__Burkholderiales;f__Comamonadaceae;g__Caenimonas;s__	0.708859835356873
ac5dc33915faace8315fafb5d4e7fa5b	d__Bacteria;p__Chloroflexi;c__Anaerolineae;o__SBR1031;f__A4b;g__A4b;s__	0.9938443954639705
22c8383dcec7fae58d656adc39790b2c	d__Bacteria;p__Proteobacteria;c__Gammaproteobacteria;o__Salinisphaerales;f__Solimonadaceae	0.9086343211518245
b819971b34cb40f6ab18b5a94abd0f42	d__Bacteria;p__Acidobacteriota;c__Vicinamibacteria;o__Vicinamibacterales;f__uncultured;g__uncultured;s__	0.9884856861276272
7e532f3dbcfd30d6f79b91a727893430	d__Bacteria;p__Acidobacteriota	0.8108045578849317
ccac66584c80531769faea3769fe40ac	d__Bacteria;p__Verrucomicrobiota;c__Verrucomicrobiae;o__Chthoniobacterales;f__Chthoniobacteraceae;g__Chthoniobacter;s__	0.9595763206008363
7e5d3db93cc5617c7ce3c7aea47d5fd3	d__Bacteria;p__Nitrospirota;c__Nitrospiria;o__Nitrospirales;f__Nitrospiraceae;g__Nitrospira;s__	0.9419109545952898
5d3b38c27f9bf7bf6c785dcf3f7449f4	d__Bacteria;p__Patescibacteria;c__Parcubacteria	0.9982715935516798
f1722194854f95bfe161c88ec9bcbd6a	d__Bacteria;p__Planctomycetota;c__Planctomycetes;o__Gemmatales;f__Gemmataceae	0.9986814008478354
e419f758a93e47a867b4d1b2862bdfc1	d__Bacteria;p__Verrucomicrobiota;c__Verrucomicrobiae;o__Chthoniobacterales;f__Chthoniobacteraceae	0.9603176292688214
ebbcfeb6aba4030c9c07fab3b011b4b9	d__Bacteria;p__Verrucomicrobiota;c__Verrucomicrobiae;o__Chthoniobacterales;f__Chthoniobacteraceae;g__Chthoniobacter;s__	0.9862512966840046
b390eb1a0c5379ab6e63427eedab4454	d__Bacteria;p__Gemmatimonadota;c__AKAU4049;o__AKAU4049;f__AKAU4049;g__AKAU4049;s__	0.9992222181315652
28ec9405e6db7c13e6f1e2de5f364418	d__Bacteria;p__Bacteroidota;c__Bacteroidia;o__Sphingobacteriales;f__env.OPS_17;g__env.OPS_17;s__	0.9838569186695848
2105a93297e0be3ab20cb0c28c1fa707	d__Bacteria;p__Verrucomicrobiota;c__Verrucomicrobiae;o__Chthoniobacterales;f__Chthoniobacteraceae	0.9450036457648107
a510a27255c7a28314a8e6b65ed6fc93	d__Bacteria;p__Proteobacteria;c__Gammaproteobacteria;o__Xanthomonadales;f__Xanthomonadaceae	0.7098610077803225
3181dd95c44fc160de247f669aef6605	d__Bacteria;p__Chloroflexi;c__Chloroflexia;o__Chloroflexales;f__Roseiflexaceae;g__uncultured;s__	0.9462787259929165
eba26908948ff1f7cf4464402999aca5	d__Bacteria;p__Bacteroidota;c__Bacteroidia;o__Chitinophagales;f__37-13;g__37-13;s__	0.9973245760903756
3c71d1efbfeda560fadf8cf5b93d6718	d__Bacteria;p__Planctomycetota;c__Phycisphaerae;o__Phycisphaerales;f__Phycisphaeraceae	0.994052647214209
47a8901fef9b72434a3d2c19b7d1a211	d__Bacteria;p__Chloroflexi;c__Anaerolineae;o__Caldilineales;f__Caldilineaceae;g__uncultured;s__	0.9979617904087292
462fc44c52c17731bda63ebf8938a782	d__Bacteria;p__Chloroflexi;c__Chloroflexia;o__Chloroflexales;f__Roseiflexaceae;g__uncultured;s__	0.9441668008898988
690d5bae3b4eefec4615a25d4eb146c0	d__Bacteria;p__Planctomycetota;c__Planctomycetes	0.9983844109627342
482a77cc86a74a4cf81f42bd197bc3e5	d__Bacteria;p__Myxococcota;c__Polyangia	0.998314879704368
1fb146aac75f1ac156ca1765b391a26b	d__Bacteria;p__Acidobacteriota;c__Vicinamibacteria;o__Vicinamibacterales;f__uncultured;g__uncultured;s__	0.9884853377715588
7ec4dfb47c2130a904cfb761a67f6a41	d__Bacteria;p__Chloroflexi;c__Anaerolineae;o__Anaerolineales;f__Anaerolineaceae;g__uncultured;s__	0.7073408311996553
7c97351439393510af3b8529e6409597	d__Bacteria;p__Proteobacteria;c__Gammaproteobacteria;o__Burkholderiales;f__Comamonadaceae	0.9977154323530202
50b1d8cfcb3d7de870f2fb484399bdd5	d__Bacteria;p__Planctomycetota;c__Planctomycetes;o__Pirellulales;f__Pirellulaceae	0.993596016751707
b24be185fc4a5fd6aa50929ec38a075a	d__Eukaryota;p__Ascomycota	0.9970320078591506
586bad57642e6a348671214f0850728b	d__Bacteria;p__Chloroflexi;c__Chloroflexia;o__Chloroflexales;f__Roseiflexaceae;g__uncultured;s__	0.9337205875183929
0716c7848566205ad23633378fe4fe5b	d__Bacteria;p__Actinobacteriota;c__Actinobacteria	0.9994203691461072
1b27534ceb934625dda82f9486e18f24	d__Bacteria;p__Acidobacteriota;c__Holophagae;o__Subgroup_7;f__Subgroup_7;g__Subgroup_7;s__	0.998248777365674
1f66d6c6715820f54b67d0989b51c7d7	d__Bacteria;p__Patescibacteria;c__Gracilibacteria;o__Candidatus_Peribacteria;f__Candidatus_Peribacteria;g__Candidatus_Peribacteria;s__	0.9997880919850063
aa209237a54ffec1ae6c1939e9ff9ca2	d__Bacteria;p__Planctomycetota;c__Planctomycetes;o__Gemmatales;f__Gemmataceae	0.9998322683907539
1cb1df33c5463b23a0d0db9c8264ecab	d__Bacteria;p__Acidobacteriota;c__Vicinamibacteria;o__Subgroup_17;f__Subgroup_17;g__Subgroup_17;s__	0.9984962087346716
f8cb616ba0a12e7657b5d61c8b4a2d7a	d__Bacteria;p__Bacteroidota;c__Bacteroidia;o__Sphingobacteriales;f__env.OPS_17;g__env.OPS_17;s__	0.8972167890692776
ab953a27754096895dc5c555487b6d09	d__Bacteria;p__Verrucomicrobiota;c__Verrucomicrobiae;o__Chthoniobacterales;f__Chthoniobacteraceae;g__Candidatus_Udaeobacter;s__	0.8689918872806395
626ebfff57596c5d09d24e39d8197566	d__Bacteria;p__Chloroflexi;c__Chloroflexia;o__Thermomicrobiales;f__JG30-KF-CM45;g__JG30-KF-CM45;s__	0.9986317508686269
9551bc1190556aa188a3314c4f75c06e	d__Bacteria;p__Actinobacteriota	0.9991454194716536
1351fa4ab9b1436146679e6f822e271b	d__Archaea;p__Thermoplasmatota;c__Thermoplasmata;o__uncultured;f__uncultured;g__uncultured;s__	0.7301907536775024
c2c44daa27cee65a0b50eda0e8cc403d	d__Bacteria;p__Actinobacteriota;c__Actinobacteria;o__Micromonosporales;f__Micromonosporaceae	0.9997537560975843
08d6791936888b7807c4a0b4aaffe649	d__Bacteria;p__Actinobacteriota;c__Thermoleophilia	0.997999169799181
e5f77d89a408440b5d550c195cca7a8b	d__Bacteria;p__Patescibacteria;c__Gracilibacteria;o__Absconditabacteriales_(SR1);f__Absconditabacteriales_(SR1);g__Absconditabacteriales_(SR1);s__	0.9990666818540636
307b1146fa946b552a158d3a4e574fe7	d__Bacteria;p__Patescibacteria;c__Parcubacteria	0.9325990963942704
4e774df21bd3931933dbcb79ce5bbb4c	d__Bacteria;p__Proteobacteria;c__Gammaproteobacteria;o__Burkholderiales;f__Comamonadaceae;g__Polaromonas;s__	0.9306544090088036
adc710df17d1d4a6ae7ccceddb34f67b	d__Bacteria;p__Bacteroidota;c__Bacteroidia;o__Sphingobacteriales;f__env.OPS_17;g__env.OPS_17;s__	0.9999371322474663
6fb4d364f9a0d53bc1396f420018bc7b	d__Bacteria;p__Verrucomicrobiota;c__Verrucomicrobiae;o__Pedosphaerales;f__Pedosphaeraceae;g__uncultured;s__	0.8202347171472938
d8b6a2787a2e38dac1b40d4e77022218	d__Bacteria;p__Patescibacteria;c__ABY1	0.7288398449593931
a9beee8d19cfdf00f0467ad99eb857d3	d__Bacteria;p__Acidobacteriota;c__Vicinamibacteria;o__Vicinamibacterales;f__uncultured;g__uncultured;s__	0.9997396281177863
7bcaf5f36efc00495b5bfba18d32ac79	d__Bacteria;p__Planctomycetota;c__Planctomycetes;o__Pirellulales;f__Pirellulaceae;g__Pir4_lineage;s__	0.7846899089771344
a482b87d31c239add3e834c8e63ffc47	d__Bacteria;p__Proteobacteria;c__Gammaproteobacteria;o__Burkholderiales	0.9997760181017552
5463d0295e52d747ccf116b5fe014c99	d__Bacteria;p__Gemmatimonadota;c__Gemmatimonadetes;o__Gemmatimonadales;f__Gemmatimonadaceae;g__uncultured;s__	0.8908793684163643
7448382763f06e8a2f553f9fd712210c	d__Bacteria;p__Acidobacteriota;c__Vicinamibacteria;o__Vicinamibacterales;f__uncultured;g__uncultured;s__	0.9997027101895324
539c86953fd6fa45101ac2d13c10b167	d__Bacteria;p__Chloroflexi;c__Chloroflexia;o__Chloroflexales;f__Roseiflexaceae;g__uncultured;s__	0.8314834391884224
60d492eab7bcff30bdecc7b83c7a7865	d__Bacteria;p__Armatimonadota;c__Fimbriimonadia;o__Fimbriimonadales;f__Fimbriimonadaceae;g__Fimbriimonadaceae;s__	0.9967914656491593
4ae1a14b923992507acf0182ad3bc797	d__Bacteria;p__Chloroflexi;c__Chloroflexia;o__Chloroflexales;f__Roseiflexaceae;g__uncultured;s__	0.8200835751018192
c154575d2fdfc4b14a2abc3796b21d70	d__Bacteria;p__Patescibacteria;c__Parcubacteria	0.9987156465731102
e758671534513ab1a505a22a90268759	d__Bacteria;p__Proteobacteria;c__Alphaproteobacteria;o__Caulobacterales;f__Hyphomonadaceae;g__SWB02;s__	0.999577030090512
02ddd49b262b8e01288ecf7fee92dec9	d__Bacteria	0.9721130995903051
53d0aaf6c9fd14a0e482edacc866ee11	d__Bacteria;p__Acidobacteriota;c__Vicinamibacteria;o__Vicinamibacterales;f__uncultured;g__uncultured;s__	0.9975449090557236
4f68935ba65247885bc46859f018e130	d__Bacteria;p__Actinobacteriota;c__Actinobacteria;o__0319-7L14;f__0319-7L14;g__0319-7L14;s__	0.9601782276902234
17e2992fcd761882cc8dd1e256faa1d3	d__Bacteria;p__Planctomycetota;c__Planctomycetes;o__Planctomycetales;f__uncultured;g__uncultured;s__	0.9910833182220652
6d1058dfc173e95f2971cef462156d4c	d__Bacteria;p__Verrucomicrobiota;c__Verrucomicrobiae;o__Opitutales;f__Opitutaceae;g__IMCC26134;s__	0.972068041852659
47891c0418d394b3e5882e95948e8e37	d__Bacteria;p__Proteobacteria;c__Gammaproteobacteria;o__Xanthomonadales;f__Rhodanobacteraceae	0.9201615277231076
aec86357a7a03daab06fb0ed5b4fedee	d__Bacteria;p__Patescibacteria	0.7579060492916868
fcedee946e1b23fa5e6c389aff170bb3	d__Bacteria;p__Patescibacteria;c__Parcubacteria;o__Parcubacteria;f__Parcubacteria;g__Parcubacteria;s__	0.9874886646060891
148a7766fe4131089d12979340361039	d__Bacteria;p__Verrucomicrobiota;c__Verrucomicrobiae;o__Pedosphaerales;f__Pedosphaeraceae;g__uncultured;s__	0.7685024338109596
0f871d9519ec5d5ba267407085d04878	d__Bacteria;p__Planctomycetota;c__Planctomycetes;o__Pirellulales;f__Pirellulaceae;g__uncultured;s__	0.9302522383818354
b3bc6fe133d5783be2902cd67eb5dfb1	d__Bacteria;p__Planctomycetota;c__Planctomycetes;o__Pirellulales;f__Pirellulaceae	0.9799581651595022
aff1201b20c13528617a38149ee3a8a4	d__Bacteria;p__Proteobacteria;c__Alphaproteobacteria;o__Holosporales;f__Holosporaceae;g__uncultured;s__	0.981695958907323
88b23f0fcdf5c371b1b25d605ac73892	d__Bacteria;p__Gemmatimonadota;c__AKAU4049;o__AKAU4049;f__AKAU4049;g__AKAU4049;s__	0.9974019520516578
bdff21f2ab04e57024176fe8341ff45c	d__Bacteria;p__Verrucomicrobiota;c__Verrucomicrobiae;o__Opitutales;f__Opitutaceae	0.999992882694233
320374962c6ea04d27473450c3f1a487	d__Bacteria;p__Planctomycetota;c__Planctomycetes;o__Pirellulales;f__Pirellulaceae	0.9873249241040778
ac9e7b34daa068dc451a9190f9543d87	d__Bacteria;p__Bacteroidota;c__Ignavibacteria;o__SJA-28;f__SJA-28;g__SJA-28;s__	0.9747678156248152
d8d49a630a7d1c9530ed9017a82adbd1	d__Bacteria;p__Patescibacteria;c__Gracilibacteria;o__Candidatus_Peribacteria;f__Candidatus_Peribacteria;g__Candidatus_Peribacteria;s__	0.9993134582729664
fabfe40c2a3682e03fabb6c31915e700	d__Bacteria;p__Gemmatimonadota;c__Gemmatimonadetes;o__Gemmatimonadales;f__Gemmatimonadaceae;g__Gemmatimonas;s__	0.815388263510874
58ef1ea91902af90dda27691553be9d3	d__Bacteria;p__Myxococcota;c__Polyangia;o__Polyangiales;f__Polyangiaceae;g__Pajaroellobacter;s__	0.8813711689535527
e90b6f766172e26dfc5905312d82bfd1	d__Bacteria;p__Proteobacteria;c__Alphaproteobacteria;o__Rhizobiales;f__Xanthobacteraceae	0.8277678305410427
d8dc351d8e1b1702fb8babdf55dc92f8	d__Bacteria;p__Planctomycetota;c__Planctomycetes;o__Gemmatales;f__Gemmataceae;g__Gemmata;s__	0.948668469693299
8cbcba05fbd3cc7f6c91f41f05eafd61	d__Bacteria;p__Proteobacteria;c__Gammaproteobacteria	0.9992872674279731
5e30a324df3cc965ec7b1bd31d7129f6	d__Bacteria;p__Chloroflexi;c__Anaerolineae	0.9544563691229806
20a73083606bcd5509d0ca0eb2fe676c	d__Bacteria;p__Proteobacteria;c__Gammaproteobacteria;o__Burkholderiales;f__Comamonadaceae	0.9999943053965831
3dd8fb79d7e88138f70cbbd30ed696d8	d__Bacteria;p__Actinobacteriota;c__Acidimicrobiia	0.908127309290771
c35bbbc3953c594f868ab3858ff8f2f3	d__Bacteria;p__Patescibacteria	0.8064103894352235
aa6ec0c743b03f040d60f0dcb2570b9b	d__Bacteria;p__Bacteroidota;c__Bacteroidia;o__Chitinophagales;f__Chitinophagaceae;g__Terrimonas;s__	0.8044568944797197
ff26a07fe9ada21dff4ed366a369afc7	d__Bacteria;p__Verrucomicrobiota;c__Verrucomicrobiae;o__Opitutales;f__Opitutaceae	0.9999989484002711
c3a2eb092d6cbaf18508120af23fc5fe	d__Bacteria;p__Actinobacteriota;c__Thermoleophilia;o__Gaiellales;f__uncultured;g__uncultured;s__	0.7593304225908128
57e4e8f6a49394978b8e1604735ed55b	d__Bacteria;p__Actinobacteriota;c__Thermoleophilia;o__Solirubrobacterales;f__Solirubrobacteraceae	0.820673432405749
374fda311c372c9d257f9e4aeed31951	d__Bacteria;p__Bacteroidota;c__Bacteroidia;o__Chitinophagales;f__Chitinophagaceae;g__Terrimonas;s__	0.9598335549628515
34f2ba2956ffab0a95788b12e1fb8a93	d__Bacteria;p__Verrucomicrobiota;c__Verrucomicrobiae;o__Chthoniobacterales;f__Chthoniobacteraceae;g__Chthoniobacter;s__	0.9147634676524773
4a3a82aef6b20f9b5d85a9dc43c47151	d__Bacteria;p__Proteobacteria;c__Alphaproteobacteria;o__Holosporales;f__Holosporaceae;g__uncultured;s__	0.9950876621573163
9d4e8d12f0fde34dedd17d227dd17965	d__Bacteria;p__Planctomycetota;c__Planctomycetes;o__Pirellulales;f__Pirellulaceae;g__Pirellula;s__	0.9893778363100659
cbbbf4f10df7b7b40395d5dd9b8b50a4	d__Bacteria;p__Patescibacteria;c__Parcubacteria;o__Parcubacteria;f__Parcubacteria;g__Parcubacteria;s__	0.985029593033558
bf8efe6ae40d1507c39e858eb3ca2686	d__Bacteria;p__Actinobacteriota;c__Acidimicrobiia;o__Microtrichales;f__Iamiaceae;g__Iamia;s__	0.80068815283888
f23ab80e4fcac3254c5ec07d1a55b02b	d__Bacteria;p__Acidobacteriota;c__Vicinamibacteria;o__Vicinamibacterales;f__uncultured;g__uncultured;s__	0.997092899283718
7f925b2b5ec259706daece3eeff75cde	d__Bacteria;p__Proteobacteria;c__Alphaproteobacteria	0.9982072166487461
99c1a74418c0f7f54d2b8c287d9ac3f6	d__Bacteria;p__Patescibacteria;c__Parcubacteria	0.8905737671773124
3f64b88b965799514e6289188e57775c	d__Bacteria;p__Planctomycetota;c__Planctomycetes;o__Planctomycetales;f__uncultured;g__uncultured;s__	0.9488899593643191
e2f336997dad6061ff5635502742e527	d__Bacteria;p__Methylomirabilota;c__Methylomirabilia;o__Rokubacteriales;f__Rokubacteriales;g__Rokubacteriales;s__	0.9999951683640571
e3350c002f0f615a65cb25d11aceeb3e	d__Bacteria	0.9999556845774069
a4b095769406f4b807826841ef333d93	d__Bacteria;p__Actinobacteriota;c__Acidimicrobiia	0.8641740978881354
1e1692a4f128456fe21fa24a99ba720e	d__Bacteria;p__Chloroflexi;c__Chloroflexia;o__Chloroflexales;f__Roseiflexaceae;g__uncultured;s__	0.928867876249987
e1d0df9470542550219d522371a64dd9	d__Bacteria;p__Planctomycetota;c__Phycisphaerae;o__Tepidisphaerales;f__WD2101_soil_group;g__WD2101_soil_group;s__	0.9997156019917817
6fc11adf22603e446b0cbad4bafb114f	d__Bacteria;p__Acidobacteriota;c__Vicinamibacteria;o__Vicinamibacterales;f__uncultured;g__uncultured;s__	0.9642447305579532
51ce2ffb212d7977deb272196061c9f2	d__Bacteria;p__Chloroflexi;c__Anaerolineae;o__Caldilineales;f__Caldilineaceae;g__uncultured;s__	0.9982428296024701
8e7d1b69b1bc2d50c63a9df88dea0f2f	d__Bacteria;p__Bacteroidota;c__Bacteroidia;o__Chitinophagales;f__Chitinophagaceae	0.9999668894954894
021223164f3c7d1b8c5734f863221073	d__Bacteria;p__Myxococcota;c__Polyangia;o__Polyangiales;f__Sandaracinaceae;g__Sandaracinus;s__	0.993980303736781
86d0dd7b7052d77e18cfad89c61573f2	d__Bacteria;p__Acidobacteriota;c__Vicinamibacteria;o__Vicinamibacterales;f__Vicinamibacteraceae;g__Vicinamibacteraceae;s__	0.9644213641421212
7c13be60c9732e6a4f01044905009ee4	d__Bacteria;p__Patescibacteria;c__ABY1;o__Candidatus_Magasanikbacteria;f__Candidatus_Magasanikbacteria;g__Candidatus_Magasanikbacteria;s__	0.9870187046699739
e0eac34edce0852f01a6d9122a993757	d__Bacteria;p__Acidobacteriota;c__Vicinamibacteria;o__Vicinamibacterales;f__Vicinamibacteraceae;g__uncultured;s__	0.9993173596063971
38724d23aba78fd81aa0abf60a5018b0	d__Bacteria;p__Verrucomicrobiota;c__Verrucomicrobiae;o__Verrucomicrobiales;f__Rubritaleaceae;g__Luteolibacter;s__	0.7423107584042714
30f54a725054505f6e0e0687464ababe	d__Bacteria;p__Proteobacteria;c__Gammaproteobacteria;o__Burkholderiales;f__Oxalobacteraceae	0.9969291242152225
ba4851ab24a3574e93f354d98e507d9b	d__Bacteria;p__Planctomycetota;c__Phycisphaerae;o__Tepidisphaerales;f__WD2101_soil_group;g__WD2101_soil_group;s__	0.9998543794443469
f0220a3d28e8764806caccdec42d346c	d__Bacteria;p__Patescibacteria;c__ABY1	0.8380726386867074
3758c66225aa2cc378b16a67ab2ca1ed	d__Bacteria;p__Proteobacteria;c__Gammaproteobacteria;o__Burkholderiales;f__Oxalobacteraceae	0.9987540066109919
59bce97d5a20e00a1f1284056bdd731b	d__Bacteria;p__Patescibacteria;c__ABY1	0.8617326872534012
1958a88ca990939cd3af25c31d3edee9	d__Bacteria;p__Proteobacteria;c__Alphaproteobacteria;o__Sphingomonadales;f__Sphingomonadaceae	0.9962169640936259
ad977c419b59114872384cda10003096	d__Bacteria;p__Planctomycetota;c__Planctomycetes;o__Pirellulales;f__Pirellulaceae;g__Pir4_lineage;s__	0.9557552617113589
b7d5c5283a525318116cd1cfa65ba71f	d__Bacteria;p__Planctomycetota;c__Planctomycetes;o__Gemmatales;f__Gemmataceae;g__uncultured;s__	0.9783951551816813
b44f9082211f3452d5cf1593e686ae27	d__Bacteria;p__Proteobacteria;c__Gammaproteobacteria;o__Burkholderiales	0.9992503598727431
ea51c9add12d2c59af1c6809d5010cda	d__Bacteria;p__Patescibacteria;c__Parcubacteria;o__Candidatus_Adlerbacteria;f__Candidatus_Adlerbacteria;g__Candidatus_Adlerbacteria;s__	0.9006366983429932
ddcee0ae59d87cb2bdb9069058e95a94	d__Bacteria;p__Verrucomicrobiota;c__Verrucomicrobiae;o__Chthoniobacterales;f__Chthoniobacteraceae;g__Candidatus_Udaeobacter;s__	0.8618044091007556
6d28cae399e95c5e7f0b8d64aee62975	d__Bacteria;p__Actinobacteriota;c__Actinobacteria;o__0319-7L14;f__0319-7L14;g__0319-7L14;s__	0.8708969295682897
577ddf4717d5efae4fe22d654b41f955	d__Bacteria;p__Bacteroidota;c__Bacteroidia;o__Cytophagales;f__Cytophagaceae;g__Cytophaga;s__	0.8770331554050139
60e2b5502909ff396aa27cd6d8215cd0	d__Bacteria;p__Patescibacteria;c__ABY1	0.8127999768132559
56d85d5ebed8f5dd0c3c08c4a25a28a7	d__Bacteria;p__Verrucomicrobiota;c__Verrucomicrobiae;o__Chthoniobacterales;f__Chthoniobacteraceae;g__Candidatus_Udaeobacter;s__	0.715292907039605
cf1f13f4152b73aedbefafcb1f50c134	d__Bacteria;p__Bacteroidota;c__Bacteroidia;o__Chitinophagales;f__Chitinophagaceae;g__Niastella;s__	0.9032410014980249
9c1301d8dbf70c12d9cb71226c7d7be3	d__Bacteria;p__Proteobacteria;c__Gammaproteobacteria;o__Burkholderiales;f__Comamonadaceae	0.9999765429830899
ccb5ee50c8764f2eeb8e13f96f62cc36	d__Bacteria;p__Acidobacteriota;c__Blastocatellia;o__Pyrinomonadales;f__Pyrinomonadaceae;g__RB41;s__	0.9999235434375672
73dfd9e233526529ab4db31f6dc39d0f	d__Bacteria;p__Actinobacteriota;c__Actinobacteria;o__Propionibacteriales;f__Nocardioidaceae	0.9795122131745181
1779975ae8e1451ef801c783bf72ddc7	d__Bacteria;p__Verrucomicrobiota;c__Verrucomicrobiae;o__Chthoniobacterales;f__Chthoniobacteraceae;g__Candidatus_Udaeobacter;s__	0.9552832794003318
e071e5559e2483b3f698daaa2557418b	d__Bacteria;p__Acidobacteriota;c__Vicinamibacteria;o__Vicinamibacterales;f__uncultured;g__uncultured;s__	0.9993470562070437
01a9febfc6ba1a9ebc3891c0c7164fe3	d__Bacteria;p__Verrucomicrobiota;c__Verrucomicrobiae;o__Chthoniobacterales;f__Chthoniobacteraceae;g__Chthoniobacter;s__	0.8640326030955051
d65cc07b883d513bc20492d52166ff97	d__Bacteria;p__Acidobacteriota;c__Vicinamibacteria;o__Vicinamibacterales;f__uncultured;g__uncultured;s__	0.9965830268873389
834d1107c7ee8434d5e670706d584dd5	d__Bacteria;p__Actinobacteriota;c__Thermoleophilia;o__Solirubrobacterales;f__67-14;g__67-14;s__	0.8762855508937485
5216222dd2d1087cfa8a0f6ae6c71b4b	d__Bacteria;p__Patescibacteria;c__Parcubacteria;o__Candidatus_Kaiserbacteria;f__Candidatus_Kaiserbacteria;g__Candidatus_Kaiserbacteria;s__	0.8864764804886778
9079ea748ac4c30bc65a20112706ed73	d__Bacteria;p__Proteobacteria;c__Gammaproteobacteria;o__Burkholderiales;f__Comamonadaceae	0.9931571738436454
fca11d683f95c54e8ad0fa356776d3b6	d__Bacteria;p__Actinobacteriota;c__Actinobacteria	0.9975495629474597
a0279a290d65da4c93190746a006ba3c	d__Bacteria;p__Actinobacteriota;c__Actinobacteria;o__Micromonosporales;f__Micromonosporaceae	0.9997976644032741
bbfc5186e48dd4c7e587b11bd5125b98	d__Bacteria;p__Planctomycetota;c__Planctomycetes;o__Gemmatales;f__Gemmataceae	0.9966687992729728
29ea0ca090707b544e2cae491b19d900	d__Bacteria;p__Gemmatimonadota;c__Gemmatimonadetes;o__Gemmatimonadales;f__Gemmatimonadaceae;g__Gemmatimonas;s__	0.8441093917100133
c0c6e0749a85fe7466c8b3496a28d553	d__Bacteria;p__Chloroflexi;c__Dehalococcoidia;o__S085;f__S085;g__S085;s__	0.9626786968536534
32fb2a2eb119269247d4387d72206716	d__Bacteria;p__Bacteroidota;c__Bacteroidia;o__Chitinophagales	0.9384035074847449
7040396f4f3b57b31ad1ffc8af828e97	d__Bacteria;p__Actinobacteriota;c__MB-A2-108;o__MB-A2-108;f__MB-A2-108;g__MB-A2-108;s__	0.9566211394686472
0c9bc53da6429fb162fb8a18047d6f8e	d__Bacteria;p__Planctomycetota;c__Planctomycetes;o__Gemmatales;f__Gemmataceae	0.9931489943705296
8f2be1b427731638214a85f61762eb13	d__Bacteria;p__Actinobacteriota;c__Thermoleophilia;o__Solirubrobacterales;f__Solirubrobacteraceae	0.9752712173547563
253208157ea6e77b66dd32b71fc0477c	d__Bacteria;p__Gemmatimonadota;c__Gemmatimonadetes;o__Gemmatimonadales;f__Gemmatimonadaceae;g__Gemmatimonas;s__	0.8917252111857643
79dcc3b1f06bfd56f70bbe091ef88cd2	d__Bacteria;p__Proteobacteria;c__Gammaproteobacteria;o__Burkholderiales;f__Methylophilaceae	0.9759140969787968
d898f0c27d166e046836c5c478e4e2cc	d__Bacteria;p__Actinobacteriota;c__Actinobacteria;o__Micromonosporales;f__Micromonosporaceae	0.999363066973548
8cb1f4b4f794fef98c27f7f047c0b7b3	d__Bacteria	0.9999919030620802
85d5a550c5409e55fc583a9f62e0b9e4	d__Bacteria	0.9997126131461973
bfa942034345d233ca167074733c6a49	d__Bacteria;p__Patescibacteria	0.9903778393976771
4451ac8533da70acc4649163a6add6d7	d__Bacteria;p__Bacteroidota;c__Bacteroidia;o__Chitinophagales;f__Chitinophagaceae;g__uncultured;s__	0.8545929493484917
31e64a767bc8dc73d145cec29cd02aa8	d__Bacteria;p__Patescibacteria;c__Parcubacteria;o__Candidatus_Zambryskibacteria;f__Candidatus_Zambryskibacteria;g__Candidatus_Zambryskibacteria;s__	0.9886935353127225
b0104d55a7b47cb376093eaaf791d6ea	d__Bacteria	0.9999961417568928
3bc2fe2a7499bb69c150651d9ae8f4c4	d__Bacteria;p__Acidobacteriota;c__Vicinamibacteria;o__Vicinamibacterales;f__uncultured;g__uncultured;s__	0.956735432700563
38effb1f3f65c0e9bc6238a7514ee520	d__Bacteria;p__Patescibacteria;c__Parcubacteria	0.972618962876139
d80515c85f7a126b7fb44cc6a1f12505	d__Bacteria;p__Planctomycetota;c__Phycisphaerae;o__Tepidisphaerales;f__WD2101_soil_group;g__WD2101_soil_group;s__	0.8725209392306339
00669c5785777ba392ea7aaba48b3a3e	d__Bacteria;p__Proteobacteria;c__Alphaproteobacteria;o__Elsterales;f__uncultured;g__uncultured;s__	0.8398006032711399
116790ec7d400cfef1674f79445e5050	d__Bacteria;p__Acidobacteriota;c__Vicinamibacteria;o__Vicinamibacterales;f__Vicinamibacteraceae;g__Vicinamibacteraceae;s__	0.7803309301333431
9f1706edf6465b21936dd036db2a25db	d__Bacteria;p__Planctomycetota;c__Planctomycetes;o__Pirellulales;f__Pirellulaceae	0.9767907615815365
ea08be90b008913360550dfb763a42bf	d__Bacteria;p__Proteobacteria;c__Alphaproteobacteria;o__Sphingomonadales;f__Sphingomonadaceae	0.9997795272784343
f98b2f0f43d5f6e18a5dec1f8966050e	d__Bacteria;p__Actinobacteriota;c__Thermoleophilia;o__uncultured;f__uncultured;g__uncultured;s__	0.8152347894748543
6105708a2d7fa81f31c68faca7bcdc21	d__Bacteria;p__Proteobacteria;c__Alphaproteobacteria;o__Paracaedibacterales;f__Paracaedibacteraceae;g__Candidatus_Paracaedibacter;s__	0.9694161240116121
1d67c6e25b62a19555b53c16bb58adda	d__Bacteria;p__Proteobacteria;c__Gammaproteobacteria;o__Burkholderiales;f__Nitrosomonadaceae;g__MND1;s__	0.9246979008574804
92caa085bcb29a833e7ff6a872f9e133	d__Bacteria;p__Gemmatimonadota;c__Gemmatimonadetes;o__Gemmatimonadales;f__Gemmatimonadaceae	0.8701038828029071
bbdd4ea5f676eea1fe26e8e60126b86e	d__Bacteria;p__Bacteroidota;c__Ignavibacteria;o__SJA-28;f__SJA-28;g__SJA-28;s__	0.999389233495696
214241cc76efebdbaf4ea9edec833e7a	d__Bacteria;p__Proteobacteria;c__Alphaproteobacteria;o__Rhizobiales;f__Hyphomicrobiaceae;g__Hyphomicrobium;s__	0.9679783404547977
aeb37bb2c2a1bf3328fbd156b86e0ffa	d__Bacteria;p__Patescibacteria;c__Parcubacteria;o__Parcubacteria;f__Parcubacteria;g__Parcubacteria;s__	0.9146702842095414
d5e15e70353a031775ab54cc5f036b6c	d__Bacteria;p__Chloroflexi;c__JG30-KF-CM66;o__JG30-KF-CM66;f__JG30-KF-CM66;g__JG30-KF-CM66;s__	0.984579108312057
7a8ba0b59943a72d40e9042d3230e707	d__Bacteria;p__Actinobacteriota;c__Thermoleophilia;o__Solirubrobacterales;f__Solirubrobacteraceae	0.98293439430694
74344758b4a114a2fde5f561f925493f	d__Bacteria;p__Planctomycetota;c__Planctomycetes;o__Pirellulales;f__Pirellulaceae;g__uncultured;s__	0.9727400953913945
5d076e6df93e34ffe4b3602c76e908a4	d__Bacteria;p__Planctomycetota;c__Planctomycetes;o__Pirellulales;f__Pirellulaceae;g__uncultured;s__	0.8798151428815192
0dcaec9a0a301e0429b79017fb12c562	d__Bacteria;p__Planctomycetota;c__Planctomycetes;o__Pirellulales;f__Pirellulaceae	0.9918214787238354
b21769463a7ac41f8c3113220032b965	d__Bacteria;p__Acidobacteriota;c__Vicinamibacteria;o__Vicinamibacterales;f__uncultured;g__uncultured;s__	0.9994823345795085
86023757f55ef7a7ec16664c2b5f9640	d__Bacteria;p__Chloroflexi;c__Chloroflexia;o__Chloroflexales;f__Roseiflexaceae;g__uncultured;s__	0.7863976957269392
9bdd63aebef0fd2a3dc88d0bffe5e055	d__Bacteria;p__Planctomycetota;c__Planctomycetes;o__Gemmatales;f__Gemmataceae;g__uncultured;s__	0.9862300735366321
68116fe1d01bd1fd923633f0047bed07	d__Bacteria;p__Patescibacteria;c__Saccharimonadia;o__Saccharimonadales;f__Saccharimonadaceae;g__TM7a;s__	0.9786900509994356
2f6d20c5e40d9acd6ff65982feca17d1	d__Bacteria;p__Proteobacteria;c__Alphaproteobacteria;o__Sphingomonadales;f__Sphingomonadaceae	0.8150128004328665
d844ef84578e7260cd44027bfa623609	d__Bacteria;p__Planctomycetota;c__Pla4_lineage;o__Pla4_lineage;f__Pla4_lineage;g__Pla4_lineage;s__	0.9570659139499168
1b1e18bc8be7d1fcee78db79c18ca63d	d__Bacteria;p__Bacteroidota;c__Bacteroidia;o__Chitinophagales;f__Chitinophagaceae	0.9991188032703988
d63333351289b67f67c1d60cf79b79d2	d__Bacteria;p__Acidobacteriota;c__Blastocatellia;o__11-24;f__11-24;g__11-24;s__	0.9995321816058252
0ad34cce34ad9f112927d9730a8a1f4b	d__Bacteria;p__Planctomycetota;c__OM190;o__OM190;f__OM190;g__OM190;s__	0.9597656195974915
2ff3d5835bbc322a6921368d49fd7448	d__Bacteria;p__Proteobacteria;c__Gammaproteobacteria;o__Xanthomonadales;f__Xanthomonadaceae	0.9801805995614862
016bb292d4ce332ba2cd6777ee35578d	d__Bacteria;p__Patescibacteria	0.770840491406428
1a3d696475d482496c6d7ff4e300d94d	d__Bacteria;p__Proteobacteria;c__Gammaproteobacteria;o__Burkholderiales;f__Comamonadaceae;g__Methylibium;s__	0.7447504891755751
f35ba6f42ed0994c7556c827febb168c	d__Bacteria;p__Planctomycetota;c__OM190;o__OM190;f__OM190;g__OM190;s__	0.9753595497747932
3174a93b93668b615bc52080308cd9f9	d__Bacteria;p__Planctomycetota;c__Planctomycetes;o__Pirellulales;f__Pirellulaceae;g__Pirellula;s__	0.9563860301282947
35f17583a684ae38304b76fd6c293d60	d__Bacteria;p__Actinobacteriota;c__Thermoleophilia	0.9982926674290775
9d8191bdd604b642b0cc16941dc48fbd	d__Bacteria;p__Actinobacteriota;c__Thermoleophilia;o__Solirubrobacterales;f__67-14;g__67-14;s__	0.7751924578181082
58acbe1862e69e052a9ec19d426f6358	d__Bacteria;p__Planctomycetota;c__OM190;o__OM190;f__OM190;g__OM190;s__	0.9643710739532331
9c2bc403fba33f0ef8144bc606526e2a	d__Bacteria;p__Patescibacteria;c__Parcubacteria	0.9604779677965446
ee30bcfeb4609b4422d105da56239848	d__Bacteria;p__Planctomycetota;c__OM190;o__OM190;f__OM190;g__OM190;s__	0.8313116015727819
6e6b75f32809e630576446ed1c6ea827	d__Bacteria;p__Verrucomicrobiota;c__Verrucomicrobiae;o__Chthoniobacterales;f__Chthoniobacteraceae;g__Candidatus_Udaeobacter;s__	0.766911304627779
c2b35ba7f638f9d06e83958736e071e1	d__Bacteria;p__Patescibacteria;c__Parcubacteria;o__Candidatus_Adlerbacteria;f__Candidatus_Adlerbacteria;g__Candidatus_Adlerbacteria;s__	0.9708631847834762
b0a459982f2187f35ff6ff68280c8b0c	d__Bacteria;p__Actinobacteriota;c__Acidimicrobiia;o__Microtrichales;f__Ilumatobacteraceae	0.9977308355979289
d35998d7cca4679344546292d75c3d88	d__Bacteria;p__Sumerlaeota;c__Sumerlaeia;o__Sumerlaeales;f__Sumerlaeaceae;g__Sumerlaea;s__	0.9953665349031323
d541ad0d31110f31ae52a5b0832f380c	d__Bacteria;p__Verrucomicrobiota;c__Verrucomicrobiae;o__Verrucomicrobiales;f__Verrucomicrobiaceae;g__Roseimicrobium;s__	0.9740234347747693
de149dc4b471843dc4f27d4774b55499	d__Bacteria;p__Actinobacteriota;c__Thermoleophilia;o__Solirubrobacterales;f__Solirubrobacteraceae	0.8995115800762756
0bc9cb958d79203dd07ba6b4bf0c46fa	d__Bacteria;p__Actinobacteriota;c__Thermoleophilia;o__Solirubrobacterales;f__Solirubrobacteraceae	0.7286560849884355
ce4b7216ea81b6837921bc9d32e808ea	d__Bacteria;p__Verrucomicrobiota;c__Verrucomicrobiae;o__Chthoniobacterales;f__Chthoniobacteraceae;g__Candidatus_Udaeobacter;s__	0.7977509229489587
9738a3c8b2e76add6ee99dfca6d3d678	d__Bacteria;p__Planctomycetota;c__Planctomycetes;o__Pirellulales;f__Pirellulaceae;g__Pirellula;s__	0.9883741921805446
69615d4f920dee83efa80996646b1d82	d__Bacteria;p__Chloroflexi;c__JG30-KF-CM66;o__JG30-KF-CM66;f__JG30-KF-CM66;g__JG30-KF-CM66;s__	0.9909254742317269
34debfb488332aa99532c283d7200064	d__Bacteria;p__Proteobacteria;c__Gammaproteobacteria	0.9978692156120723
7c9bf8a3be869bad899c7150d7355011	d__Bacteria;p__Acidobacteriota;c__Vicinamibacteria;o__Vicinamibacterales;f__Vicinamibacteraceae;g__Vicinamibacteraceae;s__	0.9992462504675476
e29c5757b54589cbf234abfdc075253d	d__Bacteria;p__Patescibacteria;c__Parcubacteria;o__Parcubacteria;f__Parcubacteria;g__Parcubacteria;s__	0.8476447507828195
4ce98a2251e16f653572a7805934b011	d__Bacteria;p__Acidobacteriota;c__Vicinamibacteria;o__Vicinamibacterales;f__uncultured;g__uncultured;s__	0.9932836625810683
06ce6b859d06c2e7e4e2b2dd8b4a718e	d__Bacteria;p__Bacteroidota;c__Bacteroidia;o__Chitinophagales;f__Chitinophagaceae;g__Ferruginibacter;s__	0.8453536762193209
3ec8a7be6f7fa40b000b26bbf711802b	d__Bacteria;p__Planctomycetota;c__Planctomycetes;o__Gemmatales;f__Gemmataceae;g__Gemmata;s__	0.8480892083051526
95c4ecefa12d7ea32e72afef402fe34f	d__Bacteria;p__Actinobacteriota;c__Actinobacteria;o__Corynebacteriales;f__Nocardiaceae;g__Nocardia;s__	0.9512646578949289
b7a75aabe66501c6f1d71493482e3ae0	d__Bacteria;p__Proteobacteria;c__Alphaproteobacteria;o__Rhizobiales;f__Xanthobacteraceae	0.720524677696267
f7bcef3072320146e5989bfad1e78fca	d__Bacteria;p__Patescibacteria;c__Saccharimonadia;o__Saccharimonadales;f__LWQ8;g__LWQ8;s__	0.8356893841877528
93c1fbe0ccdaa4f99be5a3b56db8de57	d__Bacteria;p__Verrucomicrobiota;c__Verrucomicrobiae;o__Pedosphaerales;f__Pedosphaeraceae;g__DEV114;s__	0.9017821720145653
fbe718c77bdba2f89f8fc85923da67b2	d__Bacteria;p__Myxococcota;c__Polyangia;o__Polyangiales;f__Phaselicystidaceae;g__Phaselicystis;s__	0.7542594162043489
d7729808ed04a819b018db19cd07ab45	d__Bacteria;p__Myxococcota;c__Polyangia;o__Polyangiales	0.9876961808075646
038bd68bd5501b92052b07fd3541000b	d__Bacteria;p__Proteobacteria;c__Gammaproteobacteria;o__Burkholderiales;f__Comamonadaceae	0.9999618890801477
76e4e5b18aa776ebddc42bc96c48428b	d__Bacteria;p__Patescibacteria;c__ABY1	0.8803417267001312
fcf36644f2cada4cf2e58dbf790b7557	d__Bacteria;p__Planctomycetota;c__Planctomycetes	0.9987599528216176
4e68f068c334407659bc745878557dc1	d__Bacteria;p__Actinobacteriota;c__Thermoleophilia	0.9974744713711055
9dc645b2e2e3fbf00f887d069fcbed64	d__Bacteria;p__Planctomycetota;c__Planctomycetes;o__Pirellulales;f__Pirellulaceae;g__uncultured;s__	0.8830376940671941
dd7961fe52feab54836a90295bd5fc4d	d__Bacteria;p__Verrucomicrobiota;c__Verrucomicrobiae;o__Chthoniobacterales;f__Chthoniobacteraceae;g__Chthoniobacter;s__	0.9207414088121606
3ff10495a405b9913ed91d8fe781fa76	d__Bacteria;p__Acidobacteriota;c__Vicinamibacteria;o__Vicinamibacterales;f__uncultured;g__uncultured;s__	0.9706466740323274
619d396d4c252d07374dedf02194a0ec	d__Bacteria;p__Planctomycetota;c__Planctomycetes;o__Isosphaerales;f__Isosphaeraceae;g__uncultured;s__	0.9722975138426144
c2c3cb5d953db331449ed692859ba376	d__Bacteria;p__Acidobacteriota;c__Vicinamibacteria;o__Vicinamibacterales;f__uncultured;g__uncultured;s__	0.9940868431195558
52b295978cf6c371e32c0797fe4b3cd4	d__Bacteria;p__Verrucomicrobiota;c__Verrucomicrobiae;o__Chthoniobacterales;f__Chthoniobacteraceae;g__Chthoniobacter;s__	0.9727404087922772
cf078545101c8759af46a178755f71af	d__Bacteria;p__Proteobacteria;c__Gammaproteobacteria;o__CCD24;f__CCD24;g__CCD24;s__	0.8703866987249615
c830110e9ae20d6b510e9acfc89ad264	d__Bacteria;p__Planctomycetota;c__Planctomycetes;o__Planctomycetales;f__uncultured;g__uncultured;s__	0.9959046049514336
c8e3f24a6dc2b74ab337044d97ed96c7	d__Bacteria;p__Actinobacteriota;c__Actinobacteria;o__Frankiales	0.8963444729806702
8e659d2baf22d9c256ed5151daefe9e3	d__Bacteria;p__Acidobacteriota;c__Blastocatellia;o__Pyrinomonadales;f__Pyrinomonadaceae;g__RB41;s__	0.9999447968168695
58aee2caccd37c4eabe62751539405ec	d__Bacteria;p__Patescibacteria;c__Saccharimonadia;o__Saccharimonadales;f__Saccharimonadales;g__Saccharimonadales;s__	0.9449632344480237
fa950ac9c774c7e0dad0b9d0ee83495f	d__Bacteria;p__Acidobacteriota;c__Vicinamibacteria;o__Vicinamibacterales;f__uncultured;g__uncultured;s__	0.9357454174540242
9f73136fa0857be9d791fd151af83e01	d__Bacteria;p__Gemmatimonadota;c__Gemmatimonadetes;o__Gemmatimonadales;f__Gemmatimonadaceae;g__Gemmatimonas;s__	0.9556837032918384
4da73c4cc9e1da3e86a02dc1eede5f18	d__Bacteria;p__Planctomycetota;c__Planctomycetes;o__Gemmatales;f__Gemmataceae;g__uncultured;s__	0.9854374675445985
2f1c2adfa3ae854209f5f4d561e29a9e	d__Bacteria;p__Acidobacteriota;c__Vicinamibacteria;o__Vicinamibacterales;f__Vicinamibacteraceae;g__Vicinamibacteraceae;s__	0.9560729567364964
7c6f22eb4777092f9b52d97c55b6642f	d__Bacteria;p__Acidobacteriota;c__Vicinamibacteria;o__Vicinamibacterales;f__Vicinamibacteraceae;g__Vicinamibacteraceae;s__	0.9504503692175452
c673b588e48dbd87f45964cc6c09e14b	d__Bacteria;p__Acidobacteriota;c__Vicinamibacteria;o__Vicinamibacterales;f__Vicinamibacteraceae;g__Vicinamibacteraceae;s__	0.9372071607098686
ebae1a4717c307ba728dae96e14291b0	d__Bacteria;p__Planctomycetota;c__Planctomycetes;o__Pirellulales;f__Pirellulaceae;g__Pir4_lineage;s__	0.7470664226253969
505ed24209ac1dd276ebf8b4706cd79d	d__Bacteria;p__Gemmatimonadota;c__Gemmatimonadetes;o__Gemmatimonadales;f__Gemmatimonadaceae;g__Gemmatimonas;s__	0.7332653262234565
ba8aecfdd1428752f09d191f790bb666	d__Bacteria;p__Acidobacteriota;c__Vicinamibacteria;o__Vicinamibacterales;f__uncultured;g__uncultured;s__	0.9738427321435609
fb7a0f37a9add425e280796f5dc0f5e5	d__Bacteria;p__Chloroflexi;c__Chloroflexia;o__Chloroflexales;f__Herpetosiphonaceae;g__Herpetosiphon;s__	0.8517372475345867
2aeb5e785fd06a9e899306b2b8957f3d	d__Bacteria;p__Patescibacteria;c__Saccharimonadia;o__Saccharimonadales	0.9999536901220196
03e12bb399e79611f241e2ba4db2fd72	d__Bacteria;p__Bacteroidota;c__Bacteroidia;o__Sphingobacteriales	0.9291137449033183
ec6efd78a35a2d307ee114247f6fae53	d__Bacteria;p__Myxococcota;c__Polyangia;o__Haliangiales;f__Haliangiaceae;g__Haliangium;s__	0.8542781669819586
eca2d18f1198d786bf0ed5734e96fbe4	d__Bacteria;p__Planctomycetota;c__Planctomycetes;o__Gemmatales;f__Gemmataceae	0.9959545619373585
d0dc7d1f1b6959dce346601fb85e235d	d__Bacteria;p__Planctomycetota;c__Planctomycetes;o__Pirellulales;f__Pirellulaceae;g__Pir4_lineage;s__	0.8759927916427082
bfa70f3c55ebf37131c718235adaaa4a	d__Bacteria;p__Acidobacteriota;c__Vicinamibacteria;o__Vicinamibacterales;f__uncultured;g__uncultured;s__	0.9988981761710625
9ed1b7fda525a7140b2de541e9a85fa3	d__Bacteria;p__Verrucomicrobiota;c__Verrucomicrobiae;o__Opitutales;f__Opitutaceae	0.9999981346825974
bc343e47876ada70a4df32bd96e01f6c	d__Bacteria;p__Actinobacteriota;c__Thermoleophilia;o__Solirubrobacterales;f__Solirubrobacteraceae	0.9838944962096662
b9fb0af01aa5eaf96ecede1f279f4bb9	d__Bacteria;p__Chloroflexi;c__KD4-96;o__KD4-96;f__KD4-96;g__KD4-96;s__	0.985793560042684
192d13bd784dbc169a223a7296b90263	d__Bacteria;p__Patescibacteria;c__Gracilibacteria;o__Candidatus_Peribacteria;f__Candidatus_Peribacteria;g__Candidatus_Peribacteria;s__	0.9998148258913025
754241e8054787011d9b20062f4de400	d__Bacteria;p__Proteobacteria;c__Gammaproteobacteria;o__Burkholderiales;f__Comamonadaceae;g__Polaromonas;s__	0.7375272179407406
c02dba141fe0b52f55c6433ff6ae2571	d__Bacteria;p__Myxococcota;c__Polyangia;o__Haliangiales;f__Haliangiaceae;g__Haliangium;s__	0.9863806376584812
23713c75abafa605f936ff4e7d24128a	d__Bacteria;p__Chloroflexi;c__Anaerolineae;o__Caldilineales;f__Caldilineaceae;g__uncultured;s__	0.8967534028380995
3d3a70b40a92d7cec8cb83509dd35787	d__Bacteria;p__Actinobacteriota;c__MB-A2-108;o__MB-A2-108;f__MB-A2-108;g__MB-A2-108;s__	0.993942226485828
634d7baaaacfab2b4083685b314e8f99	d__Bacteria;p__Acidobacteriota;c__Vicinamibacteria;o__Vicinamibacterales;f__uncultured;g__uncultured;s__	0.8673453631493238
99755b084606ea7a67cce3a9bd550b07	d__Bacteria;p__Acidobacteriota;c__Vicinamibacteria;o__Vicinamibacterales;f__uncultured;g__uncultured;s__	0.9992245950689875
34e0396fb9755893becbf9fa6e5830aa	d__Bacteria;p__Planctomycetota	0.7120600438186161
eed486ebee5634fb72c6684e468afa75	d__Bacteria;p__Proteobacteria;c__Gammaproteobacteria;o__Burkholderiales;f__Comamonadaceae;g__Polaromonas;s__	0.7341530025174752
34c9756607a4c482cde416ecbf1ce7db	d__Bacteria;p__Acidobacteriota;c__Vicinamibacteria;o__Vicinamibacterales;f__Vicinamibacteraceae;g__Vicinamibacteraceae;s__	0.7137749933033958
5e91eb8ad127189571834ab4ea4fe557	d__Bacteria;p__Patescibacteria	0.7466871632868801
18adf54a4d6bd8ca6e004b8714388931	d__Bacteria;p__Myxococcota;c__Polyangia;o__Haliangiales;f__Haliangiaceae;g__Haliangium;s__	0.9861019576650167
6397960c323cd54739441ac1e2ec765c	d__Bacteria;p__Proteobacteria;c__Gammaproteobacteria;o__Pseudomonadales;f__Pseudomonadaceae;g__Pseudomonas;s__	0.9564436042958508
cfe3351a99ab01b129509aa5f27ea87a	d__Bacteria;p__Proteobacteria;c__Gammaproteobacteria;o__Burkholderiales;f__Comamonadaceae;g__Caenimonas;s__	0.8370228288601603
5a35df280dcecac920a49cbd44759cc8	d__Bacteria;p__Actinobacteriota;c__Acidimicrobiia	0.9680728263160399
0b6dcfabfe893e3bd7aaa090b073a712	d__Bacteria;p__Planctomycetota;c__Phycisphaerae;o__Tepidisphaerales;f__WD2101_soil_group;g__WD2101_soil_group;s__	0.9998577757866565
dc818e608037f7a3d73205fafd9351a9	d__Bacteria;p__Planctomycetota;c__Planctomycetes;o__Pirellulales;f__Pirellulaceae;g__Pir4_lineage;s__	0.8012039538730782
94d02d99e1b29d679ead69944ecb2069	d__Bacteria;p__Planctomycetota	0.9373088595583302
58250c47790755614c5b36a22eccb280	d__Bacteria;p__Verrucomicrobiota;c__Verrucomicrobiae;o__Pedosphaerales;f__Pedosphaeraceae;g__DEV114;s__	0.885916263647455
6fbcc5047dec8a486505f8b4e94cc2a2	d__Bacteria;p__Acidobacteriota;c__Vicinamibacteria;o__Vicinamibacterales;f__uncultured;g__uncultured;s__	0.9976223356872987
9cedd77b36cb43410b6989a4c6e0ba3f	d__Bacteria;p__Myxococcota;c__Polyangia;o__Haliangiales;f__Haliangiaceae;g__Haliangium;s__	0.9708261644629231
53cca260db1a2eccda8da29c2a644336	d__Bacteria;p__Actinobacteriota;c__Acidimicrobiia;o__IMCC26256;f__IMCC26256;g__IMCC26256;s__	0.9346416331010488
68ba66e7a7cd5d2ec7bef06f65f7434d	d__Bacteria;p__Proteobacteria;c__Alphaproteobacteria;o__Rhizobiales;f__Hyphomicrobiaceae	0.7220654189528618
94b31b55bfaf1b4381f5ac7a1fdbf4b8	d__Bacteria;p__Planctomycetota;c__Planctomycetes;o__Gemmatales;f__Gemmataceae;g__Gemmata;s__	0.8815849783367816
daa3a5ddaa2703baea1a84849b16613c	d__Bacteria;p__Acidobacteriota;c__Vicinamibacteria;o__Vicinamibacterales;f__Vicinamibacteraceae;g__Vicinamibacteraceae;s__	0.9420934347159937
0e999b4368e357139c7c74e06763cd2d	d__Bacteria;p__Planctomycetota;c__Planctomycetes;o__Gemmatales;f__Gemmataceae;g__Fimbriiglobus;s__	0.8546178149143521
f98397ac63ef8848e0cd2da0a443d840	d__Bacteria;p__Myxococcota;c__Polyangia;o__Haliangiales;f__Haliangiaceae;g__Haliangium;s__	0.9930512367575627
96164d14d39684f51d0e67fda48ba113	d__Bacteria;p__Planctomycetota;c__Planctomycetes;o__Gemmatales;f__Gemmataceae;g__Telmatocola;s__	0.7552033703050821
cc428e930578880266a28dc92dcbfe28	d__Bacteria;p__Chloroflexi;c__Anaerolineae	0.8885761777308865
b0fd290cbb226f04b05fcc3e068b50df	d__Bacteria;p__Planctomycetota;c__OM190;o__OM190;f__OM190;g__OM190;s__	0.9659540314732391
97f88361aca7b0af7adaafb4cbbed726	d__Bacteria;p__Planctomycetota;c__Planctomycetes;o__Isosphaerales;f__Isosphaeraceae	0.9991061855007957
436a5638d5d49f4c2c551c7e8533f8c0	d__Bacteria;p__Bacteroidota;c__Bacteroidia;o__Cytophagales;f__Microscillaceae;g__Ohtaekwangia;s__	0.9866830757316774
8621c643adae6cf5b3ebf58f9174e9e0	d__Bacteria;p__Acidobacteriota;c__Vicinamibacteria;o__Vicinamibacterales;f__uncultured;g__uncultured;s__	0.8254781208500134
c08ab02a2a30d87daf8f1b6abb39cabb	d__Bacteria;p__Proteobacteria;c__Gammaproteobacteria;o__Burkholderiales;f__Nitrosomonadaceae;g__Ellin6067;s__	0.993192258490291
d80efd6502f4677b21e00a684723ab9e	d__Bacteria;p__Proteobacteria;c__Gammaproteobacteria;o__Burkholderiales;f__Oxalobacteraceae	0.9963034493284878
db1d5a22c00e58642e8ee940dad8198d	d__Bacteria;p__Patescibacteria;c__Parcubacteria;o__Candidatus_Yanofskybacteria;f__Candidatus_Yanofskybacteria;g__Candidatus_Yanofskybacteria;s__	0.7766248584313268
53054df69599668effd99e8ec113769f	d__Bacteria;p__Proteobacteria;c__Gammaproteobacteria;o__Burkholderiales;f__SC-I-84;g__SC-I-84;s__	0.8510835242447172
f155e4ff4a4b6ef76077ef0a304b6d2b	d__Bacteria;p__Myxococcota;c__Polyangia;o__Haliangiales;f__Haliangiaceae;g__Haliangium;s__	0.939499404374575
3bf4c1d4912d81f4e3f4facaa884bc9d	d__Bacteria;p__Gemmatimonadota;c__Gemmatimonadetes;o__Gemmatimonadales;f__Gemmatimonadaceae;g__Gemmatimonas;s__	0.9286280251270209
11eb57a64757e8819663db95371de233	d__Bacteria;p__Acidobacteriota;c__Vicinamibacteria;o__Vicinamibacterales;f__uncultured;g__uncultured;s__	0.9980850289967118
f33e473bba95c06a38861a7698cc6ca5	d__Bacteria;p__Patescibacteria;c__Parcubacteria;o__Candidatus_Kaiserbacteria;f__Candidatus_Kaiserbacteria;g__Candidatus_Kaiserbacteria;s__	0.9944734832529826
64e2d382bcc6a3e9a20c074a4b5506f9	d__Bacteria;p__Actinobacteriota;c__Actinobacteria;o__Pseudonocardiales;f__Pseudonocardiaceae;g__Pseudonocardia;s__	0.8834558160286551
8cff6109125d6eb38097f4388cd1ffd6	d__Bacteria;p__Acidobacteriota;c__Vicinamibacteria;o__Vicinamibacterales;f__Vicinamibacteraceae;g__Vicinamibacteraceae;s__	0.9734020265441214
0487a60b60bf8650151f4869eeb1730b	d__Bacteria;p__Verrucomicrobiota;c__Verrucomicrobiae;o__Pedosphaerales;f__Pedosphaeraceae	0.999652075150198
82e3ce3222a89a853dba6b28f9437039	d__Bacteria;p__Acidobacteriota;c__Vicinamibacteria;o__Vicinamibacterales;f__uncultured;g__uncultured;s__	0.9995602246633102
619afea30e541b0179d1a4b475ef6bae	d__Bacteria;p__Verrucomicrobiota;c__Verrucomicrobiae;o__Chthoniobacterales;f__Chthoniobacteraceae;g__Chthoniobacter;s__	0.9379723020281293
657e3fb12973526ff3b8af1b67c128da	d__Bacteria;p__Planctomycetota;c__Phycisphaerae;o__Tepidisphaerales;f__WD2101_soil_group;g__WD2101_soil_group;s__	0.9997222982897865
30295c67bff1e8e4e86161719751c4fd	d__Bacteria;p__Planctomycetota;c__Planctomycetes;o__Planctomycetales;f__uncultured;g__uncultured;s__	0.9860651215657511
44d43a9dd54f333350b481713422c771	d__Bacteria;p__Proteobacteria;c__Gammaproteobacteria;o__Burkholderiales;f__Comamonadaceae	0.9911741375956155
dd4d0975a274f177d6883319ee2d1211	d__Bacteria;p__Bacteroidota;c__Bacteroidia;o__Chitinophagales;f__Chitinophagaceae;g__Sediminibacterium;s__	0.945492511401307
b094cddc8e55668d545604dea74465be	d__Bacteria;p__Bacteroidota;c__Bacteroidia;o__Cytophagales;f__Microscillaceae;g__uncultured;s__	0.7545557947173855
591236fa53f6456e1968b2c5e29e8f75	d__Bacteria;p__Patescibacteria;c__Parcubacteria	0.9676019157855628
4a38d623c0dd79b449f88163d27f7c38	d__Bacteria;p__Planctomycetota	0.838370433422193
4e1613ad223e6c83aa70c6c0285474da	d__Bacteria	0.9999999002804731
b60dbdd0ddbd07370cd054f493deae62	d__Bacteria;p__Acidobacteriota;c__Vicinamibacteria;o__Vicinamibacterales;f__Vicinamibacteraceae;g__Vicinamibacteraceae;s__	0.9040547800711916
fb6d7582ef992e67a25fee642eb13b2d	d__Bacteria;p__Planctomycetota;c__Planctomycetes;o__Gemmatales;f__Gemmataceae;g__uncultured;s__	0.9581804518023037
c0ad4cb38bf6192feb013b0fad03569e	d__Bacteria;p__Gemmatimonadota;c__Gemmatimonadetes;o__Gemmatimonadales;f__Gemmatimonadaceae;g__uncultured;s__	0.8174629261458128
168f33fd5246ab66d00e7ab11ceed7f3	d__Bacteria;p__Bdellovibrionota;c__Bdellovibrionia;o__Bdellovibrionales;f__Bdellovibrionaceae;g__OM27_clade;s__	0.8706022431940461
537b525d68d88852cdfd4b3d208d94e4	d__Bacteria;p__Bacteroidota;c__Kapabacteria;o__Kapabacteriales;f__Kapabacteriales;g__Kapabacteriales;s__	0.9959361788994286
9eebeeb5f80d78716be4f94913351f74	d__Bacteria;p__Patescibacteria;c__Parcubacteria	0.8251285597607302
8b1d54136d108470f465e1a26a43a8de	d__Bacteria;p__Proteobacteria;c__Alphaproteobacteria;o__Rhizobiales;f__Xanthobacteraceae;g__uncultured;s__	0.7225210549277361
6e5f5aba90561b798d9ffd0b55bbfc65	d__Bacteria;p__Armatimonadota;c__Fimbriimonadia;o__Fimbriimonadales;f__Fimbriimonadaceae;g__Fimbriimonadaceae;s__	0.9930921817670816
3ca9ff79b3966a15cbe443916f917549	d__Bacteria;p__Verrucomicrobiota;c__Verrucomicrobiae;o__Pedosphaerales;f__Pedosphaeraceae;g__DEV114;s__	0.9126336308373274
b58c72c3fad313994a4a164c06ef5803	d__Bacteria;p__Acidobacteriota;c__Holophagae;o__Subgroup_7;f__Subgroup_7;g__Subgroup_7;s__	0.9976944929978416
207869ee0f6b3f6d96c774b2ee3fd8d0	d__Bacteria;p__Acidobacteriota;c__Vicinamibacteria;o__Vicinamibacterales;f__Vicinamibacteraceae;g__Vicinamibacteraceae;s__	0.9178358535800895
2a72118f55728952796de29a8cd2941d	d__Bacteria;p__Acidobacteriota;c__Vicinamibacteria;o__Subgroup_17;f__Subgroup_17;g__Subgroup_17;s__	0.9973618494043462
b0e7b3d3a2415dcd2b67f1a2a4742ec8	d__Eukaryota;p__Phragmoplastophyta;c__Embryophyta	0.9771315318651544
cf81754da76315a812dbaeaa5931639f	d__Archaea;p__Crenarchaeota;c__Nitrososphaeria;o__Nitrososphaerales;f__Nitrososphaeraceae;g__Nitrososphaeraceae;s__	0.9077152469613956
55f55fd0981b0df7f82f05b228ea6a48	d__Bacteria;p__Patescibacteria;c__Parcubacteria	0.9991561518982572
550e3617a58fd695e5689c389d960d86	d__Bacteria;p__Chloroflexi;c__Chloroflexia;o__Thermomicrobiales;f__JG30-KF-CM45;g__JG30-KF-CM45;s__	0.955229223619337
bed1c74a72d6e629135daa15450fa1b8	d__Bacteria;p__Proteobacteria	0.762186682462624
298b43a416969a4d6ca1302f424bc4d1	d__Bacteria;p__Proteobacteria;c__Gammaproteobacteria;o__Salinisphaerales;f__Solimonadaceae;g__Alkanibacter;s__	0.8784339018702317
4e8db47f822c7acb3be9510245310b43	d__Bacteria;p__Actinobacteriota;c__MB-A2-108;o__MB-A2-108;f__MB-A2-108;g__MB-A2-108;s__	0.7476518806124917
351ae77e7c374c7dfd8bc51549a27d21	d__Bacteria;p__Proteobacteria;c__Gammaproteobacteria;o__Burkholderiales;f__Methylophilaceae	0.9917249505807902
12f8849eb87c69db107123deb459f5f4	d__Bacteria;p__Planctomycetota;c__Planctomycetes;o__Pirellulales;f__Pirellulaceae;g__Blastopirellula;s__	0.941711275712498
19a1b5d66428d94d8180dbc7426d2730	d__Bacteria	0.9999953040909271
41a4105b1604330295ef20f54a9f7e05	d__Bacteria;p__Gemmatimonadota;c__Gemmatimonadetes;o__Gemmatimonadales;f__Gemmatimonadaceae;g__uncultured;s__	0.8525023042093031
7897e81607388c2eff43b10def2f4bea	d__Bacteria;p__GAL15;c__GAL15;o__GAL15;f__GAL15;g__GAL15;s__	0.9967000138522434
4df4f332cd5ad9b34c201e162872d210	d__Bacteria;p__Chloroflexi;c__TK10;o__TK10;f__TK10;g__TK10;s__	0.9892537733970015
f85d08364999311e56a36857a107505e	d__Bacteria;p__Planctomycetota;c__Planctomycetes;o__Planctomycetales;f__Rubinisphaeraceae;g__Planctomicrobium;s__	0.8999997866818985
a477e3c02876fca31fdacac8eedb6f0b	d__Bacteria;p__Bdellovibrionota;c__Oligoflexia;o__0319-6G20;f__0319-6G20;g__0319-6G20;s__	0.9577303563522925
a83781c38892856396c37b1070eb259b	d__Bacteria;p__Patescibacteria;c__Parcubacteria;o__GWA2-38-13b;f__GWA2-38-13b;g__GWA2-38-13b;s__	0.9539141550422351
b248d966a67640f907e516a6e1b82c96	d__Bacteria;p__Planctomycetota;c__Phycisphaerae;o__Tepidisphaerales;f__WD2101_soil_group;g__WD2101_soil_group;s__	0.9985650038229413
d651367746837d4c88c6e87171493e66	d__Bacteria;p__Patescibacteria	0.9992226313602653
1c02257a18172ff14ff0457922838158	d__Bacteria;p__Planctomycetota;c__Phycisphaerae;o__Tepidisphaerales;f__WD2101_soil_group;g__WD2101_soil_group;s__	0.9936029436566644
fc738923ed9864297b49c1c5fe47682d	d__Bacteria;p__Patescibacteria;c__Parcubacteria;o__Parcubacteria;f__Parcubacteria;g__Parcubacteria;s__	0.983859182444142
88e3339eef0cb440e5a4199e9a22778b	d__Bacteria;p__Planctomycetota;c__Planctomycetes;o__Gemmatales;f__Gemmataceae;g__uncultured;s__	0.9771680716110586
382497ac382497c7856207affacee992	d__Bacteria;p__Myxococcota;c__Polyangia;o__Polyangiales;f__BIrii41;g__BIrii41;s__	0.906734802236844
0e1dad680c4ecf3961d366e603d480ea	d__Bacteria;p__Actinobacteriota;c__Acidimicrobiia	0.9630287929313929
11bf127c34d51fe8a111b2bd88244a62	d__Bacteria;p__Proteobacteria;c__Gammaproteobacteria;o__Salinisphaerales;f__Solimonadaceae;g__Panacagrimonas;s__	0.8169248073489267
1b78532e72bc71f3c7849ef4c4f68fc7	d__Bacteria;p__Planctomycetota;c__Planctomycetes;o__Gemmatales;f__Gemmataceae;g__uncultured;s__	0.86847953805112
1f053e9b22a32f4f556f43ca9d961707	d__Bacteria;p__Planctomycetota	0.766202808025536
d09db9c4e1dcdcf4b82f11b96a8e28c0	d__Bacteria;p__Chloroflexi;c__Dehalococcoidia;o__S085;f__S085;g__S085;s__	0.9373657694316954
c3c7bca2bfd6e04f1161f87b1abc5f10	d__Bacteria;p__Verrucomicrobiota;c__Verrucomicrobiae;o__Opitutales;f__Opitutaceae	0.999989092783314
5f4d41811567a073e392e9e203019462	d__Bacteria;p__Patescibacteria;c__Parcubacteria;o__Candidatus_Kaiserbacteria;f__Candidatus_Kaiserbacteria;g__Candidatus_Kaiserbacteria;s__	0.9724651959544621
1723bf62e4b03495f4ddc3f9a107e7ea	d__Bacteria;p__Chloroflexi;c__Chloroflexia;o__Kallotenuales;f__AKIW781;g__AKIW781;s__	0.9987523904970802
34e62349f75419a9d6c6406111a0d62f	d__Bacteria;p__Chloroflexi;c__Chloroflexia;o__Chloroflexales;f__Roseiflexaceae;g__uncultured;s__	0.9980679728411521
e044428f47ace7c90a7bf25d0e4c2c2d	d__Bacteria;p__Acidobacteriota;c__Vicinamibacteria;o__Vicinamibacterales;f__uncultured;g__uncultured;s__	0.9984979840237553
962c390ac7350ec5eb60accfed1c1392	d__Bacteria;p__Acidobacteriota;c__Vicinamibacteria;o__Vicinamibacterales;f__Vicinamibacteraceae;g__Vicinamibacteraceae;s__	0.942954607108285
d6e43f5e5fbb69b26dc4a99806f25838	d__Bacteria;p__Planctomycetota;c__Planctomycetes;o__Gemmatales;f__Gemmataceae;g__Fimbriiglobus;s__	0.8634827975615504
c98e6678e14f2f1fb8fa7e930c4b0796	d__Bacteria;p__Proteobacteria;c__Alphaproteobacteria;o__Rhizobiales;f__Hyphomicrobiaceae	0.8138610715221395
16aed7a42d0330f5dcfeb68ce1eae9bd	d__Bacteria;p__Proteobacteria;c__Gammaproteobacteria;o__Burkholderiales;f__SC-I-84;g__SC-I-84;s__	0.9762774945580571
45949a8f940b39cab3c8a52cbb124186	d__Bacteria;p__Myxococcota;c__Polyangia;o__Polyangiales;f__BIrii41;g__BIrii41;s__	0.9607253893524972
c4bd97e9c8347bf58ba5333345f65dc7	d__Bacteria;p__Acidobacteriota;c__Acidobacteriae	0.999884423866096
8a05048f8c2ea12eba53a92e427cd6ed	d__Bacteria;p__Gemmatimonadota;c__Gemmatimonadetes;o__Gemmatimonadales;f__Gemmatimonadaceae;g__Gemmatimonas;s__	0.7685509334839071
713dadf529421c02f23098bad1954505	d__Eukaryota;p__Ascomycota	0.9990327291719872
2e2c63515c235b24b7f87f8b632ce759	d__Bacteria;p__Nitrospirota;c__Nitrospiria;o__Nitrospirales;f__Nitrospiraceae;g__Nitrospira;s__	0.9437799963337072
f495f3e3a39d92cee6e64bc7cce88547	d__Bacteria;p__Acidobacteriota;c__Vicinamibacteria;o__Vicinamibacterales;f__uncultured;g__uncultured;s__	0.9957637958310429
742844d2c6837ecce61b5c3b5cd933a0	d__Bacteria;p__Planctomycetota;c__Planctomycetes;o__Planctomycetales;f__Schlesneriaceae;g__Schlesneria;s__	0.995537339792816
7ed60059cf7438c7da96d511d75c5f11	d__Bacteria;p__Bacteroidota;c__Bacteroidia;o__Cytophagales;f__Microscillaceae;g__Ohtaekwangia;s__	0.795804565404985
6ca4e93ed76fb3cd615eb9ccf08dcdd5	d__Bacteria;p__Myxococcota;c__Polyangia	0.9987108973533729
cca25a6525d773acde570a21f5736c63	d__Bacteria;p__Acidobacteriota;c__Vicinamibacteria;o__Vicinamibacterales;f__Vicinamibacteraceae;g__Vicinamibacteraceae;s__	0.9647992960427971
2fe2f17a59f6bba0b2eeb6bf5cdcced7	d__Bacteria;p__Planctomycetota;c__Planctomycetes;o__Planctomycetales;f__Rubinisphaeraceae;g__SH-PL14;s__	0.9877241411115508
d0479632e66cadad9c9ba5c8b7a6e77e	d__Bacteria;p__Acidobacteriota;c__Holophagae;o__Subgroup_7;f__Subgroup_7;g__Subgroup_7;s__	0.9998693523541899
278b609f175c061ea31abc0b64f3abc8	d__Bacteria;p__Planctomycetota;c__Phycisphaerae;o__Tepidisphaerales;f__WD2101_soil_group;g__WD2101_soil_group;s__	0.9716497352741073
855f24d201e25b0c5b3a9b1ca8648eae	d__Bacteria;p__Acidobacteriota;c__Vicinamibacteria;o__Vicinamibacterales	0.8187710828477855
6aad7e09d1deb56bbe67ea9cd50fdb2d	d__Bacteria;p__Chloroflexi;c__Anaerolineae;o__RBG-13-54-9;f__RBG-13-54-9;g__RBG-13-54-9;s__	0.9601741285488967
e9d4bbd832130a7583bcdf7a3a689acc	d__Bacteria;p__Patescibacteria;c__Parcubacteria	0.8755876013941244
b1f7d74a761d4b67264bfce90c85ec07	d__Bacteria;p__Acidobacteriota;c__Vicinamibacteria;o__Vicinamibacterales;f__uncultured;g__uncultured;s__	0.9998344748580758
b56ce7665dd980476d75faa72b5bc138	d__Bacteria;p__Verrucomicrobiota;c__Verrucomicrobiae;o__Chthoniobacterales;f__Chthoniobacteraceae;g__Chthoniobacter;s__	0.9164630941905163
5d945a1f45686d16847970f97fb50efa	d__Bacteria;p__Proteobacteria;c__Gammaproteobacteria;o__Burkholderiales;f__Methylophilaceae	0.954284364097861
29597fa9d24418a04f4073403ad014ad	d__Bacteria;p__Gemmatimonadota;c__Gemmatimonadetes;o__Gemmatimonadales;f__Gemmatimonadaceae;g__uncultured;s__	0.7507052809665324
d567f73e61fc0b6040617f3925fa8f5e	d__Bacteria;p__Chloroflexi;c__KD4-96;o__KD4-96;f__KD4-96;g__KD4-96;s__	0.9525403589966557
a95675b7c2dd6e737ba27b4f15d4f015	d__Bacteria;p__Patescibacteria;c__Gracilibacteria;o__Candidatus_Peribacteria;f__Candidatus_Peribacteria;g__Candidatus_Peribacteria;s__	0.9997546489465642
73cfad46ccbc2beab2460bde19d74949	d__Bacteria;p__Bdellovibrionota;c__Bdellovibrionia;o__Bdellovibrionales;f__Bdellovibrionaceae;g__OM27_clade;s__	0.9622328078565331
86808ad6007cb749ccb6857f10388c40	d__Bacteria;p__Acidobacteriota;c__Blastocatellia;o__Pyrinomonadales;f__Pyrinomonadaceae;g__RB41;s__	0.9998965892366568
2dfad418b4dd7b0637d673b5bbb4111e	d__Bacteria;p__Proteobacteria;c__Alphaproteobacteria;o__Rhizobiales;f__Methyloligellaceae	0.9573416210731309
fbba5a211006c0cbe27db7e32366ac75	d__Bacteria;p__Bacteroidota;c__Bacteroidia;o__Chitinophagales;f__Chitinophagaceae	0.9999743943827601
dc868b980cb03314fc6e1f4c2935f6c3	d__Bacteria;p__Patescibacteria;c__Saccharimonadia;o__Saccharimonadales;f__Saccharimonadales;g__Saccharimonadales;s__	0.8384651677700209
4d74b6a7a09c07c37c8199a9da2d823e	d__Bacteria;p__Chloroflexi;c__Anaerolineae	0.9870464375463377
d4b95efc94a0201dacbace4d23c861d6	d__Bacteria;p__Proteobacteria;c__Gammaproteobacteria;o__Burkholderiales;f__Comamonadaceae	0.9961038914792745
dfd0d13ffd402d585c0c91a09dd976c3	d__Bacteria;p__Chloroflexi;c__TK10;o__TK10;f__TK10;g__TK10;s__	0.9969723920730068
de92d9603514598ea28c7a8a8e0c95cb	d__Bacteria;p__Acidobacteriota;c__Vicinamibacteria;o__Vicinamibacterales;f__Vicinamibacteraceae;g__Vicinamibacteraceae;s__	0.848040702030911
c655cd0cd5864a4ca3b802d48f6fb15c	d__Bacteria;p__Patescibacteria;c__Parcubacteria	0.9982655472564788
a7fd6ae230c65356cb68918eff851547	d__Bacteria;p__Planctomycetota;c__Planctomycetes;o__Pirellulales;f__Pirellulaceae;g__uncultured;s__	0.8599389870423527
0734d6b61cf6c4a9e81aa6a7dde0d84e	d__Bacteria;p__Planctomycetota;c__Planctomycetes;o__Pirellulales;f__Pirellulaceae	0.8744391158899737
e3bacd37e0a73e5c8b181f7f6c3fded8	d__Archaea;p__Crenarchaeota;c__Nitrososphaeria;o__Nitrososphaerales;f__Nitrososphaeraceae;g__Candidatus_Nitrososphaera;s__	0.9967543572776476
135d5bce5ba4a9bf44eee5ac222ad5bc	d__Bacteria;p__Verrucomicrobiota;c__Verrucomicrobiae;o__Chthoniobacterales;f__Chthoniobacteraceae;g__Chthoniobacter;s__	0.7400670776996356
534dec6ed4ca4126f8ab70357c7f712e	d__Bacteria;p__Verrucomicrobiota;c__Verrucomicrobiae;o__Chthoniobacterales;f__Chthoniobacteraceae;g__Candidatus_Udaeobacter;s__	0.851884278902302
662d8f74df341ed5605fb6b788eefd0e	d__Bacteria;p__FCPU426;c__FCPU426;o__FCPU426;f__FCPU426;g__FCPU426;s__	0.9959487721025129
de2790c01dba6ba9bfeec85c11744959	d__Bacteria;p__Cyanobacteria;c__Cyanobacteriia;o__Cyanobacteriales;f__Nostocaceae	0.7763486765681749
76390f0fdafdf89d4de5718baa61631a	d__Bacteria;p__Proteobacteria;c__Gammaproteobacteria;o__Burkholderiales;f__SC-I-84;g__SC-I-84;s__	0.9289842844932497
863dce89f60490458aa13fcf411038ac	d__Bacteria;p__Gemmatimonadota;c__Gemmatimonadetes;o__Gemmatimonadales;f__Gemmatimonadaceae;g__Gemmatimonas;s__	0.9682746539382319
2be2bf50b8076e56ef7fa4ceb3bb8825	d__Bacteria;p__Acidobacteriota;c__Blastocatellia;o__11-24;f__11-24;g__11-24;s__	0.7593557704530864
e32bbbbcc407c56bd1eeb955aebbf990	d__Bacteria;p__Planctomycetota;c__Phycisphaerae;o__Tepidisphaerales;f__WD2101_soil_group;g__WD2101_soil_group;s__	0.9994707515190471
8cbf09d94f727073461f6c8954e52dc5	d__Bacteria;p__Acidobacteriota;c__Subgroup_5;o__Subgroup_5;f__Subgroup_5;g__Subgroup_5;s__	0.999862831667895
5d1c5f429e08947a96670f86364f51d6	d__Bacteria	0.9999746023311111
3b4fb98ec9d3648381d6a94117f4b7f6	d__Bacteria;p__Gemmatimonadota;c__S0134_terrestrial_group;o__S0134_terrestrial_group;f__S0134_terrestrial_group;g__S0134_terrestrial_group;s__	0.8489370693262026
c0ce0b07398889cd3bc4877bbfc535f0	d__Bacteria;p__Bacteroidota;c__Bacteroidia;o__Chitinophagales;f__Chitinophagaceae;g__Ferruginibacter;s__	0.9559358477475177
3babaa5653cdbf237cd4502582cf0489	d__Bacteria;p__Proteobacteria;c__Gammaproteobacteria;o__Burkholderiales;f__Comamonadaceae;g__Rhizobacter;s__	0.9288073950540621
7a479fadd334da94c146681cb77f2d47	d__Bacteria;p__Proteobacteria;c__Alphaproteobacteria;o__Caulobacterales;f__Hyphomonadaceae;g__Hirschia;s__	0.9845320067315134
f1cd17c6913ebca93c4d298ae5412dcd	d__Archaea;p__Thermoplasmatota;c__Thermoplasmata;o__uncultured;f__uncultured;g__uncultured;s__	0.872780705675709
8dbd1153b1296771e6c50e3f5d8dc53b	d__Bacteria;p__Chloroflexi;c__OLB14;o__OLB14;f__OLB14;g__OLB14;s__	0.9992235165440785
9a8f3b8fdc6c0fd882186c68d57dd847	d__Bacteria;p__Cyanobacteria;c__Cyanobacteriia;o__Chloroplast;f__Chloroplast;g__Chloroplast;s__	0.9969836703009922
bedda4373eaa0a63469995c9291f131c	d__Bacteria;p__Proteobacteria;c__Gammaproteobacteria;o__Burkholderiales;f__Nitrosomonadaceae;g__MND1;s__	0.8061934910718846
e5a04c17b3624eabfc723bb1c84c2297	d__Bacteria;p__Bacteroidota;c__Bacteroidia;o__Cytophagales;f__Microscillaceae;g__Chryseolinea;s__	0.8863032674184604
05fe60776def3e33066a0d076c03f62d	d__Bacteria;p__Planctomycetota;c__Planctomycetes;o__Pirellulales;f__Pirellulaceae;g__Pirellula;s__	0.8882038982272176
51d8982c816664cbbd1a22c39f72ce3f	d__Bacteria;p__Sumerlaeota;c__Sumerlaeia;o__Sumerlaeales;f__Sumerlaeaceae;g__Sumerlaea;s__	0.9862008817167767
45a9781bd9fb1a4786b1f9aa4ebf4bf2	d__Bacteria;p__Proteobacteria;c__Gammaproteobacteria;o__Burkholderiales;f__Methylophilaceae;g__Methylophilus;s__	0.7818929383468511
44712d3d0ebbad02d6d6d8043f31f78b	d__Bacteria;p__Proteobacteria;c__Gammaproteobacteria;o__Steroidobacterales;f__Steroidobacteraceae;g__Steroidobacter;s__	0.9087566760115374
efff825fb194dde787e8b261f6dd10d5	d__Bacteria;p__Myxococcota;c__Polyangia;o__Polyangiales	0.9751415719673444
c5f32f8bcba059ae4b356ffcb5c2465c	d__Bacteria	0.999962697676656
09e55d0daefd4192eb7a5bf2a1d12639	d__Bacteria;p__Bacteroidota;c__Bacteroidia;o__Sphingobacteriales;f__env.OPS_17;g__env.OPS_17;s__	0.9996077749522633
3877b4596add2a40605f3e06843f65dd	d__Bacteria;p__Planctomycetota;c__Planctomycetes;o__Pirellulales;f__Pirellulaceae;g__Pir4_lineage;s__	0.8508643749581256
4d14b1b3477cfa09437f7d1d65f76930	d__Bacteria;p__Chloroflexi	0.9760799593359023
f8756e42e4ae93bc25aae63c42e45fd6	d__Bacteria;p__Chloroflexi;c__OLB14;o__OLB14;f__OLB14;g__OLB14;s__	0.9827294986345215
1a1255b971d5bb597bb0efef985b5bbc	d__Bacteria;p__Proteobacteria;c__Gammaproteobacteria;o__Steroidobacterales;f__Steroidobacteraceae;g__Steroidobacter;s__	0.8938845948835938
d711491b407e8b7e9a2df7fbc24c6f00	d__Bacteria;p__Verrucomicrobiota;c__Verrucomicrobiae;o__Opitutales;f__Opitutaceae	0.9999946851745245
3fcfc5209d1c1fb952e08250d4c200b1	d__Bacteria;p__Planctomycetota;c__Planctomycetes;o__Pirellulales;f__Pirellulaceae;g__Pirellula;s__	0.9595746958500899
1c28cf3e933baf1ce4458b5788197b7c	d__Bacteria;p__Planctomycetota;c__Planctomycetes;o__Pirellulales;f__Pirellulaceae;g__uncultured;s__	0.7936064650817471
b8e4806700c8e2fbc0e97d3ab2d8e741	d__Bacteria;p__Acidobacteriota;c__Vicinamibacteria;o__Vicinamibacterales;f__Vicinamibacteraceae;g__Vicinamibacteraceae;s__	0.9484803521291275
fbbace3d9e237c39cec41b0bf23ff952	d__Bacteria;p__Planctomycetota;c__Phycisphaerae;o__Tepidisphaerales;f__WD2101_soil_group;g__WD2101_soil_group;s__	0.9974252179392826
ea09ceaf511fb86b2e7fd13f6384c43d	d__Bacteria;p__Methylomirabilota;c__Methylomirabilia;o__Rokubacteriales;f__Rokubacteriales;g__Rokubacteriales;s__	0.999794241727505
fc949685975a536ade0d77b2fc8eeefc	d__Bacteria;p__Sumerlaeota;c__Sumerlaeia;o__Sumerlaeales;f__Sumerlaeaceae;g__Sumerlaea;s__	0.9574504935169096
1cac85d59d0ba3303703b752a6709033	d__Bacteria;p__Bacteroidota;c__Bacteroidia;o__Chitinophagales;f__Chitinophagaceae;g__uncultured;s__	0.8701462951254726
01db33422f592f6139340596e85dc931	d__Bacteria;p__Chloroflexi;c__Ktedonobacteria;o__C0119;f__C0119;g__C0119;s__	0.956506354770874
d080a0236c8b743e08a638ff76273d03	d__Bacteria;p__Bacteroidota;c__Bacteroidia;o__Sphingobacteriales;f__KD3-93;g__KD3-93;s__	0.9969719379764265
cac24e95a0020c93544cd09327a6ee1e	d__Bacteria;p__Verrucomicrobiota;c__Verrucomicrobiae;o__Chthoniobacterales;f__Chthoniobacteraceae;g__Chthoniobacter;s__	0.9797943445924115
7d4d6fd2838fb4dff00fef1499464fd4	d__Bacteria;p__Verrucomicrobiota;c__Verrucomicrobiae;o__Chthoniobacterales;f__Chthoniobacteraceae;g__Chthoniobacter;s__	0.8871366530101031
f90476030871aa96b93f8697efc47b6e	d__Bacteria;p__Gemmatimonadota;c__Gemmatimonadetes;o__Gemmatimonadales;f__Gemmatimonadaceae;g__Gemmatimonas;s__	0.7656142870509854
0143fe28b9ef1a9038685f2a41aef6ea	d__Bacteria;p__Myxococcota;c__Myxococcia;o__Myxococcales;f__Myxococcaceae	0.9996139611405349
e206a1c57f5f00c47c58f3ab606477c6	d__Bacteria;p__Bacteroidota;c__Bacteroidia	0.9973427983504729
72c4ecebe91882142fc8cf7c9a09afc2	d__Bacteria;p__Actinobacteriota	0.991034619468545
9102fac18b08c0b09ae03727045b9c88	d__Archaea;p__Thermoplasmatota;c__Thermoplasmata	0.7199005077559792
3b32c71229d9a9532419e20935f27fd9	d__Bacteria;p__Planctomycetota;c__Phycisphaerae;o__Phycisphaerales;f__Phycisphaeraceae;g__AKYG587;s__	0.9998657451688977
68f93ecf7f2d1270ce869487cd5e413e	d__Bacteria;p__Planctomycetota;c__Planctomycetes;o__Gemmatales;f__Gemmataceae;g__uncultured;s__	0.9801231001511205
fdf4c677d1185b1261489825672e3a94	d__Bacteria;p__Planctomycetota;c__Planctomycetes;o__Planctomycetales;f__uncultured;g__uncultured;s__	0.9973445981483174
4b1d94472e42eca8fc5f0730442885d9	d__Bacteria;p__Patescibacteria;c__Parcubacteria	0.8925839451508576
6d9964c78398efc3d41272df8586a4c9	d__Bacteria;p__Verrucomicrobiota;c__Verrucomicrobiae;o__Chthoniobacterales;f__Chthoniobacteraceae;g__Candidatus_Udaeobacter;s__	0.805477663621199
0a2a6fac5dc88abe32e2465da9a9a348	d__Bacteria;p__Patescibacteria;c__Parcubacteria	0.9544055465836194
a661b6337728740aa54c4136456f9629	d__Bacteria;p__Chloroflexi;c__Anaerolineae;o__SBR1031;f__A4b;g__A4b;s__	0.955764897317561
5d9ce879a1d4329c862c27fc1318a5ff	d__Bacteria;p__Verrucomicrobiota;c__Verrucomicrobiae;o__Chthoniobacterales;f__Chthoniobacteraceae;g__Candidatus_Udaeobacter;s__	0.9630890486128106
4e7af06ef4c54040e3b4be55ff371f95	d__Bacteria;p__Patescibacteria;c__Parcubacteria	0.966444783400832
a6a73ff4726eae346b1241799e9f2358	d__Bacteria;p__Planctomycetota;c__Planctomycetes;o__Planctomycetales	0.7212194199012952
50ca7cda8d713392fb7235e2bc53db3a	d__Bacteria;p__Proteobacteria;c__Gammaproteobacteria;o__Salinisphaerales;f__Solimonadaceae	0.9976097772576347
3f0cf0c69758626afa6e69176e8e4856	d__Bacteria;p__Verrucomicrobiota;c__Verrucomicrobiae;o__Chthoniobacterales;f__Chthoniobacteraceae;g__Chthoniobacter;s__	0.8924392285663834
2352d6ef2210a7ddb2526b2f9aaadc80	d__Bacteria;p__Patescibacteria;c__Parcubacteria;o__Candidatus_Kaiserbacteria;f__Candidatus_Kaiserbacteria;g__Candidatus_Kaiserbacteria;s__	0.9971721333368734
b51f47390d441ee7bb9fde041bcee0c4	d__Bacteria;p__Chloroflexi;c__Anaerolineae;o__SBR1031;f__A4b;g__A4b;s__	0.9953499134797993
55eadcf46c175889ed84fc5bda813a51	d__Bacteria;p__Verrucomicrobiota;c__Chlamydiae;o__Chlamydiales;f__Parachlamydiaceae	0.7423553081146188
a4a8ad104b75b228a7fc62bb8d143829	d__Bacteria;p__Verrucomicrobiota;c__Verrucomicrobiae;o__Opitutales;f__Opitutaceae	0.9999957997504402
752fffd2fbcefee0e433ed9db49fbba9	d__Bacteria;p__Verrucomicrobiota;c__Verrucomicrobiae;o__Opitutales;f__Opitutaceae	0.999980090819891
af2358307243a4ce48002271af6dbd41	d__Bacteria;p__Acidobacteriota;c__Vicinamibacteria;o__Vicinamibacterales;f__Vicinamibacteraceae;g__Vicinamibacteraceae;s__	0.9565485047873437
b651cdb776845c95e370e70d8b79c540	d__Bacteria;p__Acidobacteriota;c__Vicinamibacteria;o__Vicinamibacterales;f__uncultured;g__uncultured;s__	0.9720393475688802
c1e8130c63efc7a824112045e5a04443	d__Bacteria;p__Proteobacteria;c__Gammaproteobacteria	0.9996767609730399
632f053ee7fda0989df0debe14713d04	d__Bacteria;p__Proteobacteria;c__Gammaproteobacteria;o__Burkholderiales;f__Comamonadaceae	0.9644784338904989
08f2f6c21c25334fa1c8ac2f349f30e7	d__Bacteria;p__Patescibacteria;c__Gracilibacteria;o__Candidatus_Peribacteria;f__Candidatus_Peribacteria;g__Candidatus_Peribacteria;s__	0.9998543183910737
e95d07d74fb0c519f024b27131963787	d__Bacteria;p__Proteobacteria;c__Alphaproteobacteria;o__Rhizobiales	0.9945186671487045
2ac08a6faecbba72d2dd3ed59b7b48bf	d__Bacteria;p__Acidobacteriota;c__Blastocatellia;o__11-24;f__11-24;g__11-24;s__	0.9998682047596466
9bdaaca5edbe4ec307bd07c070a1b808	d__Bacteria;p__Proteobacteria;c__Gammaproteobacteria;o__Burkholderiales;f__Oxalobacteraceae	0.9981167995286546
bbd8039d0b88488dcfe63777c3fb7faa	d__Bacteria;p__Planctomycetota;c__OM190;o__OM190;f__OM190;g__OM190;s__	0.9864067524634728
dc9d11052c920ed60aff7d20605274c0	d__Bacteria;p__Chloroflexi;c__Chloroflexia;o__Kallotenuales;f__AKIW781;g__AKIW781;s__	0.9999072081782362
b7ee60ad7d4abae2f0f40c7bc95711a1	d__Bacteria	0.999999957546645
a306b539428880f9230826354c5da96e	d__Bacteria;p__Acidobacteriota;c__Vicinamibacteria;o__Vicinamibacterales;f__Vicinamibacteraceae;g__Vicinamibacteraceae;s__	0.9754070488887888
ae33c95c82fd789627f8141c328c2ffe	d__Bacteria;p__Planctomycetota;c__Planctomycetes;o__Gemmatales;f__Gemmataceae;g__uncultured;s__	0.8929027150734001
bf71c1b7901a8f0ae3913ee1aa8292b1	d__Bacteria;p__Acidobacteriota;c__Vicinamibacteria;o__Vicinamibacterales;f__uncultured;g__uncultured;s__	0.9599571967757424
5653c008c6df24e2bffc905e6f2c8a37	d__Bacteria;p__Acidobacteriota;c__Vicinamibacteria;o__Vicinamibacterales;f__Vicinamibacteraceae;g__Vicinamibacteraceae;s__	0.9617466816676401
17d61ad5fab43f0a65e42dd3cb13e07a	d__Bacteria;p__Acidobacteriota;c__Blastocatellia;o__Blastocatellales;f__Blastocatellaceae	0.9999894811877852
4633352af7151c1b15d71ab71a5d6c86	d__Bacteria;p__Planctomycetota;c__Planctomycetes;o__Pirellulales;f__Pirellulaceae	0.9951957889647567
9d9bd80f4fad84a7b964667fbc3f0f7a	d__Bacteria;p__Chloroflexi	0.8101340708450985
3cf3a3e8821d72170aaf1ddd137a7c74	d__Bacteria;p__Chloroflexi;c__Anaerolineae;o__Caldilineales;f__Caldilineaceae;g__uncultured;s__	0.996691800268786
f229d4177a0e0dc88b89e198efe8b0ff	d__Bacteria;p__Patescibacteria;c__Parcubacteria;o__Candidatus_Adlerbacteria;f__Candidatus_Adlerbacteria;g__Candidatus_Adlerbacteria;s__	0.9982613078568457
ff088c11f4a5fa191762ccc6344dbc93	d__Bacteria;p__Verrucomicrobiota;c__Verrucomicrobiae;o__Chthoniobacterales;f__Chthoniobacteraceae;g__Candidatus_Udaeobacter;s__	0.8345670288265281
c22cfdf2593b0b7c78d7c193772f973b	d__Bacteria	0.9997018631289653
f405842a8ea790d1f0d73780e76f2b6c	d__Bacteria;p__Verrucomicrobiota;c__Verrucomicrobiae;o__Chthoniobacterales;f__Chthoniobacteraceae	0.9841399052259077
3d2d35179f8de8482ed0632f2e32f544	d__Bacteria;p__Acidobacteriota;c__Acidobacteriae;o__Bryobacterales;f__Bryobacteraceae;g__Bryobacter;s__	0.843402325184295
4579fe258c04a0bf54b52ba844bf5d4b	d__Bacteria;p__Verrucomicrobiota;c__Verrucomicrobiae;o__Chthoniobacterales;f__Chthoniobacteraceae	0.9572918195413592
8056a46bd394fc503ef3d149ec8905cb	d__Bacteria;p__Acidobacteriota;c__Vicinamibacteria;o__Vicinamibacterales;f__uncultured;g__uncultured;s__	0.9744011121761023
e1eb422de189bd45063d745068905783	d__Bacteria;p__Proteobacteria;c__Gammaproteobacteria;o__Burkholderiales;f__SC-I-84;g__SC-I-84;s__	0.9473894491301397
fc0d949a8734792920d3720ed1b6ff81	d__Bacteria;p__Patescibacteria;c__Parcubacteria;o__Candidatus_Azambacteria;f__Candidatus_Azambacteria;g__Candidatus_Azambacteria;s__	0.8040180077936585
88edc547215b0890d499619de3255b1b	d__Bacteria;p__Chloroflexi;c__Anaerolineae;o__Caldilineales;f__Caldilineaceae;g__uncultured;s__	0.9976968614302639
39a1d89a5a50db12971e070a5ed31ba1	d__Bacteria;p__Gemmatimonadota;c__Gemmatimonadetes;o__Gemmatimonadales;f__Gemmatimonadaceae	0.9673152835862325
16a8ea062dec20e938d68b1eecfd1017	d__Bacteria;p__Patescibacteria;c__Saccharimonadia;o__Saccharimonadales;f__Saccharimonadaceae;g__TM7a;s__	0.7596768623262937
2c1f3ebf5e66afaccaae4baadb0bbc39	d__Bacteria;p__Proteobacteria;c__Gammaproteobacteria;o__CCD24;f__CCD24;g__CCD24;s__	0.8148473248795047
1bbfa8051850485fc36f5ba255329bdc	d__Archaea;p__Thermoplasmatota;c__Thermoplasmata;o__uncultured;f__uncultured;g__uncultured;s__	0.7640344801731168
488761e813b661d6e3d54feeb799c3b9	d__Bacteria;p__Verrucomicrobiota;c__Verrucomicrobiae;o__Verrucomicrobiales;f__Verrucomicrobiaceae;g__Verrucomicrobium;s__	0.9754457307224609
fff4200fe86f361583b809b0ba03c82d	d__Bacteria;p__Actinobacteriota;c__Acidimicrobiia;o__Microtrichales;f__Iamiaceae;g__Iamia;s__	0.8649871654449558
021048bdff57deb6083ae3a340124747	d__Bacteria;p__Bacteroidota;c__Bacteroidia;o__Flavobacteriales;f__Crocinitomicaceae;g__Fluviicola;s__	0.9967516372046954
9b857b537ad50bcdd2ba504a0824b8ea	d__Bacteria;p__Acidobacteriota;c__Acidobacteriae	0.9999960719872618
fee5582259136aa37a4bb73134ef64e2	d__Bacteria;p__Bacteroidota;c__Bacteroidia;o__Flavobacteriales;f__NS9_marine_group;g__NS9_marine_group;s__	0.9950818953022689
874c15f8068929b1967e9fcd05e00006	d__Bacteria;p__Chloroflexi;c__Anaerolineae;o__SBR1031;f__A4b;g__A4b;s__	0.9764809611881385
de27f36057df0f54ac2436b884e25d5b	d__Bacteria;p__Nitrospirota;c__Nitrospiria;o__Nitrospirales;f__Nitrospiraceae;g__Nitrospira;s__	0.8977745969594844
1f6dd495c74a1104eaacc7fdf332e6fa	d__Bacteria;p__Patescibacteria;c__Parcubacteria	0.9643930345449192
572d70f953b49832189f09b537d7c3ef	d__Bacteria;p__Verrucomicrobiota;c__Verrucomicrobiae;o__Pedosphaerales;f__Pedosphaeraceae;g__uncultured;s__	0.9104264913529562
1de1fed418906e484876e6868031e617	d__Bacteria;p__Myxococcota;c__bacteriap25;o__bacteriap25;f__bacteriap25;g__bacteriap25;s__	0.922373321536667
b3a9ee16bfecffd911c5e619dc5fec80	d__Bacteria;p__Planctomycetota	0.9463921500134795
fb1ce333953283494e8e52848a61b026	d__Bacteria;p__Armatimonadota;c__Fimbriimonadia;o__Fimbriimonadales;f__Fimbriimonadaceae;g__Fimbriimonadaceae;s__	0.9903096639042285
3d815bd122f235715b2595d899a94ef2	d__Bacteria;p__Actinobacteriota;c__Acidimicrobiia	0.9926367600811823
b90f49014663ed32fa24fc52e1bb4a0a	d__Bacteria;p__Proteobacteria;c__Gammaproteobacteria;o__Burkholderiales;f__Oxalobacteraceae	0.9946448522117483
79e74048a54e4f18f2909b252a506ec8	d__Bacteria	0.970017562863611
675b109cb68d9737172f1adc6b5d0a73	d__Archaea;p__Crenarchaeota;c__Nitrososphaeria;o__Nitrososphaerales;f__Nitrososphaeraceae;g__Nitrososphaeraceae;s__	0.9819462649926843
df5c66e2c800eabc22858e48db4be410	d__Bacteria;p__Bacteroidota;c__Bacteroidia;o__Sphingobacteriales;f__env.OPS_17;g__env.OPS_17;s__	0.9977666228494565
c20fd55f71dce67bcda27a00becdf6bf	d__Bacteria;p__Planctomycetota;c__Planctomycetes;o__Gemmatales;f__Gemmataceae;g__uncultured;s__	0.928426364948795
e2d3d6898761adaf6a01458fb059ae9c	d__Bacteria;p__Chloroflexi;c__Anaerolineae	0.9409953115588302
c017dbb079368be7b0f69c227b8475dc	d__Bacteria;p__Bacteroidota;c__Bacteroidia;o__Flavobacteriales;f__NS9_marine_group;g__NS9_marine_group;s__	0.8084363783092258
7676c1d1e8691fbd15072098a9de22b2	d__Bacteria;p__Planctomycetota;c__Planctomycetes;o__Planctomycetales;f__uncultured;g__uncultured;s__	0.9917382172988851
fc1c7c004c8781ab87cbd2cd089752be	d__Bacteria;p__Acidobacteriota;c__Holophagae;o__Subgroup_7;f__Subgroup_7;g__Subgroup_7;s__	0.9998662413780539
7ce91658f0c31a2de35dcbdb1f266085	d__Bacteria;p__Planctomycetota;c__Planctomycetes;o__Pirellulales;f__Pirellulaceae;g__Pirellula;s__	0.8867171683770947
d7f48570ccdb3502ec613a991a0ebc5e	d__Bacteria;p__Bacteroidota;c__Bacteroidia	0.9823098384165787
91142c87cffdfaa64fe8ba3da5aa0cf0	d__Bacteria;p__Gemmatimonadota;c__Gemmatimonadetes;o__Gemmatimonadales;f__Gemmatimonadaceae;g__uncultured;s__	0.8620241050263782
ab53bf9bc0c4054a8b0fc9e3746a50a3	d__Bacteria;p__Myxococcota;c__Polyangia;o__Polyangiales;f__Polyangiaceae;g__Pajaroellobacter;s__	0.8103687572454772
f1f25f46266be7d206ac8de9cbdbabd4	d__Bacteria;p__Acidobacteriota;c__Vicinamibacteria;o__Vicinamibacterales;f__uncultured;g__uncultured;s__	0.9996683415088482
9f7bdbf7478a4dc8da2449c21d16277b	d__Bacteria;p__Proteobacteria;c__Gammaproteobacteria;o__Burkholderiales;f__Comamonadaceae;g__Rhizobacter;s__	0.7271325737320603
aaf28901cbd594f4c06eebbdf42cd2bb	d__Bacteria;p__Gemmatimonadota;c__Gemmatimonadetes;o__Gemmatimonadales;f__Gemmatimonadaceae	0.9809147354499734
e52ea37fb4d1d4aa3abde9dd6b097f14	d__Bacteria;p__Methylomirabilota;c__Methylomirabilia;o__Rokubacteriales;f__Rokubacteriales;g__Rokubacteriales;s__	0.9999819974490421
4304d6aa4dc7b9d922116ef214dca73f	d__Bacteria;p__Patescibacteria;c__Parcubacteria	0.9681723808689839
b86a2474d10ef628a185e96f72e3598e	d__Bacteria;p__Bacteroidota;c__Bacteroidia;o__Chitinophagales;f__Saprospiraceae;g__uncultured;s__	0.8900135462666032
953ed0f06b7b1cacd87df1b12d1acd03	d__Bacteria;p__Planctomycetota;c__Planctomycetes;o__Pirellulales;f__Pirellulaceae	0.9940242973060309
98149f467dbb2604accdc8d9b3474c93	d__Bacteria;p__Proteobacteria;c__Gammaproteobacteria;o__Burkholderiales;f__Nitrosomonadaceae;g__MND1;s__	0.9620329529601577
5d026f7c4210e2c28a6fa577c71f8469	d__Bacteria;p__Proteobacteria;c__Gammaproteobacteria	0.9999340177873628
f783fbac51efda05168c943d37763753	d__Bacteria;p__Bacteroidota;c__Bacteroidia;o__Sphingobacteriales;f__env.OPS_17;g__env.OPS_17;s__	0.9997164935331394
df3803b7bb969fb079ad51843d8c82f3	d__Bacteria;p__Proteobacteria;c__Gammaproteobacteria;o__Xanthomonadales;f__Rhodanobacteraceae;g__uncultured;s__	0.8402646400020557
8602c970f4a62f6b61302f3085574f32	d__Bacteria;p__Verrucomicrobiota;c__Verrucomicrobiae;o__Chthoniobacterales;f__Chthoniobacteraceae	0.9616227587256473
c470429aec637c3ff7606a18c7cd01c6	d__Bacteria;p__Bacteroidota;c__Bacteroidia	0.9901894242683236
85770b3edb1d5650efeeecd2178836bd	d__Bacteria;p__Planctomycetota;c__Pla3_lineage;o__Pla3_lineage;f__Pla3_lineage;g__Pla3_lineage;s__	0.9586525846574228
3f3f40047ed662bfb18bd264561a597c	d__Bacteria;p__Planctomycetota;c__Planctomycetes;o__Pirellulales;f__Pirellulaceae	0.9747550427430807
3549e5b19b3ee1339d21c47e2f7778c9	d__Bacteria;p__Proteobacteria;c__Gammaproteobacteria;o__Burkholderiales;f__A21b;g__A21b;s__	0.9219032729874248
8e36c06564cb721e2fefa17ef863f13e	d__Bacteria;p__Chloroflexi;c__Anaerolineae;o__SBR1031;f__A4b;g__A4b;s__	0.9897577082542622
179730caabe8cb8b8d1ecc8a47dbf053	d__Eukaryota;p__Phragmoplastophyta;c__Embryophyta;o__Liliopsida	0.7601029595762832
a1a1c7d9407f522644154344789afe25	d__Bacteria;p__Patescibacteria;c__Gracilibacteria;o__Candidatus_Peribacteria;f__Candidatus_Peribacteria;g__Candidatus_Peribacteria;s__	0.9998542919099351
3a364ad93323033732832728eecdaac1	d__Bacteria;p__Acidobacteriota;c__Vicinamibacteria;o__Vicinamibacterales;f__Vicinamibacteraceae;g__Vicinamibacteraceae;s__	0.8442680242036595
0a49cab1bd03cf3675228f4457c69d8d	d__Bacteria;p__Bacteroidota;c__Bacteroidia;o__Flavobacteriales;f__Flavobacteriaceae;g__Flavobacterium;s__	0.971039049348211
f9d167f110cf1e4c8deac51352bc0801	d__Bacteria;p__Acidobacteriota;c__Holophagae;o__Subgroup_7;f__Subgroup_7;g__Subgroup_7;s__	0.9994749194148367
d119cf69b735b416b4f5a820417add04	d__Bacteria;p__Verrucomicrobiota;c__Verrucomicrobiae;o__Chthoniobacterales;f__Chthoniobacteraceae;g__Candidatus_Udaeobacter;s__	0.8376322737480411
f7ffcf9b81b5adfe2735c478630dc32d	d__Bacteria;p__Verrucomicrobiota;c__Verrucomicrobiae;o__Pedosphaerales;f__Pedosphaeraceae	0.9928132106518606
3ff1b3c5ad1fb6ddc0cb788e659d2552	d__Bacteria;p__Proteobacteria;c__Gammaproteobacteria;o__Burkholderiales;f__Comamonadaceae	0.9999724655980785
a3a7de83bed69ff214b49931e60e558b	d__Bacteria;p__Acidobacteriota;c__Vicinamibacteria;o__Vicinamibacterales;f__Vicinamibacteraceae;g__Vicinamibacteraceae;s__	0.9438383805343618
7a858c688d2fe144b565cbc55b3c9b44	d__Bacteria;p__Patescibacteria;c__Parcubacteria;o__Candidatus_Nomurabacteria;f__Candidatus_Nomurabacteria;g__Candidatus_Nomurabacteria;s__	0.8634657828895268
60aa0f00c1d75d95f2ac0a0fc6ba13e1	d__Bacteria;p__Patescibacteria;c__Parcubacteria;o__Candidatus_Vogelbacteria;f__Candidatus_Vogelbacteria;g__Candidatus_Vogelbacteria;s__	0.9724885316735009
02d6750d22ed30ea2b3cbd75add30959	d__Bacteria;p__Planctomycetota;c__Planctomycetes;o__Pirellulales;f__Pirellulaceae	0.9770249849838696
3624e597c08ebcfd79aee729b3ca47bf	d__Bacteria;p__Patescibacteria;c__Parcubacteria;o__Parcubacteria;f__Parcubacteria;g__Parcubacteria;s__	0.9802896181753564
f3581801a52ab96db59516662a80e554	d__Bacteria;p__Acidobacteriota;c__Vicinamibacteria;o__Vicinamibacterales;f__uncultured;g__uncultured;s__	0.9404720811757704
9eabf339d067755c492036cab6f3afd4	d__Bacteria;p__Acidobacteriota;c__Subgroup_5;o__Subgroup_5;f__Subgroup_5;g__Subgroup_5;s__	0.9995928384026896
0a938c3b2db47e76745e858b566fd9b0	d__Bacteria;p__Gemmatimonadota;c__Gemmatimonadetes;o__Gemmatimonadales;f__Gemmatimonadaceae;g__Gemmatimonas;s__	0.7344039243494017
ed9d89cdda2f816de91f99cbc8acd2f3	d__Bacteria;p__Planctomycetota;c__Planctomycetes;o__Pirellulales;f__Pirellulaceae;g__uncultured;s__	0.9350465383679036
d5c9a6cbd0487a6a479216902f4914b9	d__Bacteria;p__Armatimonadota;c__Fimbriimonadia;o__Fimbriimonadales;f__Fimbriimonadaceae;g__Fimbriimonadaceae;s__	0.9981732405349407
ae5b44a8bb6654a27077b8d26fe37b2b	d__Bacteria;p__Planctomycetota;c__Planctomycetes;o__Pirellulales;f__Pirellulaceae;g__uncultured;s__	0.7148807693975202
a46afe593b452406d71b735a5e325beb	d__Bacteria;p__Planctomycetota;c__Planctomycetes;o__Pirellulales;f__Pirellulaceae;g__Pir4_lineage;s__	0.957491161105498
3508c6fcd9f31638aeb820b62c141b4e	d__Bacteria;p__Planctomycetota;c__Planctomycetes;o__Pirellulales;f__Pirellulaceae	0.862179745467384
88100be3c490c70635a062723743a065	d__Bacteria;p__Bdellovibrionota;c__Oligoflexia;o__0319-6G20;f__0319-6G20;g__0319-6G20;s__	0.966409997348371
f17e4456374b819dd331c991d89859bb	d__Bacteria;p__Planctomycetota;c__Planctomycetes	0.9986643216239557
87289256af34b2d696bd130f02df7c13	d__Bacteria;p__Chloroflexi;c__Anaerolineae;o__Caldilineales;f__Caldilineaceae;g__uncultured;s__	0.9942799468120533
f463ca1cf08d7053e850c5268760c66a	d__Bacteria;p__Bacteroidota;c__Bacteroidia;o__Flavobacteriales;f__NS9_marine_group;g__NS9_marine_group;s__	0.996979762380096
2644a42003198ac21b7276d188965b8c	d__Bacteria;p__Chloroflexi;c__Dehalococcoidia;o__S085;f__S085;g__S085;s__	0.9962384309570481
60916c88c354379092c9c1f7f10c3504	d__Bacteria;p__Gemmatimonadota;c__Gemmatimonadetes;o__Gemmatimonadales;f__Gemmatimonadaceae;g__Gemmatimonas;s__	0.919987005489699
e1986bd4e09d100a0700934d5af68aaf	d__Bacteria;p__Actinobacteriota;c__Actinobacteria;o__Corynebacteriales;f__Mycobacteriaceae;g__Mycobacterium;s__	0.9071843726546112
a4dc639c2e4d64dd97bd79c504547b93	d__Bacteria;p__Actinobacteriota;c__Actinobacteria;o__Micromonosporales;f__Micromonosporaceae	0.998644805817985
49d90ddd0fec4417f362118a3e336f9a	d__Bacteria;p__Acidobacteriota;c__Vicinamibacteria;o__Vicinamibacterales;f__Vicinamibacteraceae;g__Vicinamibacteraceae;s__	0.9486020530769216
c76c40e27edc904f087c264f937169cc	d__Bacteria;p__Acidobacteriota;c__Vicinamibacteria;o__Vicinamibacterales;f__Vicinamibacteraceae;g__Vicinamibacteraceae;s__	0.966316018241209
f1d5dfd7288609914909e898cf5cfb25	d__Bacteria;p__Actinobacteriota;c__Thermoleophilia;o__Gaiellales;f__uncultured;g__uncultured;s__	0.9538931965039855
90e41ab2ead9a9c96612b7383c1bb49e	d__Bacteria;p__Patescibacteria;c__Microgenomatia;o__Candidatus_Woesebacteria;f__Candidatus_Woesebacteria;g__Candidatus_Woesebacteria;s__	0.9773145207175332
6ded4e086946b972b39555671287c97e	d__Bacteria;p__Planctomycetota;c__Planctomycetes;o__Planctomycetales;f__uncultured;g__uncultured;s__	0.9882642049292047
2fd9a9007147ded29a5ccc484afd2bdd	d__Bacteria;p__Acidobacteriota;c__Blastocatellia;o__Pyrinomonadales;f__Pyrinomonadaceae;g__RB41;s__	0.9996053789689638
8b0e65760f45d58bbcb8b957e4f98b96	d__Bacteria;p__Verrucomicrobiota;c__Verrucomicrobiae;o__Chthoniobacterales;f__Chthoniobacteraceae;g__Candidatus_Udaeobacter;s__	0.912955818054462
2945497632bb0d3a440a110d136e8aaa	d__Bacteria;p__Verrucomicrobiota;c__Verrucomicrobiae;o__Chthoniobacterales;f__Chthoniobacteraceae;g__Chthoniobacter;s__	0.9244457527256268
fc5ae9964433ccc20921dd4a24bb7439	d__Bacteria	0.9999503791495088
2bc172e92cefb7ebedc5a68ef543f401	d__Bacteria;p__Chloroflexi;c__Ktedonobacteria;o__C0119;f__C0119;g__C0119;s__	0.927170116508199
973c2d0d291602f424fa0f1bf1b84782	d__Bacteria;p__Myxococcota;c__Polyangia;o__Haliangiales;f__Haliangiaceae;g__Haliangium;s__	0.9795313293906225
e7f300227b6446c7930303272d678c21	d__Bacteria;p__Acidobacteriota;c__Vicinamibacteria;o__Vicinamibacterales;f__uncultured;g__uncultured;s__	0.9937096794084643
fc39f3459472841eee3c033ec018bb12	d__Bacteria;p__Gemmatimonadota;c__Gemmatimonadetes;o__Gemmatimonadales;f__Gemmatimonadaceae	0.967987472915291
8ec663aa71aef27d0418ca38b03d9684	d__Eukaryota;p__Ascomycota;c__Pezizomycetes;o__Pezizales	0.7606492301526726
71e57c948f65808d7d89a97d7075ec64	d__Bacteria;p__Chloroflexi;c__Anaerolineae;o__SBR1031;f__A4b;g__A4b;s__	0.9895525192149492
615b43e33ed01bfde0955b3cb9176d2a	d__Bacteria;p__Actinobacteriota;c__Thermoleophilia;o__Solirubrobacterales;f__67-14;g__67-14;s__	0.9494584305039685
f75092559dc24aa237040148fd4598b8	d__Bacteria;p__Myxococcota;c__Polyangia;o__FFCH16767;f__FFCH16767;g__FFCH16767;s__	0.7313093581957127
95a045485d52dcc3d74b35419ea102fb	d__Bacteria;p__Proteobacteria;c__Gammaproteobacteria;o__Burkholderiales;f__Comamonadaceae	0.9999898874713361
49f10f114682d433dafe3f77f06e7647	d__Bacteria;p__Proteobacteria;c__Gammaproteobacteria;o__Salinisphaerales;f__Solimonadaceae	0.9817130555486255
d0be1c5b42e2257ef116082e69a55c8f	d__Bacteria;p__Planctomycetota;c__Planctomycetes;o__Pirellulales;f__Pirellulaceae;g__Pir4_lineage;s__	0.8805713625775163
1f38ef4a03dbf9436a91fccc59fa8212	d__Bacteria;p__Planctomycetota	0.9366310800249166
bfd013abbbd7d238e9fa96449f6e98a9	d__Bacteria;p__Planctomycetota;c__Planctomycetes;o__Pirellulales;f__Pirellulaceae;g__uncultured;s__	0.8449548722067757
66452d54cd971da35c850acbe4cd2acb	d__Bacteria;p__Patescibacteria;c__ABY1	0.8721933778230981
3385ddb7e818a275464214c386189210	d__Bacteria;p__Myxococcota;c__Polyangia;o__Haliangiales;f__Haliangiaceae;g__Haliangium;s__	0.9623172279415776
ea7a361b91ca340719101f1c7409887a	d__Bacteria;p__Planctomycetota;c__Planctomycetes;o__Pirellulales;f__Pirellulaceae;g__uncultured;s__	0.9292987680221495
3dbc442802302179301844312aae4996	d__Bacteria;p__Acidobacteriota;c__Holophagae;o__Subgroup_7;f__Subgroup_7;g__Subgroup_7;s__	0.999959514033758
2d0064fd7e84ca658c7873f1fca11072	d__Bacteria;p__Planctomycetota;c__Planctomycetes;o__Planctomycetales;f__Rubinisphaeraceae;g__Planctomicrobium;s__	0.8864548099739441
7cc194a1934d47bea4a05678a490facf	d__Bacteria;p__Chloroflexi;c__TK10;o__TK10;f__TK10;g__TK10;s__	0.962025192736809
e154655c45093101ef818bb520cb2a38	d__Bacteria;p__Verrucomicrobiota;c__Verrucomicrobiae;o__Chthoniobacterales;f__Chthoniobacteraceae;g__Candidatus_Udaeobacter;s__	0.8597649791691795
4d186d6b2c828f26d549fb47c40100fb	d__Bacteria;p__Gemmatimonadota;c__Gemmatimonadetes;o__Gemmatimonadales;f__Gemmatimonadaceae;g__Gemmatimonas;s__	0.7397311738544364
625e567618a80c876e3c2b6326fa6818	d__Bacteria;p__Sumerlaeota;c__Sumerlaeia;o__Sumerlaeales;f__Sumerlaeaceae;g__Sumerlaea;s__	0.976830857294915
11f6785bb7a6d392b8698583c6f2a3cd	d__Bacteria;p__Acidobacteriota;c__Vicinamibacteria;o__Vicinamibacterales;f__Vicinamibacteraceae;g__uncultured;s__	0.9775857396616108
727421e98c7cb930cc2b61850eecc9fa	d__Bacteria;p__Proteobacteria;c__Gammaproteobacteria;o__Burkholderiales;f__Comamonadaceae;g__Caenimonas;s__	0.7638294694275026
2751ae90da6d899eff7589997dfe86dc	d__Bacteria;p__Planctomycetota;c__Planctomycetes;o__Planctomycetales;f__uncultured;g__uncultured;s__	0.9900290810179446
5187e0a9fe77c33868035df9f85c7e54	d__Bacteria;p__Actinobacteriota;c__Actinobacteria;o__Corynebacteriales;f__Mycobacteriaceae;g__Mycobacterium;s__	0.9760832633235565
68908ffc81697f1004e748766f179e06	d__Bacteria;p__Firmicutes;c__Bacilli;o__Bacillales;f__Planococcaceae;g__Paenisporosarcina;s__	0.9156289324837262
c1173d3c8a12397715926f9195efb946	d__Bacteria;p__Bacteroidota;c__Bacteroidia;o__Chitinophagales;f__Saprospiraceae	0.7625321959805402
9e5a90b22b05df68308e9d9dfc6a888b	d__Bacteria;p__Verrucomicrobiota;c__Verrucomicrobiae;o__Pedosphaerales;f__Pedosphaeraceae	0.9995757255095568
454277b58c0b124da39a463505deb120	d__Bacteria;p__Bacteroidota;c__Ignavibacteria;o__SJA-28;f__SJA-28;g__SJA-28;s__	0.9986933372166803
f39736d9fb122b80f804143dfcbcfb5d	d__Bacteria;p__Planctomycetota;c__Phycisphaerae;o__Tepidisphaerales;f__Tepidisphaerales;g__Tepidisphaerales;s__	0.9999844677726816
e5e858318f9d866a8e744aeb2cdbfb68	d__Bacteria;p__Actinobacteriota;c__Actinobacteria;o__Micromonosporales;f__Micromonosporaceae;g__Virgisporangium;s__	0.8946472548594293
a3427ec4ec238803e13fa935461611e2	d__Bacteria;p__Chloroflexi;c__Anaerolineae;o__Caldilineales;f__Caldilineaceae;g__Litorilinea;s__	0.8067018346204752
fd3918c494f98740c870198f8dfcc2e5	d__Bacteria;p__Patescibacteria	0.9833657899721755
6f3832c75323fc2c55e553cf3a6c7103	d__Bacteria;p__Acidobacteriota;c__Vicinamibacteria;o__Vicinamibacterales;f__Vicinamibacteraceae;g__Vicinamibacteraceae;s__	0.9621389313085613
ef0fedaf040490c9daf0700414677e4f	d__Bacteria;p__Gemmatimonadota	0.9726663995975646
f80cbeb71c7ef01ed8e45c2c2b1d172f	d__Bacteria;p__Bacteroidota;c__Bacteroidia;o__Sphingobacteriales;f__env.OPS_17;g__env.OPS_17;s__	0.9998353576682447
ca3cbbdbbd7d94f874d5d1d550e1c9f9	d__Bacteria;p__Planctomycetota;c__Pla3_lineage;o__Pla3_lineage;f__Pla3_lineage;g__Pla3_lineage;s__	0.9253216735505928
13c6aabad1c4b3acaa94e3b102806831	d__Bacteria;p__Proteobacteria;c__Gammaproteobacteria;o__Salinisphaerales;f__Solimonadaceae;g__Panacagrimonas;s__	0.838304263393337
0775cdf22eb694e508e20dbc69501a00	d__Bacteria;p__Proteobacteria;c__Gammaproteobacteria;o__Salinisphaerales;f__Solimonadaceae	0.9783468723292523
171de032f9a71e2851ac3696edf224ed	d__Bacteria;p__Planctomycetota;c__Planctomycetes;o__Planctomycetales;f__uncultured;g__uncultured;s__	0.9639700258367343
d085fad3954d9efc1222c8511b2dd256	d__Bacteria;p__Acidobacteriota;c__Vicinamibacteria;o__Vicinamibacterales;f__uncultured;g__uncultured;s__	0.9502383973843896
900e8f09bbff76080e5b914fb05b294e	d__Bacteria;p__Bacteroidota;c__Bacteroidia;o__Sphingobacteriales	0.7563537116131822
ed0759c8ce95242f7862ef27459e658a	d__Bacteria;p__Proteobacteria;c__Gammaproteobacteria;o__Burkholderiales;f__Comamonadaceae	0.999995549545244
a518377cdc25bc7a0dbe58331eb8e6ea	d__Bacteria;p__Proteobacteria;c__Gammaproteobacteria;o__Salinisphaerales;f__Solimonadaceae	0.9141097490362883
9c26fe3aea35521dabfd4ab2b858affc	d__Bacteria;p__Proteobacteria;c__Gammaproteobacteria	0.9957380199901229
e3aa56809d88f9fad96c0a64c1b5d440	d__Bacteria;p__Bacteroidota;c__Bacteroidia;o__Chitinophagales;f__Saprospiraceae;g__uncultured;s__	0.8879292086061016
85997511c8c89a836e1638c742e7dd50	d__Bacteria;p__Chloroflexi;c__P2-11E;o__P2-11E;f__P2-11E;g__P2-11E;s__	0.999824022440209
7346f56fa716335ef7c83757f3807913	d__Bacteria;p__Patescibacteria;c__Parcubacteria;o__GWA2-38-13b;f__GWA2-38-13b;g__GWA2-38-13b;s__	0.9271377294550104
0d115c4c67b002b2ea9c2893552f2600	d__Bacteria;p__Planctomycetota;c__Planctomycetes;o__Pirellulales;f__Pirellulaceae;g__Pirellula;s__	0.9887966665958948
4f6a177f7e9493d9554be27f6d9fae2e	d__Bacteria;p__Cyanobacteria;c__Cyanobacteriia;o__Chloroplast;f__Chloroplast;g__Chloroplast;s__	0.9270780411146952
d8fb0c9b035e82dcc813b4a0e4cad62c	d__Bacteria;p__Proteobacteria;c__Alphaproteobacteria;o__Acetobacterales;f__Acetobacteraceae	0.999893089731784
5efb1065587f1d70fa84ea03adeea2af	d__Bacteria;p__Planctomycetota;c__Planctomycetes;o__Gemmatales;f__Gemmataceae;g__uncultured;s__	0.8479046174827243
d18d5ddf24674cdc8c934a56b3b79347	d__Bacteria;p__Proteobacteria;c__Gammaproteobacteria;o__Xanthomonadales	0.9985085181394243
9f4eef5658f41d177d423400743fc2d0	d__Bacteria;p__Bacteroidota;c__Bacteroidia;o__Sphingobacteriales;f__Sphingobacteriaceae	0.7766931572508791
52914b8a1bf7caacc387b4879af0489f	d__Bacteria;p__Planctomycetota;c__Planctomycetes;o__Pirellulales;f__Pirellulaceae;g__uncultured;s__	0.8754576092315189
7f30b60b9b4b1ef5f0f5720fc1ca84a0	d__Bacteria;p__Actinobacteriota;c__Acidimicrobiia	0.8694852359494949
c685c0cd972af28a55074f7a76252414	d__Bacteria;p__Planctomycetota;c__Planctomycetes;o__Pirellulales;f__Pirellulaceae	0.9891309467818715
25d10f5638b8edb8b5061e5eaf12adae	d__Bacteria;p__Planctomycetota	0.9749665255479234
39f55425833dac9c28eaf6f5ea87fdd2	d__Bacteria;p__Acidobacteriota;c__Vicinamibacteria;o__Subgroup_17;f__Subgroup_17;g__Subgroup_17;s__	0.9956897850111518
71b9b64207aae04571925d48f9c31422	d__Bacteria;p__Proteobacteria;c__Gammaproteobacteria;o__Xanthomonadales	0.9991786680751885
99aaae5203cd3c0af9e62b80493a0532	d__Bacteria;p__Patescibacteria;c__Parcubacteria	0.9495003698422335
d75e1d726f47d57bd0037748900962cd	d__Bacteria;p__Myxococcota;c__Polyangia;o__Polyangiales;f__Sandaracinaceae;g__uncultured;s__	0.9890943710592087
f5bcad1619a9db359901e23bc208f1aa	d__Bacteria;p__Bacteroidota;c__Bacteroidia;o__Flavobacteriales;f__Flavobacteriaceae;g__Flavobacterium;s__	0.9640430561701533
c574acc95df9448177f9cdda6497a36e	d__Bacteria;p__Actinobacteriota;c__Actinobacteria;o__Corynebacteriales;f__Nocardiaceae	0.9532653671163507
626c84ca1b79638dc0f38deaf2a4c852	d__Bacteria;p__Proteobacteria;c__Gammaproteobacteria;o__PLTA13;f__PLTA13;g__PLTA13;s__	0.9985695586240128
9088c7b30d99f99e3381c542e2965d45	d__Bacteria;p__Bacteroidota;c__Ignavibacteria;o__SJA-28;f__SJA-28;g__SJA-28;s__	0.9998159968955128
a0da51e9de78ef1fb01f8e2b4528270f	d__Bacteria;p__Planctomycetota;c__Planctomycetes;o__Gemmatales;f__Gemmataceae;g__uncultured;s__	0.7246310493466521
001798dd5ebe414f68228cc1474ed682	d__Bacteria;p__Chloroflexi;c__Anaerolineae	0.9731743474687575
ae4af9f8b34a9b1b2a06b630ad586a04	d__Bacteria;p__Chloroflexi;c__Anaerolineae;o__Caldilineales;f__Caldilineaceae;g__uncultured;s__	0.9953722978784942
3936782be471a87b060e6643437ce0da	d__Bacteria;p__Bacteroidota;c__Ignavibacteria;o__SJA-28;f__SJA-28;g__SJA-28;s__	0.9966463688672487
5363ad893cf48f8d754dd9b55b6c11c4	d__Bacteria;p__Proteobacteria;c__Gammaproteobacteria;o__Burkholderiales;f__SC-I-84;g__SC-I-84;s__	0.9836484576702724
9029f81c62560e785482ce7b95bbf066	d__Bacteria;p__Actinobacteriota;c__Acidimicrobiia;o__Microtrichales;f__Ilumatobacteraceae	0.9952584883866715
c568c60b4b8480bf433f526d14c82beb	d__Bacteria;p__Acidobacteriota;c__Vicinamibacteria;o__Vicinamibacterales;f__uncultured;g__uncultured;s__	0.9964091600068555
a150cef18955e1cc89bff13341534fdf	d__Bacteria;p__Patescibacteria;c__Parcubacteria;o__Candidatus_Zambryskibacteria;f__Candidatus_Zambryskibacteria;g__Candidatus_Zambryskibacteria;s__	0.9893754583033588
f030b152bec2884bb54ad8cf68975589	d__Bacteria;p__Planctomycetota;c__Phycisphaerae;o__Tepidisphaerales;f__WD2101_soil_group;g__WD2101_soil_group;s__	0.9997061133909778
4bb19fc4ae76877d23aefa11a4fffdb1	d__Bacteria	0.9731560281634318
594e125e170dbf94ac760ccc8712a905	d__Bacteria;p__Planctomycetota;c__Planctomycetes;o__Planctomycetales;f__uncultured;g__uncultured;s__	0.8045904574884953
bc809adef151b83e6e4df672c1269d70	d__Bacteria;p__Proteobacteria;c__Gammaproteobacteria;o__Burkholderiales;f__Oxalobacteraceae	0.9959321322197865
2300425d3d1c366b2908ec15c447639b	d__Bacteria;p__Planctomycetota;c__Planctomycetes;o__Pirellulales;f__Pirellulaceae;g__uncultured;s__	0.8824078404059734
29d5430977c8881dd791e4f93b311741	d__Bacteria;p__Patescibacteria;c__Saccharimonadia;o__Saccharimonadales;f__LWQ8;g__LWQ8;s__	0.8870630988040646
2b0e4447aa8ea7336ded5dddcf9b7255	d__Bacteria;p__Patescibacteria;c__Parcubacteria	0.8631898362207316
47655b6cd898bde97b1bb5c79fcaf315	d__Bacteria;p__Acidobacteriota;c__Holophagae;o__Subgroup_7;f__Subgroup_7;g__Subgroup_7;s__	0.9998493768308371
e627da06a826a9cf8753a8bb122ec379	d__Bacteria;p__Planctomycetota;c__OM190;o__OM190;f__OM190;g__OM190;s__	0.9495944938987543
a46ec21b4590a880d633bb04d97d9dd2	d__Bacteria;p__Patescibacteria;c__Parcubacteria	0.8867234886709099
737bca45b2d0d21ce4f04195ab1cd6bf	d__Bacteria;p__Proteobacteria;c__Alphaproteobacteria;o__Holosporales;f__Holosporaceae;g__uncultured;s__	0.9873088864082235
e995a4d81e4b8fe52aca26018c2ed538	d__Bacteria;p__Verrucomicrobiota;c__Verrucomicrobiae;o__S-BQ2-57_soil_group;f__S-BQ2-57_soil_group;g__S-BQ2-57_soil_group;s__	0.9999476472324762
c90b6802d488bb8e39b4a77605f9635e	d__Bacteria;p__Acidobacteriota;c__Vicinamibacteria;o__Vicinamibacterales;f__Vicinamibacteraceae;g__Vicinamibacteraceae;s__	0.9317531166332635
e67f24fd4c8221ad3a41facf1f1032e4	d__Bacteria;p__Acidobacteriota;c__Vicinamibacteria;o__Vicinamibacterales;f__uncultured;g__uncultured;s__	0.9994025035113444
419f57d10880934d1ff6c49f871d3bb9	d__Bacteria;p__Patescibacteria;c__Parcubacteria	0.9705923065201978
04861cbfa1139e8ab73fe04c00c1f5e6	d__Bacteria;p__Acidobacteriota;c__Vicinamibacteria;o__Vicinamibacterales;f__uncultured;g__uncultured;s__	0.8951387130831895
d423b702866b41dd465c4c514baf08ec	d__Bacteria;p__Gemmatimonadota;c__S0134_terrestrial_group;o__S0134_terrestrial_group;f__S0134_terrestrial_group;g__S0134_terrestrial_group;s__	0.9856049600037337
a6c686f3574196b7eaef97adbcaa3911	d__Bacteria;p__Proteobacteria;c__Gammaproteobacteria;o__Xanthomonadales;f__Xanthomonadaceae;g__Lysobacter;s__	0.8090930121864877
ea67bb645770d5a61b3c2776f12208ee	d__Bacteria;p__Verrucomicrobiota;c__Verrucomicrobiae;o__Opitutales;f__Opitutaceae	0.9999952193841622
8d1ad6b83539838eb76291a118b1289e	d__Bacteria;p__Patescibacteria;c__Microgenomatia;o__Candidatus_Collierbacteria;f__Candidatus_Collierbacteria;g__Candidatus_Collierbacteria;s__	0.9892240092947486
133351a6f8dc0136d589defae274feb4	d__Bacteria;p__Gemmatimonadota;c__S0134_terrestrial_group;o__S0134_terrestrial_group;f__S0134_terrestrial_group;g__S0134_terrestrial_group;s__	0.9488594841462638
63f5f4defc238c6af30e0654a3104351	d__Bacteria;p__Proteobacteria;c__Gammaproteobacteria;o__Steroidobacterales;f__Steroidobacteraceae;g__Steroidobacter;s__	0.8626345153291068
466e6d75f387c9380bfad7ea78c9d757	d__Bacteria;p__Patescibacteria;c__Parcubacteria;o__Candidatus_Azambacteria;f__Candidatus_Azambacteria;g__Candidatus_Azambacteria;s__	0.8258848460616348
f100781c06567f716dcfa4611094e261	d__Bacteria;p__Proteobacteria;c__Gammaproteobacteria;o__Burkholderiales	0.9983970845236635
88e79995bd7dcc29928adbfd1c8536e8	d__Bacteria;p__Planctomycetota;c__Pla3_lineage;o__Pla3_lineage;f__Pla3_lineage;g__Pla3_lineage;s__	0.9508133195411314
7b1e0a59585b0f50e154ed6b50d09c41	d__Bacteria;p__Proteobacteria;c__Alphaproteobacteria;o__Rhizobiales;f__Rhizobiales_Incertae_Sedis;g__Nordella;s__	0.9319110776911832
69b45430ffe78673b0176ae879e78dcd	d__Bacteria;p__Proteobacteria;c__Gammaproteobacteria;o__Steroidobacterales;f__Steroidobacteraceae;g__uncultured;s__	0.8436062026207052
76af8c69f1722bafb424ce572368c100	d__Bacteria;p__Patescibacteria;c__Gracilibacteria;o__Candidatus_Peribacteria;f__Candidatus_Peribacteria;g__Candidatus_Peribacteria;s__	0.994170469376423
dd704f179fdc298741c4990051f20f41	d__Bacteria	0.9999167489837
b412c67dad218cb28120a9244a09faa1	d__Bacteria;p__Bacteroidota;c__Ignavibacteria;o__SJA-28;f__SJA-28;g__SJA-28;s__	0.9344518888269424
ecaa1d80455d8fa8b99d231e084c4525	d__Bacteria;p__Acidobacteriota;c__Holophagae;o__Subgroup_7;f__Subgroup_7;g__Subgroup_7;s__	0.9974453563338045
af5d1fa6900d95ee363792d1f8cb6f32	d__Bacteria;p__Acidobacteriota;c__Vicinamibacteria;o__Subgroup_17;f__Subgroup_17;g__Subgroup_17;s__	0.9984037603715195
b43a570aae8ca6b4ae0363522c7e7b7e	d__Bacteria;p__Actinobacteriota;c__MB-A2-108;o__MB-A2-108;f__MB-A2-108;g__MB-A2-108;s__	0.9948181865533691
0c89ebb54edb3e9e757f1ac24979e7e9	d__Bacteria;p__Actinobacteriota;c__Acidimicrobiia;o__IMCC26256;f__IMCC26256;g__IMCC26256;s__	0.7752653043593455
2f0e54a547e2720a5449cb40d9bc5368	d__Bacteria;p__Patescibacteria;c__Saccharimonadia;o__Saccharimonadales;f__Saccharimonadales;g__Saccharimonadales;s__	0.8549688925405087
36a040f142a37993c4e0cd7e54cb69d9	d__Bacteria;p__Patescibacteria;c__Gracilibacteria;o__Candidatus_Peribacteria;f__Candidatus_Peribacteria;g__Candidatus_Peribacteria;s__	0.9993033705951695
4b40bf0a455f281e8e3712443b3c6e18	d__Bacteria;p__Planctomycetota;c__Planctomycetes;o__Pirellulales;f__Pirellulaceae	0.9962641181817277
ec65616f393af5a7a5a691f9565ec15d	d__Bacteria;p__Proteobacteria;c__Gammaproteobacteria;o__Burkholderiales;f__Comamonadaceae	0.9999802942258182
fec301978dc83b1008acff13e6a601eb	d__Bacteria;p__Actinobacteriota;c__Actinobacteria;o__Pseudonocardiales;f__Pseudonocardiaceae;g__Pseudonocardia;s__	0.8114782443118057
9f794b3a3a8b9b3616760ad36419a33e	d__Bacteria;p__Patescibacteria;c__Gracilibacteria;o__Candidatus_Peribacteria;f__Candidatus_Peribacteria;g__Candidatus_Peribacteria;s__	0.9998469801186628
aa5a6bc5f41bf961e2ed2dd921212fa1	d__Bacteria;p__Proteobacteria;c__Gammaproteobacteria;o__Burkholderiales;f__Comamonadaceae;g__Rhizobacter;s__	0.9733164806522374
a106636f38fc13622036fd7e949c9ed9	d__Bacteria;p__Verrucomicrobiota;c__Verrucomicrobiae;o__Chthoniobacterales;f__Chthoniobacteraceae;g__Chthoniobacter;s__	0.8873233769590011
df866a36cf63a7cd37c14e2eaec960a5	d__Bacteria;p__Chloroflexi;c__Chloroflexia;o__Thermomicrobiales;f__JG30-KF-CM45;g__JG30-KF-CM45;s__	0.9972681996968946
0b360cf0ed4256b3250133d6a0250bf0	d__Bacteria;p__Gemmatimonadota	0.9583093472822783
920ad97cdcd22d961a6a7aab1feec65b	d__Bacteria;p__Patescibacteria;c__Parcubacteria;o__Candidatus_Nomurabacteria;f__Candidatus_Nomurabacteria;g__Candidatus_Nomurabacteria;s__	0.9902213257090458
8cc990fb57f59386e2462909cfb59a33	d__Bacteria	0.9997249368352857
af7cfb2411237d810b7d419e89080105	d__Bacteria;p__Planctomycetota;c__Pla4_lineage;o__Pla4_lineage;f__Pla4_lineage;g__Pla4_lineage;s__	0.863527896541489
6725d4db2f04a8b3dd59df1629acd217	d__Bacteria;p__Planctomycetota;c__Planctomycetes;o__Pirellulales;f__Pirellulaceae	0.9806508837681758
e8221b96fb4e9584a7475a2fd28cdb96	d__Bacteria;p__Verrucomicrobiota;c__Verrucomicrobiae;o__Chthoniobacterales;f__Chthoniobacteraceae;g__Chthoniobacter;s__	0.8355804462726272
84c43a1e2e0a02e168f8d8c638599432	d__Bacteria;p__Acidobacteriota;c__Acidobacteriae	0.9999933941508999
f8ca5d0d9e7dd20197524aa7ff33e9e7	d__Bacteria;p__Patescibacteria;c__Parcubacteria;o__GWA2-38-13b;f__GWA2-38-13b;g__GWA2-38-13b;s__	0.9516239016362171
af5314cdbf15281b36bae181cf552457	d__Bacteria;p__Myxococcota;c__Polyangia;o__mle1-27;f__mle1-27;g__mle1-27;s__	0.9890430988846743
c285978cb7535a5e00eccc967213134d	d__Bacteria;p__Planctomycetota;c__Planctomycetes;o__Gemmatales;f__Gemmataceae;g__uncultured;s__	0.9631716279479018
d3fbb2b12e3aa4db39013e76f49db146	d__Bacteria;p__Proteobacteria;c__Gammaproteobacteria;o__CCD24;f__CCD24;g__CCD24;s__	0.7221043019118046
c3c2c632c882c38de111a3ed976c64ff	d__Bacteria;p__Myxococcota;c__Myxococcia;o__Myxococcales;f__Myxococcaceae;g__uncultured;s__	0.7914219115046869
454f9c42064d7a37a73035b35056100f	d__Bacteria;p__Proteobacteria;c__Gammaproteobacteria;o__Burkholderiales;f__Nitrosomonadaceae;g__Ellin6067;s__	0.9952621294753992
44d9220032d3738082f6e228682d3c14	d__Bacteria;p__Chloroflexi;c__Chloroflexia;o__Kallotenuales;f__AKIW781;g__AKIW781;s__	0.9995645868602463
b49256d085d08fe3d72eb07348cb377d	d__Archaea;p__Thermoplasmatota;c__Thermoplasmata;o__uncultured;f__uncultured;g__uncultured;s__	0.8467221855777879
2102c5e8683f0cf5f93669d2a2996d8c	d__Eukaryota;p__Phragmoplastophyta;c__Embryophyta	0.9912815094947696
35526702388803a8a227a682cf4c55bf	d__Bacteria;p__Bacteroidota;c__Bacteroidia;o__Flavobacteriales;f__Flavobacteriaceae;g__Flavobacterium;s__	0.9854096502685445
653bc46d17e1be2d00b637befb752ac5	d__Bacteria;p__Bacteroidota;c__Bacteroidia;o__Chitinophagales;f__Chitinophagaceae	0.9983583896503813
5d533aec6fef625fbaaf1fca14c1dd11	d__Bacteria;p__Planctomycetota;c__Planctomycetes;o__Pirellulales;f__Pirellulaceae;g__Pir4_lineage;s__	0.7282687951800818
ff1cf67da8a98399a7f64d498cd88a74	d__Bacteria;p__Proteobacteria;c__Gammaproteobacteria;o__Burkholderiales;f__Comamonadaceae	0.9997849871691801
d08bbe3eee31557bb26a7785ebaf2b18	d__Bacteria;p__Proteobacteria;c__Gammaproteobacteria;o__Diplorickettsiales;f__Diplorickettsiaceae;g__uncultured;s__	0.7638863056304112
7065215672089168edea95f1a8c57b8b	d__Bacteria;p__Verrucomicrobiota;c__Verrucomicrobiae;o__Verrucomicrobiales	0.9945699538061313
0a96d821a99fc043d23731ffb376ae16	d__Bacteria;p__Planctomycetota;c__Planctomycetes;o__Pirellulales;f__Pirellulaceae	0.9276227616574619
602173266c2f35a10fe300336096e48b	d__Bacteria;p__Planctomycetota	0.7233394203861107
1cd05f4b192486077f92719f031ccc25	d__Bacteria;p__Proteobacteria;c__Gammaproteobacteria;o__Nitrosococcales;f__Nitrosococcaceae;g__wb1-P19;s__	0.9980267138316807
3ef0fa95dcc12b0580fac1cc74f643af	d__Archaea;p__Crenarchaeota;c__Nitrososphaeria;o__Nitrososphaerales;f__Nitrososphaeraceae;g__Candidatus_Nitrocosmicus;s__	0.8085471960289048
f90719297443f3153328bb42f6993497	d__Bacteria;p__Verrucomicrobiota;c__Verrucomicrobiae;o__Chthoniobacterales;f__Chthoniobacteraceae;g__Candidatus_Udaeobacter;s__	0.7073719868332476
5f185273cdb8f5971bf51a841bc68763	d__Bacteria;p__Gemmatimonadota;c__S0134_terrestrial_group;o__S0134_terrestrial_group;f__S0134_terrestrial_group;g__S0134_terrestrial_group;s__	0.9430539508679653
b6741c5a3575b2a6eb9c5e25b08c674c	d__Bacteria;p__Patescibacteria;c__Parcubacteria;o__Candidatus_Kaiserbacteria;f__Candidatus_Kaiserbacteria;g__Candidatus_Kaiserbacteria;s__	0.9897839957248865
81bb17b1484563989bd88b85cf7e65ca	d__Bacteria;p__Sumerlaeota;c__Sumerlaeia;o__Sumerlaeales;f__Sumerlaeaceae;g__Sumerlaea;s__	0.9966734178583627
76369334f2f00b1cda7e41a27463ba4b	d__Bacteria;p__Planctomycetota;c__Planctomycetes;o__Gemmatales;f__Gemmataceae;g__Gemmata;s__	0.9673494820687534
9c43e6b7910aac29912823392d28a6d5	d__Bacteria;p__Verrucomicrobiota;c__Verrucomicrobiae;o__Verrucomicrobiales;f__Verrucomicrobiaceae;g__Prosthecobacter;s__	0.9939762085279324
2f3d73a947d7a859cae2e996f48fb338	d__Bacteria;p__Patescibacteria;c__Berkelbacteria;o__Berkelbacteria;f__Berkelbacteria;g__Berkelbacteria;s__	0.9719157024832028
4584ee5a2e7300af8c1beea7b65dd1f6	d__Bacteria;p__Verrucomicrobiota;c__Verrucomicrobiae;o__Pedosphaerales;f__Pedosphaeraceae;g__DEV114;s__	0.9611698308290536
85627ec8d9dbc81cf00afd39ce53d558	d__Bacteria;p__Verrucomicrobiota;c__Verrucomicrobiae;o__Chthoniobacterales;f__Chthoniobacteraceae;g__Chthoniobacter;s__	0.930165472346021
839ffbce6351f532fd0b7d4e4e739480	d__Bacteria;p__Gemmatimonadota;c__AKAU4049;o__AKAU4049;f__AKAU4049;g__AKAU4049;s__	0.9987532914315801
dd494d5c19e6c087318699a1110e23c5	d__Bacteria;p__Actinobacteriota;c__Acidimicrobiia;o__IMCC26256;f__IMCC26256;g__IMCC26256;s__	0.7114398198175852
2e49d36b91d0025e8cdfb97d681e6499	d__Bacteria;p__Myxococcota;c__Polyangia;o__Polyangiales	0.9851595756390266
ed3f4f192583888d7fe921ee0f9fbffe	d__Bacteria;p__Patescibacteria;c__ABY1	0.7218686150236262
5ada409e860958601e54d125114cfd39	d__Bacteria;p__Actinobacteriota;c__Actinobacteria;o__Pseudonocardiales;f__Pseudonocardiaceae;g__Pseudonocardia;s__	0.93276310770317
c215444d7216e61e9553b22b5560c847	d__Bacteria;p__Acidobacteriota;c__Acidobacteriae	0.9999762914384792
183b092a2518876c09447dd10667e4bc	d__Bacteria;p__Verrucomicrobiota;c__Verrucomicrobiae;o__Chthoniobacterales;f__Chthoniobacteraceae;g__Chthoniobacter;s__	0.8997298711991376
230b11cb261f4a0351bb2a76d5f52461	d__Bacteria;p__Proteobacteria;c__Gammaproteobacteria;o__Xanthomonadales;f__Xanthomonadaceae	0.9751308973251404
5e38a9d3f7192dedbdd691ebb126eda0	d__Bacteria;p__Verrucomicrobiota;c__Verrucomicrobiae;o__Chthoniobacterales;f__Chthoniobacteraceae;g__Candidatus_Udaeobacter;s__	0.7572108182610706
70160f0be3f1110d528b349b6ca0cb30	d__Bacteria;p__Verrucomicrobiota;c__Verrucomicrobiae;o__Pedosphaerales;f__Pedosphaeraceae;g__Ellin516;s__	0.7365757089488414
e28fa71f3c19fa5eedc473786a244b31	d__Bacteria;p__Patescibacteria;c__Microgenomatia;o__Candidatus_Pacebacteria;f__Candidatus_Pacebacteria;g__Candidatus_Pacebacteria;s__	0.9783085974216589
e28e46cca6ed13e8e55403f557d00dfb	d__Bacteria;p__Gemmatimonadota;c__Gemmatimonadetes;o__Gemmatimonadales;f__Gemmatimonadaceae;g__uncultured;s__	0.8487955253484534
9f88389b2a632a378d72b04f9538bee4	d__Bacteria;p__Bacteroidota;c__Bacteroidia;o__Cytophagales;f__Microscillaceae;g__Chryseolinea;s__	0.8703604524461986
d5430fcbb25a72bbb4a213a11511142d	d__Bacteria;p__Verrucomicrobiota;c__Verrucomicrobiae;o__Chthoniobacterales;f__Chthoniobacteraceae;g__Chthoniobacter;s__	0.9373878528660109
b49c7e5a36c0f36418af270ae1660ac6	d__Bacteria;p__Gemmatimonadota;c__Gemmatimonadetes;o__Gemmatimonadales;f__Gemmatimonadaceae	0.9959703644389746
7381992cb5e0371b346518ecfbbc4546	d__Bacteria;p__Chloroflexi;c__Ktedonobacteria;o__C0119;f__C0119;g__C0119;s__	0.8764449376574085
8a6fdcba227c624d1572badee6a9d4a0	d__Bacteria;p__Planctomycetota;c__Phycisphaerae;o__Tepidisphaerales;f__WD2101_soil_group;g__WD2101_soil_group;s__	0.9999061699713991
d2602d7e99451c8ebbe9606667699d9d	d__Bacteria;p__Proteobacteria;c__Gammaproteobacteria;o__Burkholderiales;f__Nitrosomonadaceae;g__Ellin6067;s__	0.9973765615823253
a32e4ef288832765dffe4d20d21abb50	d__Bacteria;p__Verrucomicrobiota;c__Verrucomicrobiae;o__Chthoniobacterales;f__Chthoniobacteraceae;g__Chthoniobacter;s__	0.7845387625487189
3a411254783f3e903697060326a649e0	d__Bacteria;p__Patescibacteria;c__Saccharimonadia;o__Saccharimonadales	0.9999508889513928
cdd4c764540141094896db81ba151267	d__Bacteria;p__Proteobacteria;c__Gammaproteobacteria;o__Salinisphaerales;f__Solimonadaceae	0.9205743965385997
7a42459686577325ef7b512017dd4b22	d__Bacteria;p__Chloroflexi;c__Anaerolineae;o__Caldilineales;f__Caldilineaceae;g__Litorilinea;s__	0.9993146876561482
69ad9d8dcee9928a60e8d1927886e948	d__Bacteria;p__Patescibacteria;c__Saccharimonadia;o__Saccharimonadales;f__Saccharimonadaceae;g__TM7a;s__	0.9894746632223453
c93da8acc6750f54461769b7d7ac9845	d__Bacteria;p__Proteobacteria;c__Gammaproteobacteria;o__Burkholderiales;f__Comamonadaceae;g__Curvibacter;s__	0.8624916968836003
45d000d5de0bff54c7268e794d82a021	d__Bacteria;p__Proteobacteria;c__Gammaproteobacteria;o__Burkholderiales;f__Comamonadaceae	0.9995544742045774
e8833704e6a49ce544e528ae00fa6cb6	d__Bacteria;p__Proteobacteria;c__Gammaproteobacteria;o__Burkholderiales;f__Comamonadaceae	0.99886872973138
c4f804a16506d0ce22ec91145a6d6f9b	d__Bacteria;p__Chloroflexi;c__Anaerolineae;o__SBR1031;f__A4b;g__A4b;s__	0.9694344629771549
a2a4fda8fb1158cc06ffa4bee490e792	d__Bacteria;p__Planctomycetota	0.9753129986436255
fc81cc523406464908afab046e37de61	d__Bacteria;p__Proteobacteria;c__Alphaproteobacteria;o__Rhodobacterales;f__Rhodobacteraceae	0.9999798272251632
9a718565879700df0d8add1f5d948403	d__Bacteria;p__Planctomycetota;c__Planctomycetes;o__Pirellulales;f__Pirellulaceae	0.9882166186768191
0f5db0826399b2b6e3e84c2308d679f9	d__Bacteria;p__Actinobacteriota;c__MB-A2-108;o__MB-A2-108;f__MB-A2-108;g__MB-A2-108;s__	0.9124407571317097
e95d1c1ea99175fce801b30a20c235df	d__Bacteria;p__Proteobacteria;c__Alphaproteobacteria;o__Reyranellales;f__Reyranellaceae;g__Reyranella;s__	0.9579266366775584
1852298fda8e5a573ced326541428ebe	d__Bacteria;p__Chloroflexi;c__Anaerolineae;o__SBR1031	0.7200930053005268
a3fb58aaaa6173a05771e6f857790be9	d__Bacteria;p__Chloroflexi;c__Anaerolineae;o__SBR1031;f__A4b;g__A4b;s__	0.9505063432383069
d8543e688473253be097819c42d2da8d	d__Bacteria;p__Proteobacteria;c__Gammaproteobacteria;o__Burkholderiales;f__Nitrosomonadaceae;g__mle1-7;s__	0.8199068589219897
2138ec74864694d463bb3e37b3bedcce	d__Bacteria;p__Verrucomicrobiota;c__Verrucomicrobiae;o__Chthoniobacterales;f__Chthoniobacteraceae;g__Chthoniobacter;s__	0.9521387921789233
e73a64ff869f3eec229707bade023c09	d__Bacteria;p__Planctomycetota;c__Planctomycetes;o__Planctomycetales;f__uncultured;g__uncultured;s__	0.9969336044951131
07a8db96e70a91eb32c4d8f000acbbc9	d__Bacteria;p__Latescibacterota;c__Latescibacterota;o__Latescibacterota;f__Latescibacterota;g__Latescibacterota;s__	0.9281967596602326
947f9e12f37dfcdeeb1d7e2b50019e28	d__Bacteria;p__Proteobacteria;c__Gammaproteobacteria;o__Salinisphaerales;f__Solimonadaceae	0.8971875751015512
bf09b169c7bfca74e0f293b042f416a0	d__Bacteria;p__Gemmatimonadota;c__Gemmatimonadetes;o__Gemmatimonadales;f__Gemmatimonadaceae;g__uncultured;s__	0.7996143649700987
9c3cc1c5ccae942aab7eaed097085223	d__Bacteria;p__Armatimonadota;c__Fimbriimonadia;o__Fimbriimonadales;f__Fimbriimonadaceae;g__Fimbriimonadaceae;s__	0.9725200704026163
7ef7a52594e826ef5fc8f95e67233901	d__Bacteria;p__Actinobacteriota;c__Thermoleophilia;o__Solirubrobacterales;f__67-14;g__67-14;s__	0.9666538935675596
342530fb566153242c78b6e8952d11f4	d__Bacteria;p__Chloroflexi;c__Anaerolineae;o__Ardenticatenales;f__uncultured;g__uncultured;s__	0.9563018361445162
439d52391298f65156a5b257371985ed	d__Bacteria;p__Acidobacteriota;c__Thermoanaerobaculia;o__Thermoanaerobaculales;f__Thermoanaerobaculaceae;g__Subgroup_10;s__	0.9982385550308868
0951d806460797edc8a3a9d5a56faaac	d__Bacteria;p__Patescibacteria;c__Parcubacteria;o__Parcubacteria;f__Parcubacteria;g__Parcubacteria;s__	0.7075674614559944
af738a98206478004f9b6aefb8d5294a	d__Bacteria;p__Myxococcota;c__Polyangia	0.9988228789885021
29aa6dafa6665fcddb05b98fa28f830b	d__Bacteria;p__Chloroflexi;c__Ktedonobacteria;o__C0119;f__C0119;g__C0119;s__	0.892835358109516
ae8ff5f58bab4ea027416ea57ca87eab	d__Bacteria;p__Chloroflexi;c__Anaerolineae;o__SBR1031;f__A4b;g__A4b;s__	0.9642162554032759
4d8ab9470e5e20626b17922c92d46060	d__Bacteria;p__Planctomycetota;c__Planctomycetes;o__Planctomycetales;f__uncultured;g__uncultured;s__	0.9833822205258548
f3155f331434758d8eedab6eb4662127	d__Bacteria;p__Verrucomicrobiota;c__Verrucomicrobiae;o__Chthoniobacterales;f__Chthoniobacteraceae;g__Chthoniobacter;s__	0.748838889643877
592c840e74f89d6b2e9ae7ce70641d54	d__Bacteria;p__Verrucomicrobiota;c__Verrucomicrobiae;o__Chthoniobacterales;f__Chthoniobacteraceae;g__Chthoniobacter;s__	0.779301882492914
a45734d67b09ec7ed554b979a1cc97cd	d__Bacteria;p__Verrucomicrobiota;c__Verrucomicrobiae;o__Pedosphaerales;f__Pedosphaeraceae	0.9997709950499877
d1b626540d8a885946f5a9bd34877c48	d__Bacteria;p__Acidobacteriota;c__Vicinamibacteria;o__Vicinamibacterales;f__Vicinamibacteraceae;g__Vicinamibacteraceae;s__	0.9902245870649787
5b8f74d5e1cde0df67ea1c370ce94023	d__Bacteria;p__Acidobacteriota;c__Thermoanaerobaculia;o__Thermoanaerobaculales;f__Thermoanaerobaculaceae;g__Subgroup_10;s__	0.8265377457195945
12c7b89e49a7ccc1fc22f90c8920ce74	d__Bacteria;p__Planctomycetota;c__Planctomycetes;o__uncultured;f__uncultured;g__uncultured;s__	0.9885405556104003
449c018ddffcc6c7403f3bbd2ed77fae	d__Bacteria;p__Acidobacteriota;c__Vicinamibacteria;o__Vicinamibacterales;f__Vicinamibacteraceae;g__Vicinamibacteraceae;s__	0.8950716452774466
8c29e8fd6d5d33fbd8659d48a021aed1	d__Bacteria;p__Bdellovibrionota;c__Bdellovibrionia;o__Bdellovibrionales;f__Bdellovibrionaceae;g__OM27_clade;s__	0.9199133766906196
4c3fe17676703f5c7a18ceb6bf06dfb5	d__Bacteria;p__Planctomycetota;c__Planctomycetes;o__Gemmatales;f__Gemmataceae;g__Gemmata;s__	0.8337786037924213
35e2ade241959b7c0061b5f45393bf37	d__Bacteria;p__Patescibacteria;c__Berkelbacteria;o__Berkelbacteria;f__Berkelbacteria;g__Berkelbacteria;s__	0.9705899462492966
531321da880cf05fcbd49af68140f96c	d__Bacteria;p__Bacteroidota;c__Bacteroidia;o__Sphingobacteriales;f__env.OPS_17;g__env.OPS_17;s__	0.9323243205328038
708aefad2edccfa9de0d22f83d6b2430	d__Bacteria;p__Bacteroidota;c__Bacteroidia;o__Chitinophagales;f__Chitinophagaceae;g__Ferruginibacter;s__	0.8271872310865825
d64df276a5db9e29341ed7732379d771	d__Bacteria;p__Chloroflexi;c__Anaerolineae;o__RBG-13-54-9;f__RBG-13-54-9;g__RBG-13-54-9;s__	0.9678681837787696
e0a2d3aca1d8baddb3d1b9cdde23f26f	d__Bacteria;p__Chloroflexi;c__Chloroflexia;o__Thermomicrobiales;f__JG30-KF-CM45;g__JG30-KF-CM45;s__	0.7397800254347261
8dad53007e2c76ff7d9ac05e8fdb65b0	d__Bacteria;p__Planctomycetota;c__Planctomycetes;o__Pirellulales;f__Pirellulaceae;g__Pir4_lineage;s__	0.8802201833140748
3dd5bdfa5da2f8595db2668b19615a26	d__Bacteria;p__Gemmatimonadota;c__Gemmatimonadetes;o__Gemmatimonadales;f__Gemmatimonadaceae	0.8820751649002552
ef5615cef799203b41737c858c609d63	d__Bacteria;p__Bacteroidota;c__Bacteroidia;o__Sphingobacteriales;f__env.OPS_17;g__env.OPS_17;s__	0.9998493444342161
cef94431b7ec288e1430d67ac0f25ddf	d__Bacteria;p__Proteobacteria;c__Gammaproteobacteria	0.9993223368362296
c372dd556b830ec6d6944c1fc2847fd6	d__Bacteria;p__Patescibacteria;c__Gracilibacteria;o__Absconditabacteriales_(SR1);f__Absconditabacteriales_(SR1);g__Absconditabacteriales_(SR1);s__	0.9993951301324632
7e10acc3c8bcbc618ffa054b2d04d10a	d__Bacteria;p__Patescibacteria	0.9995981632448673
5b9957ea0790f88f53a59a1b672c4826	d__Bacteria;p__Bdellovibrionota;c__Oligoflexia;o__0319-6G20;f__0319-6G20;g__0319-6G20;s__	0.9150796006017118
db59ae056402d0238cde81ccc306d32c	d__Bacteria;p__Planctomycetota;c__Planctomycetes;o__Pirellulales;f__Pirellulaceae;g__uncultured;s__	0.8186094680034709
0b63376169a5d77ae76db4bbd632f340	d__Archaea;p__Thermoplasmatota;c__Thermoplasmata;o__uncultured;f__uncultured;g__uncultured;s__	0.8753188823918802
886756f7e0b4873809e3304b6a2cf4e6	d__Bacteria;p__Chloroflexi;c__Anaerolineae;o__RBG-13-54-9;f__RBG-13-54-9;g__RBG-13-54-9;s__	0.7114637368920791
4941a1ca387f8cb85ed8838f9cc01e34	d__Bacteria;p__Planctomycetota;c__Phycisphaerae;o__Tepidisphaerales;f__Tepidisphaeraceae;g__Tepidisphaeraceae;s__	0.9999893888083974
7cf1525d8b9fc285cea0534a4283c049	d__Bacteria;p__Bdellovibrionota;c__Bdellovibrionia;o__Bacteriovoracales;f__Bacteriovoracaceae;g__Peredibacter;s__	0.7896528077590431
fa4887724b1e58ad91e4d67c287ec48f	d__Bacteria	0.9999035210931739
b205d817db869e23f7bf9072ca9eaa28	d__Bacteria;p__Bacteroidota;c__Bacteroidia;o__Cytophagales;f__Microscillaceae;g__Ohtaekwangia;s__	0.8231378755902605
0e20fbdd185a19e90cbedee5849a8d1d	d__Bacteria;p__Patescibacteria;c__Parcubacteria;o__Candidatus_Kaiserbacteria;f__Candidatus_Kaiserbacteria;g__Candidatus_Kaiserbacteria;s__	0.9920367106242718
1c9b5e8791e5d71ab6823d351dc3e25c	d__Bacteria;p__Planctomycetota	0.9558619280976102
8553839afb0399785f804aee548db592	d__Bacteria;p__Bacteroidota;c__Bacteroidia;o__Flavobacteriales;f__Crocinitomicaceae;g__Fluviicola;s__	0.9942582066440908
e617413ee1d4da88b1df3e2b9475f207	d__Bacteria;p__Patescibacteria;c__Berkelbacteria;o__Berkelbacteria;f__Berkelbacteria;g__Berkelbacteria;s__	0.7232626595591912
0995780ebb1d757fe0a54f72ba3a5838	d__Bacteria;p__Proteobacteria;c__Gammaproteobacteria;o__Burkholderiales	0.9994981616827756
7adebf978cfe5dee23caa732e474085d	d__Bacteria;p__Bacteroidota;c__Bacteroidia;o__Chitinophagales;f__37-13;g__37-13;s__	0.9889543534556393
39b67d7fdb886f2c0d01c1e7ac0375d1	d__Bacteria;p__Methylomirabilota;c__Methylomirabilia;o__Rokubacteriales;f__Rokubacteriales;g__Rokubacteriales;s__	0.9996913315464546
ccaa0234867830da93b31cc827adcdfc	d__Bacteria;p__Proteobacteria;c__Gammaproteobacteria;o__Burkholderiales;f__Nitrosomonadaceae;g__Ellin6067;s__	0.9772160876337139
2545436bd2308c12455922f026a7906b	d__Bacteria;p__Planctomycetota;c__Planctomycetes;o__Gemmatales;f__Gemmataceae	0.9998575769832992
60f647a12a0a2059aac58158b9a37de9	d__Eukaryota;p__Phragmoplastophyta;c__Embryophyta	0.9851828333245314
3fe68ca67c5716e51a3c7650ee5bfabc	d__Bacteria;p__Acidobacteriota;c__Vicinamibacteria;o__Vicinamibacterales;f__uncultured;g__uncultured;s__	0.7628623839089221
c4f18727dadef41324d9ae615b09aecf	d__Bacteria;p__Patescibacteria;c__Parcubacteria	0.974825239143627
d845acd846710afd30c430246f3afa8f	d__Bacteria;p__Planctomycetota;c__Planctomycetes;o__Planctomycetales;f__uncultured;g__uncultured;s__	0.9864183111880158
d8d8f04d0e38995d4841881518168f41	d__Bacteria;p__Planctomycetota;c__Planctomycetes;o__Planctomycetales;f__uncultured;g__uncultured;s__	0.7915536849257974
09af7c96e4c148f1ea5b1c0ee1f541b1	d__Bacteria;p__Acidobacteriota;c__Vicinamibacteria;o__Vicinamibacterales;f__Vicinamibacteraceae;g__Vicinamibacteraceae;s__	0.9141939952307765
9aa055048906a752041aee6bb2c4e1bc	d__Bacteria;p__Planctomycetota;c__Planctomycetes;o__Planctomycetales;f__Rubinisphaeraceae;g__SH-PL14;s__	0.9905010246213862
052f6d9b0eb79faeaaab193c4430d9df	d__Bacteria;p__Actinobacteriota;c__Thermoleophilia;o__Solirubrobacterales;f__67-14;g__67-14;s__	0.7373400306672452
646581fd0588ca480d5e844dc402ba3b	d__Bacteria;p__Bacteroidota;c__Bacteroidia;o__Sphingobacteriales	0.932809253829605
52b2b883c809fc3fa7998ad523492d92	d__Bacteria;p__Proteobacteria;c__Gammaproteobacteria;o__Burkholderiales;f__Nitrosomonadaceae;g__MND1;s__	0.8638233069930299
b5be5a64d8ec49aff8e58100709f79a7	d__Bacteria;p__Verrucomicrobiota;c__Verrucomicrobiae;o__Pedosphaerales;f__Pedosphaeraceae;g__DEV114;s__	0.9516506764344392
d82709da0d4c29d36cb7ae738673eb3c	d__Bacteria;p__Planctomycetota;c__Phycisphaerae;o__Tepidisphaerales;f__WD2101_soil_group;g__WD2101_soil_group;s__	0.9955848439769517
1c82a3454781fb3d95f2b0075e975347	d__Bacteria;p__Bacteroidota;c__Bacteroidia;o__Cytophagales;f__Microscillaceae	0.9999621347284178
76ac0b4ee551e5530c456d73405e869f	d__Bacteria;p__Chloroflexi;c__Chloroflexia;o__Kallotenuales;f__AKIW781;g__AKIW781;s__	0.9997065222788549
173ece7007ba3598407e92975fb433b0	d__Bacteria;p__Hydrogenedentes;c__Hydrogenedentia;o__Hydrogenedentiales;f__Hydrogenedensaceae;g__Hydrogenedensaceae;s__	0.9900741307357959
4f7036cd72afb3c375020476d937a7ee	d__Bacteria;p__Bacteroidota;c__Bacteroidia;o__Sphingobacteriales;f__AKYH767;g__AKYH767;s__	0.9956898757985736
5020eef0c3ff13cf1ce2220877ea2206	d__Bacteria;p__Chloroflexi;c__Anaerolineae;o__Caldilineales;f__Caldilineaceae;g__uncultured;s__	0.8684613370660678
fb2bfd583ec95903d77064f2f4ac905c	d__Bacteria;p__Patescibacteria;c__Parcubacteria;o__Candidatus_Vogelbacteria;f__Candidatus_Vogelbacteria;g__Candidatus_Vogelbacteria;s__	0.9246507289422153
e3d37300680163124af60e24ca5925d8	d__Bacteria;p__Chloroflexi;c__KD4-96;o__KD4-96;f__KD4-96;g__KD4-96;s__	0.9991628311667651
fe4bb6651dff9c58d8dc4becba94345b	d__Bacteria;p__Patescibacteria;c__Saccharimonadia;o__Saccharimonadales;f__YM_S32_TM7_50_20;g__YM_S32_TM7_50_20;s__	0.9958972538997287
e37f7c3854ff35170167c8459844d835	d__Bacteria;p__Bacteroidota;c__Bacteroidia;o__Sphingobacteriales;f__AKYH767;g__AKYH767;s__	0.989569101142961
ecc546f2a8748e7f0db5d43ffdaaea0a	d__Bacteria;p__Patescibacteria;c__ABY1;o__Candidatus_Uhrbacteria;f__Candidatus_Uhrbacteria;g__Candidatus_Uhrbacteria;s__	0.9890420896739959
12750beb4661c97945f39f4a60562df1	d__Bacteria;p__Patescibacteria;c__Parcubacteria;o__GWA2-38-13b;f__GWA2-38-13b;g__GWA2-38-13b;s__	0.9503566459920928
e38171d00fdcaed7b17286b43982a01b	d__Bacteria;p__Bacteroidota;c__Bacteroidia;o__Sphingobacteriales;f__AKYH767;g__AKYH767;s__	0.9929031823580583
10bb5d07710b4739a0483033fd37e6da	d__Bacteria;p__Verrucomicrobiota;c__Verrucomicrobiae;o__Chthoniobacterales;f__Chthoniobacteraceae;g__Chthoniobacter;s__	0.9464519717457949
e6ae7162240743b802fb93e87143f9c6	d__Archaea;p__Thermoplasmatota;c__Thermoplasmata;o__uncultured;f__uncultured;g__uncultured;s__	0.8878355117987804
7fcaacb8ff200977d8b428fe7d498025	d__Bacteria;p__Acidobacteriota;c__Vicinamibacteria;o__Vicinamibacterales;f__uncultured;g__uncultured;s__	0.9982694622908367
b7f9d637a41a606a34b212fef557991f	d__Bacteria;p__Verrucomicrobiota;c__Verrucomicrobiae;o__Pedosphaerales;f__Pedosphaeraceae	0.9999207717307681
a1e0531eff681d39a7b290ee11363166	d__Bacteria;p__Verrucomicrobiota;c__Verrucomicrobiae;o__Pedosphaerales;f__Pedosphaeraceae	0.9997442392750668
c5ddf3edcd820b87f908221f59d09777	d__Bacteria;p__Patescibacteria;c__Parcubacteria	0.850871805561389
05a51f6cf97eeb633fe05ebc2cf0275c	d__Bacteria;p__Planctomycetota;c__OM190;o__OM190;f__OM190;g__OM190;s__	0.9905461685192521
7211b058a589a3fcd770c5f67f552d9d	d__Bacteria;p__Planctomycetota;c__Planctomycetes;o__Planctomycetales;f__uncultured;g__uncultured;s__	0.9799207157161768
7d1bcc9c92e62dcfa5a725f9f5605f18	d__Bacteria;p__Planctomycetota;c__Phycisphaerae;o__Phycisphaerales;f__Phycisphaeraceae;g__I-8;s__	0.8870109341805592
8499554d5e0e98b2b3bbd23297489fdd	d__Bacteria;p__Planctomycetota;c__Planctomycetes;o__uncultured;f__uncultured;g__uncultured;s__	0.9757419745940376
9c61f15a82ad7fdc50d7d6234f4ae4a5	d__Bacteria;p__Bacteroidota;c__Bacteroidia;o__Flavobacteriales;f__Flavobacteriaceae;g__Flavobacterium;s__	0.964423800279227
adf1c04c37c71f44a91b1ce7b8664450	d__Bacteria;p__Proteobacteria;c__Gammaproteobacteria;o__Pseudomonadales;f__Porticoccaceae;g__C1-B045;s__	0.9982860122700905
8d9acf490f576fe90cf88e3c9a076617	d__Bacteria;p__Chloroflexi;c__Anaerolineae	0.8332980219069099
292444219b84fc839a533e744c89d732	d__Eukaryota;p__Ascomycota	0.9976077329637436
698bda9d8a5292105aa2001190605ea2	d__Bacteria;p__Patescibacteria;c__Parcubacteria	0.979799831546695
39d2cfbd8345d390b325b6d958c30c38	d__Bacteria;p__Patescibacteria;c__Parcubacteria;o__Candidatus_Moranbacteria;f__Candidatus_Moranbacteria;g__Candidatus_Moranbacteria;s__	0.8139542297533566
65771c939f4f77ad8ef4a841c695ac20	d__Archaea;p__Thermoplasmatota;c__Thermoplasmata;o__uncultured;f__uncultured;g__uncultured;s__	0.9019945597424304
e4fc68a52f3bc86979cb6c4dbaab9645	d__Bacteria;p__Bacteroidota;c__Bacteroidia;o__Chitinophagales	0.9241225708745785
3b26cc0bb56fac8f3a6c7557c2ed7107	d__Eukaryota;p__Ascomycota;c__Dothideomycetes;o__Capnodiales;f__Mycosphaerellaceae	0.9470576508220141
8e2ee833f4affeb7220b9da95d419e6b	d__Bacteria;p__Proteobacteria;c__Gammaproteobacteria;o__Burkholderiales;f__Comamonadaceae	0.9999856569600785
340721ff055ffbf4b48cefd648e5b3e0	d__Bacteria;p__Proteobacteria;c__Gammaproteobacteria;o__Salinisphaerales;f__Solimonadaceae;g__Panacagrimonas;s__	0.9493844360106082
6fc4497a1ded857f30da5689ed5fd965	d__Bacteria;p__Verrucomicrobiota;c__Verrucomicrobiae;o__Verrucomicrobiales;f__Verrucomicrobiaceae	0.9966147904207278
de55f6805a5505f66b64233fc42945f5	d__Bacteria;p__Planctomycetota;c__Planctomycetes;o__Pirellulales;f__Pirellulaceae;g__uncultured;s__	0.8559802888253837
670ab9b13837ce2c99e97d85baf35c56	d__Bacteria;p__Actinobacteriota;c__Acidimicrobiia;o__uncultured;f__uncultured;g__uncultured;s__	0.7272868376918192
5618c4a68bbebbf0f1bfefe6247a311b	d__Bacteria;p__Chloroflexi;c__KD4-96;o__KD4-96;f__KD4-96;g__KD4-96;s__	0.9749187910853648
597f6b9d5aede99371e4d7a6ff562eaf	d__Bacteria;p__Chloroflexi;c__Chloroflexia;o__Thermomicrobiales;f__JG30-KF-CM45;g__JG30-KF-CM45;s__	0.9982703904580502
2817428ec4188e23a5ef5d8656a1c24b	d__Bacteria;p__Bacteroidota;c__Bacteroidia;o__Sphingobacteriales;f__env.OPS_17;g__env.OPS_17;s__	0.999153688534037
2d232f1267103daa56a05dc81d51b4bc	d__Bacteria;p__Myxococcota;c__Polyangia;o__Blfdi19;f__Blfdi19;g__Blfdi19;s__	0.964004913251225
9611e8d977778d1b3afcbcb1bb1ca35a	d__Bacteria;p__Bacteroidota;c__Bacteroidia;o__Chitinophagales;f__Chitinophagaceae;g__Terrimonas;s__	0.7603550929089882
5ed9ec67a769af87441aa40851fcd355	d__Bacteria;p__Proteobacteria;c__Gammaproteobacteria;o__Xanthomonadales;f__Rhodanobacteraceae;g__uncultured;s__	0.7961725603584134
dbb94f591b22e7d124c186f3496755ef	d__Bacteria;p__Planctomycetota;c__Planctomycetes;o__Pirellulales;f__Pirellulaceae;g__uncultured;s__	0.8364603501966031
cae5ff9691af05392548df53cf92d482	d__Bacteria;p__Bacteroidota;c__Bacteroidia;o__Sphingobacteriales;f__Sphingobacteriaceae;g__Pedobacter;s__	0.9961182326788736
1494d3e0dea1043788c4cfd28ed10af5	d__Bacteria;p__Planctomycetota;c__OM190;o__OM190;f__OM190;g__OM190;s__	0.9944775987019812
da48c131f3907a70b43fcaf58136cb35	d__Bacteria;p__Chloroflexi;c__Chloroflexia;o__Chloroflexales;f__Chloroflexaceae;g__FFCH7168;s__	0.996040354165306
6eee4494fcc438f07dcc80cf92c2664a	d__Bacteria;p__Bdellovibrionota;c__Bdellovibrionia;o__Bdellovibrionales;f__Bdellovibrionaceae;g__OM27_clade;s__	0.8663697589678397
45950da10be5c83eb3fd75b4c5b1174e	d__Bacteria;p__Chloroflexi;c__Chloroflexia;o__Kallotenuales;f__AKIW781;g__AKIW781;s__	0.9998614520458667
9cddf31d046e905bef1bef06d727045a	d__Bacteria;p__Chloroflexi;c__Anaerolineae;o__RBG-13-54-9;f__RBG-13-54-9;g__RBG-13-54-9;s__	0.8654985468328976
c836b63aa6b582b118fc8bbea0d53cb7	d__Bacteria;p__NB1-j;c__NB1-j;o__NB1-j;f__NB1-j;g__NB1-j;s__	0.9594310908218895
605e425950a9616db1df6af3d76a6d3b	d__Bacteria	0.9999999214998518
c369c4edffcc703cbe73afd446b43ac4	d__Bacteria;p__Acidobacteriota;c__Vicinamibacteria;o__Vicinamibacterales;f__uncultured;g__uncultured;s__	0.9993277777481896
20be0867b9da50c0356f20f3063163d9	d__Bacteria;p__Planctomycetota;c__OM190;o__OM190;f__OM190;g__OM190;s__	0.9434181795998741
2338469b66919d09541f1c10e46cad60	d__Bacteria;p__NB1-j;c__NB1-j;o__NB1-j;f__NB1-j;g__NB1-j;s__	0.9590388343301782
be9099031a7333a717ac602d3b5325cd	d__Bacteria;p__Acidobacteriota;c__AT-s3-28;o__AT-s3-28;f__AT-s3-28;g__AT-s3-28;s__	0.9993523665160243
1af31323d36fc6b1570d3c9a9c567f52	d__Bacteria;p__Patescibacteria;c__Parcubacteria;o__Candidatus_Zambryskibacteria;f__Candidatus_Zambryskibacteria;g__Candidatus_Zambryskibacteria;s__	0.9663599436232678
ec8179caae23c07a2f783dc1b5e173b7	d__Bacteria;p__Elusimicrobiota;c__Lineage_IIa;o__Lineage_IIa;f__Lineage_IIa;g__Lineage_IIa;s__	0.9985585102519299
044920aa089c6161fbc187e29c5f7467	d__Bacteria;p__MBNT15;c__MBNT15;o__MBNT15;f__MBNT15;g__MBNT15;s__	0.9140045983402706
ea44fa31a2f400779d353abb4c1674f2	d__Bacteria;p__Patescibacteria;c__ABY1;o__Candidatus_Magasanikbacteria;f__Candidatus_Magasanikbacteria;g__Candidatus_Magasanikbacteria;s__	0.9407396265747344
2c1d63ce47df398ae717ed960d273287	d__Bacteria;p__Patescibacteria;c__Parcubacteria;o__Candidatus_Azambacteria;f__Candidatus_Azambacteria;g__Candidatus_Azambacteria;s__	0.9537691886852265
465645983f081c485610bf81e09e05ba	d__Bacteria;p__Acidobacteriota;c__Vicinamibacteria;o__Vicinamibacterales;f__uncultured;g__uncultured;s__	0.9974113745196745
dded625571a263eb10692921cb9c643c	d__Bacteria;p__Planctomycetota;c__OM190;o__OM190;f__OM190;g__OM190;s__	0.9899386026558588
018e384357994203b5bb4bc5004b87da	d__Bacteria;p__Acidobacteriota;c__Subgroup_25;o__Subgroup_25;f__Subgroup_25;g__Subgroup_25;s__	0.9301324552612339
688e2bb5729ae9b5902e8b9969936187	d__Bacteria;p__Patescibacteria;c__Parcubacteria	0.7877375480279858
43f8de5ae1f5dafc2602f351cbf67873	d__Bacteria;p__Bacteroidota;c__Bacteroidia;o__Cytophagales;f__Cytophagaceae;g__Cytophaga;s__	0.8696298575510385
0411bfaf303f86ff6e199dede451c8db	d__Bacteria;p__Acidobacteriota;c__Blastocatellia;o__Blastocatellales;f__Blastocatellaceae	0.9997698624626219
5436aa4d64750520dc2f7f30466229e0	d__Bacteria;p__Planctomycetota;c__Planctomycetes;o__Isosphaerales;f__Isosphaeraceae	0.9992203372508643
3858326318871c779a639a40948b3a3c	d__Bacteria;p__Myxococcota;c__Polyangia;o__Polyangiales;f__Polyangiaceae;g__uncultured;s__	0.8277560755252544
4ec0e80f71309c2c5efa7b80aba9c1de	d__Bacteria;p__Acidobacteriota;c__Vicinamibacteria;o__Vicinamibacterales;f__uncultured;g__uncultured;s__	0.925983365025689
2980190a659a4345544728faf6e9bb3e	d__Bacteria;p__Planctomycetota;c__Phycisphaerae;o__CCM11a;f__CCM11a;g__CCM11a;s__	0.9680723370515624
a7c9abfe38780fd932f6904204fc7e99	d__Bacteria;p__Sumerlaeota;c__Sumerlaeia;o__Sumerlaeales;f__Sumerlaeaceae;g__Sumerlaea;s__	0.9483784505715546
d3508454f226d323644c0d95106250cc	d__Bacteria;p__Patescibacteria;c__Gracilibacteria;o__Absconditabacteriales_(SR1);f__Absconditabacteriales_(SR1);g__Absconditabacteriales_(SR1);s__	0.9853098110877376
eb02c0f916f2dbd042bc4e87d8ae9741	d__Bacteria;p__Cyanobacteria;c__Cyanobacteriia;o__Chloroplast;f__Chloroplast;g__Chloroplast;s__	0.9698504391361795
d13cda36dcbb577a24f61485af316668	d__Bacteria;p__Planctomycetota;c__Phycisphaerae;o__Phycisphaerales;f__Phycisphaeraceae;g__AKYG587;s__	0.999131706242202
e2da5e659809b9fbec13d026f37b9de2	d__Bacteria;p__Patescibacteria;c__Parcubacteria;o__Candidatus_Nomurabacteria;f__Candidatus_Nomurabacteria;g__Candidatus_Nomurabacteria;s__	0.9454738622673454
887553434b768dd28471e7e20db40d56	d__Bacteria;p__Chloroflexi;c__Anaerolineae;o__SBR1031;f__A4b;g__A4b;s__	0.9932753526986275
48a872679bfdd89ee0624712e12772ac	d__Bacteria;p__Proteobacteria;c__Gammaproteobacteria	0.9999979993264072
bda23627580c1fe4f0c6026e92fd3c3f	d__Bacteria;p__Patescibacteria;c__Parcubacteria;o__Candidatus_Nomurabacteria;f__Candidatus_Nomurabacteria;g__Candidatus_Nomurabacteria;s__	0.9886118755484248
fcd6c79f5bd893b0f7c6f983bef1f4de	d__Bacteria;p__Acidobacteriota;c__Vicinamibacteria;o__Vicinamibacterales;f__uncultured;g__uncultured;s__	0.8042763046916441
84ccf10f044dd3ffc9dc05050c92834d	d__Bacteria;p__Patescibacteria;c__Microgenomatia;o__Candidatus_Daviesbacteria;f__Candidatus_Daviesbacteria;g__Candidatus_Daviesbacteria;s__	0.9997336161035676
fb8ede75ecb610c41d9a4a03ae7a563c	d__Eukaryota;p__Vertebrata	0.9981267708235088
2931c592d3a017d30fab33c573b0fb6a	d__Bacteria;p__Proteobacteria;c__Gammaproteobacteria;o__Burkholderiales	0.9967985968823116
6f2854deb689edd230e1aca51c0386b2	d__Bacteria;p__Planctomycetota;c__Planctomycetes;o__Pirellulales;f__Pirellulaceae	0.9874590817165199
08ce6f4e914f2f013750bb1ff02069ba	d__Bacteria;p__Planctomycetota;c__Planctomycetes;o__Pirellulales;f__Pirellulaceae;g__Pirellula;s__	0.987351591791226
0c44b46c0ff54b3935922660273e2c61	d__Bacteria;p__Patescibacteria;c__Parcubacteria;o__Candidatus_Azambacteria;f__Candidatus_Azambacteria;g__Candidatus_Azambacteria;s__	0.7462064610505221
e62fb392c67c869aafacdd2894ca2280	d__Bacteria;p__Planctomycetota;c__Planctomycetes;o__Pirellulales;f__Pirellulaceae	0.9962532306570983
b29e1311e6f38a2e034a5219eaba49b9	d__Bacteria;p__Actinobacteriota;c__Actinobacteria;o__0319-7L14;f__0319-7L14;g__0319-7L14;s__	0.9326148269662485
ad1eda88addad9695bff873475243b89	d__Bacteria;p__Planctomycetota;c__OM190;o__OM190;f__OM190;g__OM190;s__	0.9955198336208989
ed9050233f517f060d44af119721215c	d__Bacteria	0.9998944949127396
bddfbf85221073cacd29151af25390b0	d__Bacteria;p__Gemmatimonadota;c__Gemmatimonadetes;o__Gemmatimonadales;f__Gemmatimonadaceae	0.9694224375409771
66222005339fffcf7376e332affe98f8	d__Bacteria;p__Planctomycetota;c__Planctomycetes;o__Pirellulales;f__Pirellulaceae	0.7338847901871322
18daca398bf87c0f14cdcd74cd817f4b	d__Bacteria;p__Verrucomicrobiota;c__Verrucomicrobiae;o__Chthoniobacterales;f__Chthoniobacteraceae;g__Candidatus_Udaeobacter;s__	0.8567881329068746
c15017c4c4491904cbe07a64ad65da5f	d__Bacteria;p__Bacteroidota;c__Bacteroidia;o__Sphingobacteriales;f__AKYH767;g__AKYH767;s__	0.9978204563159196
62408a93001b7ba1a4eb8166ec0ca711	d__Bacteria;p__Planctomycetota;c__Pla4_lineage;o__Pla4_lineage;f__Pla4_lineage;g__Pla4_lineage;s__	0.9416240726637525
58b0f66785389bbaa84c400144e5c8a1	d__Bacteria;p__Chloroflexi;c__Anaerolineae;o__Caldilineales;f__Caldilineaceae	0.9657292946073017
2b055019bb7db2a834e339257be11023	d__Bacteria;p__Planctomycetota;c__Planctomycetes;o__Planctomycetales;f__uncultured;g__uncultured;s__	0.8653580284205613
fe44fc29eeab8209711e7cf0a63c03c3	d__Bacteria;p__Verrucomicrobiota;c__Verrucomicrobiae;o__Pedosphaerales;f__Pedosphaeraceae	0.9992920990204786
30d5a254ad98ae571f91fa6dcebe0358	d__Bacteria;p__Planctomycetota;c__Phycisphaerae;o__Tepidisphaerales;f__WD2101_soil_group;g__WD2101_soil_group;s__	0.9998597374756477
65a5ca8c31e8439bf2f68863242bb120	d__Bacteria;p__Planctomycetota;c__Planctomycetes;o__uncultured;f__uncultured;g__uncultured;s__	0.9838338184213341
eed873d6b1b5d13dccedee02f43da7da	d__Bacteria;p__Patescibacteria;c__Microgenomatia;o__Candidatus_Collierbacteria;f__Candidatus_Collierbacteria;g__Candidatus_Collierbacteria;s__	0.9881780651716237
4a4ce52ebae96748144b4904c94a327c	d__Bacteria;p__Proteobacteria;c__Alphaproteobacteria;o__Paracaedibacterales;f__Paracaedibacteraceae;g__Candidatus_Paracaedibacter;s__	0.8840513763298213
6ce6be3f614b99881407be23953682c6	d__Bacteria;p__Spirochaetota;c__Leptospirae;o__Leptospirales;f__Leptospiraceae;g__Turneriella;s__	0.9997910898812116
f9a5a00e7ae27fe93dc028eb80234e30	d__Bacteria;p__Actinobacteriota;c__Actinobacteria;o__Pseudonocardiales;f__Pseudonocardiaceae	0.9864881896856736
396cbc2e277df69786cd257b3eabcd84	d__Bacteria;p__Patescibacteria;c__Parcubacteria;o__Parcubacteria;f__Parcubacteria;g__Parcubacteria;s__	0.9215658454813676
40dbc272a7ca1751f5f64f41f7f04fbc	d__Bacteria;p__Chloroflexi;c__Ktedonobacteria;o__C0119;f__C0119;g__C0119;s__	0.9342796277474036
9b700ccbb2fed67827a8180694c49459	d__Bacteria;p__Verrucomicrobiota;c__Verrucomicrobiae;o__Pedosphaerales;f__Pedosphaeraceae	0.9999316578520548
94ee1d17c2d8ecfb7b9e4c4c45e62644	d__Bacteria;p__Patescibacteria;c__Parcubacteria	0.8931023648535926
4eaebc2caff007bd203698b4492c9f7a	d__Bacteria;p__Acidobacteriota;c__Holophagae;o__Subgroup_7;f__Subgroup_7;g__Subgroup_7;s__	0.99987014468359
674980bfec18bc8b711d8c2ed38588c4	d__Bacteria;p__Chloroflexi;c__TK10;o__TK10;f__TK10;g__TK10;s__	0.9913827959914402
32f969ba707a84c7822aa7f1b11601b7	d__Bacteria;p__Acidobacteriota;c__Acidobacteriae	0.9999989923577407
44b44362c8221a0de8f3d1f664b95ead	d__Bacteria;p__Gemmatimonadota;c__Gemmatimonadetes;o__Gemmatimonadales;f__Gemmatimonadaceae	0.9759207437428161
608c59a3840cfda58106f12a761cff27	d__Bacteria;p__Planctomycetota;c__Planctomycetes;o__Pirellulales;f__Pirellulaceae;g__uncultured;s__	0.7763880077365479
189ded04b09887197f86de6383a84a4e	d__Bacteria;p__Patescibacteria;c__Parcubacteria;o__Candidatus_Moranbacteria;f__Candidatus_Moranbacteria;g__Candidatus_Moranbacteria;s__	0.9589383553983828
02f270a771461102bba9d8c3653d0dd4	d__Bacteria;p__Chloroflexi;c__Chloroflexia;o__Thermomicrobiales;f__JG30-KF-CM45;g__JG30-KF-CM45;s__	0.9666430829246183
48025abcb1af41568d10381531ce501b	d__Bacteria;p__Verrucomicrobiota;c__Verrucomicrobiae;o__Verrucomicrobiales;f__Verrucomicrobiaceae	0.9978181073817298
2f98db17178ba01d68987c4654bc397a	d__Bacteria;p__Verrucomicrobiota;c__Verrucomicrobiae;o__UA11;f__UA11;g__UA11;s__	0.9628739042896644
ec665d3298fcf3d931b4be3de7e65236	d__Bacteria;p__Planctomycetota	0.9415918154445567
28fbc94b971dde349436a4342cec2e50	d__Bacteria	0.9922165138777563
9552596f4f98732a258c28880bcebdc4	d__Bacteria;p__Gemmatimonadota;c__AKAU4049;o__AKAU4049;f__AKAU4049;g__AKAU4049;s__	0.9950263134591778
10a3277abb6458afe6ef983bac32a1b6	d__Bacteria	0.9992064873486182
34efb4d038e5c5dab5646bcee20ec4e0	d__Bacteria;p__Patescibacteria;c__ABY1;o__Candidatus_Magasanikbacteria;f__Candidatus_Magasanikbacteria;g__Candidatus_Magasanikbacteria;s__	0.8601640162183325
e6b0f78a99f682636a093cffa7eb8ba3	d__Bacteria;p__Acidobacteriota	0.7442095401347849
871a6daf3f83b683bdc3fc6a43485926	d__Bacteria;p__Planctomycetota;c__Planctomycetes;o__Gemmatales;f__Gemmataceae	0.9498139630868575
2c95b9b32116ff599392b3b18f1fb65b	d__Bacteria	0.9999981784522081
16bf1071ddffd018056c6d8684ebdb4d	d__Bacteria;p__Patescibacteria;c__Parcubacteria;o__Candidatus_Zambryskibacteria;f__Candidatus_Zambryskibacteria;g__Candidatus_Zambryskibacteria;s__	0.7138893678315683
c85e6faeb044ae5926cf438eb1300ed3	d__Bacteria	0.9999988234089886
deadbfe427f721d520e1a7389bd4a993	d__Bacteria;p__Acidobacteriota;c__Blastocatellia;o__11-24;f__11-24;g__11-24;s__	0.9993455715876514
96328390cc24b98441bd46a7529f5368	d__Bacteria;p__Planctomycetota;c__Planctomycetes;o__Pirellulales;f__Pirellulaceae	0.9937058817599277
3722445e31a7c68c0c1cbf1fdb7a32b1	d__Bacteria;p__Verrucomicrobiota;c__Verrucomicrobiae;o__Chthoniobacterales;f__Chthoniobacteraceae;g__Candidatus_Udaeobacter;s__	0.9107807273728364
84144b09ff276a7cb8d2b73bf0feac4c	d__Bacteria;p__Bacteroidota;c__Bacteroidia;o__Cytophagales;f__Microscillaceae	0.9993822846122378
253dea4ed8cb940a1bad89c73300eba0	d__Bacteria;p__Acidobacteriota;c__Vicinamibacteria;o__Vicinamibacterales;f__uncultured;g__uncultured;s__	0.992774506765129
119603021ca063916ec2d5a0b3dc2005	d__Bacteria;p__FCPU426;c__FCPU426;o__FCPU426;f__FCPU426;g__FCPU426;s__	0.9966032746998627
c9d863fba0f67420405ecd29de34633e	d__Bacteria;p__Planctomycetota;c__Planctomycetes;o__Pirellulales;f__Pirellulaceae;g__Pir4_lineage;s__	0.8410174369373987
908021fae08082ac4df79b30430aab77	d__Bacteria;p__Planctomycetota;c__Phycisphaerae;o__Tepidisphaerales;f__WD2101_soil_group;g__WD2101_soil_group;s__	0.9984298310772418
d383ec6f00834b63d624f68117946cb9	d__Bacteria;p__Planctomycetota;c__OM190;o__OM190;f__OM190;g__OM190;s__	0.9407793374553167
7f16bd5e33963e801d39db2aaef10a56	d__Bacteria;p__Planctomycetota;c__OM190;o__OM190;f__OM190;g__OM190;s__	0.9469447137518385
5e5b2e4f5c9ebc6893d093eb92513acd	d__Bacteria;p__Bacteroidota;c__Bacteroidia;o__Sphingobacteriales;f__env.OPS_17;g__env.OPS_17;s__	0.9997859251394655
f5b6a3222f8bcfba241bf4634a556705	d__Bacteria;p__Bacteroidota;c__Bacteroidia;o__Flavobacteriales;f__NS9_marine_group;g__NS9_marine_group;s__	0.9917923826308424
64fc582b8e12a1c636fbe0dc875c4bef	d__Bacteria;p__Patescibacteria;c__Parcubacteria	0.8792955749277284
20313fdb998f823a6f9c0bffb50e2044	d__Bacteria;p__Planctomycetota;c__OM190;o__OM190;f__OM190;g__OM190;s__	0.9898364099695836
382728643a44e68accc273dfcdd3e7a4	d__Bacteria;p__Proteobacteria;c__Gammaproteobacteria;o__Burkholderiales;f__Burkholderiaceae;g__Ralstonia;s__	0.99926231694166
dcd74735a1b90b8c589b0badc4d11bce	d__Bacteria;p__Planctomycetota;c__Planctomycetes;o__Gemmatales;f__Gemmataceae	0.9986129293094463
0cd0a40fc32f35cc381a86eca5ca37cb	d__Bacteria;p__Planctomycetota;c__Phycisphaerae;o__Tepidisphaerales;f__WD2101_soil_group;g__WD2101_soil_group;s__	0.956429631265
299a74dbb37bd557b4bc298acc0be4e4	d__Bacteria;p__Acidobacteriota;c__Vicinamibacteria;o__Vicinamibacterales;f__uncultured;g__uncultured;s__	0.998225002867431
1eb65eec37203d80ebd85b42682faf56	d__Bacteria;p__Myxococcota;c__Myxococcia;o__Myxococcales;f__Myxococcaceae;g__uncultured;s__	0.9764445541857076
87b8c51cff68f2eba5dd7fc87aaa404e	d__Bacteria;p__Entotheonellaeota;c__Entotheonellia;o__Entotheonellales;f__Entotheonellaceae;g__Entotheonellaceae;s__	0.9993387305798401
3f0ae7cf8e6cf8b23b3f3e200aa6df97	d__Bacteria;p__Proteobacteria;c__Gammaproteobacteria;o__Gammaproteobacteria_Incertae_Sedis;f__Unknown_Family;g__Acidibacter;s__	0.7702240034547375
3156c5d850f2f061d59e300302af2aa1	d__Bacteria;p__Chloroflexi;c__Chloroflexia;o__Thermomicrobiales;f__JG30-KF-CM45;g__JG30-KF-CM45;s__	0.9765846041970615
ef7a04ab348bce950e6d6e810dc6472c	d__Bacteria;p__Patescibacteria;c__Parcubacteria;o__Candidatus_Kaiserbacteria;f__Candidatus_Kaiserbacteria;g__Candidatus_Kaiserbacteria;s__	0.9983071038789961
7130637f37ef2691904da63cc6d12cd5	d__Bacteria;p__Verrucomicrobiota;c__Chlamydiae;o__Chlamydiales;f__Parachlamydiaceae;g__Parachlamydia;s__	0.8779597702299151
8dc8ea93b27f88affd14d4083ff32e75	d__Bacteria	0.9993160324900519
5201a33d50ae007a58c9e959be346fa1	d__Bacteria;p__Acidobacteriota;c__Holophagae;o__Subgroup_7;f__Subgroup_7;g__Subgroup_7;s__	0.795031147809967
7b245caa0d7e713e6bb18e56db686502	d__Bacteria;p__Verrucomicrobiota;c__Verrucomicrobiae;o__Opitutales;f__Opitutaceae;g__Lacunisphaera;s__	0.9104913015364297
6d4888e6405c0773b1fd4831a949a0e0	d__Bacteria;p__Patescibacteria;c__ABY1;o__Candidatus_Uhrbacteria;f__Candidatus_Uhrbacteria;g__Candidatus_Uhrbacteria;s__	0.9801164610713569
492b5e9c50d19a4b508a04e586efbc4c	d__Bacteria;p__Planctomycetota;c__Phycisphaerae;o__Phycisphaerales;f__Phycisphaeraceae	0.998021934397727
5ff91aefddd367586d1c4fd282b52f46	d__Bacteria;p__Patescibacteria;c__Microgenomatia;o__Candidatus_Woesebacteria;f__Candidatus_Woesebacteria;g__Candidatus_Woesebacteria;s__	0.9866904866232512
f2a49459ba5aa031f1e1ec9a9eb1a0d9	d__Bacteria;p__Chloroflexi;c__Anaerolineae;o__SBR1031	0.9258672192767182
2766eaa33fd849cbb374a53ec9bca4e6	d__Bacteria;p__Acidobacteriota;c__Blastocatellia;o__Blastocatellales;f__Blastocatellaceae;g__Blastocatella;s__	0.8376864802039319
2b79b5312f15f4a0aa430d5a27ba97c8	d__Bacteria;p__Patescibacteria;c__Microgenomatia;o__Candidatus_Daviesbacteria;f__Candidatus_Daviesbacteria;g__Candidatus_Daviesbacteria;s__	0.9976552906758865
31dcfff3f435d10e855983e1e93b9308	d__Bacteria;p__Acidobacteriota;c__Subgroup_25;o__Subgroup_25;f__Subgroup_25;g__Subgroup_25;s__	0.9986360567323961
9364363693eb27c7e9c8b404bb3f245d	d__Bacteria;p__Patescibacteria;c__Parcubacteria;o__Candidatus_Adlerbacteria;f__Candidatus_Adlerbacteria;g__Candidatus_Adlerbacteria;s__	0.9983023456533043
2414921f96946393e509ddcc0cdd677a	d__Bacteria;p__Patescibacteria;c__Parcubacteria;o__Candidatus_Moranbacteria;f__Candidatus_Moranbacteria;g__Candidatus_Moranbacteria;s__	0.8970259662572939
dd38f1f35ac902830fd3d4f5c86541c5	d__Bacteria;p__Latescibacterota;c__Latescibacterota;o__Latescibacterota;f__Latescibacterota;g__Latescibacterota;s__	0.9557051203784676
d2dfd170fb492840a2639283e9d4026c	d__Bacteria;p__Chloroflexi;c__Chloroflexia;o__Thermomicrobiales;f__AKYG1722;g__AKYG1722;s__	0.9385914095244948
f81d0d6f35feae57859bc6068bfce1ee	d__Bacteria;p__Myxococcota;c__Polyangia;o__Polyangiales	0.7772195083507163
587d316f99e9207e07e97f8ce6c5fd15	d__Bacteria;p__Acidobacteriota;c__Vicinamibacteria;o__Vicinamibacterales;f__Vicinamibacteraceae;g__Vicinamibacteraceae;s__	0.9239595444581103
a34cb355bfe4b87dcffc7cf13a148752	d__Bacteria;p__Proteobacteria;c__Alphaproteobacteria;o__Paracaedibacterales;f__Paracaedibacteraceae;g__Candidatus_Paracaedibacter;s__	0.936322858918793
ef937c0813a3efa43d1c5fff7a0abc0f	d__Bacteria;p__Planctomycetota;c__Planctomycetes;o__Pirellulales;f__Pirellulaceae	0.9959146305976214
cc9e6c2566e41bc17a5b3e5268a91498	d__Bacteria;p__Proteobacteria;c__Alphaproteobacteria;o__Sphingomonadales;f__Sphingomonadaceae	0.9992093550510457
45f8795eb73f8195e5cae4287dfc777f	d__Bacteria;p__Planctomycetota;c__Planctomycetes;o__Gemmatales;f__Gemmataceae;g__uncultured;s__	0.9130489849094214
3a59efd5a1827b04ff60650a4f551f7a	d__Bacteria;p__Patescibacteria;c__ABY1;o__Candidatus_Uhrbacteria;f__Candidatus_Uhrbacteria;g__Candidatus_Uhrbacteria;s__	0.9856563609427321
1013f83c1967d7e500101c99f9b6537d	d__Bacteria;p__Planctomycetota;c__Phycisphaerae;o__Tepidisphaerales;f__Tepidisphaerales;g__Tepidisphaerales;s__	0.9999897886608515
ca1434a3451ae13bd7cc13d91d856ad3	d__Bacteria	0.999997557008327
accbfacb3f760ac4911166d23bb3a997	d__Bacteria;p__Patescibacteria;c__Parcubacteria;o__Candidatus_Vogelbacteria;f__Candidatus_Vogelbacteria;g__Candidatus_Vogelbacteria;s__	0.8136521383118944
616e69aae654df801232dc3bd1eea2e8	d__Bacteria;p__Planctomycetota;c__Planctomycetes;o__Pirellulales;f__Pirellulaceae;g__uncultured;s__	0.9335908163742976
8e26ff90d7cfc478b9217c5d79844b93	d__Bacteria;p__Acidobacteriota;c__Vicinamibacteria;o__Vicinamibacterales;f__uncultured;g__uncultured;s__	0.9334605600103273
289dccd79638aa5c160b0a731e2434fa	d__Bacteria	0.9999997976763032
c3db4f3b788aacfc0e619691bc639f35	d__Bacteria	0.9952696333127206
a3c67729ea6e0dc53a929b8b544c38a3	d__Bacteria;p__Planctomycetota;c__Planctomycetes;o__Pirellulales;f__Pirellulaceae	0.9737080050305106
9fdfe3dd04e87efa738b6f81d7d79e4b	d__Bacteria;p__Planctomycetota;c__Planctomycetes;o__Gemmatales;f__Gemmataceae;g__uncultured;s__	0.9261944959625997
23ed9909ff117710568a09da62984c58	d__Bacteria;p__Patescibacteria;c__Parcubacteria	0.9653915901547114
9a77ce6f485861ef4dc81b25f27a1aaa	d__Bacteria	0.9999748238462912
e6ecc277708ee86dab0251368e0578f2	d__Bacteria;p__Proteobacteria;c__Alphaproteobacteria;o__Rhodobacterales;f__Rhodobacteraceae	0.8227039309206801
cedc10e6e1279dcedab77c38414bf3a2	d__Bacteria;p__Proteobacteria;c__Gammaproteobacteria;o__Diplorickettsiales;f__Diplorickettsiaceae;g__uncultured;s__	0.8244588337762487
df85f55d65d10320bf8136f01072dfcf	d__Bacteria;p__Acidobacteriota;c__Vicinamibacteria;o__Vicinamibacterales;f__uncultured;g__uncultured;s__	0.7552605825213923
e432d107986839e50d51d945069ec459	d__Bacteria;p__Verrucomicrobiota;c__Verrucomicrobiae;o__Pedosphaerales;f__Pedosphaeraceae;g__Pedosphaeraceae;s__	0.7738347368844654
3d047ac2eda62a8d7b9454ef36799d46	d__Bacteria;p__Planctomycetota;c__Planctomycetes;o__Pirellulales;f__Pirellulaceae	0.9949442274515757
9f92b2e75571c6663ae4215d13a76f3f	d__Bacteria;p__Myxococcota;c__Polyangia;o__Blfdi19;f__Blfdi19;g__Blfdi19;s__	0.9128614479724135
03b856b3f4834e16f035cb4dbf2d03d0	d__Bacteria;p__Myxococcota;c__Polyangia;o__Polyangiales;f__Sandaracinaceae;g__uncultured;s__	0.980092210865757
223f09438b23acb23e9fa69d4977bf50	d__Bacteria;p__Proteobacteria;c__Gammaproteobacteria	0.9958926786095215
9750fee62f311e74377abf005c20811a	d__Bacteria;p__Patescibacteria;c__Parcubacteria	0.7796823721782395
fdbdf4139a82acbdbeb14fb03a77a9f2	d__Bacteria;p__Chloroflexi;c__Chloroflexia;o__Thermomicrobiales;f__JG30-KF-CM45;g__JG30-KF-CM45;s__	0.9663302027348052
2b3c72309cc0db49883c12b3e4cc6a63	d__Bacteria;p__Planctomycetota;c__Planctomycetes;o__Pirellulales;f__Pirellulaceae	0.7855985530957901
262426660ac0110df6cd243e78d38e94	d__Bacteria;p__Acidobacteriota;c__Subgroup_20;o__Subgroup_20;f__Subgroup_20;g__Subgroup_20;s__	0.999998633063253
3e56eaaed5bc328583981876d98e9648	d__Bacteria;p__Planctomycetota;c__Planctomycetes;o__Gemmatales;f__Gemmataceae	0.9989657777395727
c0b8d305dccde029e25b8e05d5d2ae6c	d__Bacteria;p__Planctomycetota;c__Planctomycetes;o__Planctomycetales	0.9978672679995488
2cdace364d1b7fa5e379a0bf9d7195b3	d__Bacteria;p__Gemmatimonadota;c__BD2-11_terrestrial_group;o__BD2-11_terrestrial_group;f__BD2-11_terrestrial_group;g__BD2-11_terrestrial_group;s__	0.8969250936244825
9f75ce45fa863c1f8ea7a807df61eb7c	d__Bacteria;p__Myxococcota;c__Myxococcia;o__Myxococcales;f__Myxococcaceae;g__P3OB-42;s__	0.8061910725425447
fe51e114d63129a7280f75fb22ad02df	d__Bacteria;p__Proteobacteria;c__Gammaproteobacteria	0.9999970658839714
0c73698e793a2938df108b788023b1c2	d__Bacteria;p__Planctomycetota;c__Planctomycetes;o__Gemmatales;f__Gemmataceae	0.9999809515717257
a57bb41c5f622c0b0ad01747802d11a9	d__Bacteria;p__Chloroflexi;c__Anaerolineae;o__RBG-13-54-9;f__RBG-13-54-9;g__RBG-13-54-9;s__	0.746079183843538
535220a13592d7e214bdc3bf3d0bd393	d__Bacteria;p__Chloroflexi;c__Anaerolineae;o__RBG-13-54-9;f__RBG-13-54-9;g__RBG-13-54-9;s__	0.9829372162467895
9fa60795ee5775c2a6868b601fe6fe82	d__Bacteria;p__Planctomycetota;c__Planctomycetes;o__Pirellulales;f__Pirellulaceae;g__uncultured;s__	0.9379826989279945
db8f9a729d5b52436ce5f814fd4c05cf	d__Bacteria;p__Patescibacteria;c__ABY1;o__Candidatus_Uhrbacteria;f__Candidatus_Uhrbacteria;g__Candidatus_Uhrbacteria;s__	0.9761550154833714
2d865ec97aaf9090c51a7242060ffb6f	d__Bacteria;p__Armatimonadota;c__Fimbriimonadia;o__Fimbriimonadales;f__Fimbriimonadaceae;g__Fimbriimonadaceae;s__	0.9687629782578113
f5ac98c6ceda1c7c98317e179fe78f31	d__Bacteria;p__Bacteroidota;c__Bacteroidia;o__Sphingobacteriales;f__Sphingobacteriaceae	0.9862507585921232
f896681838a0712a834a31855e9b6d39	d__Bacteria;p__Verrucomicrobiota;c__Verrucomicrobiae;o__Verrucomicrobiales;f__Rubritaleaceae;g__Luteolibacter;s__	0.995504320280867
633c397d6ffeb68f1572409ff8aa9724	d__Bacteria;p__Proteobacteria;c__Gammaproteobacteria;o__Burkholderiales;f__Oxalobacteraceae	0.995528519082467
3add35aca00320f9f6073c491dbde400	d__Eukaryota;p__Ascomycota	0.9978410337462256
65b31d0b5378ea46598cba5eef62f273	d__Eukaryota;p__Basidiomycota;c__Agaricomycetes;o__Agaricales;f__Hygrophoraceae;g__Hygrocybe;s__	0.7641977278492346
a4ecf576ca9ade314889a7fb08e73fae	d__Bacteria;p__Patescibacteria;c__Parcubacteria	0.8382671522189223
c76d5ec20c5ef77879dd9690c3edb218	d__Bacteria	0.9999199343795897
95276199f6ed98b65b39aeff1b2f2556	d__Archaea;p__Thermoplasmatota;c__Thermoplasmata;o__uncultured;f__uncultured;g__uncultured;s__	0.983108191619751
d513b68fb6727b9b900ca918cf3de172	d__Bacteria;p__Planctomycetota;c__Phycisphaerae;o__Phycisphaerales;f__Phycisphaeraceae;g__AKYG587;s__	0.9947805043986158
27cb1b3306128d6e2666efe17f11e7ae	d__Bacteria;p__Planctomycetota;c__Planctomycetes;o__Pirellulales;f__Pirellulaceae	0.9722491864336225
3662c7f0fbc5977b176cd83b4b77f21d	d__Bacteria;p__Gemmatimonadota;c__Gemmatimonadetes;o__Gemmatimonadales;f__Gemmatimonadaceae	0.9932285555236924
463934bc66dea63f3d2a43049d5f6ef3	d__Bacteria;p__Patescibacteria;c__Parcubacteria;o__Candidatus_Kaiserbacteria;f__Candidatus_Kaiserbacteria;g__Candidatus_Kaiserbacteria;s__	0.9988026390774868
790c7e0cce5f447d81a492e1ec9d4e78	d__Bacteria;p__NB1-j;c__NB1-j;o__NB1-j;f__NB1-j;g__NB1-j;s__	0.9176149938961468
6a52903a7e9c753bdfbb7e56bd5091fd	d__Bacteria;p__Planctomycetota;c__Phycisphaerae;o__Tepidisphaerales	0.9997968214337676
24aae5a6c16e93117f41e6c54d9227ef	d__Bacteria;p__Sumerlaeota;c__Sumerlaeia;o__Sumerlaeales;f__Sumerlaeaceae;g__Sumerlaea;s__	0.9914642892198692
dd5c702d08f740d1cf0b3f8eca09717a	d__Bacteria;p__Chloroflexi;c__Ktedonobacteria;o__C0119;f__C0119;g__C0119;s__	0.8850428138413046
c83e23e89f1dde1d7141433d710f5e15	d__Bacteria;p__Planctomycetota;c__Planctomycetes;o__Pirellulales;f__Pirellulaceae;g__Blastopirellula;s__	0.9461314906138029
8fe3a32cfdfab8c444285f2fb95896d5	d__Bacteria;p__Patescibacteria;c__uncultured;o__uncultured;f__uncultured;g__uncultured;s__	0.9996573786760761
6d25809f3197f79d51f5fac5e487a35f	d__Bacteria;p__Chloroflexi;c__Anaerolineae;o__RBG-13-54-9;f__RBG-13-54-9;g__RBG-13-54-9;s__	0.8341308858953296
7c2ffb93a828d58633521c435207e33c	d__Bacteria;p__Planctomycetota;c__Planctomycetes;o__Pirellulales;f__Pirellulaceae;g__Pir4_lineage;s__	0.7036765414901394
c746b65210d0df62d0279edba93efae2	d__Bacteria;p__Actinobacteriota;c__Acidimicrobiia;o__IMCC26256;f__IMCC26256;g__IMCC26256;s__	0.7532665778580406
5cb0fbbabce176fe16ffe4dd7c5d484f	d__Bacteria;p__Proteobacteria;c__Gammaproteobacteria;o__Salinisphaerales;f__Solimonadaceae	0.995536896515089
a6aefc0b9efeae1137cad005ace38f36	d__Bacteria;p__Patescibacteria;c__Parcubacteria	0.9033177319384021
ff8ed06ba0aa3c62df1dea34520c05de	d__Bacteria;p__Actinobacteriota;c__Actinobacteria;o__Propionibacteriales;f__Nocardioidaceae;g__Aeromicrobium;s__	0.9740267017305075
de03740fceda64e8226f7258c5113d1a	d__Bacteria;p__Patescibacteria	0.9026152277987065
4ce31d994f48a5b586815cd2ecb12c26	d__Bacteria;p__Bacteroidota;c__Bacteroidia;o__Chitinophagales;f__Chitinophagaceae	0.8848319102040543
fa4eeae9543e1b363a624335857177db	d__Eukaryota	0.8866501416892302
3d0a6b5b6666687bfa6c21a652d98b28	d__Bacteria;p__Proteobacteria;c__Gammaproteobacteria;o__Xanthomonadales;f__Rhodanobacteraceae;g__Ahniella;s__	0.9535640828556702
5ff1b293f4d86c15641beb435de747a5	d__Bacteria;p__Bacteroidota;c__Bacteroidia;o__Chitinophagales;f__Saprospiraceae;g__uncultured;s__	0.9450505167607957
f7280853d21b18a3a265b23e56019c25	d__Bacteria;p__Planctomycetota;c__Planctomycetes;o__Pirellulales;f__Pirellulaceae;g__Pir4_lineage;s__	0.8939076644363274
73537fdde8ced953dce1666f8c34f541	d__Bacteria;p__Verrucomicrobiota;c__Chlamydiae;o__Chlamydiales;f__Parachlamydiaceae	0.8420586885611892
3f2dcf3564bfda85748a1f8018796a79	d__Bacteria;p__Patescibacteria;c__Parcubacteria;o__Candidatus_Kaiserbacteria;f__Candidatus_Kaiserbacteria;g__Candidatus_Kaiserbacteria;s__	0.9911505052267633
a91ff15f2a4c8ee88d1426fe8dc6178a	d__Bacteria;p__Myxococcota;c__Polyangia	0.950370431660215
dbcb0549b302f938ab4cec86ad4beddb	d__Bacteria;p__Verrucomicrobiota;c__Verrucomicrobiae;o__Opitutales;f__Puniceicoccaceae;g__uncultured;s__	0.9768198838477176
64c2d4f6f3cc6f24efb06e3f35e920fb	d__Bacteria;p__Patescibacteria;c__Parcubacteria;o__Candidatus_Kaiserbacteria;f__Candidatus_Kaiserbacteria;g__Candidatus_Kaiserbacteria;s__	0.9975226525165258
2f723f6fc4062200b4ea9cb63dc7a5f7	d__Bacteria;p__Bacteroidota;c__Bacteroidia;o__Cytophagales;f__Spirosomaceae;g__Lacihabitans;s__	0.9991177878162686
a47670e4a769f97f8a019c169b25ec90	d__Bacteria	0.9993251891251547
89a003dba207214e75d7edb2ca1adda7	d__Bacteria	0.9994905981885811
a70eef24542c98c62f34fd729addd285	d__Bacteria;p__Bdellovibrionota;c__Bdellovibrionia;o__Bdellovibrionales;f__Bdellovibrionaceae;g__Bdellovibrio;s__	0.9944080373733171
1d9b8a4f0d0964e5d42b0be60ef19b39	d__Bacteria;p__Acidobacteriota;c__Vicinamibacteria;o__Vicinamibacterales;f__uncultured;g__uncultured;s__	0.9117536497566375
e9f7d3866937dc2cac6a76fe7093f7bc	d__Bacteria;p__Acidobacteriota;c__Blastocatellia;o__Pyrinomonadales;f__Pyrinomonadaceae;g__RB41;s__	0.9997591005983795
e6036ba6a3a9b554779b2c1b7694a0be	d__Bacteria;p__Proteobacteria;c__Gammaproteobacteria;o__Acidiferrobacterales;f__Acidiferrobacteraceae;g__Sulfurifustis;s__	0.9978580068133113
b2d3b8dd0116fc17c649c7728ac72a10	d__Bacteria;p__Verrucomicrobiota;c__Verrucomicrobiae;o__Pedosphaerales;f__Pedosphaeraceae	0.9988249239516143
04708214cfa7983ec93d607713f5c9a1	d__Bacteria;p__Planctomycetota;c__Planctomycetes;o__Pirellulales;f__Pirellulaceae	0.8866539212409004
88b3d22ae11824f0b0128f779cd737ac	d__Bacteria;p__Bacteroidota;c__Bacteroidia;o__Chitinophagales;f__37-13;g__37-13;s__	0.9895824687135334
0798aec672ab4b1c9c978b53ef48c86d	d__Bacteria;p__Acidobacteriota;c__Vicinamibacteria;o__Vicinamibacterales;f__uncultured;g__uncultured;s__	0.8545574083680653
4ce41bd15b925201f29051086bfe9614	d__Bacteria;p__Acidobacteriota;c__Blastocatellia;o__Pyrinomonadales;f__Pyrinomonadaceae;g__RB41;s__	0.9990783661939291
3b37dbea7c6ad041063eed70039c920f	d__Bacteria;p__Bacteroidota;c__Ignavibacteria;o__SJA-28;f__SJA-28;g__SJA-28;s__	0.984293615070845
48be97b15bb3296eeb126e985113b354	d__Bacteria;p__Gemmatimonadota;c__BD2-11_terrestrial_group;o__BD2-11_terrestrial_group;f__BD2-11_terrestrial_group;g__BD2-11_terrestrial_group;s__	0.9707076754836721
7e45fd821b02d1fdac06c6524e052c65	d__Bacteria;p__Planctomycetota	0.7323843079270788
deda0ac5a2bcd59ac56f1a4ba656f1f2	d__Bacteria;p__Patescibacteria;c__Parcubacteria;o__Candidatus_Adlerbacteria;f__Candidatus_Adlerbacteria;g__Candidatus_Adlerbacteria;s__	0.8013393431308765
736fba72226b074c19ae41fc6c599480	d__Bacteria;p__Verrucomicrobiota;c__Verrucomicrobiae;o__Chthoniobacterales;f__Chthoniobacteraceae;g__Chthoniobacter;s__	0.9460429917739741
a28746c3da92d0d007aa75727ee999a4	d__Bacteria;p__Proteobacteria;c__Gammaproteobacteria;o__Gammaproteobacteria_Incertae_Sedis;f__Unknown_Family;g__Acidibacter;s__	0.9279610494242275
c0f2b2e40bb5943d4a50412e70c6a0be	d__Bacteria;p__Bacteroidota;c__Bacteroidia;o__Sphingobacteriales;f__env.OPS_17;g__env.OPS_17;s__	0.9172776723179901
cacc161cdcb7038382fffbb12845fa23	d__Bacteria;p__Planctomycetota;c__OM190;o__OM190;f__OM190;g__OM190;s__	0.9926732163726878
5384378e15537b24c2623cd9c1f83239	d__Bacteria;p__Planctomycetota;c__Phycisphaerae;o__Phycisphaerales;f__Phycisphaeraceae;g__uncultured;s__	0.7466203995303424
806143419f7e54a4872eb35d3499ba45	d__Bacteria;p__Verrucomicrobiota;c__Verrucomicrobiae;o__Chthoniobacterales;f__Chthoniobacteraceae;g__Chthoniobacter;s__	0.9808753892383278
671a255249760e7ac5d65c6a3a30b490	d__Bacteria;p__Bacteroidota;c__Ignavibacteria;o__SJA-28;f__SJA-28;g__SJA-28;s__	0.9864442639204462
4f131b9ddf66bbdda63addd5bd99cde3	d__Bacteria;p__Acidobacteriota;c__AT-s3-28;o__AT-s3-28;f__AT-s3-28;g__AT-s3-28;s__	0.982895877737408
e34cd38087e8d9da7ba1c7e3043e5ebf	d__Bacteria;p__Acidobacteriota;c__Subgroup_25;o__Subgroup_25;f__Subgroup_25;g__Subgroup_25;s__	0.9985460168291673
3974fa7086f60e61ad12fd2caeb7668d	d__Bacteria;p__Acidobacteriota;c__Vicinamibacteria;o__Vicinamibacterales;f__Vicinamibacteraceae;g__Vicinamibacteraceae;s__	0.7832132241645021
9aef324991e489fc8d786060f276cc8a	d__Bacteria;p__Patescibacteria;c__Berkelbacteria;o__Berkelbacteria;f__Berkelbacteria;g__Berkelbacteria;s__	0.9741363364833115
765f81b9dcac72b62a2f61d68143490a	d__Bacteria;p__Verrucomicrobiota;c__Verrucomicrobiae;o__Pedosphaerales;f__Pedosphaeraceae	0.9999705331978292
3494b1183227ae7b1dc65859ac3a1803	d__Bacteria;p__Bacteroidota;c__Bacteroidia;o__Sphingobacteriales;f__AKYH767;g__AKYH767;s__	0.9795845170093305
e5cb490481b4e3fed14799fe5298d96e	d__Bacteria;p__Bdellovibrionota;c__Oligoflexia;o__0319-6G20;f__0319-6G20;g__0319-6G20;s__	0.9874230495648851
e0e7a9099da5f8fa5cbb6bd696caeefb	d__Bacteria;p__Bacteroidota;c__Bacteroidia;o__Cytophagales;f__Spirosomaceae;g__Emticicia;s__	0.9993279999023178
0f5dcf09b7059948d0d2de409b3f5cb2	d__Bacteria;p__Verrucomicrobiota;c__Verrucomicrobiae;o__Pedosphaerales;f__Pedosphaeraceae	0.9967994270155545
3fb0f32153fd74892f90fe61567b8cec	d__Bacteria;p__Proteobacteria;c__Alphaproteobacteria;o__Caulobacterales;f__Hyphomonadaceae;g__SWB02;s__	0.9984036666846344
5240639fcc33a0a5e825981f29062a42	d__Bacteria;p__Proteobacteria;c__Gammaproteobacteria;o__Burkholderiales;f__Comamonadaceae	0.999923196263829
8b554399b284ec7648dcb99ba66ae24b	d__Bacteria;p__Planctomycetota;c__Planctomycetes;o__Pirellulales;f__Pirellulaceae;g__Pir4_lineage;s__	0.7383313453424847
2c7a6104ac68c953c7e62826b9182d8f	d__Bacteria;p__Chloroflexi;c__Chloroflexia;o__Thermomicrobiales;f__JG30-KF-CM45;g__JG30-KF-CM45;s__	0.9946390437918301
b10c11a942eed33d3056f24da7d561e1	d__Bacteria;p__Chloroflexi;c__Anaerolineae;o__Anaerolineales;f__Anaerolineaceae;g__UTCFX1;s__	0.7818037866004878
92c47abde9cb1a222dad1a581e71747e	d__Bacteria;p__Bacteroidota;c__Bacteroidia;o__Sphingobacteriales;f__NS11-12_marine_group;g__NS11-12_marine_group;s__	0.9922823585200089
75cd134a5eeb758c2219a80c28495fa2	d__Bacteria;p__Bacteroidota;c__Bacteroidia;o__Cytophagales;f__Microscillaceae	0.9995044004304191
7858e79e488a548321e5c180b0ba5250	d__Bacteria;p__Patescibacteria;c__Parcubacteria;o__Candidatus_Kaiserbacteria;f__Candidatus_Kaiserbacteria;g__Candidatus_Kaiserbacteria;s__	0.998707527379367
ec1cd729287ca885ef0170a0438ed1d8	d__Bacteria;p__Verrucomicrobiota;c__Verrucomicrobiae;o__Chthoniobacterales;f__Chthoniobacteraceae;g__Candidatus_Udaeobacter;s__	0.7655516834707807
0537478f2ff40cd8de4ad30698030dda	d__Bacteria;p__Chloroflexi;c__Chloroflexia;o__Thermomicrobiales;f__JG30-KF-CM45;g__JG30-KF-CM45;s__	0.925816048230151
bc674eec1cceb086661879b5b92a4cc3	d__Bacteria;p__Planctomycetota;c__Planctomycetes;o__Pirellulales;f__Pirellulaceae	0.8894429591305429
e36882107349efadc5fe8d432605253d	d__Bacteria;p__Gemmatimonadota;c__S0134_terrestrial_group;o__S0134_terrestrial_group;f__S0134_terrestrial_group;g__S0134_terrestrial_group;s__	0.922053195760182
b8e76aeb94235ecc051b2e6e3430cde4	d__Bacteria;p__Patescibacteria;c__Parcubacteria;o__Candidatus_Azambacteria;f__Candidatus_Azambacteria;g__Candidatus_Azambacteria;s__	0.893793087664186
6059596c1fd79e6c728f4b60c6e1bb24	d__Bacteria;p__Patescibacteria;c__Microgenomatia;o__Candidatus_Daviesbacteria;f__Candidatus_Daviesbacteria;g__Candidatus_Daviesbacteria;s__	0.9990997655400896
07ff24c9cbf46512de0dad211e770d82	d__Bacteria;p__Hydrogenedentes;c__Hydrogenedentia;o__Hydrogenedentiales;f__Hydrogenedensaceae;g__Hydrogenedensaceae;s__	0.991280186204629
bc3f6a1dcd4280691f0d7a77383bf4da	d__Bacteria;p__Verrucomicrobiota;c__Verrucomicrobiae;o__Chthoniobacterales;f__Chthoniobacteraceae;g__Candidatus_Udaeobacter;s__	0.99974686986963
b80ff9c847a762b781226565ac9764e2	d__Bacteria;p__Bacteroidota;c__Bacteroidia	0.9998756015816868
2aad1354fafdd4e722896a5732661f4e	d__Bacteria;p__Myxococcota;c__Polyangia;o__Polyangiales;f__Sandaracinaceae;g__uncultured;s__	0.8815931266312647
e5775a3ec195daa2d34572266e431ec4	d__Bacteria;p__Acidobacteriota;c__Vicinamibacteria;o__Vicinamibacterales;f__uncultured;g__uncultured;s__	0.9951770380517634
c3443b545b2e6a749a0eb77c21f91225	d__Bacteria;p__Planctomycetota;c__Planctomycetes;o__Pirellulales;f__Pirellulaceae	0.9964860717739997
b3402bab87e16c98a4d33b98776e57cb	d__Bacteria;p__Verrucomicrobiota;c__Verrucomicrobiae;o__Verrucomicrobiales;f__Verrucomicrobiaceae;g__uncultured;s__	0.8213877084944265
094823e534f96bce77b336c2c8538398	d__Eukaryota;p__Mucoromycota;c__Incertae_Sedis;o__Mortierellales;f__Mortierellaceae;g__Mortierella;s__	0.7897119865499054
e46004a83726a8581bb578be9fecbec5	d__Bacteria	0.9999901231888533
b0f898a5d4ab30230a2c27af5f25ccb7	d__Bacteria;p__Planctomycetota;c__Phycisphaerae;o__Phycisphaerales;f__Phycisphaeraceae;g__CL500-3;s__	0.9958045033151663
5e8a0ee5e4292292e5df716306426321	d__Bacteria;p__Patescibacteria;c__ABY1;o__Candidatus_Magasanikbacteria;f__Candidatus_Magasanikbacteria;g__Candidatus_Magasanikbacteria;s__	0.867924968760947
06c1d86eabb468fd1aabe17b367ea94a	d__Bacteria;p__Proteobacteria;c__Gammaproteobacteria	0.9995804919755963
4246aa32b15583e87f2f631a5589fe18	d__Eukaryota;p__Chlorophyta;c__Trebouxiophyceae;o__Prasiolales;f__Prasiolales	0.9757618384957402
ff27d9ac314d1cc999299e92b067192a	d__Bacteria;p__Bdellovibrionota;c__Bdellovibrionia;o__Bdellovibrionales;f__Bdellovibrionaceae;g__OM27_clade;s__	0.9734001428828689
d93a1c53845139336b3206cfcec4d00c	d__Bacteria;p__Latescibacterota;c__Latescibacterota;o__Latescibacterota;f__Latescibacterota;g__Latescibacterota;s__	0.8150122684055132
cee4f72f11d0d44bd6e8640a37dbb673	d__Bacteria;p__Proteobacteria;c__Gammaproteobacteria;o__Burkholderiales;f__Nitrosomonadaceae;g__mle1-7;s__	0.9392205100039612
38ebb298ceeab935af95ae7752ca2865	d__Bacteria;p__Verrucomicrobiota;c__Verrucomicrobiae;o__Pedosphaerales;f__Pedosphaeraceae	0.9996901726374738
7229270dcced19518d3b7f450dc778c4	d__Bacteria;p__Chloroflexi;c__Chloroflexia;o__Thermomicrobiales;f__JG30-KF-CM45;g__JG30-KF-CM45;s__	0.9768688507532167
be47f49a04988d240e7eb12f5763497e	d__Bacteria;p__Planctomycetota	0.9752837602361399
82c335967de947dcad3eb2457c19dc05	d__Bacteria;p__Acidobacteriota;c__Vicinamibacteria;o__Vicinamibacterales;f__uncultured;g__uncultured;s__	0.9275547444431294
c46e3ba1e3c82859268454a23780aa81	d__Bacteria;p__Verrucomicrobiota;c__Verrucomicrobiae;o__Chthoniobacterales;f__Chthoniobacteraceae;g__Candidatus_Udaeobacter;s__	0.9495002182756588
b87a1d97fc1ced0ffbd67d9101f7a948	d__Bacteria;p__Patescibacteria;c__Parcubacteria	0.8967253740119338
d98e9e512d8e6cb8f9993339fb94263c	d__Bacteria;p__Acidobacteriota;c__Blastocatellia;o__Blastocatellales;f__Blastocatellaceae;g__Blastocatella;s__	0.969600051871539
822598862e8d41ff8449244f57576cde	d__Bacteria;p__Patescibacteria;c__Microgenomatia;o__Candidatus_Pacebacteria;f__Candidatus_Pacebacteria;g__Candidatus_Pacebacteria;s__	0.8437292150636911
9adb2e5f9bd038a84b6133abca1a7289	d__Bacteria;p__Planctomycetota;c__Phycisphaerae;o__Tepidisphaerales;f__Tepidisphaerales;g__Tepidisphaerales;s__	0.9999985308859172
3b07c2bea21a1863242641a1f8cae4c4	d__Bacteria;p__Proteobacteria;c__Gammaproteobacteria;o__Steroidobacterales;f__Steroidobacteraceae;g__Steroidobacter;s__	0.9220223374234525
d5b3a7cb8ce76d94239d1afd70fefde6	d__Bacteria;p__Patescibacteria	0.8588101624283511
176ffa524fa5e4c77599861329d9150f	d__Bacteria;p__Verrucomicrobiota;c__Verrucomicrobiae;o__Pedosphaerales;f__Pedosphaeraceae;g__Pedosphaeraceae;s__	0.70468878082657
310af13b1401771f92d2bb53848ce8d6	d__Bacteria;p__Actinobacteriota;c__Acidimicrobiia;o__Microtrichales	0.7153885518650271
0d3fdeeb2c85de64bf754f4f6c47803b	d__Bacteria;p__Actinobacteriota;c__Actinobacteria;o__Micromonosporales;f__Micromonosporaceae	0.9992371422702437
80daf9cae65592b2bd4ddff8aab3a6d3	d__Bacteria;p__Proteobacteria;c__Alphaproteobacteria;o__Rhizobiales;f__Hyphomicrobiaceae	0.7528593654661336
b9b6cd4c71380d2e1ffb5a917a14dd74	d__Bacteria;p__Patescibacteria;c__Parcubacteria;o__GWA2-38-13b;f__GWA2-38-13b;g__GWA2-38-13b;s__	0.972257083282349
6b3fa77298ae47d93c86bb7cb4e14824	d__Bacteria;p__Bacteroidota;c__Bacteroidia;o__Flavobacteriales;f__Crocinitomicaceae;g__Crocinitomix;s__	0.9600680169066889
8a1c89029fe9a1e438760cd561171d05	d__Bacteria;p__Gemmatimonadota;c__S0134_terrestrial_group;o__S0134_terrestrial_group;f__S0134_terrestrial_group;g__S0134_terrestrial_group;s__	0.919702685385149
02552f56e586ab61a0b08d7097aba642	d__Bacteria;p__Planctomycetota;c__Planctomycetes;o__Gemmatales;f__Gemmataceae	0.9857098693617732
1e3a3c989ba23623996f4f4f97e9905f	d__Bacteria;p__Verrucomicrobiota;c__Verrucomicrobiae;o__UA11;f__UA11;g__UA11;s__	0.9508036010048762
7a821aef915c6f4881ba27f74ae9af43	d__Bacteria;p__Bdellovibrionota;c__Bdellovibrionia;o__Bdellovibrionales;f__Bdellovibrionaceae;g__Bdellovibrio;s__	0.9954255683358862
8f948b70ff516716de0f2fd88e0976f1	d__Bacteria;p__Bacteroidota;c__Bacteroidia;o__Sphingobacteriales;f__Sphingobacteriaceae;g__uncultured;s__	0.7144842969154136
7679f92861192245bb9de056eb4fe892	d__Bacteria;p__Planctomycetota;c__Phycisphaerae;o__Phycisphaerales;f__Phycisphaeraceae;g__uncultured;s__	0.7577696266465451
d0a74de48d623d9982ba985bbd9d3457	d__Bacteria;p__Planctomycetota;c__Planctomycetes;o__Gemmatales;f__Gemmataceae;g__uncultured;s__	0.9842517438665163
ce131a78d79596e43d9e1dbb90254e54	d__Bacteria;p__Proteobacteria;c__Gammaproteobacteria;o__Burkholderiales;f__Nitrosomonadaceae;g__IS-44;s__	0.8837024974884238
a4780b50189a1170ddcadcefa501ba10	d__Bacteria	0.9995277301240386
6eee26a26c38ac9374563e199601e416	d__Bacteria;p__Proteobacteria;c__Gammaproteobacteria;o__Burkholderiales	0.9992930819799378
98035f825f0f289677e6f24ddf445094	d__Bacteria	0.9993765983594864
2a98ad53d104beeb3a3ec021f66c962d	d__Bacteria;p__Patescibacteria;c__Parcubacteria	0.9914000749998801
4db358dab381519b88a7d92f5cd12af9	d__Bacteria;p__Proteobacteria;c__Gammaproteobacteria;o__Burkholderiales;f__TRA3-20;g__TRA3-20;s__	0.9465130323298707
6c5a7f0322bcebb30d9f93235637ba9f	d__Archaea;p__Thermoplasmatota;c__Thermoplasmata;o__uncultured;f__uncultured;g__uncultured;s__	0.8575526389519674
aa08003662414be7164bfacf5b331ec2	d__Bacteria;p__Patescibacteria	0.904854176289378
d5731c54c87400aec6317e5429d5738a	d__Bacteria;p__Verrucomicrobiota;c__Verrucomicrobiae;o__S-BQ2-57_soil_group;f__S-BQ2-57_soil_group;g__S-BQ2-57_soil_group;s__	0.9934022160707736
00e93dbcfdc731d3549b7a9f9de76956	d__Bacteria;p__Myxococcota;c__Polyangia;o__Polyangiales;f__Sandaracinaceae;g__uncultured;s__	0.9913858545034923
21a6f6d7b3d0aaa88d2fca94afd3caf2	d__Bacteria;p__Acidobacteriota;c__Acidobacteriae;o__PAUC26f;f__PAUC26f;g__PAUC26f;s__	0.9994306824746941
aa4b1f17d510c18704408c5a0b055fea	d__Archaea;p__Thermoplasmatota;c__Thermoplasmata;o__uncultured;f__uncultured;g__uncultured;s__	0.9000098201060491
1890a613a615fe8956d1e3a6e8a079c7	d__Bacteria;p__Planctomycetota;c__Planctomycetes;o__Pirellulales;f__Pirellulaceae;g__Pirellula;s__	0.9965707815038767
e8011b3ddd2c933de5d602f06dab5053	d__Bacteria;p__Patescibacteria	0.9445030269312736
a140a9d9044781e3048cf12b54542dec	d__Bacteria;p__Planctomycetota	0.7964894768454029
14e893eb7ba7ab4b3f2ffcf08fd8e870	d__Bacteria	0.9992554775266665
6a81e6a6c1e16ec1d96b0ed4ea687bc2	d__Bacteria;p__Verrucomicrobiota;c__Chlamydiae;o__Chlamydiales	0.9999926413303478
9143be69308020f29d8737b86516f134	d__Bacteria;p__Latescibacterota;c__Latescibacterota;o__Latescibacterota;f__Latescibacterota;g__Latescibacterota;s__	0.7629185085429417
8674dc69f4dbca628e1e6d396178c7d2	d__Bacteria;p__Planctomycetota;c__Planctomycetes;o__Pirellulales;f__Pirellulaceae;g__uncultured;s__	0.8571129440976833
f5639806bb7caf751aa6466b4a46ace0	d__Bacteria;p__Planctomycetota;c__Planctomycetes	0.9980162120780675
d94e8384abc1b27d8282b80b073901e4	d__Bacteria;p__Chloroflexi;c__Chloroflexia;o__Kallotenuales;f__AKIW781;g__AKIW781;s__	0.9997627313640586
5ec68a751399af9046087a3118ab748d	d__Bacteria;p__Chloroflexi;c__Chloroflexia;o__Chloroflexales;f__Chloroflexaceae;g__FFCH7168;s__	0.9288402931617522
afa455caef89ebbcf97ebadc501624d2	d__Bacteria;p__Bacteroidota;c__Bacteroidia;o__Chitinophagales	0.7632345406061428
45ffcbe39cda2e30fb83c7dd7412b3d9	d__Bacteria;p__Patescibacteria;c__Parcubacteria;o__Candidatus_Moranbacteria;f__Candidatus_Moranbacteria;g__Candidatus_Moranbacteria;s__	0.7194689542368314
000f0b6be7fc330309f81a16771b2e94	d__Bacteria;p__Planctomycetota;c__Planctomycetes;o__Pirellulales;f__Pirellulaceae;g__uncultured;s__	0.9232228456496044
5d1c201bff340390c796a733a7f20fc6	d__Bacteria;p__Elusimicrobiota;c__Lineage_IIb;o__Lineage_IIb;f__Lineage_IIb;g__Lineage_IIb;s__	0.9978847656150173
d075096c0488797b7017a098ad7eba09	d__Bacteria;p__Bacteroidota;c__Bacteroidia;o__Sphingobacteriales;f__AKYH767;g__AKYH767;s__	0.9090054407451956
d6d8c4cde18d7f373ee09962d1e655b1	d__Bacteria;p__Actinobacteriota;c__Thermoleophilia;o__Solirubrobacterales;f__Solirubrobacteraceae;g__Conexibacter;s__	0.7397791282157151
d8ff2c84ca4511deb795ec6349fda0cb	d__Bacteria;p__Nitrospirota;c__Nitrospiria;o__Nitrospirales;f__Nitrospiraceae;g__Nitrospira;s__	0.8932490263093305
b4862d2f0b4998729e248ca4a2b85c35	d__Bacteria;p__Bacteroidota;c__Bacteroidia;o__Chitinophagales;f__Chitinophagaceae;g__Parasediminibacterium;s__	0.9997381667374735
e143d022ca40c15607e31e8d7fac0d83	d__Bacteria;p__Planctomycetota;c__Planctomycetes;o__Pirellulales;f__Pirellulaceae;g__uncultured;s__	0.9302630260111433
97569885a52eb588fd7dc991c98c9fcd	d__Bacteria;p__Bacteroidota;c__Bacteroidia;o__Cytophagales;f__Microscillaceae;g__Ohtaekwangia;s__	0.8737716464049898
abb5ce0c1c22bc53766aa9af9751b5dc	d__Bacteria;p__FCPU426;c__FCPU426;o__FCPU426;f__FCPU426;g__FCPU426;s__	0.9650789063810061
babf84df144f832f90347450e42ab8ca	d__Bacteria;p__Patescibacteria;c__Parcubacteria	0.7679413614387133
e16bc6a5df8a48b75e4330f4b3540d47	d__Bacteria;p__Patescibacteria;c__Microgenomatia;o__Candidatus_Pacebacteria;f__Candidatus_Pacebacteria;g__Candidatus_Pacebacteria;s__	0.9604760381446786
740e2739299d8b2b1e4da44621dbeb48	d__Bacteria;p__Bacteroidota;c__Bacteroidia;o__Cytophagales;f__Microscillaceae	0.9999190014338013
f138d42aa5787ae62e1334e987250d94	d__Bacteria;p__Entotheonellaeota;c__Entotheonellia;o__Entotheonellales;f__Entotheonellaceae;g__Entotheonellaceae;s__	0.9988855374883956
c72bc498dc89aa7a7708d84a4a1327db	d__Bacteria;p__Chloroflexi;c__Anaerolineae;o__RBG-13-54-9;f__RBG-13-54-9;g__RBG-13-54-9;s__	0.93688826927305
75f001277363e2fb0c5f75be74e560b2	d__Bacteria;p__Patescibacteria;c__Parcubacteria;o__Candidatus_Moranbacteria;f__Candidatus_Moranbacteria;g__Candidatus_Moranbacteria;s__	0.9079056469847159
6b450782a0e4981e23c8bffae58884d4	d__Bacteria;p__Planctomycetota;c__Phycisphaerae;o__Phycisphaerales;f__Phycisphaeraceae	0.9773611602586826
dd0e3394e3ba05b4ad200a1a5d74bf7d	d__Bacteria;p__Patescibacteria;c__Microgenomatia;o__Candidatus_Pacebacteria;f__Candidatus_Pacebacteria;g__Candidatus_Pacebacteria;s__	0.8202573660148171
e1cb19ff7a1acfdfad47806d528194ea	d__Bacteria;p__Sumerlaeota;c__Sumerlaeia;o__Sumerlaeales;f__Sumerlaeaceae;g__Sumerlaea;s__	0.9956651781362368
6b5ea0c57169c3acb010a579e0338559	d__Bacteria;p__Patescibacteria;c__Gracilibacteria;o__Candidatus_Peribacteria;f__Candidatus_Peribacteria;g__Candidatus_Peribacteria;s__	0.9995372347873459
7dd35343bd46fca1846e69962ce46e8a	d__Bacteria;p__Patescibacteria	0.9556549809630969
6da17ee8b1ba836cd25b448600df8908	d__Bacteria;p__Patescibacteria;c__Microgenomatia;o__Candidatus_Woesebacteria;f__Candidatus_Woesebacteria;g__Candidatus_Woesebacteria;s__	0.9766558539292024
ae9ef694b9bdf1a93cddda18ff1275d3	d__Bacteria;p__Planctomycetota;c__Planctomycetes;o__Pirellulales;f__Pirellulaceae	0.9628817734253374
d2a08db7877b43459ef39b2f003bcd54	d__Bacteria;p__Chloroflexi;c__Anaerolineae;o__SBR1031	0.8425797810613253
00e091ba65fb262a68cd2c2ded93faa2	d__Bacteria;p__Planctomycetota;c__OM190;o__OM190;f__OM190;g__OM190;s__	0.9921525388187902
bc6e1ba99d62ea48ae1c222c3ea8e633	d__Bacteria;p__Planctomycetota;c__Phycisphaerae;o__Phycisphaerales;f__Phycisphaeraceae	0.9936486812331617
eb50c2334bd8e05bfe7f50d3aac41107	d__Bacteria;p__Acidobacteriota;c__Blastocatellia;o__DS-100;f__DS-100;g__DS-100;s__	0.9989276490590575
9bead4b6c65b0265beaba1a1b9bafdab	d__Bacteria;p__Patescibacteria;c__Microgenomatia;o__Candidatus_Pacebacteria;f__Candidatus_Pacebacteria;g__Candidatus_Pacebacteria;s__	0.8965607029247011
bffc440f2957b567e84b6dafd4cf5f80	d__Bacteria	0.9999371595431916
c3f1a28df7524acd608f727001e3d347	d__Bacteria;p__Elusimicrobiota;c__Lineage_IIa;o__Lineage_IIa;f__Lineage_IIa;g__Lineage_IIa;s__	0.9695653949155256
ca733ce82a1b471edb81ba16cd8aee6d	d__Bacteria;p__Chloroflexi;c__Ktedonobacteria;o__C0119;f__C0119;g__C0119;s__	0.8535511437877596
e86e0017b3eafb248ae9f09e91ee4c5f	d__Bacteria;p__Acidobacteriota;c__Subgroup_22;o__Subgroup_22;f__Subgroup_22;g__Subgroup_22;s__	0.8829041181037778
94c1c265e4b66189837eddd2a11473e9	d__Eukaryota;p__Ascomycota;c__Dothideomycetes;o__Pleosporales;f__Didymellaceae;g__Neoascochyta;s__	0.7648580226287773
8a49e745e57e3d2e038a9e63c18d3c4f	d__Bacteria;p__Verrucomicrobiota;c__Verrucomicrobiae;o__Pedosphaerales;f__Pedosphaeraceae	0.9991230615426161
613a9a90ef496b639f357ddc2a08092e	d__Bacteria;p__Proteobacteria;c__Gammaproteobacteria;o__Burkholderiales;f__Comamonadaceae	0.999977973708629
faa3b703fbf4ca0f4f6c226b6dd3ffd1	d__Bacteria;p__Planctomycetota;c__Phycisphaerae;o__Phycisphaerales;f__Phycisphaeraceae;g__AKYG587;s__	0.7663800698841949
298901832b49770d21c4097acda95710	d__Bacteria;p__Bacteroidota;c__Bacteroidia	0.9992553187723743
4dffa2068f0ffd65bd9a65e365a00de0	d__Bacteria;p__Verrucomicrobiota;c__Verrucomicrobiae;o__Verrucomicrobiales;f__Verrucomicrobiaceae;g__Prosthecobacter;s__	0.9309662084048772
ecb6afc3d23054b0f463fe4a6787761f	d__Bacteria;p__Patescibacteria;c__Parcubacteria;o__Candidatus_Moranbacteria;f__Candidatus_Moranbacteria;g__Candidatus_Moranbacteria;s__	0.8800224940662599
abb0431be2cac830cc62f632a5a72d18	d__Bacteria;p__Patescibacteria;c__Parcubacteria	0.9371714839894923
265e3ed066ae61087f71fc40812cfc76	d__Bacteria;p__Patescibacteria;c__uncultured;o__uncultured;f__uncultured;g__uncultured;s__	0.9995460246160801
751d7c8ac2dd29f9cca8a61e5c1e4dca	d__Bacteria;p__Patescibacteria;c__Parcubacteria	0.9999412936774866
537bfacd0b33e681538f74f89c854d56	d__Bacteria;p__Verrucomicrobiota;c__Verrucomicrobiae;o__Chthoniobacterales;f__Terrimicrobiaceae;g__Terrimicrobium;s__	0.91847204450744
6db720888f8a9dd3ad5ea279a774e5ea	d__Bacteria;p__Planctomycetota;c__OM190;o__OM190;f__OM190;g__OM190;s__	0.9579210543085387
edda35d444a4888233626370aa528aeb	d__Bacteria;p__Patescibacteria;c__Microgenomatia;o__Candidatus_Daviesbacteria;f__Candidatus_Daviesbacteria;g__Candidatus_Daviesbacteria;s__	0.8574382313403167
a9b496e83528606ef8ef838fb3691537	d__Bacteria;p__Bacteroidota;c__Bacteroidia;o__Cytophagales;f__Microscillaceae;g__uncultured;s__	0.9686221242354183
9a2b7568900a23b8f23c101169c8668b	d__Bacteria;p__Latescibacterota;c__Latescibacterota;o__Latescibacterota;f__Latescibacterota;g__Latescibacterota;s__	0.7218197340627336
c90c86f45db3cddc45ae4954fbb7d4ac	d__Bacteria;p__Verrucomicrobiota;c__Verrucomicrobiae;o__Chthoniobacterales;f__Chthoniobacteraceae;g__Candidatus_Udaeobacter;s__	0.8771903980730373
626d961b3293cc497bf127155b19d64c	d__Bacteria;p__Patescibacteria;c__Saccharimonadia;o__Saccharimonadales;f__Saccharimonadales;g__Saccharimonadales;s__	0.9145121335806532
2cf84aaca5ebb81a6d2cc626d79c35eb	d__Bacteria;p__Planctomycetota;c__Planctomycetes;o__Pirellulales;f__Pirellulaceae	0.9903680840640617
72165bca7f60e86865602ec882bbca72	d__Bacteria;p__Verrucomicrobiota;c__Verrucomicrobiae;o__S-BQ2-57_soil_group;f__S-BQ2-57_soil_group;g__S-BQ2-57_soil_group;s__	0.9953314107802222
b2757c306cfeb25f6a7f799bc7b55bfc	d__Bacteria;p__Planctomycetota;c__Planctomycetes;o__Pirellulales;f__Pirellulaceae;g__uncultured;s__	0.7809946360377471
0db0db23c51f8226f6844e2dde6f8087	d__Bacteria;p__Gemmatimonadota;c__Gemmatimonadetes;o__Gemmatimonadales;f__Gemmatimonadaceae;g__uncultured;s__	0.9596349876441711
589234ab08b97ea3de081456f9b9cc58	d__Bacteria;p__Acidobacteriota;c__Vicinamibacteria;o__Vicinamibacterales;f__Vicinamibacteraceae;g__Vicinamibacteraceae;s__	0.9812223338816561
c98689b66de40ba12e25efc5ff25a0d2	d__Bacteria;p__Actinobacteriota;c__Actinobacteria;o__0319-7L14;f__0319-7L14;g__0319-7L14;s__	0.9031507983017424
065c4f196b2731836bc1562dd78f0c72	d__Bacteria;p__Bacteroidota;c__Bacteroidia;o__Sphingobacteriales;f__env.OPS_17;g__env.OPS_17;s__	0.9878115483869775
30e3dcce7ff7a695619955ae6e09dfcf	d__Bacteria;p__Patescibacteria;c__Parcubacteria;o__Candidatus_Yanofskybacteria;f__Candidatus_Yanofskybacteria;g__Candidatus_Yanofskybacteria;s__	0.7653025648338047
d4aef4299efb0d0730b399a7e5ae290b	d__Bacteria;p__Patescibacteria	0.9436308935617144
419e4761d2c5819afb38be6f88776d24	d__Bacteria;p__Acidobacteriota;c__Blastocatellia;o__Pyrinomonadales;f__Pyrinomonadaceae;g__RB41;s__	0.9494232341498212
dc96dd9fbfc2a2185eaec7ff2e7f2d70	d__Bacteria;p__Chloroflexi;c__TK10;o__TK10;f__TK10;g__TK10;s__	0.977500060804112
b433a8fcabd2a02e3404215e54a19972	d__Bacteria;p__Chloroflexi;c__Dehalococcoidia;o__S085;f__S085;g__S085;s__	0.7806758666871529
4f3ad08cbddf7000a9ddb7f9447bc1da	d__Bacteria;p__Chloroflexi;c__Chloroflexia;o__Thermomicrobiales;f__JG30-KF-CM45;g__JG30-KF-CM45;s__	0.8149418599791275
9888d9a8140ec3b54b181e371da5e258	d__Bacteria;p__Dependentiae;c__Babeliae;o__Babeliales	0.9998136791795837
808b36577170b1d97d64e01d141539c2	d__Bacteria;p__Proteobacteria;c__Gammaproteobacteria;o__Pseudomonadales;f__Porticoccaceae;g__C1-B045;s__	0.9533623885205789
d86cc8ef6eab0d583565d485f4289232	d__Bacteria;p__Patescibacteria;c__Parcubacteria;o__Candidatus_Kaiserbacteria;f__Candidatus_Kaiserbacteria;g__Candidatus_Kaiserbacteria;s__	0.9898444570657831
86e0960386027033a75256c4403add01	d__Bacteria;p__Bdellovibrionota;c__Bdellovibrionia;o__Bdellovibrionales;f__Bdellovibrionaceae;g__Bdellovibrio;s__	0.9997406638869374
a20a173d1598e2708373d074b4201132	d__Bacteria;p__Chloroflexi	0.918944544980975
78a9e9ef2f161e94d1ad1e5e54f700b2	d__Bacteria	0.9999498000293838
85741ceee9b28bc2519a5485e35a33ce	d__Bacteria;p__Patescibacteria;c__Microgenomatia;o__Candidatus_Daviesbacteria;f__Candidatus_Daviesbacteria;g__Candidatus_Daviesbacteria;s__	0.9997232173115967
02f672e769b42ec383ac0af94a920e88	d__Bacteria;p__Acidobacteriota;c__Vicinamibacteria;o__Vicinamibacterales;f__uncultured;g__uncultured;s__	0.9761986159737385
649eec2da25f6045ce9b7477d59876b0	d__Bacteria;p__Planctomycetota;c__Phycisphaerae;o__Phycisphaerales;f__Phycisphaeraceae;g__SM1A02;s__	0.995289195584766
d8f5cc7782b2cd754a32657db5fe36c4	d__Bacteria;p__Patescibacteria;c__Parcubacteria;o__Candidatus_Kaiserbacteria;f__Candidatus_Kaiserbacteria;g__Candidatus_Kaiserbacteria;s__	0.9753061376015166
1c6cffa56d24e85b0753390c24bb49d3	d__Bacteria;p__Bacteroidota;c__Bacteroidia;o__Sphingobacteriales;f__NS11-12_marine_group;g__NS11-12_marine_group;s__	0.9945693700145646
01c77deb924191afe2023d119169948c	Unassigned	0.38631894598213334
280e906fcb9f09787397284a74bb1faf	d__Bacteria;p__Chloroflexi	0.9396496460120034
88552526da360e9ce8c2239c3dc5b873	d__Bacteria;p__Verrucomicrobiota;c__Verrucomicrobiae;o__Chthoniobacterales;f__Chthoniobacteraceae;g__Chthoniobacteraceae;s__	0.9067387219421692
a066a46d7dc3b5f520fefd3f6f1de762	d__Bacteria;p__Bacteroidota;c__Bacteroidia;o__Cytophagales;f__Spirosomaceae;g__Spirosoma;s__	0.9763855138199817
030f35faef804ec11088d219727d5cbd	d__Bacteria;p__Planctomycetota;c__Planctomycetes;o__Pirellulales;f__Pirellulaceae;g__uncultured;s__	0.9029886215841232
29d3cfb7a7c3a4d86f909faecf7320f6	d__Bacteria;p__Patescibacteria;c__Saccharimonadia;o__Saccharimonadales;f__Saccharimonadales;g__Saccharimonadales;s__	0.9630421092195677
dd8223f166a940056d5c227512daf644	d__Bacteria;p__Hydrogenedentes;c__Hydrogenedentia;o__Hydrogenedentiales;f__Hydrogenedensaceae;g__Hydrogenedensaceae;s__	0.9322749055979358
29fbe31c48b665fec9ca7c21f58f6034	d__Bacteria;p__Chloroflexi;c__Anaerolineae;o__SBR1031;f__A4b;g__A4b;s__	0.9704024312019933
28456714940819ad02111870e54757d0	d__Bacteria;p__Chloroflexi;c__Anaerolineae;o__SBR1031;f__A4b;g__A4b;s__	0.9800900053090473
7df4037f3f44e41eb31a792f91fd8b8e	d__Bacteria;p__Patescibacteria	0.7653541575489212
d1fab7cba0c8ec29d8797a5e71314cab	d__Bacteria;p__Planctomycetota;c__Phycisphaerae;o__Phycisphaerales;f__Phycisphaeraceae;g__SM1A02;s__	0.9713241710274559
c3c230312b6b3a648b448d8e0cf38b79	d__Bacteria;p__Patescibacteria;c__Berkelbacteria;o__Berkelbacteria;f__Berkelbacteria;g__Berkelbacteria;s__	0.7657726636409419
51e04471461b35c71097bfcf6e1bf6da	d__Bacteria;p__Planctomycetota;c__Planctomycetes	0.8706900878052112
7d3346cb2cb3915e68bea58b4973b513	d__Bacteria;p__Patescibacteria;c__Microgenomatia;o__Candidatus_Woesebacteria;f__Candidatus_Woesebacteria;g__Candidatus_Woesebacteria;s__	0.8631421613476035
1e46563b06abc535cc5d295b8c2621d3	d__Bacteria	0.9994369422675867
f1bb15493a9fd76d8fefffcfdddbb8bd	d__Bacteria;p__Bacteroidota;c__Bacteroidia	0.9976745264564535
72c5c4fc1bb9b4bf33e42ac1bce38b45	d__Bacteria;p__Verrucomicrobiota;c__Verrucomicrobiae;o__Pedosphaerales;f__Pedosphaeraceae	0.9984982669786524
ec33423120eb81ba5d8c4e713e3e02d2	d__Bacteria;p__Actinobacteriota;c__Actinobacteria;o__Pseudonocardiales;f__Pseudonocardiaceae	0.9735139641411551
f101de70b2343370b20c5f34a9326345	d__Bacteria;p__Myxococcota;c__Polyangia;o__Polyangiales;f__Sandaracinaceae;g__uncultured;s__	0.8720958110095709
e48170d9d7ad7b98cf7cf7fc6a8066ab	d__Bacteria;p__Planctomycetota;c__Phycisphaerae;o__Phycisphaerales;f__Phycisphaeraceae;g__SM1A02;s__	0.9539077021648261
f66658a1699562e5c2e120ee305f1071	d__Bacteria;p__Proteobacteria;c__Gammaproteobacteria	0.9994822063125861
65278ed0d9658a4a467135ac045cc93f	d__Bacteria;p__Proteobacteria;c__Gammaproteobacteria;o__Burkholderiales	0.9997979185160502
4769660d08abc5d5d892e58f15b78c94	d__Bacteria;p__Patescibacteria;c__Parcubacteria	0.9792681542802917
218b18346fc7edc17da00dbf8759fa68	d__Bacteria;p__Patescibacteria;c__ABY1;o__Candidatus_Uhrbacteria;f__Candidatus_Uhrbacteria;g__Candidatus_Uhrbacteria;s__	0.9892777764453959
101378aa4c3d2deaa8e8d805f30ff334	d__Bacteria;p__Patescibacteria;c__Parcubacteria;o__Candidatus_Moranbacteria;f__Candidatus_Moranbacteria;g__Candidatus_Moranbacteria;s__	0.9422697408376334
f16fef3f2aadcfd1f83c8c223d995179	d__Bacteria;p__Patescibacteria;c__Parcubacteria	0.7346832917184669
9da7f90744912a8fb48a0f576e8580d6	d__Bacteria;p__Patescibacteria;c__Microgenomatia;o__Candidatus_Daviesbacteria;f__Candidatus_Daviesbacteria;g__Candidatus_Daviesbacteria;s__	0.942984235599516
384d974c9d0976564706a7ea3ba1b03b	d__Bacteria;p__Verrucomicrobiota;c__Verrucomicrobiae;o__Chthoniobacterales;f__Chthoniobacteraceae;g__Chthoniobacter;s__	0.8761315126020743
a1fb89539711ff967eb44ba03fdd8ee9	d__Bacteria;p__Patescibacteria;c__ABY1;o__Candidatus_Uhrbacteria;f__Candidatus_Uhrbacteria;g__Candidatus_Uhrbacteria;s__	0.9228360054366821
d11f957692f0b830d0a708f1cfdec3d6	d__Bacteria;p__Patescibacteria;c__Microgenomatia;o__Candidatus_Daviesbacteria;f__Candidatus_Daviesbacteria;g__Candidatus_Daviesbacteria;s__	0.996686768440244
5fdd8fb54e80a933458ed9a2330156cf	d__Bacteria;p__Chloroflexi;c__KD4-96;o__KD4-96;f__KD4-96;g__KD4-96;s__	0.9999578240583429
a71f2580b6d80b911eb1333f730df2ab	d__Bacteria;p__Patescibacteria;c__Berkelbacteria;o__Berkelbacteria;f__Berkelbacteria;g__Berkelbacteria;s__	0.9450600350865922
7043d41074f4f7e9edbe7e70efc7fb36	d__Bacteria;p__Bacteroidota;c__Bacteroidia;o__Sphingobacteriales;f__AKYH767;g__AKYH767;s__	0.9990203074142252
8ffeddd417604f5c83ca87b11ade02e4	d__Bacteria;p__Patescibacteria;c__Microgenomatia;o__Candidatus_Woesebacteria;f__Candidatus_Woesebacteria;g__Candidatus_Woesebacteria;s__	0.7064286525435792
9f4fe4a4b748e0c1cd91ef1331e46c90	d__Bacteria;p__Planctomycetota;c__OM190;o__OM190;f__OM190;g__OM190;s__	0.9925354056641167
e634052eda5e4f5f722cd6cd5a049487	d__Bacteria;p__Proteobacteria;c__Alphaproteobacteria;o__Rickettsiales;f__Mitochondria;g__Mitochondria;s__	0.9897839824568605
6a15a0ad8963225bdc4c069c85506881	d__Bacteria;p__Proteobacteria;c__Gammaproteobacteria;o__Burkholderiales;f__Comamonadaceae;g__Pelomonas;s__	0.8000244318938516
15d44c7510b37114ffbf455153e0f6bf	d__Bacteria;p__Bdellovibrionota;c__Oligoflexia;o__0319-6G20;f__0319-6G20;g__0319-6G20;s__	0.9514195849976999
dc33a640af0ce4e0fe69fde17bf00bfa	d__Bacteria;p__Bacteroidota;c__Kapabacteria;o__Kapabacteriales;f__Kapabacteriales;g__Kapabacteriales;s__	0.9365737694634526
9ae2fd14046bf946a47e0eb9da27ca2d	d__Bacteria;p__Patescibacteria;c__Microgenomatia;o__Candidatus_Daviesbacteria;f__Candidatus_Daviesbacteria;g__Candidatus_Daviesbacteria;s__	0.9997375654119772
f3b9b46b3bdf37dd3475fbe66bbf3ab9	d__Bacteria;p__Elusimicrobiota;c__Lineage_IIa;o__Lineage_IIa;f__Lineage_IIa;g__Lineage_IIa;s__	0.9972743914947988
505bf0f83771da713656b7ff09deb467	d__Bacteria;p__Bacteroidota;c__Bacteroidia;o__Sphingobacteriales;f__AKYH767;g__AKYH767;s__	0.928857850360592
bdd159e26c4b1fdce4882b436ca95c3d	d__Bacteria;p__Proteobacteria;c__Gammaproteobacteria	0.9999974137960433
9dca03be8d4b92622990991bad2a7302	d__Bacteria;p__Armatimonadota;c__Fimbriimonadia;o__Fimbriimonadales;f__Fimbriimonadaceae;g__Fimbriimonadaceae;s__	0.9959442520733097
62f8bfb4d1a1d60f69a5782006c2b68c	d__Bacteria;p__Verrucomicrobiota;c__Chlamydiae;o__Chlamydiales;f__Parachlamydiaceae	0.8704502704249503
f55e88e302783bc18d390e91b44a3338	d__Bacteria;p__Patescibacteria;c__Microgenomatia;o__Candidatus_Woesebacteria;f__Candidatus_Woesebacteria;g__Candidatus_Woesebacteria;s__	0.9282534831726427
0b99fa0fab6928f6305f3f0e1b4faf3e	d__Bacteria	0.9993775179618034
958768154b8f792778317640431a1d35	d__Bacteria;p__Cyanobacteria;c__Vampirivibrionia;o__Obscuribacterales;f__Obscuribacteraceae;g__Obscuribacteraceae;s__	0.9996012137673471
92e6134950f7fe2be58fb7dad6716d92	d__Bacteria;p__Bdellovibrionota;c__Bdellovibrionia;o__Bacteriovoracales;f__Bacteriovoracaceae;g__Peredibacter;s__	0.9460414937295994
eb2f733288ca3260eab47fa6bb56c5b5	d__Bacteria;p__Patescibacteria;c__Parcubacteria;o__Candidatus_Vogelbacteria;f__Candidatus_Vogelbacteria;g__Candidatus_Vogelbacteria;s__	0.7149613377749375
6485fdbc40e07f55343eb7e1350b4024	d__Bacteria;p__Planctomycetota;c__Phycisphaerae;o__Tepidisphaerales;f__WD2101_soil_group;g__WD2101_soil_group;s__	0.999948366635549
08cc8843f6f2e255a83cbe9e0591c475	d__Bacteria;p__Acidobacteriota;c__Vicinamibacteria;o__Vicinamibacterales;f__uncultured;g__uncultured;s__	0.9880602173066799
701f1b70c9792531f2b4f2a563b7ebfa	d__Bacteria;p__Bacteroidota;c__Bacteroidia;o__Sphingobacteriales;f__AKYH767;g__AKYH767;s__	0.9994453739120478
d557884b55afb09c11284c867e08cf98	Unassigned	0.432084035804185
386cf1a0b0df1c4525a8160fc6736e71	d__Bacteria;p__Bacteroidota;c__Kapabacteria;o__Kapabacteriales;f__Kapabacteriales;g__Kapabacteriales;s__	0.8802111534379536
646b311005a50a7c44112ae791513eb4	d__Bacteria;p__Planctomycetota;c__OM190;o__OM190;f__OM190;g__OM190;s__	0.7061027225786412
f44a8de44b6eb47ab753f0a36e082dcc	d__Bacteria;p__Patescibacteria;c__Parcubacteria;o__Candidatus_Kaiserbacteria;f__Candidatus_Kaiserbacteria;g__Candidatus_Kaiserbacteria;s__	0.812260993424805
279a37893422a1067ecfd57b4bdce357	d__Bacteria;p__Planctomycetota	0.7756526628148429
b82290ae1ec1f44e282723a156d0c529	d__Bacteria;p__Bacteroidota;c__Bacteroidia	0.9999589132555939
571215b01d51f5d83371d0e6bf88006c	d__Bacteria;p__Actinobacteriota;c__Acidimicrobiia	0.8950591416793632
abc734165853efc25e213b16c10d3e17	d__Bacteria;p__Bacteroidota;c__Bacteroidia;o__Sphingobacteriales;f__env.OPS_17;g__env.OPS_17;s__	0.8080870544918752
a3decefafe3fd953e4a298f809d18838	d__Bacteria;p__Myxococcota;c__bacteriap25;o__bacteriap25;f__bacteriap25;g__bacteriap25;s__	0.7498876579096493
fb2d927fae871a2e829c0b17b2827fbe	d__Bacteria;p__Planctomycetota;c__Phycisphaerae;o__Phycisphaerales;f__Phycisphaeraceae;g__CL500-3;s__	0.9987645314245007
dec02c002f5c0f2e4a252674ab3fe02c	d__Bacteria;p__Verrucomicrobiota;c__Verrucomicrobiae;o__Opitutales;f__Opitutaceae;g__Opitutus;s__	0.7204201749430359
08566ede56f02d8c64cd25b7039e791a	d__Bacteria;p__Planctomycetota;c__Phycisphaerae;o__Tepidisphaerales;f__CPla-3_termite_group;g__CPla-3_termite_group;s__	0.9970260104717221
525a12880e0add4f09cc47f3ef32f06e	d__Bacteria;p__Bacteroidota;c__Kapabacteria;o__Kapabacteriales;f__Kapabacteriales;g__Kapabacteriales;s__	0.9381317043020192
8b8ff287b5be20266b0bb0c103b5780e	d__Bacteria;p__Patescibacteria;c__Microgenomatia	0.9870116872868019
4ac17c34df6f23c693acc1d2e46b99b3	d__Bacteria;p__Acidobacteriota;c__Blastocatellia	0.9995961346433531
9b58de14e56feff34297b984815566fe	d__Bacteria;p__Planctomycetota;c__OM190;o__OM190;f__OM190;g__OM190;s__	0.9582234162693237
8070d9a772b6a7cb38d0436961460aa2	d__Bacteria;p__Planctomycetota;c__Phycisphaerae;o__Tepidisphaerales;f__Tepidisphaeraceae;g__Tepidisphaeraceae;s__	0.9995650202338392
c124b74d00f37199a22d3af20b837846	d__Bacteria;p__Chloroflexi	0.9270810948221724
ed0d43d0bab1956fcb6be6a34f58ab4f	d__Bacteria;p__Proteobacteria;c__Gammaproteobacteria	0.9997915623929897
4078187b683073d28891df6e15fc4319	d__Bacteria;p__Planctomycetota;c__Planctomycetes;o__Pirellulales;f__Pirellulaceae	0.9906055759267232
0e944a8d3aea5c1ac57f39f4c1fabb0a	d__Bacteria	0.9999600633840575
9ca06c0e616eda6fe61ac37f20c7cce2	d__Bacteria;p__Bacteroidota;c__Bacteroidia;o__Sphingobacteriales;f__env.OPS_17;g__env.OPS_17;s__	0.996275002299927
9fdb232325805c1c3e6154667e953c79	d__Bacteria;p__Planctomycetota;c__Planctomycetes;o__Gemmatales;f__Gemmataceae;g__uncultured;s__	0.8585428234662288
a4436a634be7df1525a33c0ee69a2bd9	d__Bacteria;p__Planctomycetota;c__OM190;o__OM190;f__OM190;g__OM190;s__	0.9228970976746839
711ac34044cfb2d10391d6d72605604d	d__Bacteria;p__Verrucomicrobiota;c__Chlamydiae;o__Chlamydiales;f__Parachlamydiaceae	0.8929248586775194
6f214c4923ec352c862ef71a16a3141c	d__Bacteria	0.9999968360244386
9178e9f65954a2ce468a07d2484cb8ee	d__Bacteria;p__Verrucomicrobiota;c__Verrucomicrobiae;o__Pedosphaerales;f__Pedosphaeraceae	0.9999808301661597
0211e1736022387c695b46d69e31f343	d__Bacteria;p__Verrucomicrobiota;c__Verrucomicrobiae;o__Verrucomicrobiales;f__DEV007;g__DEV007;s__	0.8745738663578867
fa8c9e916ee151150ec98759e73bddf1	d__Bacteria;p__Verrucomicrobiota;c__Verrucomicrobiae;o__Opitutales;f__Opitutaceae;g__Lacunisphaera;s__	0.9998856719959293
0f204b993bf0507a91d4d4b767c1381f	d__Bacteria;p__Bacteroidota;c__Bacteroidia;o__Chitinophagales;f__Chitinophagaceae;g__Lacibacter;s__	0.9135016101841583
f5b5c48339f266ada6e613927a656385	d__Bacteria;p__Planctomycetota;c__Planctomycetes	0.9998014907631912
5df37a90ced8b7c9a271544db5d0b709	d__Bacteria;p__Bacteroidota;c__Bacteroidia;o__Sphingobacteriales;f__env.OPS_17;g__env.OPS_17;s__	0.9832672856297334
0e47c7ba1550af2a47f927812a82b2a1	d__Bacteria;p__Proteobacteria;c__Gammaproteobacteria;o__Xanthomonadales;f__Xanthomonadaceae;g__Pseudoxanthomonas;s__	0.722252055068901
b4c574830ed56372e9628c7bc2245d30	d__Bacteria;p__Patescibacteria;c__Parcubacteria	0.8999878660487782
32d37dc44d998fde6a748113c3bf098d	d__Bacteria	0.9999645956196624
358388fba5f49dbf79a273e792c136d9	d__Bacteria;p__Acidobacteriota;c__Thermoanaerobaculia;o__Thermoanaerobaculales;f__Thermoanaerobaculaceae;g__Subgroup_10;s__	0.9981910219017299
8f15cfd56710611acd9b82b733612e14	d__Bacteria;p__Planctomycetota;c__Planctomycetes;o__Pirellulales;f__Pirellulaceae	0.9633449876435928
a7ea6e52b325df98154804552bb623ef	d__Bacteria;p__Acidobacteriota;c__Blastocatellia;o__Pyrinomonadales;f__Pyrinomonadaceae;g__RB41;s__	0.9966668727013701
e0e75a6756fda3d6b61a664dba668416	d__Bacteria;p__Verrucomicrobiota;c__Verrucomicrobiae;o__Chthoniobacterales;f__Chthoniobacteraceae;g__Chthoniobacter;s__	0.7464670385004231
df5c43de9dd9994bbc193145f2151109	d__Bacteria;p__Sumerlaeota;c__Sumerlaeia;o__Sumerlaeales;f__Sumerlaeaceae;g__Sumerlaea;s__	0.9863192386688331
61708e1661e10b3baeef12440b81b0a9	d__Bacteria;p__Cyanobacteria;c__Cyanobacteriia;o__Cyanobacteriales;f__Chroococcidiopsaceae;g__Chroococcidiopsis_CC1;s__	0.8046255394209217
94aea6b54c578191e7ac2ce372ad1c1f	d__Bacteria;p__Patescibacteria;c__Berkelbacteria;o__Berkelbacteria;f__Berkelbacteria;g__Berkelbacteria;s__	0.7765184883861656
e1ec0a348dc6821edc5b4063c7eefc86	d__Bacteria;p__Proteobacteria;c__Gammaproteobacteria;o__Burkholderiales;f__SC-I-84;g__SC-I-84;s__	0.9979130834784746
3bb0ab052c1433b1ed02db3a953ed22f	d__Bacteria;p__Patescibacteria;c__Microgenomatia;o__Candidatus_Daviesbacteria;f__Candidatus_Daviesbacteria;g__Candidatus_Daviesbacteria;s__	0.9914342067264555
704899a9cbac42d66d0df4b50f61a392	d__Bacteria;p__Hydrogenedentes;c__Hydrogenedentia;o__Hydrogenedentiales;f__Hydrogenedensaceae;g__Hydrogenedensaceae;s__	0.9522174489697819
be8ccc4e5ead815858b44939a76abfc8	Unassigned	0.8458903229980006
d93effa47f3d0f67eee0c4d139ff13b4	d__Archaea;p__Nanoarchaeota;c__Nanoarchaeia;o__Woesearchaeales;f__Woesearchaeales;g__Woesearchaeales;s__	0.8514665364248083
e0fb1e357d4e455570e32516070b3971	d__Bacteria	0.9999493291060099
3e3095c6d9f5ebb061d4221faf095920	Unassigned	0.43178461938031754
85841aed367628501df134bf12f4d450	d__Bacteria;p__Sumerlaeota;c__Sumerlaeia;o__Sumerlaeales;f__Sumerlaeaceae;g__Sumerlaea;s__	0.9465928105214481
6e5cab476fc4ce2aa66613e31b924c8b	d__Bacteria;p__Chloroflexi;c__Chloroflexia;o__Chloroflexales;f__Roseiflexaceae;g__uncultured;s__	0.8019041678056669
564ba4a5ab0e7b6a2c6ad142674bf63d	d__Bacteria;p__Patescibacteria;c__Microgenomatia;o__Candidatus_Woesebacteria;f__Candidatus_Woesebacteria;g__Candidatus_Woesebacteria;s__	0.9245362719749199
4b89cb24c587b56c20d4cd6545df08de	d__Bacteria	0.9998047520366659
69821ddc83c712e37cd42e67e9da7f73	d__Bacteria;p__Acidobacteriota;c__Blastocatellia;o__DS-100;f__DS-100;g__DS-100;s__	0.9230920122376091
46b6dd603de8cafba109692bf6243e68	d__Bacteria;p__Proteobacteria;c__Alphaproteobacteria;o__Rhizobiales;f__Beijerinckiaceae	0.898089484282289
24e6de10a4ce8376527e71e08e2f02f2	d__Bacteria;p__Patescibacteria;c__Microgenomatia;o__Candidatus_Pacebacteria;f__Candidatus_Pacebacteria;g__Candidatus_Pacebacteria;s__	0.9988828796953716
221fa28097366d1085b5ac4305f3b8fd	d__Bacteria;p__Patescibacteria;c__ABY1;o__Candidatus_Magasanikbacteria;f__Candidatus_Magasanikbacteria;g__Candidatus_Magasanikbacteria;s__	0.9726523062998739
f67c2b29b5505d3dab7f5bc58beb7caf	d__Bacteria;p__Planctomycetota;c__Phycisphaerae;o__Phycisphaerales;f__Phycisphaeraceae;g__SM1A02;s__	0.9604098123919507
9ca700e056dbc64e797e8830395b2442	d__Bacteria;p__Planctomycetota;c__Planctomycetes;o__Pirellulales;f__Pirellulaceae	0.9787525437476248
fbaa5af90f0f373266842e0bdd7f67f1	d__Bacteria;p__Planctomycetota;c__Planctomycetes;o__Pirellulales;f__Pirellulaceae;g__Pir4_lineage;s__	0.8047828037762272
cdb3d66bc62a0b7c13075b6d0bb7edac	d__Bacteria;p__Patescibacteria;c__Parcubacteria;o__Candidatus_Yanofskybacteria;f__Candidatus_Yanofskybacteria;g__Candidatus_Yanofskybacteria;s__	0.9302790549913701
1f7275c6f0a24102aa29e149f741a462	d__Bacteria;p__Patescibacteria;c__Parcubacteria;o__Candidatus_Moranbacteria;f__Candidatus_Moranbacteria;g__Candidatus_Moranbacteria;s__	0.9562765305733648
4be42926edc6bdbe3c92cfd23f3c4088	d__Bacteria;p__Chloroflexi;c__Anaerolineae	0.9664818358024376
f9f9b6ccccd4536cc6b1e82adc46d2cc	d__Bacteria;p__Actinobacteriota;c__Actinobacteria;o__Propionibacteriales;f__Propionibacteriaceae	0.9128146056811329
e95aa6a2a89e86fa97c4591b4f2b7590	d__Bacteria;p__Verrucomicrobiota	0.7120497493229426
6a39dd696fa8f26a2cb2d2b4e2e722a4	d__Bacteria;p__Actinobacteriota;c__Actinobacteria	0.9990574032720797
ce0c5c8df7d39a0b24de5d1f40135cb3	d__Bacteria;p__Bacteroidota;c__Kapabacteria;o__Kapabacteriales;f__Kapabacteriales;g__Kapabacteriales;s__	0.9931938796405927
34354d995c8f9f513af86e480800a12c	d__Bacteria;p__Bacteroidota;c__Bacteroidia	0.9894916543917704
4eb409c36008ecd9f78867c2d197b514	d__Bacteria;p__Entotheonellaeota;c__Entotheonellia;o__Entotheonellales;f__Entotheonellaceae;g__Entotheonellaceae;s__	0.9992520086488456
8a47c5d8c295e6697bfb068a90860531	d__Bacteria;p__Patescibacteria;c__Saccharimonadia;o__Saccharimonadales;f__Saccharimonadales;g__Saccharimonadales;s__	0.824969788430162
c59a9b1196f23188a38c6551310685e0	d__Bacteria;p__Patescibacteria;c__Parcubacteria;o__Parcubacteria;f__Parcubacteria;g__Parcubacteria;s__	0.7758943794868434
565104df3eba44150c3b7e0fd499da93	d__Bacteria;p__Patescibacteria	0.7233517502684201
3c187f6108e3017f6e78917236e645d2	d__Bacteria;p__Latescibacterota;c__Latescibacterota;o__Latescibacterota;f__Latescibacterota;g__Latescibacterota;s__	0.8646591565099012
3f1c0c476213939de1146035fe6e1277	d__Bacteria;p__Verrucomicrobiota;c__Verrucomicrobiae;o__Pedosphaerales;f__Pedosphaeraceae	0.9995488392299346
b8d426cf246e79ec01194ccd7ab55290	d__Bacteria;p__Patescibacteria;c__Gracilibacteria;o__Gracilibacteria;f__Gracilibacteria;g__Gracilibacteria;s__	0.8093919343256679
a8657e05979cedeecc02e88f38f321b3	d__Bacteria;p__Patescibacteria;c__Saccharimonadia;o__Saccharimonadales;f__Saccharimonadales;g__Saccharimonadales;s__	0.7757125780735117
382e3a305a5d1225310819c4c174f1a5	d__Bacteria;p__Verrucomicrobiota;c__Verrucomicrobiae;o__Opitutales;f__Opitutaceae;g__Opitutus;s__	0.7162775100747756
289f0ff1473727028b812f108ed1247f	d__Bacteria;p__Patescibacteria	0.7073254501578984
dad21ad8e710409801fa25229b40de9c	d__Bacteria;p__Chloroflexi;c__Anaerolineae	0.9051098181163786
2028bd3e5208fc3a0f60bed30da83878	d__Bacteria;p__Latescibacterota;c__Latescibacterota;o__Latescibacterota;f__Latescibacterota;g__Latescibacterota;s__	0.8673071057982296
dbb6805fe3c0e163e038cd9ca942442e	d__Bacteria;p__Patescibacteria;c__Parcubacteria	0.9405916208398146
59a41c3e16180b8d451c95932626c209	d__Bacteria;p__Verrucomicrobiota;c__Verrucomicrobiae;o__Verrucomicrobiales;f__Verrucomicrobiaceae;g__uncultured;s__	0.999933756843139
6a203293150d47b0f122489f1262ebbf	d__Bacteria;p__Planctomycetota;c__vadinHA49;o__vadinHA49;f__vadinHA49;g__vadinHA49;s__	0.9890013717640326
08f0c5db4b6ad27b42df14a3f6a41dc8	d__Bacteria;p__Verrucomicrobiota;c__Verrucomicrobiae;o__Chthoniobacterales;f__Chthoniobacteraceae	0.7051686611221419
71b5cacfccbdbdd0fb242762e1379fbe	d__Bacteria;p__Bdellovibrionota;c__Oligoflexia;o__0319-6G20;f__0319-6G20;g__0319-6G20;s__	0.9735199976105426
942d2797b8c37d743b234befaa910cb9	d__Bacteria;p__Patescibacteria;c__Parcubacteria;o__Candidatus_Nomurabacteria;f__Candidatus_Nomurabacteria;g__Candidatus_Nomurabacteria;s__	0.9412727493169175
0353746be9b31de47b375036e2ef4aec	d__Bacteria;p__Proteobacteria;c__Gammaproteobacteria;o__Burkholderiales;f__Sutterellaceae;g__uncultured;s__	0.9905656044920972
82d35d4e1d0b4b8e51990378290289e1	d__Eukaryota;p__Nematozoa;c__Enoplea;o__Triplonchida;f__Triplonchida;g__Triplonchida;s__	0.7696083722636232
d9e2684b3589690b2138ac8fee14b5d6	d__Bacteria;p__Patescibacteria;c__Parcubacteria;o__Candidatus_Liptonbacteria;f__Candidatus_Liptonbacteria;g__Candidatus_Liptonbacteria;s__	0.8517314309499927
734ec4eea3f9d65b249727dc9ce27f37	d__Bacteria;p__Patescibacteria;c__Gracilibacteria;o__Candidatus_Peribacteria;f__Candidatus_Peribacteria;g__Candidatus_Peribacteria;s__	0.9981603616450049
b817fea104aa4484547cf1136318fa83	d__Bacteria;p__Proteobacteria;c__Gammaproteobacteria;o__Coxiellales;f__Coxiellaceae;g__Coxiella;s__	0.70949193830124
eb3de2cccdfa0f6c919212e7dbcd50d4	d__Bacteria;p__Proteobacteria;c__Gammaproteobacteria;o__Salinisphaerales;f__Solimonadaceae;g__Polycyclovorans;s__	0.9970566071722375
ce8e95477e5db94b74538eddec8bc605	d__Bacteria;p__Planctomycetota;c__Planctomycetes;o__Pirellulales;f__Pirellulaceae	0.8544194823296831
a3e545b154fdc4783fadf41504645230	d__Bacteria;p__Proteobacteria;c__Alphaproteobacteria;o__Rhizobiales;f__KF-JG30-B3;g__KF-JG30-B3;s__	0.9999958594638116
ff1ec9410de051a0bb385c9ede8902cf	d__Bacteria;p__Patescibacteria	0.9388619060203964
c9c96ec77472bc657774720d00915f55	d__Bacteria	0.9999487731052864
7553a8b1af61b4a0196b8ea7b422ef8e	d__Bacteria	0.9998445240573743
e5058d1b75d7d5d5068fa3b927a0bffa	d__Bacteria;p__Bacteroidota;c__Bacteroidia;o__Sphingobacteriales;f__NS11-12_marine_group;g__NS11-12_marine_group;s__	0.8898827498215444
ca384471980b9263ebcbb005a54c46cc	d__Bacteria;p__Bdellovibrionota;c__Bdellovibrionia;o__Bdellovibrionales;f__Bdellovibrionaceae;g__Bdellovibrio;s__	0.9936175040163633
2511339262a0960d38a8a4dca0491728	d__Bacteria;p__Chloroflexi;c__Anaerolineae;o__SBR1031	0.919670448677562
fdabce8c262a8c70768ee8d18cc54416	Unassigned	0.4821384892500128
48b1a415a445e496e8d4d33db81a7b9d	d__Bacteria;p__Patescibacteria;c__Microgenomatia;o__Candidatus_Curtissbacteria;f__Candidatus_Curtissbacteria;g__Candidatus_Curtissbacteria;s__	0.9946042599843066
310ad7e4bc9151bba7b46977aaae6b2a	d__Bacteria;p__Methylomirabilota;c__Methylomirabilia;o__Rokubacteriales;f__WX65;g__WX65;s__	0.9976215206772229
00d88b3c41f129564df6a0ab7d61a496	d__Bacteria;p__Verrucomicrobiota;c__Verrucomicrobiae;o__Opitutales;f__Opitutaceae	0.9999999094676196
94a4d7ee96687195946f7eba015dd2f7	d__Bacteria;p__Patescibacteria;c__Parcubacteria	0.8539468846996658
a440e2425dcb7a8adfd0b6929d598cfe	d__Bacteria;p__Patescibacteria	0.9610055007997098
f34fc1ee772d84a513792c37932a5b1e	d__Bacteria;p__Bacteroidota;c__Bacteroidia;o__Chitinophagales;f__Chitinophagaceae;g__Aurantisolimonas;s__	0.9373179450136674
5d21ba57103a5c89222cd96eb066b84c	d__Bacteria;p__Patescibacteria;c__Parcubacteria;o__Candidatus_Nomurabacteria;f__Candidatus_Nomurabacteria;g__Candidatus_Nomurabacteria;s__	0.9713350407866582
c4d1b279ea7f7403708336e93d8ea4bd	d__Bacteria;p__Planctomycetota;c__OM190;o__OM190;f__OM190;g__OM190;s__	0.9622601689893087
9c005a88125adaf85c2b35000de22b1a	d__Bacteria;p__Verrucomicrobiota;c__Verrucomicrobiae;o__Opitutales;f__Opitutaceae;g__Opitutus;s__	0.7656366561710296
982fb7a2a1c90ca42b9c414945dbf1f8	d__Bacteria;p__Bacteroidota;c__Bacteroidia;o__Chitinophagales;f__Chitinophagaceae;g__Edaphobaculum;s__	0.9828900408744771
e5378951eee0149c7960263e039acde9	d__Bacteria;p__Patescibacteria;c__WWE3;o__WWE3;f__WWE3;g__WWE3;s__	0.9688034545738134
4c31f47c1fda68419aaebb2fb02c2972	d__Bacteria;p__Verrucomicrobiota;c__Verrucomicrobiae;o__Pedosphaerales;f__Pedosphaeraceae	0.8540400188961096
4ae558ee4c0b7b4eeca7d2f20a3560ed	d__Bacteria;p__Patescibacteria;c__ABY1;o__Candidatus_Uhrbacteria;f__Candidatus_Uhrbacteria;g__Candidatus_Uhrbacteria;s__	0.9822558187034495
259e82bc2a9e8bb42a576c2c4fe9d58d	d__Bacteria;p__Verrucomicrobiota;c__Chlamydiae;o__Chlamydiales;f__Parachlamydiaceae	0.9804436107730258
69faae76ecbeb76f37263db10aab6a85	d__Bacteria;p__Bacteroidota;c__Bacteroidia	0.9976957053572957
57904bc1983f751a4b84539edafa8dc6	d__Bacteria;p__Gemmatimonadota;c__S0134_terrestrial_group;o__S0134_terrestrial_group;f__S0134_terrestrial_group;g__S0134_terrestrial_group;s__	0.9907677233383464
0d3964aeb0d471f500f6f195aba18f21	d__Bacteria;p__Acidobacteriota;c__Blastocatellia;o__Blastocatellales;f__Blastocatellaceae	0.999283537490677
6a9fd7b20e390a178794a311f0e08fda	d__Bacteria;p__Patescibacteria;c__ABY1	0.7057171052218241
c624fad4634f3a8a9b01908f0d0a8f7f	d__Bacteria;p__Patescibacteria	0.8167120667947496
511d3f42fdada8611e7d32efc1d0df24	d__Bacteria;p__Cyanobacteria;c__Cyanobacteriia;o__Gloeobacterales;f__Gloeobacteraceae;g__Gloeobacter_PCC-7421;s__	0.930417985362405
ca49031e96a59ad317b2bfebe75bbcc7	d__Bacteria;p__Chloroflexi;c__Anaerolineae;o__SBR1031;f__A4b;g__A4b;s__	0.8920456206144787
33374b0d951494ab00d6196a68922f52	d__Bacteria	0.9999998979395837
555b81417b6cfcc248cdd3ba9d688b84	d__Bacteria;p__Planctomycetota;c__Planctomycetes;o__Pirellulales;f__Pirellulaceae;g__Pirellula;s__	0.9975307413955932
faa7c77cb96c004a695a81d046649a4d	d__Bacteria;p__Bacteroidota;c__Bacteroidia;o__Chitinophagales;f__Saprospiraceae;g__uncultured;s__	0.7688625907542971
edd568ac99d2123ac9479590d6e45e03	d__Bacteria;p__Bacteroidota;c__Bacteroidia;o__Chitinophagales;f__Chitinophagaceae;g__Aurantisolimonas;s__	0.922544232692038
e1ea851e503db08fa352c617e47dc2fd	d__Bacteria;p__Proteobacteria;c__Gammaproteobacteria;o__Diplorickettsiales;f__Diplorickettsiaceae;g__Aquicella;s__	0.9997395493534237
2c32bf54b9e928cc544f09abd37693fb	d__Bacteria;p__Patescibacteria;c__Parcubacteria	0.8492570454380077
49efc823556e0489fd86a6d4147baf2f	d__Bacteria;p__Planctomycetota	0.8307103782718587
82cefdc59b80d43bc91702dbc6e2144a	d__Bacteria;p__Bacteroidota;c__Bacteroidia;o__Chitinophagales	0.8741507601747522
da52e4251530d0e11faf35ae737b78a3	d__Bacteria;p__Chloroflexi;c__JG30-KF-CM66;o__JG30-KF-CM66;f__JG30-KF-CM66;g__JG30-KF-CM66;s__	0.9925371405230224
27c2dc6e00eb445d4fc05a4e7ce2cca9	d__Bacteria;p__Armatimonadota;c__Chthonomonadetes;o__Chthonomonadales;f__Chthonomonadales;g__Chthonomonadales;s__	0.7112058706709469
e145dbc293829fcedb458dca90b4ad20	d__Bacteria;p__Proteobacteria;c__Gammaproteobacteria;o__Burkholderiales;f__Nitrosomonadaceae;g__MND1;s__	0.9949954683764417
0e6118819c50e018a3a222b6af9d1482	d__Bacteria;p__Planctomycetota;c__Phycisphaerae;o__CCM11a;f__CCM11a;g__CCM11a;s__	0.771496840124047
5fd60a870351fb1da57732a234c61e14	d__Bacteria;p__Acidobacteriota;c__Blastocatellia;o__Blastocatellales;f__Blastocatellaceae	0.9999473493514021
4b332fd2fac04b2cb71cdcd544ddef67	d__Bacteria;p__Patescibacteria;c__Parcubacteria;o__Candidatus_Yanofskybacteria;f__Candidatus_Yanofskybacteria;g__Candidatus_Yanofskybacteria;s__	0.7023399495554775
24cd2e7519e3a00c2ef53ad17a93a613	d__Bacteria;p__Verrucomicrobiota;c__Verrucomicrobiae;o__Opitutales;f__Opitutaceae;g__Lacunisphaera;s__	0.9998834529292565
1cf881c83df2f36b4ca964c288ec9db3	d__Bacteria;p__Chloroflexi;c__Anaerolineae;o__SBR1031;f__A4b;g__A4b;s__	0.8895779327655781
bc07e43c62f472802cfebd752d556db9	d__Eukaryota;p__Apicomplexa;c__Conoidasida;o__Gregarinasina;f__Eugregarinorida;g__Gregarina;s__	0.9549084151109177
7df1220c5e7ca609bf11ca2f2e1a43a9	d__Bacteria;p__Fibrobacterota;c__Fibrobacteria;o__Fibrobacterales;f__Fibrobacteraceae;g__possible_genus_04;s__	0.9967052382254622
90aef44cbd980b6efc0408c383a905b4	d__Bacteria;p__Methylomirabilota;c__Methylomirabilia;o__Rokubacteriales;f__WX65;g__WX65;s__	0.9958261889674758
3abc7c9d5794c0254a49fc49cfb02bc6	d__Bacteria;p__Patescibacteria;c__ABY1	0.8242720823807488
0515ee8e415400d24d47d548e1e777ec	d__Bacteria;p__Bacteroidota;c__Bacteroidia;o__Chitinophagales	0.8611058171943042
b3571f630ebd20d66096192a0d40a0c9	d__Bacteria	0.9856220829764943
f807f718d0e4f6782857fcdddca50640	d__Bacteria;p__Proteobacteria;c__Gammaproteobacteria;o__Burkholderiales;f__Nitrosomonadaceae;g__MND1;s__	0.9956918377075473
e7c125e5ebe034ec821102d316f60eea	d__Bacteria;p__Patescibacteria;c__ABY1	0.9921047456423184
b5d0cde8efcf04db0761bc69297419c5	d__Bacteria;p__Chloroflexi;c__Dehalococcoidia;o__S085;f__S085;g__S085;s__	0.9904437884489399
5cde48abf99c9908c584218f3c98bb6e	d__Bacteria;p__Proteobacteria;c__Alphaproteobacteria;o__Rickettsiales;f__Mitochondria;g__Mitochondria;s__	0.9990351023391062
ff609288bf6f9ec10be7c8012fabef30	d__Bacteria;p__Sumerlaeota;c__Sumerlaeia;o__Sumerlaeales;f__Sumerlaeaceae;g__Sumerlaea;s__	0.9646478473563451
d0547bc50963d50e6fc9a37a65dbed96	d__Bacteria;p__Chloroflexi;c__Anaerolineae	0.9965381763050972
ee3d88c6ccf6d1c4f14a918eb033de29	d__Bacteria;p__Myxococcota;c__Polyangia	0.8910138422680397
f38fa962a1cb7fa6549a8e4333122501	d__Bacteria;p__Bacteroidota;c__Bacteroidia;o__Cytophagales;f__Microscillaceae;g__Hassallia;s__	0.9872962029505727
1e78a690854ff201f5e7181e195edd5a	d__Bacteria;p__Acidobacteriota;c__Blastocatellia;o__DS-100;f__DS-100;g__DS-100;s__	0.9877993507268741
32ba17db71b66ff64506087db7de9db1	d__Bacteria;p__Planctomycetota	0.7440529065093971
393fb08e7c8676a9b16828ac8b72608e	d__Bacteria;p__Patescibacteria;c__ABY1;o__Candidatus_Magasanikbacteria;f__Candidatus_Magasanikbacteria;g__Candidatus_Magasanikbacteria;s__	0.8550893221431813
5cf1902f270d1e986a60a78ded361e8b	d__Bacteria;p__Bacteroidota;c__Bacteroidia;o__Flavobacteriales;f__Flavobacteriaceae	0.9993065089371618
3cfd343de3d29794c1ad11b401541d86	d__Bacteria;p__Desulfobacterota;c__uncultured;o__uncultured;f__uncultured;g__uncultured;s__	0.7115250756979731
053c1fee30a1de3e130982b7920b1d44	d__Eukaryota;p__Nematozoa;c__Chromadorea	0.9437023677310444
4c001211378e72173edeb0d8c8e62814	d__Bacteria;p__Planctomycetota	0.8827266840838621
4ce2a6097c2a7fcc03afc0725ba8b225	d__Bacteria	0.9999953266240083
5145045c3f4eb933872c042791e9fd70	d__Bacteria	0.9995530375621766
a335b490c959e1434307a8caeb0690e6	d__Bacteria;p__Patescibacteria;c__Saccharimonadia;o__Saccharimonadales	0.9997918793335314
fe3162deeb168119144437c82434bbf7	d__Bacteria;p__Verrucomicrobiota;c__Verrucomicrobiae;o__Chthoniobacterales;f__Chthoniobacteraceae;g__Candidatus_Udaeobacter;s__	0.9503626244038647
fd5eaeb6d98d1c2e8d8d09859271e327	d__Bacteria	0.999577509167449
b02cc6f570378dc315716d2af47db54b	d__Bacteria	0.9999540823301835
bbb84ca96139c9db9bd8052bf7e5540a	d__Eukaryota	0.7003575615325663
51956d92af2b117db9ac3dadc9b7ab79	d__Eukaryota	0.936053531262742
61a44ec4e1d503e0e4408dc662807fce	d__Bacteria	0.9966910529124041
20ed1edd79f0ef91c14b087d346022df	d__Bacteria;p__Patescibacteria;c__ABY1;o__Candidatus_Komeilibacteria;f__Candidatus_Komeilibacteria;g__Candidatus_Komeilibacteria;s__	0.9826625024645863
78dfb09b151e029dff8ea19db8307ebd	d__Bacteria;p__Planctomycetota;c__vadinHA49;o__vadinHA49;f__vadinHA49;g__vadinHA49;s__	0.8918710345525754
cc8c7c5a5ba6406f3cd3e80c705661a5	d__Bacteria;p__Myxococcota;c__bacteriap25;o__bacteriap25;f__bacteriap25;g__bacteriap25;s__	0.9240082790610514
4f331f2ec1c8f7ccfe4d6b304e8584cc	d__Bacteria;p__Chloroflexi;c__Ktedonobacteria;o__C0119;f__C0119;g__C0119;s__	0.70199646113342
189588aca7313816a53d8a900e542793	d__Bacteria;p__Planctomycetota;c__Planctomycetes;o__Planctomycetales;f__Schlesneriaceae;g__Schlesneria;s__	0.9867686867380987
08d673ea5abeb14b71ddecc3dfe95723	d__Bacteria;p__Patescibacteria;c__Microgenomatia;o__Candidatus_Curtissbacteria;f__Candidatus_Curtissbacteria;g__Candidatus_Curtissbacteria;s__	0.9935568233150966
fd827355148acc45df2a8f31498d98d4	d__Bacteria	0.9990582394234726
436ef1c008f1d9f0f7cd121778411c3c	d__Bacteria;p__Bacteroidota;c__Bacteroidia;o__Chitinophagales;f__Chitinophagaceae	0.9997666746837949
58b77fd7804c148584c65b08330ce0b5	d__Bacteria	0.9994509657732972
5a6ebd83cfa2e62a5e790463bb3e7855	d__Bacteria;p__Planctomycetota;c__Planctomycetes;o__Planctomycetales;f__uncultured;g__uncultured;s__	0.9891970850872314
e53da1dba25e15325dfaefec495453e6	d__Eukaryota;p__Ascomycota	0.9931658966796739
6ea743dfe99ee1f2bb4f496dc19876a1	d__Bacteria;p__Gemmatimonadota;c__Gemmatimonadetes;o__Gemmatimonadales;f__Gemmatimonadaceae;g__uncultured;s__	0.9963398846242612
866e29b47ecb135e94dacc2dea130264	d__Bacteria	0.9999165788510915
cb638922c5c76d61108ade19b4d1a766	d__Bacteria	0.9999189694009492
a78518cfd801b0e94dd3d6483258757b	d__Bacteria;p__Chloroflexi;c__Ktedonobacteria;o__C0119;f__C0119;g__C0119;s__	0.9923747697547317
fad1f79ba1e8c99c1578d20128d17693	d__Bacteria;p__Planctomycetota;c__vadinHA49;o__vadinHA49;f__vadinHA49;g__vadinHA49;s__	0.9916274746636644
1c2434ecd2c3ffb2e567e78c0ee89ae5	d__Eukaryota	0.7129837092675019
f79815bf431907446511940d0966a762	d__Bacteria;p__Planctomycetota;c__Phycisphaerae;o__Pla1_lineage;f__Pla1_lineage;g__Pla1_lineage;s__	0.9998893843877308
100c1684724b2dbd7f518a66c750b3ba	d__Bacteria;p__Patescibacteria;c__Berkelbacteria;o__Berkelbacteria;f__Berkelbacteria;g__Berkelbacteria;s__	0.9097003757422419
6fe8a85632f2f6c16410a2607061ab01	d__Bacteria;p__Chloroflexi;c__KD4-96;o__KD4-96;f__KD4-96;g__KD4-96;s__	0.9993094134239554
5e390e58f6030be2f37aa4f81a416ba0	d__Eukaryota	0.916359515448709
163ea555692938cba3dd4c4beaeff28a	Unassigned	0.30659545437266633
7a62c5d66f1c46d334186e15b9e9908e	d__Bacteria;p__Patescibacteria;c__ABY1	0.8121372508343567
d8db9eaaa4754b0314ffb3858a4bc33b	d__Eukaryota;p__Nematozoa;c__Chromadorea;o__Tylenchida;f__Tylenchida;g__Tylenchida;s__	0.9594577680558479
c48df0bf222f2ba31d7828dc2a5e2e6c	d__Bacteria;p__Chloroflexi	0.9291419885138816
3eb45d0dc65ef33ab6fcb23ebeba3bd6	d__Bacteria;p__Actinobacteriota;c__MB-A2-108;o__MB-A2-108;f__MB-A2-108;g__MB-A2-108;s__	0.9687060163665857
7de88af1723f9703fe16bee7f45bcd3f	d__Bacteria;p__Latescibacterota;c__Latescibacterota;o__Latescibacterota;f__Latescibacterota;g__Latescibacterota;s__	0.9095617382255442
68f77cd7f485f5f81bc9ca51e974efe4	d__Bacteria;p__Patescibacteria;c__Microgenomatia;o__Candidatus_Woesebacteria;f__Candidatus_Woesebacteria;g__Candidatus_Woesebacteria;s__	0.7582676835147019
348a601db28e3508917a9e41dc78ed43	d__Bacteria;p__Bacteroidota;c__Bacteroidia;o__Chitinophagales;f__Saprospiraceae;g__uncultured;s__	0.9371743625517747
56d794040b7f0520b70daa27185362bf	d__Bacteria;p__Patescibacteria;c__ABY1;o__Candidatus_Uhrbacteria;f__Candidatus_Uhrbacteria;g__Candidatus_Uhrbacteria;s__	0.9749497222436045
211e51b259c23a34762831e5d602a246	d__Bacteria;p__Proteobacteria;c__Alphaproteobacteria;o__Micavibrionales	0.9772213579632707
f1251451c05b6a4f2087f28fc22481de	d__Archaea;p__Nanoarchaeota;c__Nanoarchaeia;o__Woesearchaeales;f__Woesearchaeales;g__Woesearchaeales;s__	0.9682713770306606
7a2ba59081c53086c685674176502722	d__Bacteria;p__Planctomycetota	0.7894518271056173
50e7573ec8f3620e75bd48b8a204bb77	d__Eukaryota;p__Ascomycota	0.8040837668381989
60df28185dccdd68f210840b46dfd129	d__Bacteria;p__Patescibacteria;c__Parcubacteria;o__Candidatus_Yanofskybacteria;f__Candidatus_Yanofskybacteria;g__Candidatus_Yanofskybacteria;s__	0.867480710998713
10560c02e8a9907234273c97c439ab3d	d__Bacteria;p__Planctomycetota	0.900838465322293
9dd5ee49ed7867e7dba7bb30ca8e59de	d__Bacteria	0.9975025017723916
7667008d41c77f476542c54cbc37e8c9	d__Bacteria;p__Planctomycetota	0.9336132432900884
ec8053fa6ddf4f3f029d0da831d3faff	d__Bacteria;p__Desulfobacterota;c__Desulfuromonadia;o__PB19;f__PB19;g__PB19;s__	0.9262020125364125
de6eba7bdd447cb4225cec1b95982ee8	d__Bacteria;p__Verrucomicrobiota;c__Verrucomicrobiae;o__Opitutales;f__Opitutaceae;g__Lacunisphaera;s__	0.9990067241325781
5814980e6e0045e1594df4e7c2248a22	d__Bacteria;p__Patescibacteria;c__Microgenomatia;o__Candidatus_Daviesbacteria;f__Candidatus_Daviesbacteria;g__Candidatus_Daviesbacteria;s__	0.961055710197539
e68d6c223a3d89d8396cd4373b318d07	d__Bacteria	0.9999938948574243
dffba27001bb7a3b89394f9840791da0	d__Bacteria	0.7176520233209991
45a87108b2bfb1a0b488fe303c53f147	d__Bacteria;p__Verrucomicrobiota;c__Chlamydiae;o__Chlamydiales;f__Parachlamydiaceae;g__Neochlamydia;s__	0.8185763623631732
e5bc31e7ca9bb8daf27dc07c4a370061	d__Bacteria;p__Planctomycetota;c__OM190;o__OM190;f__OM190;g__OM190;s__	0.7980355276587031
dcb285df57eada011d8188adaf62f131	d__Bacteria;p__Patescibacteria;c__Parcubacteria;o__Parcubacteria;f__Parcubacteria;g__Parcubacteria;s__	0.7572824772651489
