Feature ID	Taxon	Confidence
d41a7f7e5077909305765f3c75479c4c	Unassigned	0.5204621586016918
c895cb7cec01c684993e2a7424a61e66	Unassigned	0.4532669379138228
48b0177d964a4b81b5e91a35c2cf6169	Unassigned	0.4116693842971464
a5c5f9670a394fe9764effc3d4c3e5d8	d__Bacteria	0.7027253745756135
ebcd79aef1228982cb59fe4bc8005911	Unassigned	0.44061709799709614
ff305b18ce67efdd29df5a9932e48380	d__Archaea;p__Crenarchaeota;c__Nitrososphaeria;o__Nitrososphaerales;f__Nitrososphaeraceae;g__Nitrososphaeraceae;s__	0.9996665159693011
4e7460e2be219f88c4a21c05face7a39	Unassigned	0.3956317060843054
a102d0fcf937f2e3e3b180a8b6d2f32f	Unassigned	0.37320966319909776
3e91cab5e54cd8c6d70423ddcbb5dd3a	d__Bacteria;p__Proteobacteria;c__Alphaproteobacteria;o__Rhizobiales;f__Xanthobacteraceae;g__Bradyrhizobium;s__	0.7901250160973264
cdf522dc5391c4969704f736de885d66	Unassigned	0.33433041481563996
b86a88bfcd00e39014e943064677ea6d	d__Bacteria	0.7017772251717459
b99d9feba67496c1ca9dd5c0c175c8c4	Unassigned	0.3119042586886953
26ec852264f65c4d96c7e7f8b61bd1b8	d__Bacteria;p__Proteobacteria;c__Gammaproteobacteria;o__Burkholderiales;f__Comamonadaceae	0.9999655724789612
0cdcae5cd0577e58cf30726a703d89f7	Unassigned	0.5262497285389145
f328f17e5f440d0e9ae7f6cd36931a1e	Unassigned	0.5481820743811241
4a7a90703706ee16059d6be03813da81	d__Bacteria;p__Proteobacteria;c__Gammaproteobacteria;o__Xanthomonadales;f__Xanthomonadaceae	0.9950470730621978
5f5b7c99683bfd151127121e7b1bd728	d__Bacteria	0.7262909639811869
9c9706c531d29b27ab1b4160643d2277	d__Bacteria;p__Acidobacteriota;c__Blastocatellia;o__Pyrinomonadales;f__Pyrinomonadaceae;g__RB41;s__	0.9557663810310872
120a3cc2edcaa51234662322e96b3d41	Unassigned	0.46713626294104993
f7a138a2eadd32b8ed4db25199f6cda6	d__Bacteria;p__Proteobacteria;c__Alphaproteobacteria;o__Rickettsiales;f__Mitochondria;g__Mitochondria;s__	0.7426970476791834
92f3c982f53f6ebaf27f4a99476e3a28	Unassigned	0.49810434189019637
9a89eb0f59573825f7b25c8b6c250b39	Unassigned	0.4913482770233869
acdd58fe2121702e2321e0e225065b86	d__Bacteria;p__Proteobacteria;c__Gammaproteobacteria;o__Xanthomonadales;f__Rhodanobacteraceae;g__Luteibacter;s__	0.9499703955367093
08a6827269e8d42a4f2eaa0a56cbdb59	d__Bacteria	0.7146347913959504
bca336c1dfd3f9b06189d26f55c3656b	d__Bacteria;p__Proteobacteria;c__Alphaproteobacteria;o__Rickettsiales;f__Mitochondria;g__Mitochondria;s__	0.8422746845364634
9443db46b6aa99241ef85d0fb874e626	d__Bacteria;p__Proteobacteria;c__Alphaproteobacteria;o__Rhizobiales;f__Rhizobiaceae;g__Allorhizobium-Neorhizobium-Pararhizobium-Rhizobium;s__	0.8800298883207786
d84eb962f998f9cb3b3094a2581077b8	d__Bacteria	0.8515383443740274
74011643d93822728edff4b82b27c8a4	Unassigned	0.4952254820235178
b275541f59ce7af2d208295987d556d5	d__Bacteria	0.7257660478178619
3eca1a53f6a2c44e18d2f0d74755c32e	d__Bacteria;p__Proteobacteria;c__Gammaproteobacteria;o__Burkholderiales;f__Alcaligenaceae;g__Achromobacter;s__	0.8413767834497127
bec591b83f81037f4fd058fdcee2fe73	d__Bacteria;p__Proteobacteria;c__Alphaproteobacteria;o__Rickettsiales;f__Mitochondria;g__Mitochondria;s__	0.8504874347815282
4cd6147beb16600b33b81baa05f59860	Unassigned	0.43566187365903974
cc0c553c47bf9fb9fee7522d9b912da3	Unassigned	0.4731387036828564
ce4de5c6d270dc40bd1c15705e15a3ad	Unassigned	0.5851351281396661
7c0d5b6ec15b3cad0854ad73e752998c	d__Bacteria;p__Actinobacteriota;c__Actinobacteria;o__Micrococcales;f__Micrococcaceae	0.9996790250550237
2be6d7d8e12cf25ad4fd0d2cd20e037f	d__Bacteria;p__Proteobacteria;c__Gammaproteobacteria;o__Xanthomonadales;f__Rhodanobacteraceae;g__Rhodanobacter;s__	0.9480939456813333
a7f519d4c707f7209da3b6b7f234d441	Unassigned	0.3726407973028988
424c2ab5611a69017ee144af133be4c0	d__Bacteria;p__Proteobacteria;c__Gammaproteobacteria;o__Xanthomonadales;f__Xanthomonadaceae	0.9957615383473074
3d0331f3f788e9d6e32c60b65ce67e49	d__Archaea;p__Crenarchaeota;c__Nitrososphaeria;o__Nitrososphaerales;f__Nitrososphaeraceae;g__Nitrososphaeraceae;s__	0.9998098218486036
9d3cb784619072fcd56969b27b2deff8	d__Bacteria;p__Proteobacteria;c__Gammaproteobacteria;o__Burkholderiales;f__Burkholderiaceae;g__Cupriavidus;s__	0.9239598184932267
2cea3d86a1e3b0e8400e866260076734	d__Bacteria;p__Proteobacteria;c__Alphaproteobacteria;o__Rickettsiales;f__Mitochondria;g__Mitochondria;s__	0.8207521331274974
ad4742e6dc2aba459f4f846ac7c437b2	d__Bacteria;p__Proteobacteria;c__Gammaproteobacteria;o__Xanthomonadales;f__Xanthomonadaceae;g__Stenotrophomonas;s__	0.9971896743685176
6e813367802023dee96d72dd83f84c97	Unassigned	0.3209735615628597
6d9256e25e4f7262d060d71d0edb79ed	Unassigned	0.4474439236335219
73323413a73e50c2767d4d0fd1c128cf	Unassigned	0.445643850804453
1b4a8aebd24b75c0fc0d86c9fe230d18	d__Bacteria;p__Acidobacteriota;c__Vicinamibacteria;o__Vicinamibacterales;f__Vicinamibacteraceae;g__Vicinamibacteraceae;s__	0.9473049703225372
614384734509240d89011d44b02df217	Unassigned	0.3862285149126222
b5adf1d2eedd40b4fa77752134db6357	d__Bacteria;p__Proteobacteria;c__Gammaproteobacteria;o__Burkholderiales;f__Alcaligenaceae	0.9999302725729815
338918a48f2c0d29cebeb1ad60c1c783	Unassigned	0.42472345516987187
2ea686aa0bd9123b3fba4a25c194583e	d__Bacteria;p__Acidobacteriota;c__Vicinamibacteria;o__Vicinamibacterales;f__uncultured;g__uncultured;s__	0.997017938897729
e485c7b303d78c683b6e105e7653811a	d__Bacteria;p__Proteobacteria;c__Gammaproteobacteria;o__Enterobacterales;f__Enterobacteriaceae	0.8328100742644341
3c82d88dba154b6d610e31341809947c	d__Bacteria;p__Myxococcota;c__Polyangia;o__Haliangiales;f__Haliangiaceae;g__Haliangium;s__	0.9992891944877442
f4239e299e8b53af83ef60597e4af6bf	Unassigned	0.3665166605852037
9850ebdd2002c070fc5185b202df95cc	d__Bacteria	0.8171286157835413
d578ae85c6e52305afb44b67f9739aba	d__Bacteria;p__Firmicutes;c__Bacilli;o__Paenibacillales;f__Paenibacillaceae;g__Paenibacillus;s__	0.9234397816608612
8b2ea2dbf5d920b9b630386e5c92db14	Unassigned	0.34491737531776956
5923f7e5b730d612af7b42a0d2a822eb	Unassigned	0.447002039086682
a20aaac4f92e618deef33ba82dce5dfc	d__Bacteria	0.7001104989671953
0fca6d80d52540f2d7d04acf2ddfec5b	Unassigned	0.5392374527764592
b1adb55226265119708fad56745fed59	d__Archaea;p__Crenarchaeota;c__Nitrososphaeria;o__Nitrososphaerales;f__Nitrososphaeraceae;g__Nitrososphaeraceae;s__	0.999800198746986
ac2381678232b07be5ceafa4d9e8fe80	d__Bacteria;p__Proteobacteria;c__Alphaproteobacteria;o__Rickettsiales;f__Mitochondria;g__Mitochondria;s__	0.8694736643618572
ff71a3b8e9f50a27e949a0e883330fda	Unassigned	0.39728543200440214
207d702414af1e53df88330d4f7a55f1	Unassigned	0.5185897198560354
aa5eea71460c1eb32f30ce5ea3f08654	d__Bacteria;p__Proteobacteria;c__Alphaproteobacteria;o__Rhizobiales;f__Xanthobacteraceae	0.9999768149317967
a399bfa39ba69480fe378184960f0407	d__Bacteria;p__Proteobacteria;c__Alphaproteobacteria;o__Caulobacterales;f__Caulobacteraceae;g__Caulobacter;s__	0.991047785433633
8ee596c71eb984f3b471698bcea37a3f	Unassigned	0.30692260301371677
a71180f37140557f4797045ac03b67de	d__Bacteria;p__Bacteroidota;c__Bacteroidia;o__Chitinophagales;f__Chitinophagaceae;g__Chitinophaga;s__	0.9838500861225613
6d2f21e150c956181b87ccb6e37a442a	d__Bacteria;p__Proteobacteria;c__Alphaproteobacteria;o__Rhizobiales;f__Rhizobiaceae	0.9897965403035435
fc1099e98f577b9220d933c53e8a3545	Unassigned	0.3820264077650899
6758ce40ce26333da9e185fe2ca6d09f	d__Bacteria;p__Actinobacteriota;c__Actinobacteria;o__Corynebacteriales;f__Mycobacteriaceae;g__Mycobacterium;s__	0.9997005843186448
8ab2f6a05e496e5e89d26649ca40ade0	d__Bacteria;p__Proteobacteria;c__Alphaproteobacteria;o__Rickettsiales;f__Mitochondria;g__Mitochondria;s__	0.8111766664243673
bce2ca1482cf01638ba2ffad425c2e8d	Unassigned	0.43251722649605473
941d4cba121738d93e7bb93a87dd2e4c	d__Bacteria;p__Proteobacteria;c__Alphaproteobacteria;o__Rhizobiales;f__Rhizobiaceae;g__Ochrobactrum;s__	0.8545994845656327
71f99e1f9c0e7d1d586e0b1df9c0d2ed	d__Bacteria;p__Proteobacteria;c__Alphaproteobacteria;o__Rhizobiales;f__Xanthobacteraceae;g__Bradyrhizobium;s__	0.7853421807436489
456730103b885dfa67d1a9acd1b1a66e	Unassigned	0.35968740100211105
6be36410886b84cfda3f20b876519097	d__Bacteria;p__Proteobacteria;c__Gammaproteobacteria;o__Burkholderiales;f__Alcaligenaceae;g__Achromobacter;s__	0.8238064016672341
fe3ed8c7e88e54d942d6bdace2126b69	d__Bacteria;p__Proteobacteria;c__Alphaproteobacteria;o__Rhizobiales;f__Xanthobacteraceae;g__Bradyrhizobium;s__	0.7923621986012918
1a24dc1fd03bfd70c8c8c28e9bc94be0	d__Bacteria;p__Proteobacteria;c__Alphaproteobacteria;o__Rickettsiales;f__Mitochondria;g__Mitochondria;s__	0.9277928212920058
9e002a1ff2df35a0dc4a0e0ade4c57aa	d__Bacteria;p__Proteobacteria;c__Alphaproteobacteria;o__Rhizobiales;f__Xanthobacteraceae;g__Bradyrhizobium;s__	0.7555175643395096
5f8f1b0e4da654769683f1dc3eff5d0d	d__Bacteria;p__Proteobacteria;c__Gammaproteobacteria;o__Burkholderiales;f__Sutterellaceae;g__uncultured;s__	0.9981847151367478
3130a8d43b6d0e93d3ce8b2a3be38caa	d__Bacteria;p__Proteobacteria;c__Gammaproteobacteria;o__Xanthomonadales;f__Xanthomonadaceae;g__Luteimonas;s__	0.7149675733188804
c4e1d82e30344bbd5f7ca608b92b6f60	Unassigned	0.3053813491050995
ec31cc5986381e29d5d21df8712359c3	d__Bacteria;p__Bacteroidota;c__Bacteroidia;o__Cytophagales;f__Microscillaceae;g__Ohtaekwangia;s__	0.8628000855291139
86a4a8b475a5340ab56d913517c79500	d__Bacteria	0.712069968338453
a6a375fa49b95f322fbc8eaa9bbf14da	d__Bacteria;p__Proteobacteria;c__Alphaproteobacteria;o__Rickettsiales;f__Mitochondria;g__Mitochondria;s__	0.8482726353984149
16b74152fa7461a1938e8fde6c9d511c	Unassigned	0.4340219909718006
28546b1af27e1505b087931fe1b5fe61	d__Bacteria;p__Proteobacteria;c__Gammaproteobacteria;o__Xanthomonadales;f__Xanthomonadaceae;g__Stenotrophomonas;s__	0.9974997444870338
42b85fabb140db7a338fd18dda37b7eb	Unassigned	0.3195061009459079
729bdbefde2d2487e5b1d3dc4614afa9	d__Bacteria;p__Chloroflexi;c__KD4-96;o__KD4-96;f__KD4-96;g__KD4-96;s__	0.9999077706050609
1bac1431ae28061303b054e477d6f86c	d__Bacteria;p__Proteobacteria;c__Alphaproteobacteria;o__Rickettsiales;f__Mitochondria;g__Mitochondria;s__	0.9119391732736629
4496684cfed6f7cdbf78eb3bab112e14	d__Bacteria	0.7071018253759558
0ebe6a6b6c6269825f5d745a5dfa06dd	d__Bacteria	0.7029171370922768
dfad99fc1063ff62c9f89bff28fbe0ae	Unassigned	0.6532458009224684
529a28e59ebc671bee3a6642f9b440dc	d__Bacteria;p__Proteobacteria;c__Gammaproteobacteria;o__Xanthomonadales;f__Xanthomonadaceae;g__Stenotrophomonas;s__	0.9968332245547848
9adf13c7e25ea9eea30e2811d24be5d7	d__Bacteria;p__Proteobacteria;c__Alphaproteobacteria;o__Rickettsiales;f__Mitochondria;g__Mitochondria;s__	0.9273087463646483
194eba311411fc76e4dec9f098db32f4	Unassigned	0.4493552101742607
fbeb5a8cd17243ed8b58ea833399fd61	Unassigned	0.6253580365710727
8cfdc4ad711a2f597ae0a8b4e161a1e0	d__Bacteria;p__Proteobacteria;c__Gammaproteobacteria;o__Burkholderiales;f__Alcaligenaceae;g__Achromobacter;s__	0.8907787272085924
6b71e9f9328cac458aaff6a3feed007b	Unassigned	0.41276798697890493
c14f4265ec103c7e8433e144ede1e895	d__Bacteria	0.8500019224717105
2adbf702beecdd4b509da21a6f1179c8	Unassigned	0.4641874612099238
6984138d81071c4d0a9d2d3058cd5433	Unassigned	0.6113241384877393
2272fcd906fca8f3aef5c0e3fb4f40af	d__Bacteria	0.7348853734104211
46dad3980cf72a28f8d8f5d2b9a78007	Unassigned	0.3764061527901511
b22a558a4056682bcea0590cc0f37a7b	Unassigned	0.3108443809065887
af39a7bd030724bafb8dc4aeac771367	Unassigned	0.356187922704545
07f2e8768d3a39cdd1c666d233d9c8a1	d__Bacteria;p__Proteobacteria;c__Gammaproteobacteria;o__Xanthomonadales;f__Rhodanobacteraceae	0.9998646252739156
c1b023aeefdc999315baca76f161a704	d__Bacteria	0.8352016696466433
7c4e91e82bc3638c8d543c493c23c86e	d__Archaea;p__Crenarchaeota;c__Nitrososphaeria;o__Nitrososphaerales;f__Nitrososphaeraceae;g__Nitrososphaeraceae;s__	0.999881202468305
d8666c0e6a35194a472276bc722867c4	Unassigned	0.39072370713117444
a4bf5bc022a5a8337eed426e1c9acbe7	Unassigned	0.337887580335157
c51b83f8e2a79571dd7fa4ca1e8b59b0	Unassigned	0.3282042542545536
897a1187fc7481190a398f85207d5ddb	d__Bacteria;p__Actinobacteriota;c__Actinobacteria;o__Streptomycetales;f__Streptomycetaceae;g__Streptomyces;s__	0.9920813645151491
8d566660cefe5c2c53099d0a582cc6a6	Unassigned	0.5170086318164071
b22fce45ed57c63904cb50f5cdd185b4	d__Bacteria	0.7034183722195394
c5fdd074636ed2e0717450c8834cfe6f	d__Bacteria;p__Proteobacteria;c__Alphaproteobacteria;o__Rhizobiales;f__Rhizobiaceae;g__Allorhizobium-Neorhizobium-Pararhizobium-Rhizobium;s__	0.9222412852379113
6c446c79f52f3f66ddbddfab913264d7	d__Bacteria;p__Firmicutes;c__Clostridia;o__Oscillospirales;f__Hungateiclostridiaceae;g__Ruminiclostridium;s__	0.9180968798885604
f73208cb6bd4b4aee9f1aef83992d9f8	Unassigned	0.4003144897732305
7e89118fb27821677461677da33400a5	Unassigned	0.5516990001527812
049b6377a8dd54a09836150bed236bac	Unassigned	0.4708548433617894
2d28cba8a5b044d8d8c807f112d42858	d__Bacteria;p__Actinobacteriota;c__Actinobacteria;o__Micrococcales;f__Microbacteriaceae	0.9972194059449421
c9e086b9b9c4db7f46a971d0eb83854a	Unassigned	0.3928197446357855
6498459e524d79aa411a9842b3e80733	Unassigned	0.37895841014831266
835e5c932087ec7f093c589812bdfd05	d__Bacteria;p__Chloroflexi;c__KD4-96;o__KD4-96;f__KD4-96;g__KD4-96;s__	0.999876246407999
3b6f5a4d3f115656bb4aad362ba869ed	Unassigned	0.3772611679532216
0691353fb9f66a1acb43ac9e8524b148	d__Bacteria;p__Firmicutes;c__Clostridia;o__Clostridia;f__Gracilibacteraceae	0.9968755120931361
1637cb44046708b363d15f2b58fbfd05	d__Bacteria;p__Myxococcota;c__Polyangia;o__Haliangiales;f__Haliangiaceae;g__Haliangium;s__	0.9995065521038262
1fcfb78c9b4b122fe8e7cad65977c52b	Unassigned	0.6453420060294965
dc1743d032c0f1e5c4d3cb92d0b1bc1a	Unassigned	0.46701078004031127
a3387f7d3c6c9bddc3fa823b2bbd3b05	d__Bacteria;p__Proteobacteria;c__Alphaproteobacteria;o__Rickettsiales;f__Mitochondria;g__Mitochondria;s__	0.8236788132060683
3fb4f2a4c26372ea8571fdb9a01dbf49	d__Bacteria;p__Proteobacteria;c__Alphaproteobacteria;o__Rickettsiales;f__Mitochondria;g__Mitochondria;s__	0.8294879971612446
b47196f0908ce2c16ae289072bda62d8	Unassigned	0.6183265491820306
d30a07bea112204a5b5b3829187989c5	Unassigned	0.32644045402916166
9c408269ef850053a760bf209be5dd34	d__Bacteria;p__Proteobacteria;c__Alphaproteobacteria;o__Caulobacterales;f__Caulobacteraceae;g__Brevundimonas;s__	0.9993015495766705
16c817ae6c59067591fd93e19a77aacd	d__Bacteria;p__Proteobacteria;c__Alphaproteobacteria;o__Rickettsiales;f__Mitochondria;g__Mitochondria;s__	0.877711148478941
149935983a305f4da5337cb3c41be1df	d__Bacteria;p__Acidobacteriota;c__Blastocatellia;o__Pyrinomonadales;f__Pyrinomonadaceae;g__RB41;s__	0.9059819251087425
205081ec12367bc1c738be0bf01b775b	Unassigned	0.35782471242417735
49a5c576446bc0571854fcba0bb37eae	Unassigned	0.4218021041384441
d5b365781cda89f5778ad5594961ebd8	Unassigned	0.4372012790118218
9abb10f64194fe9b0cdea973aa69b157	Unassigned	0.3825176417599694
2b2f90cd24687adbcae48f581714ffe9	d__Bacteria;p__Firmicutes;c__Bacilli;o__Bacillales;f__Planococcaceae	0.9842140085697666
a4eaaa6baa2404d3b88245f1da075dd7	d__Bacteria;p__Proteobacteria;c__Alphaproteobacteria;o__Rickettsiales;f__Mitochondria;g__Mitochondria;s__	0.760529488885818
99f7f3f739ff4dc21943f61ee733077a	d__Bacteria	0.799368492876529
81fda71048545106cc4fe021fd15fa6e	d__Bacteria;p__Proteobacteria;c__Gammaproteobacteria;o__Burkholderiales;f__Comamonadaceae	0.9993543404749043
7c5ef3ed396365305bd80686cb0cae72	Unassigned	0.3554880394126029
504091784c75ae3ee0af758c3300dd46	d__Bacteria	0.861338013882009
96a9728c75912df6cda6cc2014f6914d	d__Bacteria;p__Proteobacteria;c__Gammaproteobacteria;o__Xanthomonadales;f__Xanthomonadaceae	0.9987550219893596
819eb501bd038821fe04915450362da3	d__Bacteria;p__Firmicutes;c__Clostridia;o__Lachnospirales;f__Lachnospiraceae	0.9991823048811168
760458afd62c5a2cae22015ca2885860	d__Bacteria;p__Proteobacteria;c__Alphaproteobacteria;o__Rickettsiales;f__Mitochondria;g__Mitochondria;s__	0.728394418523153
92320b0957af22e6559b98a6bd63c07a	d__Bacteria;p__Chloroflexi;c__Anaerolineae;o__SBR1031;f__A4b;g__A4b;s__	0.9793366648460736
9e6dda0bc423458247a0393dcaabf312	d__Bacteria;p__Actinobacteriota;c__Actinobacteria;o__Micrococcales;f__Microbacteriaceae;g__Agromyces;s__	0.8253161648389938
5bd3e612b03db060aa788c1a9dc886ae	d__Bacteria;p__Bacteroidota;c__Bacteroidia;o__Chitinophagales;f__Chitinophagaceae;g__Terrimonas;s__	0.806078055979985
a2b058f977ef46ea9cd2c7663bb6f13f	d__Bacteria;p__Proteobacteria;c__Alphaproteobacteria;o__Rickettsiales;f__Mitochondria;g__Mitochondria;s__	0.9463809500961251
41abe5bcf7570c43c7a0b92eea47ef16	Unassigned	0.32714069209095364
50a3a18e2f60323859d25c9522e44415	Unassigned	0.44819002734017677
a0c5216d0eb6c33dbd530b927608c343	d__Bacteria	0.8888508538600358
92cea8c96df05d03d2317393c7b947b1	d__Bacteria;p__Proteobacteria;c__Gammaproteobacteria;o__Xanthomonadales;f__Rhodanobacteraceae;g__Rhodanobacter;s__	0.8815763940926981
d5a0eb12f06546ea8b8d6200790b9334	Unassigned	0.39450680463045507
1658f48835584426513a0168ddb882a6	d__Bacteria;p__Proteobacteria;c__Gammaproteobacteria;o__Burkholderiales;f__Comamonadaceae	0.9999779719433988
df976a254a2ea5e0cd1c78fa9bf4b911	Unassigned	0.35969064373546233
87b1c1b5163a44f3e0319ce56361299b	Unassigned	0.4337269214161511
3c768e78dde074b6fcd140a0d79e2dfb	Unassigned	0.5351997753978064
c24c4e96130c1cd4b79346819e7dc4a4	d__Bacteria;p__Actinobacteriota;c__Actinobacteria;o__Micrococcales;f__Microbacteriaceae	0.9960346748609519
744fa3dcd34ae54b17ed45aeab24f703	Unassigned	0.4383258436466817
f8ee62889a03bf4396ba22f4b5879bec	Unassigned	0.35706903396961664
3ac86bc89f511f7eb1d8d3816247ed40	Unassigned	0.40949122530336435
2fb8304d75509a237de2f4b624a13ab9	d__Bacteria;p__Proteobacteria;c__Alphaproteobacteria;o__Rickettsiales;f__Mitochondria;g__Mitochondria;s__	0.8123700151232744
7d66fd0506c20312d8c0debcdb084f8b	Unassigned	0.661875492110239
6ee8652d13f8387f256e29feba9b576c	Unassigned	0.3817779075583534
421619710b6a3e2923f0ed0d2c614d1a	Unassigned	0.6317599071471385
5fae4131ad35ea13c88cb06231f7a69e	Unassigned	0.8257799659743162
06cc613a00a29b0dc4a6d08bf1a0e907	d__Bacteria;p__Acidobacteriota;c__Blastocatellia;o__Blastocatellales;f__Blastocatellaceae	0.9994050219849334
5127889273f5608e78aa04d7980b7ce1	Unassigned	0.7327547572139994
e315af9891b17ce887739f4c94283fe2	d__Bacteria;p__Proteobacteria;c__Gammaproteobacteria;o__Xanthomonadales;f__Xanthomonadaceae;g__Stenotrophomonas;s__	0.9958721856001856
4620ea8a5875d2e639b824733c3978b5	d__Bacteria	0.7907068425394721
9ab3b6a2d1e4324ccd284ae2a4e1d486	Unassigned	0.5006346971924367
233069b028e49e82330e3b5af80f41e5	Unassigned	0.39445690579265835
e4e36f825abb4be2573e8c36c74af66f	Unassigned	0.42703721683210716
95d2bdd8f746c2cf084764647ad7cca8	d__Bacteria	0.7138716958562535
be707ed526e26af977867736f0d825d2	d__Bacteria	0.7174306900365308
60599bc59f54a5a27e80a8d4eee91593	d__Bacteria;p__Bacteroidota;c__Bacteroidia;o__Chitinophagales;f__Chitinophagaceae;g__uncultured;s__	0.8787804536085844
0071e265d0c8176f19ea4a97f7a8b37d	d__Bacteria	0.7040311049335819
b56f481ca866641bdc5a32258b46ab83	d__Bacteria;p__Proteobacteria;c__Gammaproteobacteria;o__Pseudomonadales;f__Pseudomonadaceae;g__Pseudomonas;s__	0.9980924972910785
b35273996558598a8348056faee3dac9	Unassigned	0.7786348445095003
a1a58137b0dd5ab34e3d00f9acb5622f	d__Bacteria;p__Actinobacteriota;c__Actinobacteria;o__Micrococcales;f__Microbacteriaceae	0.9976612056063241
3d0dfca7d6f10f57da70b6e60217ec79	Unassigned	0.48129235889276245
2555a7e7c9d836d80d64ed772dddd843	d__Bacteria;p__Acidobacteriota;c__Blastocatellia;o__Pyrinomonadales;f__Pyrinomonadaceae;g__RB41;s__	0.9480984168432977
2a891a1d6edf2ee7637fc89b3d47d6b7	Unassigned	0.44838159579906334
03cb214246413859c2a5de61b8ef3247	d__Bacteria	0.832657366775109
1531d82998616a7de1623d5dda8e44f6	d__Bacteria;p__Proteobacteria;c__Alphaproteobacteria;o__Rhizobiales;f__Rhizobiaceae	0.8690729617941827
4cf497ef1b890d2c6e81219207b96840	d__Bacteria;p__Proteobacteria;c__Gammaproteobacteria;o__Xanthomonadales;f__Xanthomonadaceae	0.9953274313273427
b6a309395fb865cd02840bcdb05c95f2	Unassigned	0.4198662095158031
8beae90a242a972aa891cbaefbdd5d5f	d__Bacteria;p__Proteobacteria;c__Gammaproteobacteria;o__Burkholderiales;f__Comamonadaceae	0.9999677773115769
9b05c5fb1488407047ed50d06bc83106	Unassigned	0.36895505367506465
5e78bc77c0ff68efd223fcd269f8a6aa	Unassigned	0.37679310510540764
3c76bfcbb66c0691408d9741eac82113	d__Bacteria;p__Proteobacteria;c__Alphaproteobacteria;o__Sphingomonadales;f__Sphingomonadaceae;g__Sphingomonas;s__	0.892032393173918
294c67b39918e35ecdcc3b5742a8ab25	Unassigned	0.338884342997158
b04bba8ddb7e9e4248ebf7f8a9782723	d__Bacteria;p__Proteobacteria;c__Alphaproteobacteria;o__Rickettsiales;f__Mitochondria;g__Mitochondria;s__	0.92418695776747
1ed30a7a03674adbfbe99c31fc515b5b	Unassigned	0.35730433826548813
3a6898685028896dd5179a010b48b9e9	Unassigned	0.4818969799944267
8a09ce975bb9c06a79a5eb9600d14aaf	Unassigned	0.3727354443395805
9a9f9f84c7a770fffd418437ac2ff5a0	Unassigned	0.7338474094298886
5b137665a1587999402d44dc72da5a48	Unassigned	0.46507099596451873
75924f626d514b4567c63183e92f7b45	d__Bacteria;p__Proteobacteria;c__Alphaproteobacteria;o__Rhizobiales;f__Rhizobiaceae;g__Ochrobactrum;s__	0.8382948085179568
98cb8ed7d24479cf32c5e583b1bdb0a6	Unassigned	0.3682598868839423
33e6c42cc41eedc768635524f7a54a67	d__Bacteria;p__Bacteroidota;c__Bacteroidia;o__Chitinophagales;f__Chitinophagaceae;g__uncultured;s__	0.8692851350285897
a0e65732fc88e5114dfe09853d2bcff3	Unassigned	0.45976136106272447
a54f363419054218aa997b08ebfda0f6	d__Bacteria	0.7035894528314054
e1cd50574b4297d406cdd87334b959a9	d__Bacteria	0.7793773373514008
de0b1d9da5ac421f3f4cbe99b4e0533e	Unassigned	0.4572493223237978
134d5bad6d9145e3c2aae70e8a0ad530	Unassigned	0.4902456961053345
5137aba15f1a60a852bba3c0e7018ced	d__Bacteria;p__Proteobacteria;c__Alphaproteobacteria;o__Rickettsiales;f__Mitochondria;g__Mitochondria;s__	0.9188152069486164
fd347daa3c500aadf02bd5ba44ab208c	Unassigned	0.33684864955792426
331559c2cef6d73958dd0002d1f2f9c0	d__Bacteria;p__Actinobacteriota;c__Actinobacteria;o__Streptomycetales;f__Streptomycetaceae;g__Streptomyces;s__	0.9913059619826219
caa65b422eb61dc8edabbeee089a8861	d__Bacteria	0.8399082224980409
146425130ebe54ed43403c56927b98c1	Unassigned	0.33895942579138716
1e1a8538715b3ee95d014b8cc98f352f	Unassigned	0.4136003151457036
2be9f4105aa168e3ea153e2747242edc	d__Bacteria;p__Bacteroidota;c__Bacteroidia;o__Chitinophagales;f__Chitinophagaceae;g__Chitinophaga;s__	0.9750495343029676
83379c0713b1003c7c6fcd760b05a8a2	d__Bacteria;p__Proteobacteria;c__Gammaproteobacteria;o__Steroidobacterales;f__Steroidobacteraceae	0.9986834878811044
e60d8b8f59bf448cbff78ef59515b028	Unassigned	0.5954812252182792
ec5c824d808a17858e6c7c8867e58d54	d__Bacteria;p__Proteobacteria;c__Alphaproteobacteria;o__Rhizobiales;f__Rhizobiaceae	0.8923700104184238
7e9b762150abe5a2ed14ae35cbf11249	Unassigned	0.5638366183932602
1b8494a676982de3a35d9b6f5395e6cb	Unassigned	0.433986264062162
6abf3e726e433d7e747a0bea077f35e6	d__Bacteria;p__Firmicutes;c__Bacilli;o__Bacillales	0.9175878135307441
fee02e13b17abb9e5da0236237b92d88	d__Bacteria;p__Proteobacteria;c__Alphaproteobacteria;o__Rickettsiales;f__Mitochondria;g__Mitochondria;s__	0.8386988291637443
dd519372d4b2c52390c96207e95052d4	d__Bacteria;p__Acidobacteriota;c__Blastocatellia;o__Blastocatellales;f__Blastocatellaceae	0.9981306340994878
11b3189e1da2a8e3d9ede1d9511aacbf	d__Bacteria;p__Proteobacteria;c__Gammaproteobacteria;o__Steroidobacterales;f__Steroidobacteraceae;g__uncultured;s__	0.9964855612969343
d57a281ec2686d99500b312822be7639	d__Bacteria;p__Armatimonadota;c__Fimbriimonadia;o__Fimbriimonadales;f__Fimbriimonadaceae;g__Fimbriimonadaceae;s__	0.9998934289836361
b01b39dea4f1b1d137e6c093ffa7e99d	d__Bacteria;p__Bacteroidota;c__Bacteroidia;o__Chitinophagales;f__Chitinophagaceae;g__uncultured;s__	0.7722134750880458
f5647c0e8af19405c99532defc71a9ce	Unassigned	0.3696994763827314
a05703f731ace0576943610119845a56	d__Bacteria;p__Actinobacteriota;c__Actinobacteria;o__Streptomycetales;f__Streptomycetaceae	0.9976759828065688
595f4d22b13ebef431740ef7f0ed9f8e	Unassigned	0.37757111453849446
6cd351402abc6943d0f476efa7196ca8	Unassigned	0.4528902084822637
7a96addb7a66de7e8463aa398b2c17d8	d__Bacteria;p__Proteobacteria;c__Alphaproteobacteria;o__Rickettsiales;f__Mitochondria;g__Mitochondria;s__	0.9115402815054975
6c8520a39c51927cbc587943eabd9530	d__Bacteria;p__Chloroflexi;c__KD4-96;o__KD4-96;f__KD4-96;g__KD4-96;s__	0.9999137265495244
1aa00fb72668c432193d941cb8cb6cc4	d__Bacteria	0.733397666884216
134945f52cab40856710abbb89f02f12	d__Bacteria;p__Proteobacteria;c__Gammaproteobacteria;o__Xanthomonadales;f__Xanthomonadaceae	0.9946866266796638
d009486790b707351b4fcd1d3efc7a84	d__Bacteria;p__Proteobacteria;c__Alphaproteobacteria;o__Caulobacterales;f__Caulobacteraceae;g__Brevundimonas;s__	0.999579675933732
b0e169413ee6b14d7e68b6e34b4f2ca7	d__Bacteria;p__Proteobacteria;c__Alphaproteobacteria;o__Rhizobiales;f__Beijerinckiaceae;g__Bosea;s__	0.9996103359703863
08863125a558d18fa98e87e328aca706	d__Bacteria	0.836554330344959
a7807a01a33b569fda7e52541215123d	Unassigned	0.3551815860196845
ae53231811034e8a7f3a9b8d8141bbcb	Unassigned	0.40181487373850233
d8b1a27ab2d1a3614d88d3035c172bcf	Unassigned	0.4388407718982914
2fbceef5b592b7843ef3bf7e7e818593	d__Bacteria;p__Proteobacteria;c__Gammaproteobacteria;o__Xanthomonadales;f__Rhodanobacteraceae;g__Rhodanobacter;s__	0.9393471414540638
43b8c74885ec612a9f256d8faffd8800	d__Bacteria;p__Proteobacteria;c__Alphaproteobacteria;o__Rhizobiales;f__Xanthobacteraceae;g__Bradyrhizobium;s__	0.8062555841680358
7af1f99ee62315b9f33b7b62ddc532c2	d__Bacteria;p__Proteobacteria;c__Alphaproteobacteria;o__Rickettsiales;f__Mitochondria;g__Mitochondria;s__	0.8713043645528912
bbe1e414bce988540b710ad27f888144	d__Bacteria;p__Chloroflexi;c__KD4-96;o__KD4-96;f__KD4-96;g__KD4-96;s__	0.9998083685040594
57e68370bd76d6c3350b1dbc41bf9d05	Unassigned	0.3542186838098873
740806971d487261b93d37ef0d8314cc	d__Bacteria;p__Proteobacteria;c__Gammaproteobacteria;o__Burkholderiales;f__Comamonadaceae	0.9999727655925595
6b7317840cabcd3e93b371ff4f162476	Unassigned	0.43462862904003996
15f39bdb1f12a99e634a4c98d3e0d71a	d__Bacteria;p__Proteobacteria;c__Gammaproteobacteria;o__Xanthomonadales;f__Xanthomonadaceae;g__Stenotrophomonas;s__	0.9949235652834268
b1acc79ce85bb53096eb4edc8d1974b6	d__Bacteria;p__Actinobacteriota;c__Actinobacteria;o__Micrococcales;f__Microbacteriaceae	0.9982654980615718
c5530afa71ffb709ec56fb3ec8fdeafb	Unassigned	0.42229326169048653
050e88646f1cfb6e878d99d2bf1d6da1	d__Bacteria;p__Proteobacteria;c__Gammaproteobacteria;o__Burkholderiales;f__Comamonadaceae	0.999864980015982
893baf93fe74d2443670349069af754c	d__Bacteria;p__Proteobacteria;c__Alphaproteobacteria;o__Rickettsiales;f__Mitochondria;g__Mitochondria;s__	0.9296537132172035
69789a795fcd9db58144197da929d580	Unassigned	0.3317407428978906
137854db9a708e9ff8c4ca062174cbaa	Unassigned	0.3644152412153251
2865ead2e0752bced3ebba11b201f90c	d__Bacteria;p__Chloroflexi;c__Anaerolineae;o__SBR1031;f__A4b;g__A4b;s__	0.9407638324007589
a94aa97af0f9e0bb3363e0b63166a977	d__Bacteria;p__Proteobacteria;c__Gammaproteobacteria;o__Burkholderiales;f__Alcaligenaceae	0.9999560053197293
d3ed50d44133ae0834577d0e01365b5d	Unassigned	0.5474255735422796
5abe5bb675cac5d7a786b42f03397bc1	d__Bacteria;p__Bacteroidota;c__Bacteroidia;o__Chitinophagales;f__Chitinophagaceae;g__Chitinophaga;s__	0.9708042162900743
6881c83b111abff6fc2220fa167edc6c	Unassigned	0.3261862309819269
8fa5708c67d85deb64c4a9e290bdde43	Unassigned	0.32400269181686725
8232333d4f08d927f5d7d0e1bd929341	d__Bacteria;p__Proteobacteria;c__Alphaproteobacteria;o__Rickettsiales;f__Mitochondria;g__Mitochondria;s__	0.7536317225062604
1cd4e41dc6251f595346cfa7801f5649	d__Bacteria;p__Acidobacteriota;c__Blastocatellia;o__Blastocatellales;f__Blastocatellaceae	0.9992839950781555
3530151ee796fae3ba2a8967f445b5bd	d__Bacteria;p__Proteobacteria;c__Alphaproteobacteria;o__Caulobacterales;f__Caulobacteraceae;g__Brevundimonas;s__	0.9991489264149201
235396843d7d70c533d966a705a2350d	d__Bacteria;p__Acidobacteriota;c__Blastocatellia;o__Pyrinomonadales;f__Pyrinomonadaceae;g__RB41;s__	0.936107060406563
282857047f6818db05863cfdb52e2d4f	Unassigned	0.3113517304071647
0775cb0fde3bf58062e8e5df43c39389	d__Bacteria;p__Actinobacteriota;c__Actinobacteria;o__Micrococcales;f__Micrococcaceae	0.9996514567427333
ef395465d49efb328d3fee6ea8a848a3	d__Bacteria;p__Proteobacteria;c__Alphaproteobacteria;o__Rickettsiales;f__Mitochondria;g__Mitochondria;s__	0.9181248895227501
6a8a905a274ef6e8833240edda276e1a	Unassigned	0.3413685908149927
391dc852f846f0ff44e55641e5841aef	Unassigned	0.3800290304468088
3dfccda3821b7d26c823bd23c611f8da	Unassigned	0.30634354388494733
f14f053d0cb1470c3a9cbf25c7892fd8	d__Bacteria;p__Proteobacteria;c__Gammaproteobacteria;o__Xanthomonadales;f__Rhodanobacteraceae	0.9998202723823527
83c0d636c35eabd2a68a7530548a9f56	Unassigned	0.4793715260748117
1c73c712bb5ad23cd94b6d039bd4d589	d__Bacteria;p__Proteobacteria;c__Alphaproteobacteria;o__Rickettsiales;f__Mitochondria;g__Mitochondria;s__	0.7201433364590307
bd39f83ea17f18655c74885e373b2bb0	d__Bacteria;p__Proteobacteria;c__Gammaproteobacteria;o__Xanthomonadales;f__Xanthomonadaceae;g__Xanthomonas;s__	0.7977756721149197
2c03318b962c4c1bd0c86cfdb6462518	d__Bacteria;p__Planctomycetota;c__Planctomycetes;o__Pirellulales;f__Pirellulaceae;g__Pir4_lineage;s__	0.7734647841803882
c45382c13ad9679fc766b92c71db04c5	Unassigned	0.3786933503647443
2d5f418dd0638ea677d8e6389aeb9443	d__Bacteria;p__Proteobacteria;c__Alphaproteobacteria;o__Rickettsiales;f__Mitochondria;g__Mitochondria;s__	0.8722465185136905
77fdb9bcea5a06451e25c19d4d7aaacc	d__Bacteria;p__Proteobacteria;c__Alphaproteobacteria;o__Rhizobiales;f__Rhizobiaceae	0.9461225270139932
7f21e305f1c5a4a2bee916409ccb31bf	Unassigned	0.5068390713889193
f48324eff22d763d6daf862ac54e294a	Unassigned	0.38784299161993185
b268d4035315a597317f31d46d8d21bd	d__Bacteria	0.7090138004072373
dc2fa72c690bb28c22ab23ce61697de0	Unassigned	0.3850567118850301
b5d34f02d5b294be76e54afdf0fa8e57	d__Bacteria;p__Proteobacteria;c__Alphaproteobacteria;o__Rhizobiales;f__Xanthobacteraceae	0.9999558274290374
77efafe88c3122acae21ec8a4acaa01d	d__Bacteria	0.7096012897009406
c68009866541785cfafd5fb47f394013	Unassigned	0.5056900810375394
4c8c522547c8d5a8e074c6080aaabbc0	d__Bacteria;p__Proteobacteria;c__Gammaproteobacteria;o__Burkholderiales;f__Oxalobacteraceae	0.9947550428257254
45d1a02778219506fe5c825ca42a2359	d__Bacteria;p__Proteobacteria;c__Gammaproteobacteria;o__Burkholderiales;f__Comamonadaceae	0.9998884417553935
05e1ecad530dc5e01ea5633a2da658eb	d__Bacteria;p__Chloroflexi;c__KD4-96;o__KD4-96;f__KD4-96;g__KD4-96;s__	0.9999602649178209
1867f68ee84054b3ca428f7a719b9d67	d__Bacteria;p__Actinobacteriota;c__Actinobacteria;o__Corynebacteriales;f__Mycobacteriaceae;g__Mycobacterium;s__	0.9992360078300655
0de0b2eeb256f733a4fa5911f73f623d	d__Bacteria;p__Proteobacteria;c__Gammaproteobacteria;o__Xanthomonadales;f__Rhodanobacteraceae;g__Luteibacter;s__	0.9125035645037476
feefcb0b1d1dbf74351546b2b997e1e4	d__Bacteria;p__Bacteroidota;c__Bacteroidia;o__Cytophagales;f__Microscillaceae;g__uncultured;s__	0.9711032756511799
5e07f2d0b6a4c93ad6514de160794fed	d__Bacteria;p__Chloroflexi;c__KD4-96;o__KD4-96;f__KD4-96;g__KD4-96;s__	0.9999517008905469
384a1060b6fc3832bb11168333524f70	d__Bacteria	0.733270830195023
87b1a28d6b4bcd8dd32b49bb458bfea9	d__Bacteria	0.709612140466591
f3dec00b1e4fafebf10fea4a938938de	d__Bacteria;p__Actinobacteriota;c__Actinobacteria;o__Streptomycetales;f__Streptomycetaceae;g__Streptomyces;s__	0.9978647600391723
3843e06f73190dd6670b0dc5f5cf9dd0	Unassigned	0.5380664956905654
0cf4656f31e8da0b9733e136f7cb561d	d__Bacteria;p__Acidobacteriota;c__Blastocatellia;o__Pyrinomonadales;f__Pyrinomonadaceae;g__RB41;s__	0.9434776169065594
703caa31a2d8c3a02b211f3720ac6dc3	Unassigned	0.4895314638672187
0e43957782bf943c9231d2bab8052c58	Unassigned	0.5940086352762861
2c2aacc9170d5a11c07789ccf07ae9da	d__Bacteria;p__Proteobacteria;c__Gammaproteobacteria;o__Xanthomonadales;f__Rhodanobacteraceae;g__Luteibacter;s__	0.9420093171183563
076d390d118cae6c2b5d5d24f233fbd9	Unassigned	0.47352562177887836
5619b4011b7b258ef1642dd48a777702	d__Bacteria;p__Proteobacteria;c__Gammaproteobacteria;o__Xanthomonadales;f__Rhodanobacteraceae;g__Luteibacter;s__	0.9782475646787938
2344300610ca6da4dd060e563fad9d53	d__Bacteria;p__Proteobacteria;c__Alphaproteobacteria;o__Rhizobiales;f__Xanthobacteraceae;g__Bradyrhizobium;s__	0.762846930760555
84c0db1fd8bfe6217521a4a652636b6c	d__Bacteria;p__Proteobacteria;c__Alphaproteobacteria;o__Rickettsiales;f__Mitochondria;g__Mitochondria;s__	0.9107820941499171
d254560086dba22870c129fa34434413	d__Bacteria	0.8317869517683948
e80ea24a2b6abcc3d0dfb5929104b900	d__Bacteria;p__Actinobacteriota;c__Actinobacteria;o__Streptomycetales;f__Streptomycetaceae	0.9998693122343512
c68a8628162e49d9ebe25e8a1026856c	Unassigned	0.30565040768745644
b88496b1e7c482b67dea01a3e9b29974	d__Bacteria;p__Methylomirabilota;c__Methylomirabilia;o__Rokubacteriales;f__Rokubacteriales;g__Rokubacteriales;s__	0.9999743084393637
c791a380fca7bf5e977b1f5b78cba623	Unassigned	0.6692247194296392
832888365eb0278a8b6347f19366f87c	d__Bacteria;p__Firmicutes;c__Bacilli;o__Bacillales;f__Planococcaceae	0.9781154313696172
1b111977264250d6631cbc713e613bd6	Unassigned	0.3583161019497588
1a69b5a1b4a584b70be7c1711abca735	Unassigned	0.5569778472165574
6075ee81d12c8c16291b3d895be0c890	d__Bacteria;p__Proteobacteria;c__Alphaproteobacteria;o__Caulobacterales;f__Caulobacteraceae;g__Phenylobacterium;s__	0.9967803867735369
1248570c0d38edae52874768eb4cb292	d__Bacteria;p__Acidobacteriota;c__Vicinamibacteria;o__Vicinamibacterales;f__Vicinamibacteraceae;g__Vicinamibacteraceae;s__	0.8538342184679228
6506bc135035bf4c1cc6c70624e6adb4	d__Bacteria;p__Acidobacteriota;c__Vicinamibacteria;o__Vicinamibacterales;f__Vicinamibacteraceae;g__Vicinamibacteraceae;s__	0.9610537462252468
310fa2f615df2fbed5436e88efeb52d1	d__Bacteria;p__Proteobacteria;c__Gammaproteobacteria;o__Burkholderiales;f__Sutterellaceae;g__uncultured;s__	0.9977722920391042
d5eb6436e4a44cb2d92112849e644ddf	d__Bacteria;p__Proteobacteria;c__Alphaproteobacteria;o__Rickettsiales;f__Mitochondria;g__Mitochondria;s__	0.9121414359422356
5b65fba2bc144706144b915f6a1e5257	d__Bacteria;p__Planctomycetota;c__Planctomycetes;o__Pirellulales;f__Pirellulaceae;g__Pir4_lineage;s__	0.7171760497404132
d0410634401e07b243f66e38203fd603	Unassigned	0.4451080524278065
a60544ad6bf9efc7a7f7dbf001b735ea	Unassigned	0.43973236822141526
123eb6f733ff77b90e1c29b892dd8897	d__Bacteria;p__Proteobacteria;c__Alphaproteobacteria;o__Rhizobiales;f__Devosiaceae	0.9977022631990986
d9e4b838d9d5dac03ad9d9297cb6ee02	d__Bacteria;p__Proteobacteria;c__Alphaproteobacteria;o__Rhizobiales;f__Xanthobacteraceae;g__Bradyrhizobium;s__	0.7743808632096093
66f4b49282cafcbb3660fbd949baa978	d__Archaea;p__Crenarchaeota;c__Nitrososphaeria;o__Nitrososphaerales;f__Nitrososphaeraceae;g__Nitrososphaeraceae;s__	0.9997577766611134
e34cfcace067a58121cecea7177d2362	d__Bacteria;p__Proteobacteria;c__Alphaproteobacteria;o__Rickettsiales;f__Mitochondria;g__Mitochondria;s__	0.9874853724870134
e8f74ba64e26e92032bc974fc3b4b875	d__Bacteria;p__Proteobacteria;c__Alphaproteobacteria;o__Rhizobiales;f__Rhizobiaceae;g__Neorhizobium;s__	0.8482759796380701
5945833c1f707eccb150dc53315c1140	d__Bacteria;p__Actinobacteriota;c__Actinobacteria;o__Frankiales;f__Geodermatophilaceae;g__Blastococcus;s__	0.9813100682518106
9b6046190e84f6268bab6f490de10aad	d__Bacteria;p__Proteobacteria;c__Alphaproteobacteria;o__Rickettsiales;f__Mitochondria;g__Mitochondria;s__	0.9086617071723613
3a0e28052d378dc721d9589cbd2034d1	d__Bacteria;p__Proteobacteria;c__Gammaproteobacteria;o__PLTA13;f__PLTA13;g__PLTA13;s__	0.9999137787598223
2f93647da59a841d87767077ac7d3949	d__Bacteria;p__Proteobacteria;c__Alphaproteobacteria;o__Rhizobiales;f__Rhizobiaceae	0.9984288477929091
4174955265ab60528a9e4b35b984524f	d__Bacteria;p__Chloroflexi;c__Anaerolineae;o__SBR1031;f__A4b;g__A4b;s__	0.9900844615247488
48ec3a239e55d5a68bfdf2e9d9f4f453	Unassigned	0.5176372497288206
f0c22518d6f01337d60d862166a82c37	Unassigned	0.3536975334965149
4b2125ad884dab60467cfcb754cb0e73	d__Bacteria;p__Actinobacteriota;c__Actinobacteria;o__Micrococcales;f__Microbacteriaceae;g__Agromyces;s__	0.8259755966858426
01ea542f92ff59ccf3ee7553d7c87e65	Unassigned	0.4490175041204484
d5e8b0f7d7426d14cd4ab2aca6247570	d__Bacteria;p__Proteobacteria;c__Alphaproteobacteria;o__Rickettsiales;f__Mitochondria;g__Mitochondria;s__	0.9290891100315445
2c2d8d6db962a2bc6e65c4540e6bff5f	d__Bacteria;p__Proteobacteria;c__Gammaproteobacteria;o__Burkholderiales;f__Oxalobacteraceae	0.9828922472763705
a410a00a26e0c57cd39c96eab86f91eb	Unassigned	0.40647950645817854
2897a53044192151a0b134e8964cc5dd	d__Bacteria;p__Proteobacteria;c__Gammaproteobacteria;o__Xanthomonadales;f__Xanthomonadaceae;g__Stenotrophomonas;s__	0.9970349923423638
3a3e31df266b567abdd7212773ba0339	d__Bacteria;p__Methylomirabilota;c__Methylomirabilia;o__Rokubacteriales;f__Rokubacteriales;g__Rokubacteriales;s__	0.9999788442769599
bb8790008359d42ed1689f78de699075	d__Bacteria;p__Methylomirabilota;c__Methylomirabilia;o__Rokubacteriales;f__Rokubacteriales;g__Rokubacteriales;s__	0.9999732852280772
cf7ab8363214aacab207ff4381e895d0	Unassigned	0.39540673315048214
3dd94d432f2b56aa2258fd52577ec755	Unassigned	0.48088339072308695
ad6cbd30b9d6039413005bfb7c1ae4ae	Unassigned	0.7307952132822237
7993e7921e2395f96d228f2b0b4b1b67	d__Bacteria;p__Proteobacteria;c__Gammaproteobacteria;o__Enterobacterales;f__Enterobacteriaceae	0.7527310855064747
f43c4085e5986f401bc51f181f512e2f	d__Bacteria	0.7486805532064656
44206534c47ebeda29a73a72bed9545d	d__Bacteria;p__Proteobacteria;c__Alphaproteobacteria;o__Caulobacterales;f__Caulobacteraceae;g__Brevundimonas;s__	0.9993104029343711
6701b3e758e4acc71d5dc2630d5fc6fd	d__Bacteria	0.7859159445474488
ba957be85931a0c8667ddf05650e9d65	d__Bacteria	0.7325253103381265
ad9becba49bea74ed5cc12c78bdee1f8	d__Bacteria;p__Proteobacteria;c__Alphaproteobacteria;o__Rhizobiales;f__Devosiaceae	0.9991138015509882
5d8672f9a5a6f25ff0d53623c6280241	d__Bacteria;p__Proteobacteria;c__Gammaproteobacteria;o__Burkholderiales;f__Comamonadaceae	0.9998519315172089
b95f1d8f2a4c62356af55f2daf7b4c53	Unassigned	0.38344188073990215
862928cb7625cf35c2ec609c11df2eeb	d__Bacteria;p__Actinobacteriota;c__Thermoleophilia;o__Solirubrobacterales;f__Solirubrobacteraceae;g__Solirubrobacter;s__	0.9984583478324494
89b04b2a1c74a598a1bcf42585cf138c	d__Bacteria;p__Proteobacteria;c__Alphaproteobacteria;o__Rickettsiales;f__Mitochondria;g__Mitochondria;s__	0.7799555520080858
6ee59f8046d5929b18c62a6548bad40b	d__Bacteria	0.748431633639977
d734aa3cb8c76923047dc19ac52a681a	Unassigned	0.3802045893469741
0e498cd85c7e008b61b873ee28667b8c	d__Bacteria;p__Proteobacteria;c__Alphaproteobacteria;o__Rhizobiales;f__Rhizobiaceae;g__Allorhizobium-Neorhizobium-Pararhizobium-Rhizobium;s__	0.7781468688311287
de0a9c91b6381b9a2d27e56c49015beb	d__Bacteria;p__Proteobacteria;c__Alphaproteobacteria;o__Sphingomonadales;f__Sphingomonadaceae;g__Sphingomonas;s__	0.809364643183238
3ab18f802472b752d40bf3ab6d968421	d__Bacteria;p__Proteobacteria;c__Alphaproteobacteria;o__Sphingomonadales;f__Sphingomonadaceae;g__Sphingopyxis;s__	0.9875653016679611
5bc0169b3424444ac48b7a3a259a2ee6	Unassigned	0.55277353851374
7f3d3634df478b9fc26d8f442d4f2217	Unassigned	0.46334773568205134
84a61e201d716746d6e4a7fdfb8307f3	Unassigned	0.4747765791101546
e0f5a614b5dc5820767488094c507b10	d__Bacteria;p__Actinobacteriota;c__Actinobacteria;o__Corynebacteriales;f__Mycobacteriaceae;g__Mycobacterium;s__	0.9999018140293943
9fb29c235885453a1812c0ab2c50a7fc	Unassigned	0.7451486029151763
4bf4592425b051321ae1b0561ec5feec	Unassigned	0.4874251179358404
fb7a8d1aba0c6d7983e23efcc8deaa1f	d__Bacteria;p__Myxococcota;c__Polyangia;o__Haliangiales;f__Haliangiaceae;g__Haliangium;s__	0.9992163632057127
bd9866d26179e9be81dffd140c9f83da	d__Bacteria;p__Chloroflexi;c__KD4-96;o__KD4-96;f__KD4-96;g__KD4-96;s__	0.9999034906850854
61cbc65a5d4d1fdfff7a49cd1c5f6324	d__Bacteria;p__Actinobacteriota;c__Actinobacteria;o__Pseudonocardiales;f__Pseudonocardiaceae;g__Lechevalieria;s__	0.8291819986110492
744ba5797574e9a69a64b2a55b151b07	Unassigned	0.45317469987365044
9895b430289824f11732994cec87cbe4	d__Bacteria;p__Bacteroidota;c__Bacteroidia;o__Chitinophagales;f__Chitinophagaceae;g__Chitinophaga;s__	0.9519921372032497
29d4756b5bc1240b4f3c284404bcd7e3	d__Bacteria;p__Proteobacteria;c__Gammaproteobacteria;o__Xanthomonadales;f__Rhodanobacteraceae	0.9996630621262309
22329e76de049d5d365933d2a34c49bd	Unassigned	0.6158628444976795
bc56e36ed8a6a5c08abc1971adfe1d9c	d__Archaea;p__Crenarchaeota;c__Nitrososphaeria;o__Nitrososphaerales;f__Nitrososphaeraceae;g__Nitrososphaeraceae;s__	0.9995489615376439
6773b42cb713e174bbf3d510e4458d07	d__Bacteria;p__Myxococcota;c__Myxococcia;o__Myxococcales;f__Myxococcaceae	0.9992917031302442
da499600e1c91e1b3a79450cd195cefd	d__Bacteria;p__Proteobacteria;c__Gammaproteobacteria;o__PLTA13;f__PLTA13;g__PLTA13;s__	0.9998716511954112
2151f76e8e6de293b7fd4da9ef1574ba	d__Bacteria;p__Actinobacteriota;c__Actinobacteria;o__Corynebacteriales;f__Mycobacteriaceae;g__Mycobacterium;s__	0.9997192860231982
22d61417ecc9ae5ce8ddff5f10bb5a7d	d__Bacteria;p__Firmicutes;c__Negativicutes;o__Veillonellales-Selenomonadales;f__Sporomusaceae;g__Sporomusa;s__	0.9731884443193335
0df2b8d404599401551ae7e2eb3b8d89	Unassigned	0.331644483701654
2e767f5d10e72efb000819f12ea10b1c	Unassigned	0.43904777274213924
d82321d801923f507d63c97b71b311b1	Unassigned	0.35249047951719015
8e75f90dcc00f51049582c27a77aa49d	d__Bacteria;p__Chloroflexi;c__KD4-96;o__KD4-96;f__KD4-96;g__KD4-96;s__	0.9999487630869895
5e91024c2ff92e01a683bb9092683c44	d__Bacteria;p__Planctomycetota;c__Planctomycetes;o__Pirellulales;f__Pirellulaceae;g__Pirellula;s__	0.8230749361692654
e951000501071528909d2dbe10945ea6	d__Bacteria	0.7371998070049165
9ddbf3bb3feb1e1a3fac8487b857d1ac	d__Bacteria;p__Firmicutes;c__Bacilli;o__Paenibacillales;f__Paenibacillaceae;g__Paenibacillus;s__	0.9535313089907276
1463a1d59b93ee78438ad4ad46fb14f0	d__Bacteria;p__Proteobacteria;c__Alphaproteobacteria;o__Rhizobiales;f__Xanthobacteraceae;g__Bradyrhizobium;s__	0.7109390132000849
5bb3635aac9aa6b8b4accbb5045c068c	d__Bacteria;p__Bacteroidota;c__Bacteroidia;o__Chitinophagales;f__Chitinophagaceae;g__Chitinophaga;s__	0.973285276482314
2f32ce77f90f296a11534c6eecb0cb94	d__Bacteria;p__Proteobacteria;c__Alphaproteobacteria;o__Rhizobiales;f__Xanthobacteraceae;g__Starkeya;s__	0.7838606371521146
c7eae8f38eb9a06236cfd6af84b6595c	d__Bacteria;p__Proteobacteria;c__Alphaproteobacteria;o__Caulobacterales;f__Caulobacteraceae	0.9998463047997861
ce1610ad02d2f02c4449cf0dfdc3fb6e	d__Bacteria;p__Actinobacteriota;c__Actinobacteria;o__Micrococcales;f__Micrococcaceae	0.9996404333290255
8c5b2ba33565abf50ee4fa997c6267de	d__Bacteria;p__Proteobacteria;c__Alphaproteobacteria;o__Sphingomonadales;f__Sphingomonadaceae;g__Sphingomonas;s__	0.7603965844519005
a3cbe5ebd58564908aba0b015926f44d	d__Bacteria;p__Firmicutes;c__Clostridia;o__Lachnospirales;f__Lachnospiraceae	0.9999444995560108
bc68c548b58cf877066cd3426632d36b	d__Bacteria;p__Proteobacteria;c__Alphaproteobacteria;o__Rhizobiales;f__Xanthobacteraceae	0.9919040883928014
114164618ea5ea712c4e13be72af2ac7	Unassigned	0.45853018562912795
8b7f0e102ff7ce1cb6ee2b8a7e8e2390	d__Bacteria;p__Proteobacteria;c__Alphaproteobacteria;o__Rickettsiales;f__Mitochondria;g__Mitochondria;s__	0.8196950887958411
1d09ca4840ffb5e12d7f3bb8c39e9527	d__Bacteria	0.8290872606993772
e5b7e4c6b71e9fe2509bb41b614b38fc	d__Bacteria;p__Planctomycetota;c__Planctomycetes;o__Pirellulales;f__Pirellulaceae;g__Pirellula;s__	0.8278452516258367
8e99cbbf40471b6569a58970c642d260	d__Bacteria;p__Firmicutes;c__Negativicutes;o__Veillonellales-Selenomonadales;f__Sporomusaceae;g__Sporomusa;s__	0.9694902160118544
0ddf24022e0d85bc6b9fdd7d02f0b706	d__Bacteria;p__Proteobacteria;c__Alphaproteobacteria;o__Rickettsiales;f__Mitochondria;g__Mitochondria;s__	0.9023048829723137
c9f687203ad1c02adba394b95734a12f	d__Bacteria	0.8203569133864381
d49c5cb015f0b5551483a8f4063f2272	d__Bacteria;p__Proteobacteria;c__Alphaproteobacteria;o__Rhizobiales;f__Rhizobiaceae	0.8657829149966524
853b106a5dbb13f2d4cef8b2068ca5a3	d__Bacteria;p__Actinobacteriota;c__Actinobacteria;o__Micrococcales;f__Micrococcaceae	0.9996638200134339
df2313d48bde7101b88171dfda31baaf	d__Bacteria;p__Acidobacteriota;c__Vicinamibacteria;o__Vicinamibacterales;f__uncultured;g__uncultured;s__	0.9974364478664008
e492b2c524d704c8245527cba02f2285	d__Bacteria;p__Proteobacteria;c__Alphaproteobacteria;o__Rickettsiales;f__Mitochondria;g__Mitochondria;s__	0.8693722396926169
1cf919a77eb864e150b909132aa3eb0f	Unassigned	0.5709831363925597
e4359587d2e1769b5b77dfab2fafc556	Unassigned	0.36713042202468527
fccfa9302def6d6d8f2cfa64e01fbfc7	d__Bacteria	0.7386949913200659
98f6d60654e90358c6153b2f43025ee0	d__Bacteria;p__Proteobacteria;c__Alphaproteobacteria;o__Caulobacterales;f__Caulobacteraceae;g__Phenylobacterium;s__	0.9959230441705372
a2bf942795c507bb82aaeb41fd31e1e0	d__Bacteria;p__Proteobacteria;c__Alphaproteobacteria;o__Sphingomonadales;f__Sphingomonadaceae;g__Sphingopyxis;s__	0.9863429999400737
1b33572cc4ee766deef5cb7ffa1197cf	d__Bacteria;p__Gemmatimonadota;c__Gemmatimonadetes;o__Gemmatimonadales;f__Gemmatimonadaceae;g__uncultured;s__	0.8103571382704575
8aa9ed49bfc2b291ba1acdb341c99379	d__Bacteria;p__Proteobacteria;c__Gammaproteobacteria;o__Xanthomonadales;f__Rhodanobacteraceae	0.9994230728322668
83e62471a811819b7d38bfebf6f992d8	d__Bacteria;p__Methylomirabilota;c__Methylomirabilia;o__Rokubacteriales;f__Rokubacteriales;g__Rokubacteriales;s__	0.9999862102719504
741c2796078078a33648e2dce02094e7	d__Bacteria;p__Actinobacteriota;c__Actinobacteria;o__Micrococcales;f__Micrococcaceae	0.9996774921733335
4f9a0832c4c8ed5b38303cbcc245d3d4	d__Bacteria;p__Proteobacteria;c__Alphaproteobacteria;o__Sphingomonadales;f__Sphingomonadaceae;g__Sphingomonas;s__	0.8150538758721642
f77752351e0df40bff73b88cbae43b76	d__Bacteria;p__Methylomirabilota;c__Methylomirabilia;o__Rokubacteriales;f__Rokubacteriales;g__Rokubacteriales;s__	0.9999876488070284
283f2bb5d728106c3aeeef9c02bcf450	d__Bacteria;p__Bacteroidota;c__Bacteroidia;o__Cytophagales;f__Microscillaceae;g__uncultured;s__	0.9722012126869644
8a105b1faca9e6bad228f50c33078dd0	d__Bacteria;p__Firmicutes;c__Symbiobacteriia;o__Symbiobacteriales;f__Symbiobacteraceae;g__uncultured;s__	0.977418224068446
93c1249a603891bea60aa76171171d20	d__Bacteria;p__Proteobacteria;c__Alphaproteobacteria;o__Rickettsiales;f__Mitochondria;g__Mitochondria;s__	0.872611488576081
c3ef88942f94e589c4e682bb630ddb51	Unassigned	0.4689479588588741
dada6f7f821994fb86b9f76a29a8233a	d__Bacteria;p__Proteobacteria;c__Alphaproteobacteria;o__Sphingomonadales;f__Sphingomonadaceae;g__Sphingomonas;s__	0.7687817244830593
33b3f97355b112ea5463060fea208543	Unassigned	0.573470621800378
9b0d5fb65f3054e78629204e8b813d84	Unassigned	0.36836083409010256
58be04b69e23b27bc065599f25d15b56	d__Bacteria;p__Proteobacteria;c__Alphaproteobacteria;o__Rhizobiales;f__Rhizobiaceae;g__Allorhizobium-Neorhizobium-Pararhizobium-Rhizobium;s__	0.8582615529093499
fa7054c7efc41b7c2355137fc01b085a	d__Bacteria;p__Proteobacteria;c__Alphaproteobacteria;o__Rickettsiales;f__Mitochondria;g__Mitochondria;s__	0.7530817621346025
5a5d7394a38efdc0f9cb506dd541e24d	d__Bacteria;p__Proteobacteria;c__Alphaproteobacteria;o__Sphingomonadales;f__Sphingomonadaceae;g__Sphingopyxis;s__	0.9981826715731449
0b33b778f3fc1857930a539d8f0df210	d__Bacteria;p__Actinobacteriota;c__Thermoleophilia;o__Gaiellales;f__uncultured;g__uncultured;s__	0.9845894922972402
8e6087d0f2b780f9040a444b6e52471d	d__Bacteria;p__Actinobacteriota;c__Actinobacteria;o__Micrococcales;f__Micrococcaceae	0.9995048580545729
a580e1c2a4f7b5d507fed3d5cbeefc3e	d__Bacteria;p__Proteobacteria;c__Gammaproteobacteria;o__Xanthomonadales;f__Rhodanobacteraceae;g__Luteibacter;s__	0.8730089865721538
62890cd0b3853599eb55d318a167c4ea	d__Bacteria	0.8444241334889298
b08640350c3f5d3170705f80579e5009	d__Bacteria;p__Bacteroidota;c__Bacteroidia;o__Sphingobacteriales;f__Sphingobacteriaceae;g__Pedobacter;s__	0.9273757263626207
68efefd6a98c2693d5909aad6c6cedd0	d__Bacteria;p__Planctomycetota;c__Planctomycetes;o__Gemmatales;f__Gemmataceae;g__Gemmata;s__	0.9851078333454626
e31594a8c9baef5ca0c91772ec032ae6	d__Bacteria;p__Proteobacteria;c__Gammaproteobacteria;o__Xanthomonadales;f__Xanthomonadaceae	0.9990832606405611
c587ca9fb740a4d127c7415d56a52b54	d__Bacteria	0.7515045222978467
88cb9d4340df651c667e520b361d7f65	d__Bacteria;p__Gemmatimonadota;c__Longimicrobia;o__Longimicrobiales;f__Longimicrobiaceae;g__Longimicrobiaceae;s__	0.9975102906071048
18d3cde01434ec40f26e68e065ea7bc0	Unassigned	0.8344820741587454
74132813edc9fcd4cff684c24938e6bc	d__Bacteria	0.7641334235670407
83a740ab248897f452b38b392c31289d	d__Bacteria;p__Proteobacteria;c__Gammaproteobacteria;o__Burkholderiales;f__Sutterellaceae;g__uncultured;s__	0.9952214783722443
5d5a9e042498a2046a765d8d76316d2f	Unassigned	0.43317672459554757
b610984434193c3e03dd6627a0d26301	Unassigned	0.5012496862464848
19e43f7208f1a47411c06d5549465116	d__Bacteria;p__Proteobacteria;c__Alphaproteobacteria;o__Caulobacterales;f__Caulobacteraceae;g__Brevundimonas;s__	0.9996862588218164
04835c149c01ddbe38296fa1648caa04	d__Bacteria;p__Proteobacteria;c__Alphaproteobacteria;o__Sphingomonadales;f__Sphingomonadaceae;g__Sphingomonas;s__	0.8672695650389677
979defda3afca06460920f161f8757fa	d__Archaea;p__Crenarchaeota;c__Nitrososphaeria;o__Nitrososphaerales;f__Nitrososphaeraceae;g__Nitrososphaeraceae;s__	0.9999513493324649
690b896448f1e5c1a17d01abe6253ceb	Unassigned	0.36792875905171163
4c7a194ec79d9bafae3f999aea7b0d7c	Unassigned	0.390900943902902
d66e89af78c5bcf4537c4632e207fe7b	Unassigned	0.3037722168364221
825ddf0acb2d7f7c252fe902fd7edefe	d__Bacteria;p__Actinobacteriota;c__Actinobacteria;o__Micrococcales	0.9989566354945737
a862d18c24f6bf15ab5d1b8071cee9d2	d__Bacteria;p__Firmicutes;c__Clostridia;o__Clostridia;f__Gracilibacteraceae	0.9965834139786712
2cf8406a302afb06895d6380c2dc4721	d__Bacteria;p__Proteobacteria;c__Gammaproteobacteria;o__Burkholderiales;f__Oxalobacteraceae;g__Massilia;s__	0.9523900750638131
45599b504f426bbd45d398b2f9cdfd63	Unassigned	0.42071149486212855
1d2f26cf94177ab6313dd6a89a5728e8	d__Bacteria;p__Gemmatimonadota;c__Longimicrobia;o__Longimicrobiales;f__Longimicrobiaceae;g__Longimicrobiaceae;s__	0.998112952009449
e20917c0255f4ec83e17a02821d997e6	Unassigned	0.45175788865676103
4f525ba8df3c5d1ce29d5faa00fec92a	Unassigned	0.70414942465176
cff3fe170c382e5820a9cb02db8c100f	Unassigned	0.6695870665648288
e1d552065370d584ea8f0e4b5cfe55bf	d__Bacteria;p__Actinobacteriota;c__Actinobacteria;o__Frankiales;f__Geodermatophilaceae;g__Blastococcus;s__	0.9871260283443202
ddb1db04d38b342666cfa20802b9bc63	Unassigned	0.47739022437691725
c46c7902dfb9f6905900747056b149b4	Unassigned	0.37084224676646704
6a123d208fc89f1765f2d1558833588b	d__Bacteria;p__Proteobacteria;c__Gammaproteobacteria;o__Burkholderiales;f__Alcaligenaceae;g__Achromobacter;s__	0.9289709854341395
c5f83e0bb5cf692e5a5056a3b16cf0bb	d__Bacteria;p__Chloroflexi;c__Anaerolineae;o__SBR1031;f__A4b;g__A4b;s__	0.9894262488463142
198530f290fa0082a982d7eb598dce26	d__Bacteria;p__Proteobacteria;c__Gammaproteobacteria;o__Burkholderiales;f__Alcaligenaceae;g__Achromobacter;s__	0.8887171630267899
5b50ab7dc7ad902912c8d21b31c5a80d	d__Bacteria;p__Proteobacteria;c__Alphaproteobacteria;o__Rhizobiales;f__Xanthobacteraceae;g__Tardiphaga;s__	0.8254412506973381
ff49068e09b06bc705c0afb2e850e20b	d__Bacteria;p__Bacteroidota;c__Bacteroidia;o__Sphingobacteriales;f__Sphingobacteriaceae;g__Olivibacter;s__	0.9358062226923738
4c6b09d084bfcd9c372b4d06f6281ebf	d__Bacteria;p__Proteobacteria;c__Alphaproteobacteria;o__Rhizobiales;f__Xanthobacteraceae;g__Bradyrhizobium;s__	0.7753130787998942
8f955adb499f18e3281441251467091c	Unassigned	0.6131160057842207
3a7d66c7ac0162333b88c7fbc3f95043	d__Bacteria;p__Bacteroidota;c__Bacteroidia;o__Chitinophagales;f__Chitinophagaceae;g__Chitinophaga;s__	0.9814065017549278
ab7b573d8da94c5cfc660b4a9abc372a	d__Bacteria;p__Proteobacteria;c__Gammaproteobacteria;o__Burkholderiales;f__Oxalobacteraceae	0.9843437434289629
2ae13a4243f7cf77deff061ce3d1332f	Unassigned	0.5760233448694023
87e4df6df602088ee6a251c05c72aed3	Unassigned	0.5782046674701483
871e69b34219e4d8c0dabfe1d445fba5	d__Bacteria;p__Proteobacteria;c__Alphaproteobacteria;o__Rhizobiales;f__Devosiaceae	0.9990347446237302
cdd73c1faff9a21c12231f7f68037198	d__Bacteria;p__Proteobacteria;c__Alphaproteobacteria;o__Rickettsiales;f__Mitochondria;g__Mitochondria;s__	0.8505626076537351
cd98ea1e44d25f2c7e0e248ff347307d	d__Bacteria;p__Proteobacteria;c__Alphaproteobacteria;o__Rhizobiales;f__Beijerinckiaceae;g__Bosea;s__	0.9996840859147681
613c06d678e862274d0d43e46b8f3dcb	d__Bacteria;p__Proteobacteria;c__Alphaproteobacteria;o__Caulobacterales;f__Caulobacteraceae	0.9998528510912684
8576a7a69f7bc2fae11d3d44191b7b80	d__Bacteria;p__Gemmatimonadota;c__Longimicrobia;o__Longimicrobiales;f__Longimicrobiaceae;g__Longimicrobiaceae;s__	0.9972139789672404
15581a095530b8e5a34ca5c5a8e55c0e	d__Bacteria	0.8820581971097591
c90b811b04a8d7df6770099d73d8eeab	d__Bacteria;p__Proteobacteria;c__Alphaproteobacteria;o__Rickettsiales;f__Mitochondria;g__Mitochondria;s__	0.7803987307202135
e7bc12269b8c60241d0f31931e795d22	Unassigned	0.4005470508176383
26251052fc876ff226febefb0ddd0247	d__Bacteria	0.7791818573484898
bbc1baa50c14359a92584aefcfb172ad	d__Bacteria;p__Bacteroidota;c__Bacteroidia;o__Chitinophagales;f__Chitinophagaceae;g__Chitinophaga;s__	0.9878596960965382
bafd66e293bde467d179e6b96007c925	d__Bacteria;p__Myxococcota;c__Polyangia;o__Haliangiales;f__Haliangiaceae;g__Haliangium;s__	0.860143504348841
139fa5bb9793fd563da5524b7e0b5b86	d__Bacteria;p__Chloroflexi;c__Gitt-GS-136;o__Gitt-GS-136;f__Gitt-GS-136;g__Gitt-GS-136;s__	0.9999128035660761
21d939ec55d35ed793ae253573db4e37	Unassigned	0.38595653451910406
de24c210b6b5ffd29c79ceedf4a310af	Unassigned	0.3009856939966613
cc77f0bfba12807c16d0ce01fd5b4703	d__Bacteria;p__Proteobacteria;c__Alphaproteobacteria;o__Sphingomonadales;f__Sphingomonadaceae;g__Sphingomonas;s__	0.9015890018943388
a446b98d2052681d7804a82d3c00386f	d__Bacteria	0.7093170034836375
f760d02ed7a55085f85e8cf7822eb490	d__Bacteria;p__Proteobacteria;c__Alphaproteobacteria;o__Rickettsiales;f__Mitochondria;g__Mitochondria;s__	0.8461867554706953
96507eafd96d30b0454a390d4663d43d	d__Bacteria;p__Proteobacteria;c__Alphaproteobacteria;o__Rickettsiales;f__Mitochondria;g__Mitochondria;s__	0.9856795039558539
2cf0e422e01a1d5dffc2eb6f558d7987	d__Bacteria;p__Bacteroidota;c__Bacteroidia;o__Cytophagales;f__Microscillaceae;g__Hassallia;s__	0.9486647501660025
d03efe13eb8436d1eda83868c1e0603c	d__Bacteria;p__Proteobacteria;c__Gammaproteobacteria;o__Burkholderiales;f__SC-I-84;g__SC-I-84;s__	0.9994496828824756
a1256735ed804438c5c8384cd53329fc	d__Bacteria;p__Proteobacteria;c__Alphaproteobacteria;o__Rhizobiales;f__Beijerinckiaceae;g__Bosea;s__	0.999624710928281
8359be8b2525841d80c296aa4727e2fa	d__Bacteria;p__Proteobacteria;c__Gammaproteobacteria;o__Xanthomonadales;f__Xanthomonadaceae;g__Stenotrophomonas;s__	0.9969421234111329
c1249b39b01c35ffe0af9437d25a06eb	d__Bacteria;p__Proteobacteria;c__Alphaproteobacteria;o__Caulobacterales;f__Caulobacteraceae;g__Brevundimonas;s__	0.9993031466800458
bc58f3d537eb1ee7d37c812569188444	d__Bacteria;p__Proteobacteria;c__Alphaproteobacteria;o__Sphingomonadales;f__Sphingomonadaceae;g__Sphingomonas;s__	0.8914076981603748
8b5487b37093e248417dd505da032906	d__Bacteria;p__Chloroflexi;c__Chloroflexia;o__Chloroflexales;f__Chloroflexaceae;g__FFCH7168;s__	0.9983924165744155
c789be25ad399549d6b172f4c39de86f	d__Bacteria;p__Proteobacteria;c__Gammaproteobacteria;o__Burkholderiales;f__Oxalobacteraceae;g__Duganella;s__	0.7652521815488926
f2719670f090eabb6fc1042f35b42cb0	d__Bacteria;p__Chloroflexi;c__Anaerolineae;o__Anaerolineales;f__Anaerolineaceae	0.9921996825983175
2fa340932396810a8799944045919211	Unassigned	0.3576920679534771
dd15927405af05f064bef24e82ecaf42	d__Bacteria;p__Proteobacteria;c__Gammaproteobacteria;o__Burkholderiales;f__Sutterellaceae;g__uncultured;s__	0.9971832446231184
6aa4f6bfc2b6b72acb6e2cff64bd2fd4	d__Bacteria	0.7139494408312119
ae99a3584c3c0ec006de2caac5d031ea	d__Archaea;p__Crenarchaeota;c__Nitrososphaeria;o__Nitrososphaerales;f__Nitrososphaeraceae;g__Nitrososphaeraceae;s__	0.9998908553488699
52394d932ee7b71e474d6dbe7e455fc3	d__Archaea;p__Crenarchaeota;c__Nitrososphaeria;o__Nitrososphaerales;f__Nitrososphaeraceae;g__Nitrososphaeraceae;s__	0.9998444788999458
7c1f33fd81fd016b91e370aae1993c8c	d__Bacteria;p__Proteobacteria;c__Gammaproteobacteria;o__Xanthomonadales;f__Rhodanobacteraceae;g__Rhodanobacter;s__	0.8772376685030011
acfb1dfd9bea8b909ee5a463006f2c15	d__Bacteria;p__Proteobacteria;c__Gammaproteobacteria;o__Enterobacterales;f__Yersiniaceae	0.9137086193507277
72148c8f29f1e6f009dba228f744250d	d__Bacteria;p__Proteobacteria;c__Gammaproteobacteria;o__Enterobacterales;f__Enterobacteriaceae	0.8378438642435757
e08a3e971b0f83a97bc0893e9c256ffd	Unassigned	0.35156935037371373
92fb68a864c43e531326661872a2e0ba	d__Bacteria;p__Actinobacteriota;c__Actinobacteria;o__Streptomycetales;f__Streptomycetaceae	0.9998732716670778
76adf831220ef00861c93c0ee74beba2	d__Bacteria;p__Actinobacteriota;c__Actinobacteria;o__Micrococcales;f__Micrococcaceae	0.9996233263380316
e1d74ffd7ca40ff208546412ce8cb48d	d__Bacteria;p__Proteobacteria;c__Gammaproteobacteria;o__Xanthomonadales;f__Xanthomonadaceae	0.9979834907111195
d36bcd81fa96920faccf00fd3b567edf	d__Bacteria;p__Acidobacteriota;c__Blastocatellia;o__Blastocatellales;f__Blastocatellaceae	0.9989984821754052
7a5de261b5b81fea3d1aa62b72eff050	d__Bacteria	0.8187499828362043
96f7015c841177403441d6b5f80e7ec9	d__Archaea;p__Crenarchaeota;c__Nitrososphaeria;o__Nitrososphaerales;f__Nitrososphaeraceae;g__Nitrososphaeraceae;s__	0.999893458638217
0805df45d418d896778a9ddca54cef09	d__Bacteria;p__Chloroflexi;c__Gitt-GS-136;o__Gitt-GS-136;f__Gitt-GS-136;g__Gitt-GS-136;s__	0.9999542257970018
c5dc9cdeed0849791f47ed32834a5833	d__Bacteria;p__Proteobacteria;c__Alphaproteobacteria;o__Dongiales;f__Dongiaceae;g__Dongia;s__	0.990677430341417
43887968ac897368b5c4882d9045742f	d__Bacteria;p__Actinobacteriota;c__Actinobacteria;o__Corynebacteriales;f__Mycobacteriaceae;g__Mycobacterium;s__	0.9998916908873366
e42dab53af8e7f2ccac287def67af1f2	Unassigned	0.39500433567469795
fc674edbbed09aaa5fc7446518eb9968	d__Bacteria;p__Proteobacteria;c__Alphaproteobacteria;o__Rickettsiales;f__Mitochondria;g__Mitochondria;s__	0.7357071786717253
a8fbb06d1c9d83bb0d66b71c7ade8aa7	d__Bacteria;p__Proteobacteria;c__Gammaproteobacteria;o__Xanthomonadales;f__Rhodanobacteraceae;g__Luteibacter;s__	0.8895363961355073
2218f56c1cb4ca5bd616218fd4f70cf7	Unassigned	0.3355304248577461
9e1d656c6aa2ec7ee8a8fa65e338e150	d__Bacteria;p__Proteobacteria;c__Gammaproteobacteria;o__Enterobacterales;f__Enterobacteriaceae	0.8396488386708025
5574c5186db5cba096716ec74a38af4a	d__Bacteria;p__Bacteroidota;c__Bacteroidia;o__Chitinophagales;f__Chitinophagaceae;g__Chitinophaga;s__	0.984876088185128
3c1c9576521de316a829ef00e71a3ff6	d__Bacteria	0.7363105216917784
056676218e71e9eaba7c2f36d01df866	d__Bacteria	0.7512389805443621
1ac53b5fe8d24217a2b35bace750b9c1	d__Bacteria;p__Bacteroidota;c__Bacteroidia;o__Cytophagales;f__Microscillaceae;g__uncultured;s__	0.989495518636334
563552dfad987e8ea61bc719ac37a5cf	d__Bacteria;p__Proteobacteria;c__Gammaproteobacteria;o__Xanthomonadales;f__Rhodanobacteraceae	0.9993055615612336
844da6239bf3aace9820e57014eb63a3	d__Bacteria;p__Proteobacteria;c__Alphaproteobacteria;o__Rickettsiales;f__Mitochondria;g__Mitochondria;s__	0.862368513593612
7441e3c1b8fe26bbc5c1daaf5927126b	Unassigned	0.4429798316444745
9f5ca4683063612f7ce9073ba32a8354	d__Bacteria;p__Bacteroidota;c__Bacteroidia;o__Chitinophagales;f__Chitinophagaceae;g__Chitinophaga;s__	0.9855276494518134
e9a2d1a57b8e4560e88ffa82591194ad	d__Bacteria;p__Proteobacteria;c__Alphaproteobacteria;o__Rickettsiales;f__Mitochondria;g__Mitochondria;s__	0.9380958898927636
b98c7b11a3cd35e6b16a905c3e947a93	d__Bacteria;p__Proteobacteria;c__Gammaproteobacteria;o__Xanthomonadales;f__Rhodanobacteraceae	0.9995244224101948
bda47cb7e9ee05dba0543d11e802e516	d__Bacteria	0.757823616625089
43fd8b180f58c67e827dbf6b4103b775	d__Bacteria;p__Actinobacteriota;c__Actinobacteria;o__Corynebacteriales;f__Mycobacteriaceae;g__Mycobacterium;s__	0.9998659023995601
201d06fd0eb9a514338f4470e1bb1857	Unassigned	0.43371657824494014
09f8628d5890111feadbc9e4d4f7e2d7	Unassigned	0.4411973650454153
757eb111655675d2ba9d500baa68d794	d__Bacteria;p__Proteobacteria;c__Alphaproteobacteria;o__Rickettsiales;f__Mitochondria;g__Mitochondria;s__	0.9896753088535274
e05c4d29fb82682974df73ab64243b22	d__Bacteria;p__Firmicutes;c__Bacilli;o__Bacillales;f__Planococcaceae	0.9729013327147262
684b3f8a64de52ef9e0c2fae02f29fc1	Unassigned	0.3699114085770897
6c3ca9cbec7c0ee2f278e6b7544d4af0	d__Bacteria;p__Actinobacteriota;c__Actinobacteria;o__Frankiales;f__Geodermatophilaceae;g__Blastococcus;s__	0.979935597694467
bc9a1d18d31bc36d6523b8aa98fdbbca	d__Bacteria	0.7723515695530583
00975599d7fced9a3b0ed5c65cfc746b	d__Bacteria;p__Proteobacteria;c__Alphaproteobacteria;o__Rhizobiales;f__Devosiaceae	0.9854830080757362
406731381cf0b741a5bdf7174943663e	d__Bacteria;p__Firmicutes;c__Bacilli;o__Paenibacillales;f__Paenibacillaceae;g__Paenibacillus;s__	0.8990894522573193
bfbbd356f310e88830dd925447a29686	d__Bacteria	0.7932528735437914
23bef155734b8120288e9900eebeafd6	d__Bacteria;p__Acidobacteriota;c__Blastocatellia;o__Pyrinomonadales;f__Pyrinomonadaceae;g__RB41;s__	0.9379426484967821
1d5fa87d25861848244cc85f9595f5ec	d__Bacteria;p__Proteobacteria;c__Gammaproteobacteria;o__Xanthomonadales;f__Rhodanobacteraceae;g__Rhodanobacter;s__	0.9239410517012672
88bbacbcedffae11bad00bd769b59b66	d__Bacteria;p__Proteobacteria;c__Alphaproteobacteria;o__Caulobacterales;f__Caulobacteraceae;g__Caulobacter;s__	0.996632147152862
0012bf897843752c5b76a5e522f6e039	d__Bacteria;p__Proteobacteria;c__Alphaproteobacteria;o__Rhizobiales;f__Devosiaceae	0.9836981018156469
2138438221296b1263a489e602843924	d__Bacteria;p__Proteobacteria;c__Gammaproteobacteria;o__Xanthomonadales;f__Rhodanobacteraceae;g__Luteibacter;s__	0.8314258037298059
a14cd1810eebb271bccafc156c3f98a3	Unassigned	0.4176500633312066
82e5589f403c81e044c8338ff3a4e07c	d__Bacteria	0.8372792569394049
bbbb93b51a3d263f3ec4ea9f9b513442	Unassigned	0.30767639301698413
c0f6e9efb5d3ccb14b9a4349ad395870	Unassigned	0.3838255057441001
b6fd8000cef040305fc9ad5f9120c2e5	d__Bacteria;p__Bacteroidota;c__Bacteroidia;o__Cytophagales;f__Microscillaceae;g__uncultured;s__	0.9766255069121149
0f0c8682aafbd60c15cdc4037c6c67d5	d__Bacteria;p__Methylomirabilota;c__Methylomirabilia;o__Rokubacteriales;f__Rokubacteriales;g__Rokubacteriales;s__	0.999990417306761
404652f3d399ab5dfcfa72d09ba439ae	Unassigned	0.3214271121346438
85887a2ea0ee1d53ca52dd66b05e459d	d__Bacteria;p__Proteobacteria;c__Alphaproteobacteria;o__Rickettsiales;f__Mitochondria;g__Mitochondria;s__	0.8693485714438639
b3cfbbdfe590ec23c072061bf5efd88e	d__Bacteria;p__Actinobacteriota;c__Actinobacteria;o__Streptomycetales;f__Streptomycetaceae;g__Streptomyces;s__	0.9841535439177659
3a8b60eac262931495a85c448ddb8a7c	d__Bacteria	0.7015156915495798
ffd28a859031cb2e8a0a8b58d864e21e	Unassigned	0.5652028661544295
07e559a4ac21d347420bb53ed82efb85	Unassigned	0.37256859668952635
112fede5eff9b3f4f76ea0600d603611	d__Bacteria;p__Actinobacteriota;c__Actinobacteria;o__Streptosporangiales;f__Streptosporangiaceae	0.9446661327003109
40eb04a379dec6ca256ed5d375c2e955	d__Bacteria;p__Proteobacteria;c__Gammaproteobacteria;o__Xanthomonadales;f__Rhodanobacteraceae;g__Rhodanobacter;s__	0.8681181267131682
f24b1dffc82c768b9a04999319b7a806	d__Bacteria;p__Proteobacteria;c__Alphaproteobacteria;o__Rickettsiales;f__Mitochondria;g__Mitochondria;s__	0.7793333297477938
b0d0000706e23f10a40b3ef70c20b640	d__Bacteria	0.7957679616586929
ffda9a45ef054aa982bd2ff842ac7e19	Unassigned	0.6482959735017373
7b70ee3d756e75602cc26bd89d4d476c	d__Bacteria;p__Actinobacteriota;c__Acidimicrobiia;o__Microtrichales;f__Iamiaceae;g__Iamia;s__	0.8438680291724505
e116ef8acf534870d2b94e14c60bcd1f	d__Bacteria	0.7184825090308696
de075720bcd174088c4856bb2e48a326	d__Bacteria	0.8066230232443724
6de0b260c609fff625daf247f090feae	d__Bacteria;p__Bacteroidota;c__Bacteroidia;o__Cytophagales;f__Microscillaceae;g__uncultured;s__	0.9804358306643577
7e0e7bdf24f9f0491e52c01ce197e893	d__Bacteria;p__Proteobacteria;c__Gammaproteobacteria;o__Pseudomonadales;f__Halomonadaceae;g__Halomonas;s__	0.9944097739375274
92872445a47e746340f98ca253cc8b2f	d__Bacteria;p__Planctomycetota;c__Planctomycetes;o__Pirellulales;f__Pirellulaceae;g__Pir4_lineage;s__	0.7387267780494768
f6c9301439e42215b54c8d02e4c1503c	d__Bacteria	0.7615560950567437
da4968b64429fec725f2bce886eedd80	d__Bacteria;p__Proteobacteria;c__Gammaproteobacteria;o__Enterobacterales;f__Enterobacteriaceae	0.8413919037445501
deafd76abc3bf7c626accc56b406892f	d__Bacteria;p__Bacteroidota;c__Bacteroidia;o__Chitinophagales;f__Chitinophagaceae;g__Taibaiella;s__	0.9992540762512191
7571ae8d0ce48b08a53e2f8950f99650	d__Bacteria;p__Firmicutes;c__Clostridia;o__Lachnospirales;f__Lachnospiraceae	0.9999418797229664
f55670e3e9b31a90b2d9e605e4a7c133	d__Bacteria;p__Proteobacteria;c__Alphaproteobacteria;o__Rickettsiales;f__Mitochondria;g__Mitochondria;s__	0.9031882172946223
b25aac7c8a47a11bc60760505364dc44	d__Bacteria	0.7474288296823651
c47edd578b44254a4b04ab4b243941de	d__Bacteria;p__Proteobacteria;c__Gammaproteobacteria;o__Burkholderiales;f__Alcaligenaceae	0.9999447424440843
ec2422ab2c727336eafb68d6f5d30cc2	d__Bacteria;p__Bacteroidota;c__Bacteroidia;o__Chitinophagales;f__Chitinophagaceae;g__uncultured;s__	0.8605027629286011
bbf48c033b6451ace3f47b3ff77f1dca	Unassigned	0.6101043502074142
e6e09c565f39e0b90e585389415d99f1	d__Bacteria;p__Bacteroidota;c__Bacteroidia;o__Cytophagales;f__Spirosomaceae;g__Dyadobacter;s__	0.9999328799380621
84261c478817372659c49283b0d40193	d__Bacteria;p__Acidobacteriota;c__Vicinamibacteria;o__Vicinamibacterales;f__uncultured;g__uncultured;s__	0.9944891605289118
19c2f2f47dc04c7b1db5df634ea7d9db	d__Bacteria;p__Proteobacteria;c__Alphaproteobacteria;o__Rickettsiales;f__Mitochondria;g__Mitochondria;s__	0.9012980858038039
16ce7e2b42eb2b31695c64fbd94353d3	d__Bacteria;p__Actinobacteriota;c__Actinobacteria;o__Pseudonocardiales;f__Pseudonocardiaceae	0.9947688275905171
87023e7a852f6457b3419d5a40a4f325	Unassigned	0.40850749273715636
d062c85ede6fc84e3442cc7ef5dd4765	d__Bacteria	0.8065827701653848
d09ec7557d56a4a0e390f8ed16e0059b	Unassigned	0.40537900042264763
58f194df5014000f0f4787459852ed06	d__Bacteria;p__Proteobacteria;c__Gammaproteobacteria;o__Enterobacterales;f__Erwiniaceae	0.7525627543199125
d46dddf2300d52e85f280e5fc0472790	Unassigned	0.46203716848821097
de5bbeba94df2570d4bad15490ccf2f6	d__Bacteria;p__Gemmatimonadota;c__Gemmatimonadetes;o__Gemmatimonadales;f__Gemmatimonadaceae;g__uncultured;s__	0.7926334907182848
30744cfc120c4c0060b19948e4c53488	d__Bacteria;p__Gemmatimonadota;c__Gemmatimonadetes;o__Gemmatimonadales;f__Gemmatimonadaceae	0.9993558091934607
ba184695230d0f9f47c8b1acdff44604	Unassigned	0.5633746830404031
ecb490781e92ca84ce85ed6e3ed178c0	d__Bacteria;p__Proteobacteria;c__Alphaproteobacteria;o__Caulobacterales;f__Caulobacteraceae	0.9998802043204682
3b77d3d681710c3f6c22d9cc9cbd0d27	d__Bacteria;p__Gemmatimonadota;c__Gemmatimonadetes;o__Gemmatimonadales;f__Gemmatimonadaceae	0.9989299981922335
6e021acfa97c0a4513f702d80e2d05e7	d__Bacteria;p__Proteobacteria;c__Gammaproteobacteria;o__Enterobacterales	0.9999985872524234
d52384d7defa06f130a920be99d42363	d__Bacteria;p__Proteobacteria;c__Gammaproteobacteria;o__Xanthomonadales;f__Xanthomonadaceae	0.998573342473425
c58e9762a430a47eb0f6e0cb82886457	Unassigned	0.3792456717841005
387f94383df69462d9f6e3bdd4d4b50b	d__Bacteria;p__Proteobacteria;c__Alphaproteobacteria;o__Rickettsiales;f__Mitochondria;g__Mitochondria;s__	0.909482476008584
e42a6861256ff9a4d35dd8d8a54be336	d__Bacteria;p__Proteobacteria;c__Alphaproteobacteria;o__Rickettsiales;f__Mitochondria;g__Mitochondria;s__	0.8309109186685271
99d1045407cd073b6b35dccd397632aa	d__Bacteria;p__Actinobacteriota;c__Actinobacteria;o__Micrococcales;f__Microbacteriaceae	0.9976259651443098
195fe88f83a09080e6820aca15978a12	Unassigned	0.30713787862596786
bee0e9100ac72c700813da46ed7611ba	d__Bacteria	0.7184515590394183
a96e37227dcce0c70870aeaf83a45dcb	Unassigned	0.3474597271532113
082f9ef35214b67c5a9265d4ae0ea571	d__Bacteria;p__Proteobacteria;c__Gammaproteobacteria;o__Burkholderiales;f__Burkholderiaceae;g__Cupriavidus;s__	0.9328776001697829
4bcd6fab9ecaf4ff08c437b85bc9d167	d__Bacteria;p__Proteobacteria;c__Alphaproteobacteria;o__Rickettsiales;f__Mitochondria;g__Mitochondria;s__	0.9689930763196501
1846ec53bbd9c1dbeb141d57235e6aa5	d__Bacteria	0.7777176391303664
af820049d20459e07094510156c1d15e	d__Bacteria;p__Actinobacteriota;c__Thermoleophilia;o__Solirubrobacterales;f__67-14;g__67-14;s__	0.983900616117669
67c52b1434a260882d452ac8d8f66557	d__Bacteria;p__Acidobacteriota;c__Blastocatellia;o__Pyrinomonadales;f__Pyrinomonadaceae;g__RB41;s__	0.9434355575890533
dd85fcd6811ee51d0e028959a99515a0	d__Bacteria;p__Proteobacteria;c__Gammaproteobacteria;o__Steroidobacterales;f__Steroidobacteraceae;g__uncultured;s__	0.9964540686680563
ce56a0e574ed26a67a7fec63f2a97afb	d__Bacteria;p__Acidobacteriota;c__Blastocatellia;o__Pyrinomonadales;f__Pyrinomonadaceae;g__RB41;s__	0.900347765015687
430e55a291a23d9bcf25c78ee1666350	d__Bacteria;p__Gemmatimonadota;c__Longimicrobia;o__Longimicrobiales;f__Longimicrobiaceae;g__Longimicrobiaceae;s__	0.9968955749504373
1518a5ca89d7be864c165de8849e92ca	d__Bacteria;p__Proteobacteria;c__Alphaproteobacteria;o__Rickettsiales;f__Mitochondria;g__Mitochondria;s__	0.8524011426432461
b3d84bcd5f2ff2d4e12193a8e1173a4d	d__Bacteria	0.7819512142268333
fed787e4aeb9eda7a061232fc50135a6	d__Bacteria;p__Proteobacteria;c__Gammaproteobacteria;o__Enterobacterales;f__Enterobacteriaceae	0.8279795751478505
ee8c1a1db25f445cf827234f6b8e6e40	d__Bacteria;p__Proteobacteria;c__Gammaproteobacteria;o__Steroidobacterales;f__Steroidobacteraceae;g__uncultured;s__	0.996711140026681
df299e98a6352bdec28d5442cdf3c211	Unassigned	0.671040427904157
30c37c667fca8a34fe21976e792774fd	d__Bacteria	0.78154694179471
123db31884b3e338363fa9cc2198b7bd	d__Bacteria;p__Proteobacteria;c__Gammaproteobacteria;o__Burkholderiales;f__Methylophilaceae;g__Methylotenera;s__	0.7332734879349342
21e23173abc9bfeba77c2ce15def53dd	d__Archaea;p__Crenarchaeota;c__Nitrososphaeria;o__Nitrososphaerales;f__Nitrososphaeraceae;g__Nitrososphaeraceae;s__	0.9791702522854244
6d3e7cad8b680be4cb95c38b3774f2ca	Unassigned	0.31609008021327833
cb46b8c8b90c076bcf19314b18592a70	d__Bacteria	0.9999999843009559
7ecb2bfd8d65fc2553678c8fd2c2d841	d__Bacteria;p__Firmicutes;c__Bacilli;o__Aneurinibacillales;f__Aneurinibacillaceae;g__Aneurinibacillus;s__	0.8311607577522083
ee43044a5fff47aeaed6d31ae58601b3	d__Bacteria;p__Proteobacteria;c__Alphaproteobacteria;o__Rhizobiales;f__Beijerinckiaceae;g__Microvirga;s__	0.9908400923419015
3748581ecfd66c74da1e43cda91ed929	d__Bacteria;p__Proteobacteria;c__Alphaproteobacteria;o__Rickettsiales;f__Mitochondria;g__Mitochondria;s__	0.8847414180148563
51309b7322d117b624e29e17793c0e73	d__Bacteria;p__Actinobacteriota;c__Actinobacteria;o__Streptomycetales;f__Streptomycetaceae;g__Streptomyces;s__	0.9720807244142738
98237c3015a4d6ebf5298ba3a800fde9	d__Bacteria;p__Proteobacteria;c__Gammaproteobacteria;o__Xanthomonadales;f__Xanthomonadaceae;g__Arenimonas;s__	0.9997265071313122
6db401f224ec653a61cbf80fb71e08aa	d__Bacteria;p__Myxococcota;c__Polyangia;o__Nannocystales;f__Nannocystaceae	0.9997720246168613
24a989a0d5d60aea4a50664487a4d7dd	Unassigned	0.42916834281100635
8a2d5e9e3d3a63cfacbcbbccf9afd55d	d__Bacteria;p__Proteobacteria;c__Alphaproteobacteria;o__Rickettsiales;f__Mitochondria;g__Mitochondria;s__	0.9169221846845121
7d30da16b1247cf67de2865fd18f52d7	Unassigned	0.8397032417320379
6d6acc23c72bb7558e4eb5096a085ded	d__Bacteria;p__Chloroflexi;c__Chloroflexia;o__Chloroflexales;f__Herpetosiphonaceae;g__Herpetosiphon;s__	0.9999934627599263
8e655b5e2e1f5780a41e7cdf9c4ddb2e	d__Bacteria	0.7263946893082369
d0e566b318ec4ddae7003362ebc5653c	d__Bacteria	0.7487976755514422
2dc8b2e0c9a2801497398007d864cba3	d__Bacteria;p__Proteobacteria;c__Gammaproteobacteria;o__Enterobacterales;f__Yersiniaceae	0.9618921071271535
7a0a3cb5c6520c2c652efa0934345922	d__Bacteria;p__Acidobacteriota;c__Vicinamibacteria;o__Vicinamibacterales;f__uncultured;g__uncultured;s__	0.9971051360481055
a50d94c2ed2c4ba5a3b9ccc4b46bad3b	d__Bacteria;p__Proteobacteria;c__Alphaproteobacteria;o__Rhizobiales;f__Devosiaceae	0.999614241451694
7a2643016d915db076ca199c53cadf79	d__Bacteria	0.7038687743752965
da14ae427fc6eca92d534c6c06ca67b2	d__Bacteria;p__Proteobacteria;c__Alphaproteobacteria;o__Caulobacterales;f__Caulobacteraceae	0.9716196095933842
3e2a90f638c2716ba9bc4a8ea17b8bc4	d__Bacteria;p__Proteobacteria;c__Gammaproteobacteria;o__Xanthomonadales;f__Xanthomonadaceae;g__Lysobacter;s__	0.9780257306566592
149cdfd69b3e9cc25299cd079a8e2ef1	d__Bacteria;p__Proteobacteria;c__Alphaproteobacteria;o__Rhizobiales;f__Rhizobiaceae;g__Allorhizobium-Neorhizobium-Pararhizobium-Rhizobium;s__	0.9256183520773138
e6c7f065ce603250d6d94b445eeca338	d__Bacteria;p__Proteobacteria;c__Alphaproteobacteria;o__Rickettsiales;f__Mitochondria;g__Mitochondria;s__	0.778861491461855
dd9bf4540c35e3b914f261d5c6073dd2	d__Bacteria;p__Bacteroidota;c__Bacteroidia;o__Chitinophagales;f__Chitinophagaceae	0.9967103918534217
5913e7da59a22056795140c54e7e2c6f	d__Bacteria	0.8317339495937328
0475fc956486ec504f64177908f26fae	d__Bacteria;p__Proteobacteria;c__Alphaproteobacteria;o__Caulobacterales;f__Caulobacteraceae;g__Brevundimonas;s__	0.9996642205010932
535d276f2ba086a99ee06ba1a41c3d9c	Unassigned	0.4028076988370417
c69655fc586b6f1ed31552066abe28f8	d__Bacteria	0.772552676252346
b29e8b15e2006526eeee63c2b210c111	d__Bacteria;p__Acidobacteriota;c__Blastocatellia;o__Pyrinomonadales;f__Pyrinomonadaceae;g__RB41;s__	0.9116741692525231
f7a99d6a34a7646bfa604ed70c95998a	Unassigned	0.3844018123074625
65e7724566b21355963635cc843c487b	d__Bacteria;p__Bacteroidota;c__Bacteroidia;o__Cytophagales;f__Microscillaceae;g__Hassallia;s__	0.9372972577008986
2ee45b8a2412b70c71a92a0ad8d95760	d__Bacteria;p__Proteobacteria;c__Alphaproteobacteria;o__Rhizobiales;f__Devosiaceae	0.9887586512598685
aa569c10644e3fe9cba8932dd9b4ac11	Unassigned	0.4624375241143658
715cf4f91b35820c6c8f1a0aabcc0785	d__Bacteria;p__Actinobacteriota;c__Actinobacteria;o__Streptomycetales;f__Streptomycetaceae;g__Streptomyces;s__	0.9962098582317993
cb68b26acf6b4d9c63d342a48cc9bd07	d__Bacteria;p__Actinobacteriota;c__Actinobacteria;o__Frankiales;f__Geodermatophilaceae;g__Blastococcus;s__	0.9926194567179497
acd3648bfa180e73564294b6494f868c	d__Bacteria;p__Proteobacteria;c__Alphaproteobacteria;o__Caulobacterales;f__Hyphomonadaceae;g__Hirschia;s__	0.9998335356849014
f15e5df441ce99c8d7f6ef44f04642aa	d__Bacteria;p__Proteobacteria;c__Alphaproteobacteria;o__Rhizobiales;f__Devosiaceae	0.9986529245568625
79f94332362790d002ac4fa209297df6	d__Bacteria;p__Verrucomicrobiota;c__Verrucomicrobiae;o__Chthoniobacterales;f__Chthoniobacteraceae;g__Candidatus_Udaeobacter;s__	0.998792729743302
1ce3aeee8739bd36bb9eae902eb4ff5c	d__Bacteria;p__Actinobacteriota;c__Actinobacteria;o__Micrococcales;f__Micrococcaceae	0.9994452651018896
0b3305586b7b7457ad66e957b1c8557c	d__Bacteria;p__Proteobacteria;c__Gammaproteobacteria;o__Steroidobacterales;f__Steroidobacteraceae;g__Steroidobacter;s__	0.7519921453861215
48d37c0c0d02e40275b189710de037fd	d__Bacteria	0.7474997142200568
f172d6a04228809ae9c7c04225ff7036	d__Bacteria;p__Firmicutes;c__Bacilli	0.9600654426797015
6086db77f4481309f4abbd0d75178408	d__Bacteria;p__Proteobacteria;c__Alphaproteobacteria;o__Rickettsiales;f__Mitochondria;g__Mitochondria;s__	0.9250299517766173
319e2581dab460b65147e58d846a28d0	d__Bacteria	0.8727560756268085
e10ee5397d51456b787f8bc8e225668a	d__Bacteria	0.8422376838971745
b3c7afe947c01c9e63b9f052b8dee567	d__Bacteria;p__Proteobacteria;c__Gammaproteobacteria;o__Burkholderiales;f__Nitrosomonadaceae;g__Nitrosospira;s__	0.923681806826677
e9e0a49dc971fc6bc4086fc3886267cd	d__Bacteria;p__Acidobacteriota;c__Vicinamibacteria;o__Vicinamibacterales;f__uncultured;g__uncultured;s__	0.9973890887425302
4110fc79b3c7b7094bc983aee0920309	d__Bacteria;p__Planctomycetota;c__Phycisphaerae;o__Tepidisphaerales;f__WD2101_soil_group;g__WD2101_soil_group;s__	0.9999785432040214
768c2e2c90d47f22db9dc65732e182c6	Unassigned	0.39839934093302176
f420823f95858c09762125605d5915bd	d__Bacteria	0.8419969253975867
bc2d4757139852f165366fd7865eec95	d__Bacteria;p__Proteobacteria;c__Gammaproteobacteria;o__Xanthomonadales;f__Rhodanobacteraceae;g__Luteibacter;s__	0.928705332170904
1a67efbf22b4114da49e15b29199536a	d__Archaea;p__Crenarchaeota;c__Nitrososphaeria;o__Nitrososphaerales;f__Nitrososphaeraceae;g__Nitrososphaeraceae;s__	0.981265222498901
54448ad6729f31236b59f02090d19476	d__Bacteria	0.703666128437146
cd1b678d222fd49a5f13e80ccc16388d	d__Bacteria;p__Chloroflexi;c__KD4-96;o__KD4-96;f__KD4-96;g__KD4-96;s__	0.9997958505633507
ab0ac9f29e827ca3ce8bbfd00896b14d	Unassigned	0.7574452854483327
330485cbdc0843a67ed09b2a5be9d2ed	d__Bacteria;p__Proteobacteria;c__Alphaproteobacteria;o__Caulobacterales;f__Caulobacteraceae;g__Brevundimonas;s__	0.9995732657302582
5a6c02c16236d67e32f36bdd35a92802	d__Bacteria;p__Proteobacteria;c__Alphaproteobacteria;o__Rickettsiales;f__Mitochondria;g__Mitochondria;s__	0.7394570425318898
1c007ae787d3293107a058235a6809f9	d__Bacteria;p__Proteobacteria;c__Alphaproteobacteria;o__Rhizobiales;f__Rhizobiaceae	0.9981382242208162
67da95f158b533af6859a5010eb7a919	d__Bacteria;p__Gemmatimonadota;c__Longimicrobia;o__Longimicrobiales;f__Longimicrobiaceae;g__Longimicrobiaceae;s__	0.995530544521218
cb56f0363d640ea8e1515f79fdf234a3	d__Bacteria	0.7791537063776772
30c18fecef102f8ae14d7b10d5e26e67	d__Bacteria;p__Proteobacteria;c__Gammaproteobacteria;o__Burkholderiales;f__Sutterellaceae;g__uncultured;s__	0.9977843718081589
19566420af43bd112dbf6f28e47ead45	d__Bacteria	0.877124582858718
ea2fa30eb894fff8fea9f4717ec42ee8	d__Bacteria;p__Proteobacteria;c__Alphaproteobacteria;o__Rickettsiales;f__Mitochondria;g__Mitochondria;s__	0.8759954273648631
3d8f6f110d961b0abbc22a29f14a1271	d__Bacteria;p__Firmicutes;c__Bacilli;o__Staphylococcales;f__Staphylococcaceae;g__Staphylococcus;s__	0.9909161483998616
cb9a5d30119a45bfe4c8701cb548a148	d__Bacteria;p__Proteobacteria;c__Alphaproteobacteria;o__Rhizobiales;f__Xanthobacteraceae;g__Afipia;s__	0.7076415910442393
07bdd39926504a9151a919fe169a9daf	Unassigned	0.7038878577467782
b391cc938793c532b11b7f359c5491a2	d__Bacteria;p__Proteobacteria;c__Gammaproteobacteria;o__Xanthomonadales;f__Xanthomonadaceae;g__Arenimonas;s__	0.9996442449100837
fbe5162cc5c2b9515d2c709b9b92e185	d__Bacteria;p__Chloroflexi;c__Anaerolineae;o__Anaerolineales;f__Anaerolineaceae	0.991374044068477
3be9986247e0432aa482f5925542c6c7	Unassigned	0.393783063931316
3877dc932596418e148d902785974886	d__Bacteria;p__Proteobacteria;c__Gammaproteobacteria;o__Burkholderiales;f__Nitrosomonadaceae;g__MND1;s__	0.9998782505866395
5e82b50dfc397740da3a5bebd873adf3	d__Bacteria;p__Proteobacteria;c__Gammaproteobacteria;o__Xanthomonadales;f__Rhodanobacteraceae;g__Rhodanobacter;s__	0.902125144502803
1fdb174ffd80ef0fc86d7966310e62a4	d__Bacteria	0.7147835721130481
082d0c03a8e1804555e9c1742c160a10	d__Bacteria;p__Actinobacteriota;c__Actinobacteria;o__Corynebacteriales;f__Mycobacteriaceae;g__Mycobacterium;s__	0.9999123060857964
5d0145c893b50b410f62d5c0d8ed294a	Unassigned	0.6901902494164514
941511638021a339ec73e5bf3b7b22b5	d__Bacteria;p__Myxococcota;c__Polyangia;o__Haliangiales;f__Haliangiaceae;g__Haliangium;s__	0.8907745909533251
4356969cae868645a67141d9e0f89d4d	d__Bacteria;p__Acidobacteriota;c__Vicinamibacteria;o__Vicinamibacterales;f__Vicinamibacteraceae;g__Vicinamibacter;s__	0.976732618539699
411e7bad0b0fb04546dc2bb20dea2283	d__Bacteria;p__Proteobacteria;c__Gammaproteobacteria;o__Burkholderiales;f__Comamonadaceae	0.9999732122422611
c6bf8d2b459d1e25fe620f9cd75fb119	d__Bacteria;p__Planctomycetota;c__Planctomycetes;o__Pirellulales;f__Pirellulaceae;g__Pirellula;s__	0.8799877340289839
9af9581ef1a8c2bb1f97e34c52a9185d	d__Bacteria	0.7396779413515132
103f84ef875cafe59a60a6feefb6809e	Unassigned	0.3232842123259325
b56d36b9f78dd140ba5148875c94de82	d__Bacteria;p__Proteobacteria;c__Alphaproteobacteria;o__Rickettsiales;f__Mitochondria;g__Mitochondria;s__	0.9014688260696906
28bb0343f9bdfd68e6806783e552c3bb	d__Bacteria	0.7997745060505879
7472af8ef1aa8c0b796a79dd9b72f26a	Unassigned	0.4107525854835766
0110acc430eb5955dfd626e06c3aba73	d__Bacteria;p__Proteobacteria;c__Alphaproteobacteria;o__Rhizobiales;f__Devosiaceae	0.9991240214288017
0ca160e6244f6934c474fa9f510f89f5	d__Bacteria;p__Proteobacteria;c__Alphaproteobacteria;o__Rickettsiales;f__Mitochondria;g__Mitochondria;s__	0.8179557841082267
619cc6bcb20499c1521ea60daf6b533f	d__Bacteria;p__Proteobacteria;c__Gammaproteobacteria;o__Burkholderiales;f__SC-I-84;g__SC-I-84;s__	0.9989948692274233
625c12e97b27041ee1229816cda7c67b	d__Bacteria;p__Proteobacteria;c__Alphaproteobacteria;o__Sphingomonadales;f__Sphingomonadaceae;g__Sphingomonas;s__	0.7376365768182854
f29679a1dcbf1ecd5fb36a8025807400	d__Bacteria;p__Proteobacteria;c__Alphaproteobacteria;o__Rhizobiales;f__Rhizobiaceae	0.9893861602646769
b6a29b1fc6cd4ba074ab0de08f293455	Unassigned	0.6588686664702267
e03a6cda173aaeaa76181c3118e89d14	d__Bacteria	0.7446143226032464
425e7cf6cdd86639ee7a828db6a8b101	Unassigned	0.4782314419665189
0d7d4765f3d023a34c95ccb947b83d04	d__Bacteria;p__Proteobacteria;c__Gammaproteobacteria;o__PLTA13;f__PLTA13;g__PLTA13;s__	0.9999340125940447
543fc6613f5eec8f194180b2ce8c2437	d__Bacteria;p__Actinobacteriota;c__Actinobacteria;o__Micrococcales;f__Micrococcaceae	0.998914885950543
25e9ed4a373b1a10a10b6785cdb6028b	d__Bacteria;p__Bacteroidota;c__Bacteroidia;o__Cytophagales;f__Spirosomaceae;g__Dyadobacter;s__	0.9999444432980374
53cdf1056ea6590e444715af986b4d0a	d__Bacteria	0.8000367365732358
ea04d896edbd86c51213802a3181df12	d__Bacteria;p__Chloroflexi;c__Anaerolineae;o__SBR1031;f__A4b;g__A4b;s__	0.946372205598524
539b95422bb72e4762c7738f6ab54c37	d__Archaea;p__Crenarchaeota;c__Nitrososphaeria;o__Nitrososphaerales;f__Nitrososphaeraceae;g__Nitrososphaeraceae;s__	0.9998851694354117
c2c955650e4a085515aa45607e541dbf	Unassigned	0.44064789530439563
bcad1791c450353767d2192863b95443	d__Archaea;p__Crenarchaeota;c__Nitrososphaeria;o__Nitrososphaerales;f__Nitrososphaeraceae;g__Nitrososphaeraceae;s__	0.9998845215796034
abef171d6f26cc7182231092ea33dc96	d__Bacteria;p__Myxococcota;c__Polyangia;o__Haliangiales;f__Haliangiaceae;g__Haliangium;s__	0.9993008595381409
b7ae8803f9010c11a761d53a1f8b6b79	Unassigned	0.3042731348066209
0e657ced0dc66f69b83c719efd6c578f	d__Bacteria;p__Bacteroidota;c__Bacteroidia;o__Sphingobacteriales;f__Sphingobacteriaceae;g__Olivibacter;s__	0.9560725697017157
1403bee0e725556de14ebf1878fbb5e2	d__Bacteria	0.7381058632290838
803fa201cc6e999d0a0c0746577871de	d__Bacteria;p__Actinobacteriota;c__Actinobacteria;o__Micrococcales;f__Microbacteriaceae;g__Agromyces;s__	0.7958980566602942
e78348cc98549c65e0e03fe3d9189d6c	d__Bacteria;p__Proteobacteria;c__Gammaproteobacteria;o__PLTA13;f__PLTA13;g__PLTA13;s__	0.9999112076032073
bfb606f3f4b3b50d523ebc5b0bc9be52	d__Bacteria;p__Acidobacteriota;c__Vicinamibacteria;o__Vicinamibacterales;f__Vicinamibacteraceae;g__Vicinamibacter;s__	0.9545981871639768
6948de252dc9806d05ae029297282971	d__Bacteria;p__Gemmatimonadota;c__Longimicrobia;o__Longimicrobiales;f__Longimicrobiaceae;g__Longimicrobiaceae;s__	0.9971856748190732
2eb59d762339f5818f6d010ee05178bd	d__Bacteria;p__Proteobacteria;c__Gammaproteobacteria;o__Pseudomonadales;f__Pseudomonadaceae;g__Azotobacter;s__	0.7470471133358586
3f08de97832df292efc4dbd95d5e265c	d__Bacteria;p__Proteobacteria;c__Gammaproteobacteria;o__Burkholderiales	0.9998253305341522
f044dda5292c287203762907e4381a14	Unassigned	0.7019617986675571
17320c89a7e2eafb4f1e171e188b9221	d__Bacteria;p__Proteobacteria;c__Gammaproteobacteria;o__Enterobacterales;f__Yersiniaceae	0.9496502300962708
ec31153ff8abd9cf633bd14e19f9e299	d__Bacteria;p__Proteobacteria;c__Alphaproteobacteria;o__Rickettsiales;f__Mitochondria;g__Mitochondria;s__	0.9446923668356799
9e1d43ed7c16cb6bf29eadc9b4198f27	d__Bacteria;p__Proteobacteria;c__Gammaproteobacteria;o__Steroidobacterales;f__Steroidobacteraceae	0.9995630025634037
8b06ac9bd3ae366b9a6d801500a96b63	d__Bacteria;p__Proteobacteria;c__Alphaproteobacteria;o__Rickettsiales;f__Mitochondria;g__Mitochondria;s__	0.7221366231490619
40a8ea4806fe6db8b79d2cf392b50b87	d__Bacteria;p__Proteobacteria;c__Alphaproteobacteria;o__Rhizobiales;f__Devosiaceae	0.985637304833742
68f97e81bac467a443df1573ec7817f9	Unassigned	0.37920951178668005
b9165a7abf22c1f0adda9d729a48e80a	d__Bacteria;p__Actinobacteriota;c__Actinobacteria;o__Micrococcales;f__Microbacteriaceae	0.99620457523132
fad3b979e9a717a7efeaf6e53847fbe4	Unassigned	0.33592929695172913
eecd5cb48b7b9eb48b2658920fb36a22	Unassigned	0.35368322392574525
1ad913d0aa90b79584a8230f2d31bc4e	d__Bacteria;p__Planctomycetota;c__Planctomycetes;o__Pirellulales;f__Pirellulaceae;g__Pir4_lineage;s__	0.7261732230937521
0cf460ca154bf52e56693f61466b49c4	d__Bacteria	0.7539147108081262
8f2ce6c1dd8731d69cde2a99e0112ab9	d__Bacteria;p__Gemmatimonadota;c__Longimicrobia;o__Longimicrobiales;f__Longimicrobiaceae;g__Longimicrobiaceae;s__	0.9979493812811618
11261af283fc0771e47945f9b8652657	d__Bacteria	0.777389095920302
66b9c58f560c46b18a986143ccbbfb08	d__Bacteria;p__Chloroflexi;c__Chloroflexia;o__Chloroflexales;f__Roseiflexaceae;g__uncultured;s__	0.9994252662082086
74ae575ad030bc261fe5fef547876533	d__Bacteria;p__Proteobacteria;c__Alphaproteobacteria;o__Sphingomonadales;f__Sphingomonadaceae;g__Sphingomonas;s__	0.9119270685872163
e3ad252e13f95fa5949c0accb73dd03f	d__Bacteria;p__Proteobacteria;c__Gammaproteobacteria;o__PLTA13;f__PLTA13;g__PLTA13;s__	0.9998177910683297
62e905241b3018dc5b183b7303038dea	d__Bacteria;p__Proteobacteria;c__Alphaproteobacteria;o__Rickettsiales;f__Mitochondria;g__Mitochondria;s__	0.723827223924158
13c156d81d68a09f7948efdb7b06efab	d__Bacteria;p__Proteobacteria;c__Alphaproteobacteria;o__Sphingomonadales;f__Sphingomonadaceae;g__Sphingopyxis;s__	0.9986673741525416
110ee7d4439c7f5ac2e3e69ad8fb390f	d__Bacteria;p__Firmicutes;c__Bacilli;o__Bacillales	0.8806860025059846
1d44970deab7add393abb661ee0ca7bf	d__Bacteria;p__Proteobacteria;c__Alphaproteobacteria;o__Rhizobiales;f__Rhizobiaceae;g__Allorhizobium-Neorhizobium-Pararhizobium-Rhizobium;s__	0.8286280630499512
e50f4176bde295c72838fce9a908f119	Unassigned	0.30080617948581856
eea3d5c25280286e1652653a6c150266	d__Bacteria;p__Actinobacteriota;c__Actinobacteria;o__Pseudonocardiales;f__Pseudonocardiaceae;g__Pseudonocardia;s__	0.994199566246389
2bf7bf1dbc16e9f0b48304ec429a7727	d__Bacteria;p__Proteobacteria;c__Alphaproteobacteria;o__Rhizobiales;f__Rhizobiaceae;g__Phyllobacterium;s__	0.8278505536845727
49e2d2eccf3b8eeb9c1eedeaaee2299e	Unassigned	0.4820956131930144
c8ffe2112abc9911244566e1de3fd8f3	Unassigned	0.37582248880753644
aa44a9912a90d1e550c026e3821b50a5	d__Bacteria;p__Actinobacteriota;c__Actinobacteria;o__Micrococcales;f__Micrococcaceae	0.9994844403955603
c546d1b23e53d69fc45b15affbda4b6e	d__Bacteria;p__Proteobacteria;c__Alphaproteobacteria;o__Rickettsiales;f__Mitochondria;g__Mitochondria;s__	0.8014208011558879
86afcddaf95b556026bd488aa7f289fc	Unassigned	0.3157185022660234
70a984aae280641717e2a7bc68cd8500	d__Bacteria;p__Proteobacteria;c__Gammaproteobacteria;o__Xanthomonadales;f__Xanthomonadaceae;g__Lysobacter;s__	0.7283748007955791
2f68a1f1824b7a70a42bf34f4a66b867	d__Bacteria;p__Actinobacteriota;c__Actinobacteria;o__Streptomycetales;f__Streptomycetaceae;g__Streptomyces;s__	0.9583677920264085
18cc95f6f23f42204d11e0ef8ad40ee6	d__Bacteria;p__Myxococcota;c__Polyangia;o__Polyangiales;f__Polyangiaceae;g__Aetherobacter;s__	0.8820834707632991
ac82ce5ff54cb133d75d5c09515840b8	d__Bacteria;p__Proteobacteria;c__Gammaproteobacteria;o__PLTA13;f__PLTA13;g__PLTA13;s__	0.999926203156386
bc2ac7c31175c821f25d7fa8bd953ec6	d__Bacteria;p__Proteobacteria;c__Gammaproteobacteria;o__Burkholderiales;f__Sutterellaceae;g__uncultured;s__	0.9981699538360022
e5b67de3f405f7d239cedb70adfd1b1a	d__Archaea;p__Crenarchaeota;c__Nitrososphaeria;o__Nitrososphaerales;f__Nitrososphaeraceae;g__Nitrososphaeraceae;s__	0.9693537403732422
8e4f92c63ce0bd0c73d0147f3dc4ead4	d__Bacteria	0.999999945506017
2e7ed21c2232e1adc35155ac092cc035	d__Bacteria;p__Bacteroidota;c__Bacteroidia;o__Chitinophagales;f__Chitinophagaceae;g__Pseudoflavitalea;s__	0.958781241977822
c84e60495e2a8427b06993400746fca2	d__Bacteria;p__Proteobacteria;c__Alphaproteobacteria;o__Rickettsiales;f__Mitochondria;g__Mitochondria;s__	0.7461070341704553
970ba91782b2ebc4686ff023e8aef867	Unassigned	0.4106685286583207
84ec96c94cf766bb107d4fe2eae3cea2	d__Bacteria	0.8070412635885934
85d95df576b354c19b964fc66585885c	d__Bacteria;p__Actinobacteriota;c__Actinobacteria;o__Micrococcales;f__Microbacteriaceae	0.9981350347246001
4e0fb0565b08255f88767cfd909bed28	d__Bacteria;p__Bacteroidota;c__Bacteroidia;o__Cytophagales;f__Microscillaceae	0.9969085797649064
daa70500ae007919e02c1a21a7882a77	d__Bacteria;p__Proteobacteria;c__Alphaproteobacteria;o__Sphingomonadales;f__Sphingomonadaceae;g__Sphingomonas;s__	0.9056504950239809
89154a5951264d5a1c8e0af02bbbfd6c	Unassigned	0.3760745025811557
52eab3fe65a5240f9e7b9162e9ff4c00	d__Archaea;p__Crenarchaeota;c__Nitrososphaeria;o__Nitrososphaerales;f__Nitrososphaeraceae;g__Nitrososphaeraceae;s__	0.9996838778060569
beee263ce6f337d0db47c669e0c1d6bd	Unassigned	0.3539793851198273
bb60d6848d4c194cc13d103b9cf52b76	Unassigned	0.3745398714447924
a31f19216728cedd4aa642b15d027b51	d__Bacteria;p__Bacteroidota;c__Bacteroidia;o__Cytophagales;f__Microscillaceae	0.9962034248365416
0912fb788a99e23a5a2c1e5129a35e49	Unassigned	0.7606087833990274
f3fb10359c73f27118235bb0188f4c7e	d__Bacteria;p__Firmicutes;c__Bacilli;o__Paenibacillales;f__Paenibacillaceae;g__Paenibacillus;s__	0.9770819556349106
020dc762acb66ac2c81e87582492a5cc	d__Bacteria;p__Proteobacteria;c__Gammaproteobacteria;o__Burkholderiales;f__Comamonadaceae	0.9999142316572642
6b712a2f4d0dadedc64db6efcfaeeba4	Unassigned	0.3019254372010646
2b0662dbec63eebffa020d530087aeab	d__Bacteria	0.81256493916919
72c00336317510849fe79b3df48a6d08	Unassigned	0.3444153858215835
6663dd1cbb0e9de8b2caa1d2be58a518	Unassigned	0.7818200411600937
80fe01d5a655803871fe0b1f10acca05	d__Bacteria;p__Proteobacteria;c__Alphaproteobacteria;o__Rickettsiales;f__Mitochondria;g__Mitochondria;s__	0.7925139412899255
d9c7215a51ee4708fd44d9a10c46a838	Unassigned	0.42402531754070283
80cf7c5f37b7007ffdcc50886d8b98d5	Unassigned	0.4747680733278029
17c2cf0b04fb74073b3e8c1ad4112f0f	d__Bacteria	0.768924448461498
ec79756da5287d7d9751cd3f32635434	d__Bacteria	0.9999999590796903
f0238c4969f4f6f04d1215c6383554ba	Unassigned	0.31569225699973325
6b0e1a3bddcc2cbbec893803da88cd26	d__Bacteria;p__Myxococcota;c__Myxococcia;o__Myxococcales;f__Anaeromyxobacteraceae;g__Anaeromyxobacter;s__	0.9676214344748202
66c46d2d803188db8c28fa121d01d54c	Unassigned	0.4752468460057915
e98df0e3181c73487e455ab4fbb8b7a2	d__Bacteria;p__Gemmatimonadota;c__Gemmatimonadetes;o__Gemmatimonadales;f__Gemmatimonadaceae	0.9990301853728967
5f4c156bfb13f4ac27e97f7cbd464cfc	d__Bacteria	0.8501687964535736
a6473ec73fc1aafea084ec04a342669e	Unassigned	0.345468667511007
faa54b7baf1c90029493c5d0c23e1adb	Unassigned	0.3238305886347651
4c8b16aac1fb9f4b7cf4b94ee8882932	d__Bacteria;p__Actinobacteriota;c__Actinobacteria;o__Streptomycetales;f__Streptomycetaceae;g__Streptomyces;s__	0.9837429068790555
56cc71594ced9d6a6cd97f46ffab081f	d__Bacteria;p__Proteobacteria;c__Alphaproteobacteria;o__Rickettsiales;f__Mitochondria;g__Mitochondria;s__	0.9476868377397671
dd6d6fcde7d2ca6627c48634a1276bd5	d__Bacteria;p__Actinobacteriota;c__Thermoleophilia;o__Gaiellales;f__uncultured;g__uncultured;s__	0.9656430189811994
9ea72ef3fd18543b4d21d1d236d52527	d__Bacteria	0.7499767528319877
4e37574f75cb6fdaea4933f690b97c93	Unassigned	0.4514034642210323
f4143bfe51a48bb40ca0994f25d5f917	d__Bacteria;p__Proteobacteria;c__Gammaproteobacteria;o__Xanthomonadales;f__Rhodanobacteraceae;g__Luteibacter;s__	0.9693446522919094
66c0c21b474fea8062c1b4e0c8bc4551	d__Bacteria	0.7763671004748112
3f681846cc511fb81f40f8117e1fd620	d__Bacteria;p__Proteobacteria;c__Alphaproteobacteria;o__Caulobacterales;f__Caulobacteraceae	0.9789211457561064
75638d13f28ba456b8a042b16aaa49fb	Unassigned	0.3032388471955606
e66aefe7f299bbb9621edb3dc0eb9044	Unassigned	0.3665909949475774
2ed3ad44920c211dec853011550748b1	d__Bacteria;p__Proteobacteria;c__Alphaproteobacteria;o__Sphingomonadales;f__Sphingomonadaceae;g__Sphingomonas;s__	0.9204437642261635
a961588bb4d6d1a4bd903f549dcaeddb	d__Bacteria;p__Myxococcota;c__Polyangia;o__Nannocystales;f__Nannocystaceae	0.9997697548925447
8169c878f67467fb800c765bd1397f9b	d__Bacteria	0.7987823936405404
305fc3180d0afc46a5d2e403c29761d8	d__Bacteria;p__Nitrospirota;c__Nitrospiria;o__Nitrospirales;f__Nitrospiraceae;g__Nitrospira;s__	0.9999623086423175
5a8c031dd6c115e420c7c551a972edda	Unassigned	0.5013941574698504
7312158c8908587513eef8d91eb230ba	d__Bacteria;p__Proteobacteria;c__Alphaproteobacteria;o__Rickettsiales;f__Mitochondria;g__Mitochondria;s__	0.9002238053069903
b72fe1e267cde1caa576baf8bcab258a	d__Bacteria;p__Gemmatimonadota;c__Longimicrobia;o__Longimicrobiales;f__Longimicrobiaceae;g__Longimicrobiaceae;s__	0.9972231433715938
593ce75a43ca4b949837af916dc3f05e	Unassigned	0.48919385538448223
70d8133d7d03432299e0510ed4e53107	d__Bacteria;p__Acidobacteriota;c__Vicinamibacteria;o__Vicinamibacterales;f__uncultured;g__uncultured;s__	0.9980397623906838
f6907d77db6f06e4fb16b952ed7af9c9	d__Bacteria;p__Acidobacteriota;c__Blastocatellia;o__Pyrinomonadales;f__Pyrinomonadaceae;g__RB41;s__	0.9354319255432297
357d5df942555d847962dc8470b833ac	d__Bacteria	0.8824840378992828
5db22d68d77965aaf0e69a1cb1e65d71	d__Bacteria;p__Nitrospirota;c__Nitrospiria;o__Nitrospirales;f__Nitrospiraceae;g__Nitrospira;s__	0.9999719978248344
a2af24bf1b9094c354c5a5fa83ea68ea	d__Bacteria;p__Proteobacteria;c__Alphaproteobacteria;o__Rhizobiales;f__Rhizobiaceae	0.8728278323604628
3858b0a6b0c7a39676431b306857140c	d__Bacteria;p__Chloroflexi;c__Chloroflexia;o__Chloroflexales;f__Herpetosiphonaceae;g__Herpetosiphon;s__	0.9999918200935586
ed440abe6e267c7d270468ff40023cc8	d__Bacteria	0.8114863007977097
7e5edc2d2419feba3aa36233fc6d28ec	d__Bacteria;p__Proteobacteria;c__Gammaproteobacteria;o__Xanthomonadales;f__Xanthomonadaceae;g__Arenimonas;s__	0.9998335621947881
34d7555b4a933cdcf251c6a645af8930	d__Bacteria;p__Firmicutes;c__Bacilli	0.9658014809075788
4a7c5db167d9ec8c4d267b6e2e799f2b	Unassigned	0.36481579576153356
09c8b5cb074a56af5ad08cc1174fe592	d__Bacteria	0.8431803801670114
acfbd84707157a878d248263aa9f5237	Unassigned	0.37335219113109375
5762ec4198a27f076ed335d77a28c64c	d__Bacteria;p__Proteobacteria;c__Gammaproteobacteria;o__Enterobacterales;f__Enterobacteriaceae	0.8362348440579848
9be5ead7fd2553ee7d4df1bcf0a82893	d__Bacteria;p__Proteobacteria;c__Alphaproteobacteria;o__Rhizobiales;f__Xanthobacteraceae;g__Rhodopseudomonas;s__	0.7561064898086208
79afa1824b0d3259158661e363388a5e	d__Bacteria;p__Proteobacteria;c__Alphaproteobacteria;o__Rickettsiales;f__Mitochondria;g__Mitochondria;s__	0.9090348734533374
9264d5c23f75fd176d2da8bcfd974876	Unassigned	0.7500950569316853
5d4f0a9175035a6e64e5c109f9854443	d__Bacteria;p__Proteobacteria;c__Alphaproteobacteria;o__Rickettsiales;f__Mitochondria;g__Mitochondria;s__	0.7940668799182358
e4be816e9cbc661e6b4b9ee3499b3209	d__Bacteria;p__Proteobacteria;c__Alphaproteobacteria;o__Rhizobiales;f__Rhizobiaceae;g__Allorhizobium-Neorhizobium-Pararhizobium-Rhizobium;s__	0.9420214987205191
f8269ec013bd0496779270f1ff3b0386	d__Bacteria;p__Proteobacteria;c__Gammaproteobacteria;o__Burkholderiales;f__SC-I-84;g__SC-I-84;s__	0.9988895427604915
1ae48f9b851c9087f3d8aaf72ef3c88d	d__Bacteria	0.8668495550067499
4f3967949bb5b66ba960d9bb9777d8ee	d__Bacteria;p__Chloroflexi;c__KD4-96;o__KD4-96;f__KD4-96;g__KD4-96;s__	0.9997199240719176
cedfb74c2164e4eab81d23a73c4501af	d__Bacteria;p__Firmicutes;c__Bacilli;o__Bacillales;f__Planococcaceae	0.9817322917857866
50a111a596577fc28d1e3d4d559930a4	d__Bacteria;p__Proteobacteria;c__Alphaproteobacteria;o__Rickettsiales;f__Mitochondria;g__Mitochondria;s__	0.7046998629759174
1c1d8179fbd71a2c4c349749e97e412e	d__Bacteria;p__Actinobacteriota;c__Actinobacteria;o__Micrococcales	0.9987229435969598
226a6ab5ec1e8fad4cdae6d27a0a6efe	d__Bacteria;p__Proteobacteria;c__Alphaproteobacteria;o__Sphingomonadales;f__Sphingomonadaceae;g__Sphingomonas;s__	0.7618658198351439
6a2fa08acc670c6ef507bdb2b60fe819	d__Bacteria;p__Proteobacteria;c__Gammaproteobacteria;o__Burkholderiales;f__Oxalobacteraceae;g__Massilia;s__	0.9924012330896369
a99aa56fa7af5e3c47d0e32a8f56e30c	d__Bacteria;p__Actinobacteriota;c__Actinobacteria;o__Micrococcales;f__Micrococcaceae	0.9994033914761602
87251f817f4f70e1a567943b7b801cad	d__Bacteria;p__Actinobacteriota;c__Actinobacteria;o__Corynebacteriales;f__Nocardiaceae;g__Rhodococcus;s__	0.9988565376411405
086c30a761c0cf696a670c4bbd28ec53	d__Bacteria;p__Proteobacteria;c__Gammaproteobacteria;o__Burkholderiales;f__Alcaligenaceae	0.9999465162014244
8853910776db55e554076abbfbd815a1	d__Bacteria	0.7881107037046259
b8d712ca00de10ea2e7f1ae1ec160212	d__Bacteria;p__Proteobacteria;c__Alphaproteobacteria;o__Rickettsiales;f__Mitochondria;g__Mitochondria;s__	0.8284347997300532
5d264073b919662e0a069cdc53fa8235	d__Bacteria;p__Gemmatimonadota;c__Longimicrobia;o__Longimicrobiales;f__Longimicrobiaceae;g__Longimicrobiaceae;s__	0.9950564977031404
7b2f5c7cf8188b0b247c779a06e62ceb	d__Bacteria;p__Actinobacteriota;c__Actinobacteria;o__Frankiales;f__Geodermatophilaceae;g__Blastococcus;s__	0.9874471325871885
0a5632b3462848164ee20ed1bbd83662	d__Bacteria	0.8597412905533429
058c5a9cee2bd93fa3b77d149e338568	d__Bacteria;p__Proteobacteria;c__Gammaproteobacteria;o__PLTA13;f__PLTA13;g__PLTA13;s__	0.9999411074021237
eba2266ec02b5a5f168c6dafefc7f5d5	d__Bacteria;p__Proteobacteria;c__Alphaproteobacteria;o__Rickettsiales;f__Mitochondria;g__Mitochondria;s__	0.8754698035122911
6594f129736de3393cccef234c8646e7	Unassigned	0.40268706594056347
cef021a22df8daaf01b09d5a948d8a3b	d__Bacteria;p__Proteobacteria;c__Gammaproteobacteria;o__Xanthomonadales;f__Xanthomonadaceae	0.99516823242015
e0211d1341e6b3d678fc7d184ba87674	Unassigned	0.44420589724131054
df5eb5635106b4f1b501da44dd212b9b	d__Bacteria;p__Proteobacteria;c__Alphaproteobacteria;o__Sphingomonadales;f__Sphingomonadaceae;g__Sphingopyxis;s__	0.9985491685581985
9bec19c4a6ff0a145109ef3fadd10ed3	d__Bacteria	0.7127340981302405
d562fb888c44077ed3f82884fda57d77	Unassigned	0.38477110053397523
ae81acd6a19dd590bc0f539f68a967e0	d__Bacteria;p__Proteobacteria;c__Alphaproteobacteria;o__Rhizobiales;f__Xanthobacteraceae;g__Tardiphaga;s__	0.768937184481198
7bbfe333ad1503510c728e1e43dd179d	d__Bacteria;p__Proteobacteria;c__Alphaproteobacteria;o__Rhizobiales;f__Xanthobacteraceae;g__Afipia;s__	0.8672809384162797
c1fe817a70b21ea441d27ffd82f187de	d__Bacteria;p__Firmicutes;c__Negativicutes;o__Veillonellales-Selenomonadales;f__Sporomusaceae;g__uncultured;s__	0.9063645081009486
dd33d60de4827b650d6b8f0a7812f21d	d__Bacteria;p__Planctomycetota;c__Planctomycetes;o__Pirellulales;f__Pirellulaceae;g__Pirellula;s__	0.812398434280397
5bc96df26dc9e3b39987ec29fe9c9408	d__Bacteria;p__Firmicutes;c__Clostridia;o__Peptostreptococcales-Tissierellales;f__Sedimentibacteraceae;g__Sedimentibacter;s__	0.999392313364784
d131eeeab610609fc2bf76d9cb43407e	d__Bacteria;p__Bacteroidota;c__Bacteroidia;o__Cytophagales;f__Spirosomaceae;g__Dyadobacter;s__	0.9999732387372869
fcc3b378dc6b806df67f2dec49bc18a5	Unassigned	0.3553799139184076
74036ac91c9817a024ec2bfea7179711	d__Bacteria	0.8117755655105828
07313ebc46a0dfef1dcc07b886c487f1	Unassigned	0.3249101930095728
e8ccbbbddd9f8af6003987a4b5fc8389	Unassigned	0.6558286398183807
3701b67932ad31980cc17e0b86d85aa0	d__Bacteria;p__Nitrospirota;c__Nitrospiria;o__Nitrospirales;f__Nitrospiraceae;g__Nitrospira;s__	0.9999162906425977
6b0dcdbab479fc7897549b24e91d8488	d__Bacteria;p__Proteobacteria;c__Gammaproteobacteria;o__Burkholderiales;f__Sutterellaceae;g__uncultured;s__	0.99519003123019
238b4fc38244206da002b3bcc770680a	Unassigned	0.670162423153026
5174af90b4d8d2a75dcb432f44b3f908	Unassigned	0.3912046816446302
d7c8bb4ba785f5a7848abc16b50f5473	d__Bacteria;p__Planctomycetota;c__Planctomycetes;o__Pirellulales;f__Pirellulaceae	0.995477070517179
f39a13f7566107a8a2174a4b4c162200	d__Bacteria;p__Proteobacteria;c__Gammaproteobacteria;o__Xanthomonadales;f__Xanthomonadaceae;g__Lysobacter;s__	0.9878809490843534
f5330276a170476dc39f7a8998dc08f8	d__Bacteria;p__Proteobacteria;c__Alphaproteobacteria;o__Rhizobiales;f__Rhizobiaceae	0.9901913736356157
bf522f1dee815806cea753539fb3cc94	Unassigned	0.3909469008230694
337be9777e8501142770e22fd2baa1d4	d__Bacteria;p__Proteobacteria;c__Gammaproteobacteria;o__Burkholderiales;f__Oxalobacteraceae;g__Duganella;s__	0.7392423239784024
39098d48f85d96dbdb2b166880cf75b2	d__Bacteria;p__Actinobacteriota;c__Actinobacteria;o__Corynebacteriales;f__Mycobacteriaceae;g__Mycobacterium;s__	0.9997903668990751
1cd7dbd0d199e73156ee700dee3f5de4	d__Bacteria;p__Planctomycetota;c__Phycisphaerae;o__Phycisphaerales;f__Phycisphaeraceae;g__SM1A02;s__	0.9755248532566071
6c98cae78c0e34458c1a41f7cf7e0528	d__Bacteria	0.7853506113542812
8a4ed025adb32cb445848dcd15064d3e	Unassigned	0.4207583073024799
a60e323d69c644b16fc7ab64b6a9cd07	d__Bacteria;p__Proteobacteria;c__Alphaproteobacteria;o__Rickettsiales;f__Mitochondria;g__Mitochondria;s__	0.7408801256164315
fb55c8260408f17cfdc8b0ab3b92614a	d__Bacteria	0.705371537295578
217602076a37c6b7556b9aa83a4ccc76	d__Bacteria;p__Proteobacteria;c__Alphaproteobacteria;o__Rhizobiales;f__Devosiaceae	0.9945021240538813
5b06be65a5ec5ddcdda3a4138586f51f	d__Bacteria;p__Actinobacteriota;c__Actinobacteria;o__Corynebacteriales;f__Mycobacteriaceae;g__Mycobacterium;s__	0.999828912070655
f81472d050d1b3a02a3ff10af0772017	Unassigned	0.3752794432582802
8f7924fb77b9c15403c763ce30a282fe	d__Bacteria;p__Proteobacteria;c__Alphaproteobacteria;o__Rickettsiales;f__Mitochondria;g__Mitochondria;s__	0.8694095330570626
b76558fde10ebbb8845817830d2b2d69	d__Bacteria;p__Firmicutes;c__Clostridia;o__Clostridiales;f__Clostridiaceae;g__Clostridium_sensu_stricto_7;s__	0.9943216224659306
1e998b753c2cd02dc71c7b8c230d90fb	Unassigned	0.4335302228209219
96488acdd895568b273408233e2097ba	Unassigned	0.41638854999222696
7c0ff511a1475159b400167412896db0	d__Bacteria	0.8147560250314658
9916bd57b16ade09a7dbd6f1f86f1cb9	d__Archaea;p__Crenarchaeota;c__Nitrososphaeria;o__Nitrososphaerales;f__Nitrososphaeraceae;g__Nitrososphaeraceae;s__	0.9194108855871495
9db3338553ccf29d07598f43557a3d37	Unassigned	0.40169849229980614
5025e435aeb5e0a7bfe7b19d2116320a	d__Bacteria	0.8042736240929238
dd24bae04dd9de777fef5a8e9a5d8c83	Unassigned	0.46315112132601477
c6eef1ed01fada4a036daa07f0d1514a	d__Bacteria;p__Proteobacteria;c__Gammaproteobacteria;o__Xanthomonadales;f__Rhodanobacteraceae;g__Luteibacter;s__	0.9173680610838302
5458439983b1b3a677e1e1789f26d4b9	d__Bacteria	0.7078826110200611
ff8d96851acc27d86aa6dd79dacf1895	Unassigned	0.3084763202333496
bc5556a8cbfe0d15a6fd8a610f2106e5	Unassigned	0.3766297394253173
7772e05508113227e730534bb9e9e172	d__Bacteria;p__Proteobacteria;c__Alphaproteobacteria;o__Rickettsiales;f__Mitochondria;g__Mitochondria;s__	0.8252913019256384
a8af0bbf3c4dc1470d9e7e47c95779a7	d__Archaea;p__Crenarchaeota;c__Nitrososphaeria;o__Nitrososphaerales;f__Nitrososphaeraceae;g__Nitrososphaeraceae;s__	0.9700125068958414
54e2dd1c61e20bde8ba0071431f3481a	d__Bacteria	0.80171334127623
b6c0c44e7385a4542c84c4d65c94520e	d__Bacteria	0.7360796742147073
3ddb7cad61dbcb0219f8e6e38414ce15	d__Bacteria;p__Acidobacteriota;c__Blastocatellia;o__Pyrinomonadales;f__Pyrinomonadaceae;g__RB41;s__	0.9377948738782361
2821f6f1e59afcf6e2aeaf7f3fef4220	d__Bacteria	0.711744405538296
94d162a67730286f80a531ad4dcbf412	d__Bacteria;p__Bacteroidota;c__Bacteroidia;o__Chitinophagales;f__Chitinophagaceae;g__Flavitalea;s__	0.9932683123671254
3b30761e5f9d06123c5bf2f7371a5c04	d__Bacteria;p__Actinobacteriota;c__Thermoleophilia;o__Gaiellales;f__Gaiellaceae;g__Gaiella;s__	0.7124357064915746
ee8d8a4a56ea08667afc7cd740874880	Unassigned	0.8348000381660896
10978ed46652d86a6f583bde3c8404cd	Unassigned	0.40971350919798244
29efe6de28d7aea16d2cc50d88cc9d58	d__Bacteria;p__Proteobacteria;c__Alphaproteobacteria;o__Rickettsiales;f__Mitochondria;g__Mitochondria;s__	0.9713264923195774
58da145350016f04892fdb25d8d85a55	Unassigned	0.5248006262661643
a2756ecc0c1c33367dd3143d7ab8e350	Unassigned	0.4373932186945887
35f7a42211e912f2814be0fe3bc73c3c	d__Bacteria;p__Proteobacteria;c__Alphaproteobacteria;o__Sphingomonadales;f__Sphingomonadaceae;g__Sphingopyxis;s__	0.9985749308954963
9be5f43b0e5c814136e26c2134abc399	d__Bacteria;p__Proteobacteria;c__Gammaproteobacteria;o__Enterobacterales;f__Erwiniaceae	0.7095581794531484
96f0dfd798cabc7ebf492d44077aa2df	Unassigned	0.4870939064012604
93748eda0ef9b3f9e8c7cbfb2a30a666	Unassigned	0.639826240033579
8a63b19aa286edb28b9955a2d9620839	Unassigned	0.334305426945827
92195137fcd2efec8bf003593caef545	d__Bacteria	0.727319976823775
48e0d4d91ed180bce78da9e6c3131c66	d__Bacteria;p__Chloroflexi;c__Chloroflexia;o__Thermomicrobiales;f__JG30-KF-CM45;g__JG30-KF-CM45;s__	0.9999231774973244
61cd34d50b08f065cbd6738f29cd083e	d__Bacteria;p__Proteobacteria;c__Alphaproteobacteria;o__Rickettsiales;f__Mitochondria;g__Mitochondria;s__	0.902393445096739
a26aef22432bba30480a642376e92e3f	Unassigned	0.5029954866541284
1a1f45c045cdd03e702e18d8e9061240	d__Bacteria;p__Gemmatimonadota;c__Gemmatimonadetes;o__Gemmatimonadales;f__Gemmatimonadaceae	0.9996313062939692
67c739676aca0776693f63c677d2a752	Unassigned	0.37473417670490416
0ff78c385b475b50f76be069e196b313	Unassigned	0.5507086021593601
7ced2976f6ba3a0f0342713964006320	Unassigned	0.6440238646341425
f22a63202b8d04c40d8124960e25dd9b	d__Bacteria;p__Actinobacteriota;c__Thermoleophilia;o__Solirubrobacterales	0.8277886908546271
46f282b902bdd4e0c1f0f785a5c53e12	Unassigned	0.3995176299715042
4189cf706b98f2bb200fc4cf67aa3f2e	d__Bacteria;p__Proteobacteria;c__Gammaproteobacteria;o__Xanthomonadales;f__Xanthomonadaceae;g__Lysobacter;s__	0.9710829812713467
48e54c0aaf81f91ab3d96cfa1379d98c	d__Bacteria;p__Methylomirabilota;c__Methylomirabilia;o__Rokubacteriales;f__Rokubacteriales;g__Rokubacteriales;s__	0.9999795328858885
77a2a7857b69929cfb3503375dd8f5cf	d__Bacteria	0.7885555600129016
b14cf1ecad52de105a60b4db1637e672	d__Bacteria	0.7265303555409347
a5d1f4c4eeade16b022cad55779ae139	Unassigned	0.368476476694517
55bfcc97b2984aca1b1e2e0d41c3f0f8	d__Bacteria;p__Chloroflexi;c__Gitt-GS-136;o__Gitt-GS-136;f__Gitt-GS-136;g__Gitt-GS-136;s__	0.9974950697937054
4dd0fb7f728e1d081431a6aa94e32604	d__Bacteria;p__Proteobacteria;c__Alphaproteobacteria;o__Rickettsiales;f__Mitochondria;g__Mitochondria;s__	0.920866103167341
86a6d5118ee878f651f8d00c3c1b1217	d__Bacteria;p__Proteobacteria;c__Alphaproteobacteria;o__Rickettsiales;f__Mitochondria;g__Mitochondria;s__	0.725370532276187
04e55b5eebc530a64125a721d84fe14f	d__Bacteria;p__Firmicutes;c__Bacilli;o__Paenibacillales;f__Paenibacillaceae;g__Paenibacillus;s__	0.9034541628271772
3c7ca9636657a0e7337361224cc96d0e	d__Bacteria	0.759083172745885
5d6273d0411c9acce4fe6707f31c8f20	d__Bacteria;p__Bacteroidota;c__Bacteroidia;o__Sphingobacteriales;f__Sphingobacteriaceae;g__Olivibacter;s__	0.9242187233816225
dc07b53a39bb873cbc2b899e2dda18fa	Unassigned	0.4655634837824152
85521b4e6788aa7a3244eb36588b6b3f	d__Bacteria;p__Proteobacteria;c__Gammaproteobacteria;o__Burkholderiales;f__SC-I-84;g__SC-I-84;s__	0.9990822127043673
b7ce2bf76ee287b42e62692a4aa92c15	Unassigned	0.40220919000020916
c7c37354727c2f25d16f1d77af431768	Unassigned	0.691454925028407
7aae3b8d43d1d2b6898781df0b236988	d__Bacteria	0.7399218516815574
a50160990eccaad00ceaa708e4b6c723	d__Bacteria;p__Proteobacteria;c__Gammaproteobacteria;o__Pseudomonadales;f__Pseudomonadaceae	0.9998568510840495
560c88fd113625d8b25eefe815f86a94	d__Bacteria;p__Proteobacteria;c__Alphaproteobacteria;o__Rhizobiales;f__Rhizobiaceae	0.9326705572877475
aab895b2a3e9ac4a319503837a4cc109	d__Bacteria	0.8128430945138239
b6863369690ef9904c0cb2c2e2a83924	Unassigned	0.422806463089327
93a2aa765df28846afe3d0d472150db8	d__Bacteria;p__Proteobacteria;c__Gammaproteobacteria;o__Xanthomonadales;f__Rhodanobacteraceae;g__Rhodanobacter;s__	0.8966569817029072
5ae818683f8a05572e608d252a009cdc	d__Bacteria;p__Bacteroidota;c__Bacteroidia;o__Cytophagales;f__Microscillaceae;g__uncultured;s__	0.9450624011293823
cf3c10e0855e10654c227b2476b11fb9	d__Bacteria;p__Firmicutes;c__Clostridia;o__Christensenellales;f__Christensenellaceae	0.7080784391420648
c8350517bb75d2e05417f6ed1a3a75fc	Unassigned	0.3779165217504997
e8ab5020a992d5adf1ab4c851320806c	Unassigned	0.37652157658382224
e1b19d3ea7e8820bd74d53f513f35b10	d__Bacteria;p__Proteobacteria;c__Gammaproteobacteria;o__Burkholderiales;f__Sutterellaceae;g__uncultured;s__	0.9892533528595642
7431dcb1437caab8d61b473991f81a6c	d__Bacteria;p__Actinobacteriota;c__Thermoleophilia;o__Gaiellales;f__uncultured;g__uncultured;s__	0.9743607674432806
172379b9aadb676606e0d06da0f56578	d__Bacteria;p__Bacteroidota;c__Bacteroidia;o__Chitinophagales;f__Chitinophagaceae;g__Pseudoflavitalea;s__	0.9532919330437194
691c5c607c0782d120737be15d2e6d95	d__Bacteria;p__Proteobacteria;c__Gammaproteobacteria;o__Enterobacterales;f__Enterobacteriaceae	0.8594954292792848
c6d722254c1cfd437869362b399515ef	d__Bacteria	0.7238400855192367
ea66c7b62dabd6e1ac38281e77ebe472	Unassigned	0.4168972442311757
d827b5ffc9ad26cf43d601ac274fe7e7	d__Bacteria;p__Proteobacteria;c__Gammaproteobacteria;o__Pseudomonadales;f__Pseudomonadaceae	0.9997635179773292
323a2c2d4537cb2bad08f18025f7acf1	d__Bacteria;p__Proteobacteria;c__Alphaproteobacteria;o__Rickettsiales;f__Mitochondria;g__Mitochondria;s__	0.9896934151281316
88018c973fc040b8811445c2d0bbb899	Unassigned	0.49948725383634096
3426449f68f91b2b3c9711815d41f7c6	d__Bacteria;p__Proteobacteria;c__Alphaproteobacteria;o__Rhizobiales;f__Devosiaceae	0.9895501186382483
85e6eb3940071bbef047f840d9550782	Unassigned	0.5889470192975724
7dbfd6a75788b08bcde64c33dfc70095	d__Bacteria;p__Proteobacteria;c__Alphaproteobacteria;o__Sphingomonadales;f__Sphingomonadaceae;g__Sphingomonas;s__	0.7795668741145145
ca0271fc97833565a5524e366917f183	d__Bacteria;p__Acidobacteriota;c__Acidobacteriae;o__Bryobacterales;f__Bryobacteraceae;g__Bryobacter;s__	0.9803886101587945
58182fffec1a9e306bd5937ac4563b8e	d__Bacteria;p__Firmicutes;c__Bacilli;o__Bacillales;f__Planococcaceae;g__Domibacillus;s__	0.7960135203051348
ed9e9f1e30ce8994631b1501df2675b0	d__Bacteria;p__Proteobacteria;c__Alphaproteobacteria;o__Rickettsiales;f__Mitochondria;g__Mitochondria;s__	0.7511577881193808
aa88ed5beff66660c243d80aecba2223	d__Bacteria;p__Proteobacteria;c__Alphaproteobacteria;o__Rickettsiales;f__Mitochondria;g__Mitochondria;s__	0.7502034015320082
a99013037965ca8e675a22a50646f583	d__Bacteria;p__Proteobacteria;c__Alphaproteobacteria;o__Rhizobiales;f__Xanthobacteraceae	0.9999825791914404
b5a6c43577e5f860ee0bd8017bf47485	Unassigned	0.5918174108516757
628d58e8649607ce9a02c32de1d62e59	Unassigned	0.45479792568591915
51f81d129ce56b676d126a63fb154985	d__Bacteria	0.776321215906503
c3a4a8cd65fc8dcfc625819d25cb060b	d__Bacteria;p__Proteobacteria;c__Gammaproteobacteria;o__Burkholderiales;f__Alcaligenaceae;g__Achromobacter;s__	0.9040212876541606
4c71d1a6f441bbba9a7a76fd6e81b3c1	d__Bacteria;p__Proteobacteria;c__Gammaproteobacteria;o__Xanthomonadales;f__Rhodanobacteraceae;g__Rhodanobacter;s__	0.9169560414487614
12cb373627ea9ebf405727344827bb08	d__Bacteria;p__Proteobacteria;c__Alphaproteobacteria;o__Rickettsiales;f__Mitochondria;g__Mitochondria;s__	0.891576887087222
567d957db4f70746225f49331531991b	d__Bacteria;p__Proteobacteria;c__Alphaproteobacteria;o__Dongiales;f__Dongiaceae;g__Dongia;s__	0.9702621795342007
4319a34148fc8c9c753a3f169d176ebc	d__Bacteria;p__Proteobacteria;c__Alphaproteobacteria;o__Caulobacterales;f__Caulobacteraceae;g__Caulobacter;s__	0.9972103531035189
35fffca0720e1a5ceb8d7c13c7a3f621	d__Bacteria;p__Proteobacteria;c__Alphaproteobacteria;o__Sphingomonadales;f__Sphingomonadaceae;g__Sphingomonas;s__	0.9416347993305832
2c204705fb2f37e566db4e277e4a4eb0	d__Bacteria;p__Proteobacteria;c__Gammaproteobacteria;o__PLTA13;f__PLTA13;g__PLTA13;s__	0.9999155652188517
3d8ee7f0ca1ab3e0caffca0e012c3660	d__Bacteria;p__Proteobacteria;c__Gammaproteobacteria;o__Pseudomonadales;f__Pseudomonadaceae;g__Pseudomonas;s__	0.9932138230501436
54b407ae8fe5eded1dcacf18da7e16d3	d__Bacteria	0.7905006176728365
f5503c471d4ed4fa28806cedb577cc49	d__Bacteria;p__Proteobacteria;c__Gammaproteobacteria;o__Burkholderiales;f__Sutterellaceae;g__uncultured;s__	0.9963190374606449
fa5d9216a6a0e7b82718e0ad9ea85280	d__Archaea;p__Crenarchaeota;c__Nitrososphaeria;o__Nitrososphaerales;f__Nitrososphaeraceae;g__Nitrososphaeraceae;s__	0.9997261874152801
9e4c51ef357ce9f5cd089a4dd9f2267a	d__Bacteria;p__Proteobacteria;c__Alphaproteobacteria;o__Rickettsiales;f__Mitochondria;g__Mitochondria;s__	0.9120497516890358
891f243cf072b6706b8d993e5fbcad8d	d__Bacteria	0.8041247161262585
7ed9e58c67305e629a8242ced59f9472	d__Bacteria;p__Proteobacteria;c__Alphaproteobacteria;o__Rickettsiales;f__Mitochondria;g__Mitochondria;s__	0.9464656186241557
9fc048bf4705d045cea528b98dfe5672	Unassigned	0.39720526822268754
4561cef65e7c92653f318e9e24942882	d__Bacteria;p__Myxococcota;c__Myxococcia;o__Myxococcales;f__Myxococcaceae	0.9996612054234488
83c011cd42908f3b8ad78c2a8e329d76	d__Bacteria;p__Bacteroidota;c__Bacteroidia;o__Cytophagales;f__Cytophagaceae;g__Cytophaga;s__	0.9904092439866622
306706241d8f94ff5b2edfafb347c0a3	d__Bacteria;p__Proteobacteria;c__Alphaproteobacteria;o__Rhizobiales;f__Rhizobiaceae;g__Allorhizobium-Neorhizobium-Pararhizobium-Rhizobium;s__	0.8241233757407216
0834f150e8f07d6ecc1f329438137906	Unassigned	0.384033393152845
a179704e81355b998f3b19e1b5d3e87d	Unassigned	0.4375841567618396
ac7f1a758321aef53a1ab383e46986cb	Unassigned	0.45005965615012233
332320c5032a44cafc568c6300b80724	d__Bacteria;p__Proteobacteria;c__Gammaproteobacteria;o__Enterobacterales;f__Pseudoalteromonadaceae;g__Pseudoalteromonas;s__	0.9996605309311868
34da2ca0e7299f28fda701f9d0e3ebde	d__Bacteria	0.8232415352605982
d53654f17a07f536024e8157ed01a0aa	Unassigned	0.502110404706005
37701bf8dcf7b6984acab7fa19599884	d__Bacteria;p__Actinobacteriota;c__MB-A2-108;o__MB-A2-108;f__MB-A2-108;g__MB-A2-108;s__	0.9985787292583854
f94683604bd3f992dfe34ddeb0a095a8	d__Bacteria	0.705460120056197
5fa71aaf002e7894e362aa1aff7ad438	d__Bacteria;p__Bacteroidota;c__Bacteroidia;o__Sphingobacteriales;f__Sphingobacteriaceae;g__Olivibacter;s__	0.9517503475923103
ba59e88acb8df6c187444f9bb91716d2	d__Bacteria	0.7736117007078773
a652002c71e456a5ffb06625bca6b801	d__Bacteria;p__Proteobacteria;c__Alphaproteobacteria;o__Rickettsiales;f__Mitochondria;g__Mitochondria;s__	0.9414979444609134
14b3fdb4f51a809e7dda3362e1b2709c	d__Bacteria;p__Actinobacteriota;c__Actinobacteria;o__Micrococcales;f__Promicromonosporaceae;g__Cellulosimicrobium;s__	0.7056876506643432
0abfadce2a37da7946874c18ee2d361f	Unassigned	0.47756916964655993
580a0d13514640a4a157b0e27192b0a6	Unassigned	0.3555172482029916
e3f0ec5dd617b5bae6f2deae6313167e	Unassigned	0.7792183118023355
02990e387653c059948820d3b57892e0	d__Bacteria;p__Proteobacteria;c__Gammaproteobacteria;o__Steroidobacterales;f__Steroidobacteraceae;g__uncultured;s__	0.9952005269238295
d268bf82d067c02c2c806957029080dd	d__Bacteria;p__Proteobacteria;c__Alphaproteobacteria;o__Rickettsiales;f__Mitochondria;g__Mitochondria;s__	0.7346050818280296
93e65954ff1a5635284ef945c91e583d	Unassigned	0.30346713829505
666f904bf4689716c81a9bc755d0c6a9	d__Bacteria;p__Firmicutes;c__Bacilli;o__Paenibacillales;f__Paenibacillaceae;g__Paenibacillus;s__	0.9748829767604713
77b5363ea5917fced8d366fb0aa6ddf5	d__Bacteria	0.7204095586547576
0589dd29d21cda7da991aa1fa9a59fdf	d__Bacteria	0.8131637096676129
c4345063190b1e3b430e54ea57109c59	d__Bacteria	0.7125991315183409
81514f44c0276ff5f2d56fb1c8589982	d__Bacteria;p__Myxococcota;c__Myxococcia;o__Myxococcales;f__Anaeromyxobacteraceae;g__Anaeromyxobacter;s__	0.9323629930136719
af13e16a89c1abea714778598da9c650	d__Bacteria;p__Proteobacteria;c__Gammaproteobacteria;o__Steroidobacterales;f__Steroidobacteraceae;g__uncultured;s__	0.9931858294948736
987f0cc8fe16192908aa4b5d1c5d4047	d__Bacteria;p__Proteobacteria;c__Alphaproteobacteria;o__Sphingomonadales;f__Sphingomonadaceae;g__Sphingopyxis;s__	0.998649667036535
db5ecfdefce444e9a89b8977ed327f56	Unassigned	0.5947321770268315
c5efc0995e6947c4f026dcc7c0204c02	d__Bacteria;p__Bacteroidota;c__Bacteroidia;o__Chitinophagales;f__Chitinophagaceae;g__uncultured;s__	0.9536231735091892
1e7541fccdaf562e2b27dd1d47f35e02	Unassigned	0.4659390940949725
03e49a699ecb344ab13744f2298c1e7b	Unassigned	0.6344573833621809
9302a194f28caf51d2c61693b018af85	d__Bacteria;p__Acidobacteriota;c__Thermoanaerobaculia;o__Thermoanaerobaculales;f__Thermoanaerobaculaceae;g__Subgroup_10;s__	0.9887689072315173
ff5e0c6b11bd10ec9cd2ffddc5f0f3be	d__Bacteria;p__Proteobacteria;c__Alphaproteobacteria;o__Sphingomonadales;f__Sphingomonadaceae;g__Sphingomonas;s__	0.7725789696809011
db48b4c823f7a06443f02dbb81e784a4	d__Bacteria	0.829967594145275
98a9b546e6baaea8a7e06bfbc8a49779	d__Bacteria;p__Actinobacteriota;c__Actinobacteria;o__Propionibacteriales;f__Nocardioidaceae;g__Aeromicrobium;s__	0.8946096496352056
1edf3ce99c36181884f9c9738951eeb7	d__Bacteria	0.717720565541999
c9f1e971b79625f8b9784e11ebca8fc4	d__Bacteria;p__Nitrospirota;c__Nitrospiria;o__Nitrospirales;f__Nitrospiraceae;g__Nitrospira;s__	0.9999734746079986
b3c8f9209ddad72d5f0a54cbac14ada8	d__Bacteria;p__Proteobacteria;c__Alphaproteobacteria;o__Rickettsiales;f__Mitochondria;g__Mitochondria;s__	0.9027523452490606
1d0c7f2c15d8e8370eb22b1e527e5ec0	d__Bacteria;p__Proteobacteria;c__Gammaproteobacteria;o__Enterobacterales	0.9999947124281712
a3773590c7b569320392f9ca9c23ff14	d__Bacteria;p__Proteobacteria;c__Alphaproteobacteria;o__Rickettsiales;f__Mitochondria;g__Mitochondria;s__	0.8509657310478911
3eb67a92e174df19a984937733e99822	Unassigned	0.4467638487222384
5d8f689ffe1aad3bc5b7f96f94938e54	d__Bacteria;p__Actinobacteriota;c__Thermoleophilia;o__Solirubrobacterales;f__Solirubrobacteraceae;g__Patulibacter;s__	0.9993983957581235
e30cb49e92b2629fa375740c1bdd34eb	d__Bacteria;p__Proteobacteria;c__Gammaproteobacteria;o__Pseudomonadales;f__Pseudomonadaceae	0.9996607263997244
a7ff09937f6cdc17a0aa62730528e997	Unassigned	0.40218097222452764
5c7290686caf39c043eb13aba7f83381	Unassigned	0.5987482568800545
49b63d442497525e14f780af5f86489a	d__Bacteria;p__Proteobacteria;c__Alphaproteobacteria;o__Rickettsiales;f__Mitochondria;g__Mitochondria;s__	0.7242324818425119
93810e4ce2a2ef67fb97fe5b47db9981	d__Bacteria	0.8160046471029158
06cb1498b6c1afea05d1603e82354b23	Unassigned	0.3374834823258438
b4ce31a458332a93f642df788fd2c594	d__Bacteria;p__Proteobacteria;c__Gammaproteobacteria;o__Burkholderiales;f__Alcaligenaceae;g__Achromobacter;s__	0.9182213476024292
f38492920db5181358d9c52179802bbe	d__Bacteria;p__Proteobacteria;c__Gammaproteobacteria;o__Steroidobacterales;f__Steroidobacteraceae;g__uncultured;s__	0.9925057137133586
cf16b6a360b985dd431ce2558abfb4e1	Unassigned	0.3771109561309074
202112c310700507080c866debdfeb86	d__Bacteria;p__Proteobacteria;c__Gammaproteobacteria;o__Steroidobacterales;f__Steroidobacteraceae;g__uncultured;s__	0.9965435099662585
e4f6f47fb1f54299902fe91a869a87af	d__Bacteria;p__Proteobacteria;c__Gammaproteobacteria;o__Steroidobacterales;f__Steroidobacteraceae;g__uncultured;s__	0.9940662380570849
81fc749c43252bdbbe1a11400f349e65	d__Bacteria	0.8081936926610424
41025ecb74517ee8c5f7f46ebe9ea465	d__Bacteria;p__Actinobacteriota;c__Actinobacteria;o__Corynebacteriales;f__Mycobacteriaceae;g__Mycobacterium;s__	0.999557019663151
c08f1c5043e0fa190a23e0c9b7d2c7d2	d__Bacteria;p__Firmicutes;c__uncultured;o__uncultured;f__uncultured;g__uncultured;s__	0.9822215871715232
bb2b02dc73ba18dec689bacf4965d4f5	d__Bacteria;p__Proteobacteria;c__Alphaproteobacteria;o__Rhizobiales;f__Xanthobacteraceae;g__Rhodopseudomonas;s__	0.7895444179692916
73eef35843ad95327c624af0798dfe4b	d__Bacteria;p__Acidobacteriota;c__Blastocatellia;o__Pyrinomonadales;f__Pyrinomonadaceae;g__RB41;s__	0.9684682240229241
2438061c5ec27eb0d42ac63be12a9733	Unassigned	0.4242679620754658
3dde41fc28c893a8adb7070f45b8550f	Unassigned	0.3422381533488741
7e751cd1e5201fea6b5f45a14ea9e44d	Unassigned	0.3954214687233033
f9e1767f430af470ff32b91384645187	Unassigned	0.6683483835198051
006b39ce46a33ef768af059638865a7d	Unassigned	0.37942151265833557
e61fd56e1c192fb073b972c77152f48f	d__Bacteria;p__Bacteroidota;c__Bacteroidia;o__Chitinophagales;f__Chitinophagaceae;g__Flavitalea;s__	0.9959495749383491
0e31f81315463bdc18750ac2ac83b89f	d__Bacteria;p__Proteobacteria;c__Alphaproteobacteria;o__Rickettsiales;f__Mitochondria;g__Mitochondria;s__	0.9859235749897226
0ae53f7c1b3d3b4cc60f7ac26d0c41f9	d__Bacteria	0.7656088968189425
bb3ccf777e99d792ecf2c400be7e5b49	d__Bacteria;p__Proteobacteria;c__Alphaproteobacteria;o__Rhizobiales;f__Rhizobiales_Incertae_Sedis;g__Nordella;s__	0.9991462099998943
62b77026bb84bb0cc2c8d67fc0365c98	d__Bacteria;p__Proteobacteria;c__Alphaproteobacteria;o__Rhizobiales;f__Rhizobiaceae	0.9924110265321954
edb98a375bfd6c0a9be1763d4c45f6bf	Unassigned	0.8215117864264219
de4c5b3d7f66d378693ae2fa683e89d7	d__Bacteria	0.7761758552543851
2ffeded90c81b216db19a77568c20589	d__Bacteria;p__Proteobacteria;c__Alphaproteobacteria;o__Rhizobiales;f__Rhizobiaceae	0.806828303532801
dc295465ec2219225559f5eef643d99a	d__Bacteria	0.754214086492663
591da640b67d1cddc30de076d0767575	d__Bacteria;p__Chloroflexi;c__Anaerolineae;o__SBR1031;f__A4b;g__A4b;s__	0.9128212854262996
37109f2635c4cccb16d4c5c0ede6ab88	d__Bacteria;p__Proteobacteria;c__Alphaproteobacteria;o__Rickettsiales;f__Mitochondria;g__Mitochondria;s__	0.8998138030472306
9848445cf0bd110599ea30293757cbc9	d__Bacteria;p__Proteobacteria;c__Gammaproteobacteria;o__Pseudomonadales;f__Halomonadaceae;g__Halomonas;s__	0.9932969606072021
4debbf53bceda1ce7182f980383d3426	d__Bacteria;p__Bacteroidota;c__Bacteroidia;o__Cytophagales;f__Spirosomaceae;g__Dyadobacter;s__	0.9999620547684056
54d56b2515e109215aad46ca5b644ae4	d__Bacteria;p__Actinobacteriota;c__Actinobacteria;o__Corynebacteriales;f__Mycobacteriaceae;g__Mycobacterium;s__	0.9931828288937444
18323556d1cc53756cd95a10403de277	d__Bacteria	0.8488141689008469
e545653ead2ecbbfa1f9e6678126cfb4	d__Bacteria;p__Firmicutes;c__Bacilli;o__Bacillales;f__Planococcaceae	0.9758837506548022
715b7f7c18adbe01986b23ed68e3cfab	Unassigned	0.5598749545215155
edc882a0fff4d839159df5f8631842c4	d__Bacteria;p__Proteobacteria;c__Gammaproteobacteria;o__Enterobacterales;f__Erwiniaceae	0.776700093346081
2728dddfe78cae63fea65b25ea461b95	d__Bacteria;p__Proteobacteria;c__Alphaproteobacteria;o__Rickettsiales;f__Mitochondria;g__Mitochondria;s__	0.8709603494963606
91c002d866ff1eb039058ab2e2966556	Unassigned	0.3338492182831292
1337a8584b017cb719c9c20aec631633	d__Bacteria	0.8524967662442623
a005014f60850a701da8ac6c8434e829	d__Bacteria;p__Proteobacteria;c__Alphaproteobacteria;o__Rickettsiales;f__Mitochondria;g__Mitochondria;s__	0.7200530134740574
48183b55f6e892903c1045f886ddeda4	d__Bacteria;p__Proteobacteria;c__Alphaproteobacteria;o__Rickettsiales;f__Mitochondria;g__Mitochondria;s__	0.7046206988821989
311dd773061400609cdc034b2b16c633	d__Bacteria;p__Latescibacterota;c__Latescibacterota;o__Latescibacterota;f__Latescibacterota;g__Latescibacterota;s__	0.9398815556955699
03aad821ef2264b269911d6c4c3c3277	d__Bacteria	0.7551082614080581
7c9556a606686eabf0f6e6bc26400790	Unassigned	0.421118521369113
2f98a845297cc625df98ca936a38ed59	d__Bacteria	0.8171724283447865
ad486d238edae5f6ecfdee3ddcb0f79a	d__Bacteria	0.7201571153620776
d6a8860ed5d988d2502c8deb10170a2a	d__Bacteria;p__Planctomycetota;c__Phycisphaerae;o__Phycisphaerales;f__Phycisphaeraceae;g__SM1A02;s__	0.9686731788727801
11c16506be962f46d49ae3de6781c02d	d__Bacteria;p__Myxococcota;c__Polyangia;o__Polyangiales;f__Polyangiaceae;g__Aetherobacter;s__	0.8760989481137037
56557f7a5bf51b38521b818a4e8d8cf0	Unassigned	0.3477370364281507
c02442a2aea5b8830fabaabb15f96a8c	d__Bacteria	0.7770075090112688
5ecc972b2da9082cd56eb838e3a96320	d__Bacteria;p__Proteobacteria;c__Gammaproteobacteria;o__Steroidobacterales;f__Steroidobacteraceae	0.9995018413062214
a59700ab82968ce9a7d8a98091e9fdfe	d__Bacteria;p__Proteobacteria;c__Alphaproteobacteria;o__Rickettsiales;f__Mitochondria;g__Mitochondria;s__	0.8742707007945105
4cd6dbd52fa59429b8fd8778393d59f3	d__Bacteria;p__Proteobacteria;c__Alphaproteobacteria;o__Rickettsiales;f__Mitochondria;g__Mitochondria;s__	0.7019148444845394
792f62347124debeb4731705fea228ec	d__Bacteria	0.8116593929342912
d0a167470750b70fde36c2b0df61350f	d__Bacteria	0.8411271476048412
f8384d5a097a8139c3d807fd171bf282	d__Bacteria;p__Proteobacteria;c__Gammaproteobacteria;o__Pseudomonadales;f__Halomonadaceae;g__Halomonas;s__	0.9795287650126304
e8618d7a45cd713cad7582857234101b	d__Bacteria;p__Proteobacteria;c__Gammaproteobacteria;o__Burkholderiales;f__Alcaligenaceae;g__Achromobacter;s__	0.8458077606373808
60e3d271ab59bf459dba42496576b1f3	d__Bacteria	0.7214010704401258
f8c27bd73029bf6d6043aad2745772aa	d__Bacteria	0.7963105144642242
88cfb0efd07ee47f8a326e9d31a9c320	Unassigned	0.6123353094200482
01f68e9662281b51174529d82434594d	d__Bacteria;p__Proteobacteria;c__Gammaproteobacteria;o__Burkholderiales;f__Alcaligenaceae;g__Achromobacter;s__	0.7554655603315055
9d3dcd712e94693d641be89407ab11b6	d__Bacteria;p__Proteobacteria;c__Alphaproteobacteria;o__Rickettsiales;f__Mitochondria;g__Mitochondria;s__	0.8283394582712735
19b0dbbdeae7473b32f98dc3bdef5e70	d__Bacteria;p__Proteobacteria;c__Alphaproteobacteria;o__Rickettsiales;f__Mitochondria;g__Mitochondria;s__	0.7560491472691216
da0890081525ec205c63a26a2f4c0293	d__Bacteria;p__Firmicutes;c__Clostridia;o__Oscillospirales	0.9405562696397023
6db42d97122a2b1b6a567249f8c63f33	d__Bacteria;p__Actinobacteriota;c__Actinobacteria;o__Streptomycetales;f__Streptomycetaceae;g__Streptomyces;s__	0.9975847734825815
21796968c60ad73797e5393e3ae95f1f	d__Bacteria	0.709634284390593
030b47e8a0f1c1e5f73cb5267402a4fb	d__Bacteria;p__Proteobacteria;c__Alphaproteobacteria;o__Rhizobiales;f__Xanthobacteraceae;g__Bradyrhizobium;s__	0.7019348998678948
c2441d464938b230bc262b0bb727084c	d__Bacteria	0.7156313613705126
d1d3a52e3911f6a85a06b4570400913d	d__Bacteria	0.8149926239789712
d64c07e9c836a35817b1555a9160c0ca	Unassigned	0.3381133103093502
9cfa5f22c867a74291933bf2e6ed77e0	d__Bacteria;p__Acidobacteriota;c__Vicinamibacteria;o__Vicinamibacterales;f__uncultured;g__uncultured;s__	0.9766662459371642
90b72d2ad64c6dc68a3ee82ffa4adea9	Unassigned	0.3413190583806085
5395734f2ad166cf641b0ad2d90644ad	Unassigned	0.31615948786734305
a4e52f79d3a76086aab86d4c616667a2	d__Bacteria	0.7967742719827041
266328381b30a0d117e5687e510abea1	d__Bacteria	0.8733953188196466
d6f355323fa2acb905285f95b1d2cbbf	Unassigned	0.42046467419138955
0357c9d8adbb8c537ac85d6673de8671	d__Bacteria;p__Acidobacteriota;c__Vicinamibacteria;o__Vicinamibacterales;f__uncultured;g__uncultured;s__	0.99555773338627
85377b9e62cb48d56d01b5a3d56c6c45	d__Bacteria;p__Proteobacteria;c__Alphaproteobacteria;o__Rhizobiales;f__Rhizobiaceae	0.9899642460581344
85aa79d92c6a0a4ec203c5ed2f2222cd	Unassigned	0.3795542706889051
444571bef9ddab17e6de898e9033069b	Unassigned	0.4241021637303951
0b92cb6d8f7e573e5ab4f55751a0cb1e	Unassigned	0.4695894342604814
cd76df75d151c1ef46adc5c1860acc30	Unassigned	0.4506949455355247
11902e2b594e13d7c99fb4e4584ac28a	d__Bacteria;p__Proteobacteria;c__Alphaproteobacteria;o__Rhodospirillales;f__Magnetospirillaceae;g__Magnetospirillum;s__	0.8858096623024022
7ff2a81479c0afec409f6a47e5c33710	d__Bacteria	0.7201631750753652
61a14e7b4ce552bd31136c7dcbc78fc9	d__Bacteria;p__Bacteroidota;c__Bacteroidia;o__Cytophagales;f__Microscillaceae;g__Ohtaekwangia;s__	0.8285738474671718
8ccb690cf7a8a7a2b66fd74962311a75	d__Bacteria;p__Proteobacteria;c__Alphaproteobacteria;o__Rickettsiales;f__Mitochondria;g__Mitochondria;s__	0.7769081410881581
e99f12f9bc5cc18298f6d0b7f70f3d6f	d__Bacteria;p__Planctomycetota;c__Planctomycetes;o__Pirellulales;f__Pirellulaceae;g__Pirellula;s__	0.9989288894951417
5b0ac10704226f4b002fb75c57605626	d__Bacteria	0.7150123007236511
2ffebcfc8957e150c607eaba5fd953d0	Unassigned	0.34356711910773696
f7e5891fd954e327de6a5df4a035adcd	Unassigned	0.31855716183694416
f3c6ff6486da584ca49b4419c3ed980f	Unassigned	0.41939287100327527
d679008ac3d6811c8d40bd8cc0af35bb	d__Bacteria;p__Actinobacteriota;c__Thermoleophilia;o__Gaiellales;f__Gaiellaceae;g__Gaiella;s__	0.8770465962414173
767badb3749df0bfe798b98aaec8f950	Unassigned	0.46202249734504386
9e91d4b91b969910325b69e10ef4f446	d__Bacteria;p__Bacteroidota;c__Bacteroidia;o__Sphingobacteriales;f__Sphingobacteriaceae;g__Olivibacter;s__	0.9522306833053147
6a341fbca79bdaed2e96cfd77c0892c9	d__Bacteria	0.7837108552850163
37fd80cd9e8ee5d8767f935b33817cec	d__Bacteria;p__Proteobacteria;c__Alphaproteobacteria;o__Rhizobiales;f__Rhizobiaceae	0.7649145361924496
a5942c8a11b907b348554dbbae8336fa	d__Bacteria;p__Bacteroidota;c__Bacteroidia;o__Chitinophagales;f__Chitinophagaceae;g__Edaphobaculum;s__	0.9772438873948084
004415b26af029134c7cc7ef64492732	Unassigned	0.4496277070663135
7dda0934ea6e28a513701a5abdf68e98	d__Bacteria	0.9854721692198047
66ef37528256534478db869c33b8b51a	Unassigned	0.47144625211131475
68cbef9cb652a31521359cd660c7e9f3	d__Bacteria;p__Proteobacteria;c__Alphaproteobacteria;o__Rickettsiales;f__Mitochondria;g__Mitochondria;s__	0.7412890786085816
0fd7bda21ef3d51dfa84f92a47537952	d__Bacteria	0.7805445004601805
beba0182719172be1c2e4961674db57b	Unassigned	0.3633998378755021
d06a0403ec4b20ceffc5a50907e7ea81	d__Bacteria	0.813447740858249
055ec38bd1ae849ef4bb8b39c19d4ff1	Unassigned	0.5708158960252903
5c919a4fd4fbdd421e6beb0c1f3326f7	d__Bacteria	0.8229397566063201
80117e591810eeeff496b33a8d0b7bf5	d__Bacteria;p__Proteobacteria;c__Gammaproteobacteria;o__Enterobacterales;f__Yersiniaceae	0.9039644976075957
4520a87d1b714a09adb210048489baad	d__Bacteria;p__Armatimonadota;c__Fimbriimonadia;o__Fimbriimonadales;f__Fimbriimonadaceae;g__Fimbriimonadaceae;s__	0.9997424570692958
b3768df125ea9bcecc56fe3f2cf487fc	d__Bacteria	0.7647661052776127
ef45c007bc00e331d3df1f0a4a941c83	d__Bacteria;p__Proteobacteria;c__Alphaproteobacteria;o__Rickettsiales;f__Mitochondria;g__Mitochondria;s__	0.8661195691488204
246ebbdcc2467267dc894a6ab492c3bd	d__Bacteria;p__Chloroflexi;c__KD4-96;o__KD4-96;f__KD4-96;g__KD4-96;s__	0.999627272982152
a3d697f426a257cc7f6df41414179dd3	Unassigned	0.6310390040757909
9765271a3780e71d9874c558e9e6a307	d__Bacteria;p__Proteobacteria;c__Alphaproteobacteria;o__Rickettsiales;f__Mitochondria;g__Mitochondria;s__	0.9183496012926069
2531ddc4981263fab88e80da0d89413b	Unassigned	0.5869984768334968
9bf964fc6ec31b2a348b5accf3093011	d__Bacteria;p__Firmicutes;c__Clostridia;o__Peptostreptococcales-Tissierellales;f__Sedimentibacteraceae;g__Sedimentibacter;s__	0.9991960568115473
32996cd015f1b5d4d3c955ea6cfd692e	d__Bacteria	0.7122263837812509
18fd0589875e9a8114b798056a6bb017	d__Bacteria;p__Myxococcota;c__Polyangia;o__Polyangiales;f__Phaselicystidaceae;g__Phaselicystis;s__	0.7861752291212791
7f78c58bb025d23d9cd1de5ad85c3276	Unassigned	0.6735444027994388
935837d4da1e6e861995991f993f90bd	d__Bacteria	0.7688878578098847
d1fe21bb65e77884194dc88a9fe90d8f	Unassigned	0.6714377205306119
889efb6bdd40955c3342638e116da5e7	d__Bacteria;p__Proteobacteria;c__Alphaproteobacteria;o__Rickettsiales;f__Mitochondria;g__Mitochondria;s__	0.9101544384294337
fd457543e613b8a8fba8443d992a542f	d__Bacteria;p__Proteobacteria;c__Alphaproteobacteria;o__Rickettsiales;f__Mitochondria;g__Mitochondria;s__	0.987974490041191
e959e8a6f547b1a4f5091dfcafd57969	d__Bacteria;p__Proteobacteria;c__Alphaproteobacteria;o__Rickettsiales;f__Mitochondria;g__Mitochondria;s__	0.8858534035431258
24ba50ee0286e92f993d423d4ad98a37	Unassigned	0.6693091288821449
e38970e899f6568430d841690d5c7c0a	Unassigned	0.5285977031183411
7e3f04b9eb06ba87a3a8d9fef33837e0	Unassigned	0.7164778818919215
cf9a9eba4ed1ede210fa15ff04a92263	d__Bacteria	0.765734000456594
307654ae52c1122d682e6df2050d1e34	Unassigned	0.749269671749688
4b2c3834f4d2a709dc432bfe77b23396	d__Bacteria	0.7963903150536286
fa855dbbe05e3c46aa06e4519a6691b4	Unassigned	0.30115671406387257
fb39ba8af19799f49fdda4132e493a31	Unassigned	0.43840522643177005
865981f7c68ef14c758bdf8da8b06b6e	Unassigned	0.3449583023640723
fc5467167b66f3f496b5cbcd18c30e57	d__Bacteria;p__Proteobacteria;c__Gammaproteobacteria;o__Pseudomonadales;f__Pseudomonadaceae;g__Pseudomonas;s__	0.9961673063179709
14b1ec58a461ee1cdd71cdcbfbae3930	Unassigned	0.4896182692901565
e1d6daee6997513fc1092a40eaa2b0f4	Unassigned	0.4176849468526498
32a29ff6738d6bbefb027b34be75adb9	Unassigned	0.6138852358269993
ff344386531695efd3e60dd6638c538e	Unassigned	0.45714361781543966
bb16ff1ac1ef0bcd2b123d442c3435a6	Unassigned	0.6694532188064231
fbcad2edae3b6839f82b3191dddbb29a	d__Bacteria;p__Firmicutes;c__Bacilli;o__Bacillales;f__Bacillaceae	0.8650408906976044
c606111252664c81f07115467fe8e726	Unassigned	0.4693937821330494
43df3cea62df492fca643e79280eafe8	d__Bacteria;p__Chloroflexi;c__Anaerolineae;o__SBR1031;f__A4b;g__A4b;s__	0.9736420523103964
2f1df08e5500c0f6a181d41a9dd9f83e	d__Bacteria;p__Gemmatimonadota;c__Gemmatimonadetes;o__Gemmatimonadales;f__Gemmatimonadaceae;g__Gemmatimonas;s__	0.9413161308168008
6db744d836ac5870a4d8bad2ae69d002	Unassigned	0.3033281640387846
0a0eb3948b6c85b6583b66b179d4fb51	d__Bacteria;p__Proteobacteria;c__Alphaproteobacteria;o__Rickettsiales;f__Mitochondria;g__Mitochondria;s__	0.7208979631598309
47feb6d2ec66205c927ee215af533322	d__Bacteria;p__Proteobacteria;c__Gammaproteobacteria;o__Steroidobacterales;f__Steroidobacteraceae;g__Steroidobacter;s__	0.8875870460130331
bba8e4cded5d592e6943c45fef804d31	Unassigned	0.33742047293332345
a64ed034f7e1c890b601b6114884bf56	Unassigned	0.3100419995025103
5a38a2b58f78a5eb14386ca1c50e88b7	Unassigned	0.5893448070373412
de313dda1909818f2955d5d37ad7be7f	Unassigned	0.4620849866613497
97e1c49176c00a9156314a8528c2e6e0	d__Bacteria;p__Bdellovibrionota;c__Oligoflexia;o__0319-6G20;f__0319-6G20;g__0319-6G20;s__	0.9836439690419209
85005dc59dd91dd1067fb190a6309308	d__Bacteria	0.7286351314122934
cb82155d26d2b29e849ef910922d149d	d__Bacteria;p__Myxococcota;c__Myxococcia;o__Myxococcales;f__Myxococcaceae	0.9980009846676018
762733cad56e7a84827126393030e160	d__Bacteria	0.8598399995296928
392ceac0704496c8633f639e0084831b	Unassigned	0.43385893926476116
0b4b01e18e7b98ea8d673edbf9129ec3	Unassigned	0.46385213107807954
e9715a8a748c7add11453b58f533318c	d__Bacteria;p__Proteobacteria;c__Gammaproteobacteria;o__Xanthomonadales;f__Xanthomonadaceae;g__Arenimonas;s__	0.9997161585153297
b179a4ebdbd1640da559d2498c1bcca0	Unassigned	0.8137401356343159
7237eac380173d3b7dec3a09625796de	d__Bacteria;p__Myxococcota;c__Polyangia;o__Haliangiales;f__Haliangiaceae;g__Haliangium;s__	0.9983547247964376
b434b2f6eb5f517f4fc452434c0c2369	d__Bacteria;p__Latescibacterota;c__Latescibacterota;o__Latescibacterota;f__Latescibacterota;g__Latescibacterota;s__	0.9300887114514143
1ed773e69a27d1ffbe9c232f20a5e449	d__Bacteria	0.7908363450567254
45a49d094fa656cdd010a656ef54b960	d__Bacteria;p__Proteobacteria;c__Alphaproteobacteria;o__Rickettsiales;f__Mitochondria;g__Mitochondria;s__	0.7683374342316742
40006706bb71953c3c0121c38c374b09	d__Bacteria;p__Proteobacteria;c__Gammaproteobacteria;o__Burkholderiales;f__Sutterellaceae;g__uncultured;s__	0.9933518138974882
f262c357c4aa0c96a7c3318a1a002e3a	d__Bacteria;p__Actinobacteriota;c__Actinobacteria;o__Corynebacteriales;f__Nocardiaceae;g__Nocardia;s__	0.9986410327361265
9d7119e5128dca99a7b6024523c085be	d__Bacteria	0.833901805071565
c552c7ef0ddf350b160b7fa69f24248c	Unassigned	0.5003501599898976
2cdd1f198eeba41604fa8a48cecaa7b5	d__Bacteria	0.7140729061680975
cc6e2d2731520a1d9041a305b7c22d12	d__Bacteria;p__Proteobacteria;c__Alphaproteobacteria;o__Rickettsiales;f__Mitochondria;g__Mitochondria;s__	0.8853221649985927
ace6fc990c4b9533d35f99c227662380	Unassigned	0.3063012286627921
9f409ed6b2a028fede7038a325f27d04	Unassigned	0.36580348046989564
a37c008140abfa1dc387cd512e6c4847	Unassigned	0.6402645757843579
e1332dfc56c42e8dac7a264a43a7c845	d__Bacteria;p__Proteobacteria;c__Alphaproteobacteria;o__Rickettsiales;f__Mitochondria;g__Mitochondria;s__	0.7509798044613794
3bf2b506386e946279c3f0e12c504cc3	d__Bacteria;p__Firmicutes;c__Clostridia;o__Lachnospirales;f__Lachnospiraceae	0.9994131243255902
ff55dc8f741336740bf39263e25abee6	Unassigned	0.4992834785754102
42a058a1855af2f5c6f970de30b5aadc	d__Bacteria	0.7027784841465159
527d45b04f43df2daea620912723730b	d__Bacteria;p__Bacteroidota;c__Bacteroidia;o__Chitinophagales;f__Chitinophagaceae;g__Pseudoflavitalea;s__	0.8640015811680097
03387b8cf142bd7c012c012498db00f7	Unassigned	0.4213822139536202
39802ab76ce396ffd1dd52ff66422f6b	Unassigned	0.30097210300801613
b5038361a77d827f4a16a2a45e8fb396	d__Bacteria;p__Actinobacteriota	0.8386659478177783
1767505ee86474361ace82f784562cab	d__Bacteria	0.8082648749009999
de4e095e47e89e715031dd3774def85a	Unassigned	0.462119973382935
8d96205c6c0b927a93d1a4aeeb1c893a	d__Bacteria	0.7963441513322944
9ec376051cecc763b3e8a045c5f1fe3c	Unassigned	0.45698214300207285
ba1fb9e009d24e63c1f3de842ecc6e28	Unassigned	0.3759185042314537
f8e57bec01dc63ef921253f32123f07c	d__Bacteria;p__Proteobacteria;c__Alphaproteobacteria;o__Rickettsiales;f__Mitochondria;g__Mitochondria;s__	0.9005184619020227
c59d8b9e752d869575afa5a3266c9182	Unassigned	0.5613673037531086
53c3e3610f115613f4608fe9f47e993b	d__Bacteria	0.7184171807032749
3f65849f56043b7d33e63319706edc20	d__Bacteria	0.7742554722010467
7540679eb8ee9cb7a2032de074d11fc5	d__Bacteria;p__Proteobacteria;c__Alphaproteobacteria;o__Rickettsiales;f__Mitochondria;g__Mitochondria;s__	0.8713863761996055
176a5a0de382328ba26c339161043f82	d__Bacteria	0.8361987596645487
1394047f71acaa573e804ca2fdd98230	d__Bacteria	0.8235347444314082
b6250fe751a7ffae1beb940892a901e8	Unassigned	0.7261722834152182
e1a31df1a7328fa91866f0b4dbe8289b	Unassigned	0.45514129368222234
671e8611c0cbbc915464d7edf2209dc8	d__Bacteria	0.7304178536208099
128f2457e72545f74aa7e61f68a366bb	Unassigned	0.5460765772211589
fb2e4cfb2892b162c653c3969aea420e	d__Bacteria;p__Actinobacteriota;c__MB-A2-108;o__MB-A2-108;f__MB-A2-108;g__MB-A2-108;s__	0.9992839519110917
6af92e5a820bade804136765ceafd0c3	d__Bacteria;p__Myxococcota;c__Myxococcia;o__Myxococcales;f__Myxococcaceae	0.9996976959139743
4308c816f19d37357ec26bf2b6692968	d__Bacteria	0.7455259156258497
7887ed694ee3eceac84adf25f8b2e7b8	Unassigned	0.39354232826178703
7d77eb0a2d2a43860e4a601aae484291	d__Bacteria	0.762213371615329
198cfd22f465841210e3c64abaaf3f35	Unassigned	0.3365758511402607
9a4ff436afb6ad1c5763074101c940ae	Unassigned	0.48395422165800184
79bf0fc3f7c3a29322482b3c13990abe	d__Bacteria;p__Proteobacteria;c__Alphaproteobacteria;o__Rhizobiales;f__Rhizobiaceae;g__Ochrobactrum;s__	0.8090752494632879
c74fe3ed75b73040952eb6ad6940d88c	Unassigned	0.5140521812452289
b91e7cd069054d343308c9aa505e8326	d__Bacteria	0.8765954159923405
b1ef440158b0295cb47bf10d4a4bb9ea	d__Bacteria;p__Proteobacteria;c__Gammaproteobacteria;o__Steroidobacterales;f__Steroidobacteraceae	0.996240219104639
99ae274c14edaa87742bcc6a40a81731	d__Bacteria;p__Proteobacteria;c__Gammaproteobacteria;o__Xanthomonadales;f__Xanthomonadaceae;g__Stenotrophomonas;s__	0.9961019435015999
ebfa734dbf6a4c059fa858d5228c55fe	d__Bacteria;p__Proteobacteria;c__Gammaproteobacteria;o__Burkholderiales;f__Comamonadaceae	0.9999785327100126
c81ad95541b7a5e083b531fe870f05f3	d__Bacteria	0.7304884754656437
a5b8430a685d269dfb50255441ad86dc	d__Bacteria;p__Proteobacteria;c__Alphaproteobacteria;o__Rhizobiales;f__Rhizobiaceae;g__Ochrobactrum;s__	0.8147530703764261
d1fbdec7d4a2d8801fdba5f4ef1f3a1a	d__Bacteria	0.7837943041541326
4f1f28ae6c13bcf3db9d4e3e8ba6f1c3	d__Bacteria;p__Chloroflexi;c__JG30-KF-CM66;o__JG30-KF-CM66;f__JG30-KF-CM66;g__JG30-KF-CM66;s__	0.9834952200935722
36d1a8eb901bff4b2fbe0713492b1cc9	d__Bacteria;p__Planctomycetota;c__Phycisphaerae;o__Phycisphaerales;f__Phycisphaeraceae;g__SM1A02;s__	0.9774896823583199
2593e344ddcc7e5914a31d20b17a0c49	Unassigned	0.318807216592786
c7d6b3a6c7d116541c2b35e2f81470de	Unassigned	0.48083341963904014
176895d707cf87f96e76a544aea91035	Unassigned	0.33523111317280907
4efc0dadc497a8b2d2534a9e6e2a685b	Unassigned	0.5965585043569333
281144fa091875b949ce4547e25bd67b	Unassigned	0.4091760447134748
3b51a91b5b6e62279cc2c17574c4e1e4	Unassigned	0.4698502948974471
cdb72b2b245a9dc7173798545269df5b	d__Bacteria	0.7568560094568795
04537125dd21cdf0c80c0f6104ffb88e	Unassigned	0.6538530531747272
d3aa57dcc91c176b756eb20789a3faba	d__Bacteria	0.738837338298849
b1e195743bbb8ea8b6c6333f5e0a784c	d__Bacteria	0.7744022630428955
6285bafa4202e6b54712237222633d62	Unassigned	0.4057749608144441
ef274f6f723e9988e1037574c4d852cd	Unassigned	0.38116234484191125
dc0b3cfa71609c404f2f08c36443a87b	Unassigned	0.47547735007050407
fe603aec1b6abf314a673e10224eb5ef	d__Bacteria	0.8122580247633145
6c9d18858122edd8299e37d1df4d8128	d__Bacteria	0.7400584749181952
0d2a172032549d1d07a4ddd3e76548fc	Unassigned	0.30483312969440823
bc5c59632c53077990203201892917c2	Unassigned	0.3050425007921258
0f31b5cc8b87313a506add8e3a92deb8	d__Bacteria;p__Proteobacteria;c__Alphaproteobacteria;o__Rickettsiales;f__Mitochondria;g__Mitochondria;s__	0.8253933818617091
32cb24f58bb595dc2db8c44f35ef5f0c	d__Bacteria;p__Proteobacteria;c__Alphaproteobacteria;o__Rickettsiales;f__Mitochondria;g__Mitochondria;s__	0.7892428509667611
729372ac7fbb76b62496018c673a8848	d__Bacteria	0.8165599918184981
4be456e882646ab87c42fb249a20bf38	d__Bacteria;p__Chloroflexi;c__KD4-96;o__KD4-96;f__KD4-96;g__KD4-96;s__	0.9998023025130137
8a156aa40afb15974230efc0833ef44e	d__Bacteria;p__Dependentiae;c__Babeliae;o__Babeliales;f__Vermiphilaceae;g__Vermiphilaceae;s__	0.7396330608479644
7cfa775c58873b05f9022d1bb37fa263	d__Bacteria	0.7852218766285689
94dc507f0dbf520160b43d9ef12bbd4d	d__Bacteria;p__Methylomirabilota;c__Methylomirabilia;o__Rokubacteriales;f__Rokubacteriales;g__Rokubacteriales;s__	0.99996206934458
428d9d98bfb03f840835b88e4304ad08	Unassigned	0.5029141070637175
97f24ffb928378fb122b1ea8754750f5	Unassigned	0.3286805509301781
8cf738502a8e7373aa9df39a5a4569fc	d__Bacteria	0.7978651069468615
2e06eab000d5fd09af2e5ebed1e0d9a9	Unassigned	0.31695284306950056
226432b9fe4a06c46b69982d844330e4	d__Bacteria;p__Proteobacteria;c__Alphaproteobacteria;o__Rickettsiales;f__Mitochondria;g__Mitochondria;s__	0.9238970101656737
10ed3f51e9fe4bb3cdd9e1209d8ef46b	Unassigned	0.37716403842902435
4d07e9be9c0cf5200274272a4088a959	d__Bacteria;p__Actinobacteriota;c__Actinobacteria;o__Propionibacteriales;f__Nocardioidaceae;g__Kribbella;s__	0.9999891427062209
9bfa27a918c60bd838b7a29538a71fc6	Unassigned	0.6213728667290221
239ba51734c6338387fad0e67f2e1118	Unassigned	0.6696523910088796
02fba50636b38a4b3a64e0f2ead19b5d	d__Bacteria	0.7371498874051654
45ace7f75ea5364498435b4cae6c0eb9	Unassigned	0.7013451504695412
acdb632dc6ed575097614720cad51a35	d__Bacteria;p__Proteobacteria;c__Alphaproteobacteria;o__Rickettsiales;f__Mitochondria;g__Mitochondria;s__	0.8432725019950301
13d5f6194413c07c779635c0466dc587	Unassigned	0.4788489850560387
c04bfe7b8d38709af10bef61be0bc345	Unassigned	0.3316027812778025
67505f9c6eda61db606fb84548c5d28f	d__Bacteria	0.8625531208238956
377a3504d37c0c6ee57fbdcb44eb609a	d__Bacteria	0.7304295410344008
b0a219ccb477576cfc2b98fe7ef982ad	Unassigned	0.3143963794894228
3309d1bc149e094e95da2593599ee2d5	d__Bacteria;p__Proteobacteria;c__Alphaproteobacteria;o__Rickettsiales;f__Mitochondria;g__Mitochondria;s__	0.8499013167990404
969dcb2065f08b91c250b8107fdb13e9	Unassigned	0.5707811161648264
3fd6ca71caa91515d0343788632ef2ca	Unassigned	0.5456002040480843
15a215a33c5a49e9aa84c9e6791ed57b	d__Bacteria;p__Bacteroidota;c__Bacteroidia;o__Chitinophagales;f__Saprospiraceae;g__uncultured;s__	0.9334188210941433
b46af94d62858fdc3cce44808626c73f	d__Bacteria;p__Gemmatimonadota;c__Gemmatimonadetes;o__Gemmatimonadales;f__Gemmatimonadaceae;g__Gemmatimonas;s__	0.9725973527465003
74ef2e594f5762e1a6ea1065006e2575	Unassigned	0.4625674880447057
da7483a3def36f53633d5108651eb82e	d__Bacteria;p__Proteobacteria;c__Alphaproteobacteria;o__Rickettsiales;f__Mitochondria;g__Mitochondria;s__	0.7761627090992286
ebb4d8fca581ef739cdf7be81ac3fb2a	d__Bacteria	0.7250554996418653
646388dd6e20bbbd3b02e98c2b2f5e7d	d__Bacteria;p__Proteobacteria;c__Alphaproteobacteria;o__Rickettsiales;f__Mitochondria;g__Mitochondria;s__	0.8635379070247127
1b70e69f862a072850a433beb133f4a4	Unassigned	0.364243117547404
93f5a4d9b773c3c254ccaaea843cc00b	d__Bacteria;p__Actinobacteriota;c__Thermoleophilia;o__Gaiellales;f__uncultured;g__uncultured;s__	0.9804854913173369
9203b8899efc8244eb482564e2f97243	d__Bacteria;p__Bacteroidota;c__Bacteroidia;o__Sphingobacteriales;f__Sphingobacteriaceae;g__Olivibacter;s__	0.9563094720981044
5aafd35dc8361dca4b1ab16324e16f67	d__Bacteria;p__Patescibacteria;c__Microgenomatia;o__Microgenomatia;f__Microgenomatia;g__Microgenomatia;s__	0.992549806486421
cb13934501b248e63da441eeb81dbb27	Unassigned	0.351708977115916
0a36ec29cc38a89d056e75512162c536	Unassigned	0.36274853148965913
85bdb9a71004f19741b37e383d5da6d4	Unassigned	0.48697739672957874
cf29187e7db8e16f3cdb0666a55d6aa8	Unassigned	0.3982382459498962
1e8737949ce87fb13ba27b2e87fae26c	Unassigned	0.3038574625711725
4f781b4057bea31cd96d0567737f8a36	d__Archaea	0.7558917545752406
e3c5fa8d12ac4d3a6a3040619feadd6d	d__Bacteria;p__Nitrospirota;c__Nitrospiria;o__Nitrospirales;f__Nitrospiraceae;g__Nitrospira;s__	0.999951003072963
ede4735733c6b2a675ff9452c042b7e4	d__Bacteria;p__Acidobacteriota;c__Blastocatellia;o__Blastocatellales;f__Blastocatellaceae	0.9977950584514892
331da473679f149469d9665b13b6df14	d__Bacteria;p__Verrucomicrobiota;c__Verrucomicrobiae;o__Chthoniobacterales;f__Terrimicrobiaceae;g__Terrimicrobium;s__	0.9896156046420813
8e5656b91eefc950be794462622f72d5	Unassigned	0.5572267453660333
422def9b0da854e6e89fdb536ecd706d	Unassigned	0.3356967135148615
99dfc6447b854f93291b397d1fe2d3e3	Unassigned	0.36135307846654396
39f2d923748ef51ea7e5111072211ef5	d__Bacteria;p__Proteobacteria;c__Alphaproteobacteria;o__Rickettsiales;f__Mitochondria;g__Mitochondria;s__	0.9659810105828103
b255e20e4f3ab3a84232e4d1847a7990	Unassigned	0.47618967729880834
01bc28d3cd214c699a9dcef25ae7ff76	d__Bacteria	0.7550505532776357
de29835f69e826cce30d0c1c689215f2	Unassigned	0.3425868422020055
cb02f865b07f7e8f7f8cf382dc64afb8	Unassigned	0.45785295642460155
a4d3e6b135b3d75e8185d58e1abcfc3a	Unassigned	0.30395220950606305
1b4ec18bc7a5b320201758e44f35ea85	Unassigned	0.44876417423588055
25fa40d3751253a9e7746f817a65d2c4	Unassigned	0.5000292928241705
1fb499ad9983c374f8e313f6f5fcb948	d__Bacteria	0.7010521905137901
b55871e9650c18b1d82ecd8f397d381e	d__Bacteria;p__Proteobacteria;c__Alphaproteobacteria;o__Rickettsiales;f__Mitochondria;g__Mitochondria;s__	0.8588427457321518
7bf59ad25f60b158d929f850c5a6afa6	Unassigned	0.5282791084490015
1782ef7349600bcb13b5f02c80928b96	Unassigned	0.6059759112619587
09e5f250efd750b0ec1dc456a0fdafad	Unassigned	0.33618306234293305
d1d0cd2e15e33592b9f0113911632398	d__Bacteria;p__Proteobacteria;c__Alphaproteobacteria;o__Rickettsiales;f__Mitochondria;g__Mitochondria;s__	0.9123142280831439
fcb3c5ad2c409cf325867fb97602f368	Unassigned	0.3838073827894519
98ec9c3474c7cd849d6df4a78dca5cbd	d__Bacteria	0.8257988182340672
20a6ded1f91d7828f0ff15fde85978c2	Unassigned	0.4427118887385545
d105fdf21e54f93660431752f571813c	d__Bacteria	0.7423432053769986
3c0a4b64720bd7f3c2d488eb54bfeb6c	d__Bacteria;p__Proteobacteria;c__Alphaproteobacteria;o__Rhizobiales;f__Devosiaceae	0.9983985217577547
38aff46a5bffe984fad98a24e1fd79b5	d__Bacteria;p__Gemmatimonadota;c__Gemmatimonadetes;o__Gemmatimonadales;f__Gemmatimonadaceae;g__Gemmatimonas;s__	0.994483783444909
c7a9650265fb50b105fd8c2061d8c11a	d__Bacteria	0.747797036722284
83cc4fccf3658c5178e27b4394ce77f6	d__Bacteria;p__Proteobacteria;c__Alphaproteobacteria;o__Rickettsiales;f__Mitochondria;g__Mitochondria;s__	0.8041686937154863
df9caab749f9a93514fd8f7fdc06d1d5	Unassigned	0.7202157169262982
702eaf325ef433d8d778a4498bc0b880	d__Bacteria;p__Bacteroidota;c__Bacteroidia;o__Sphingobacteriales;f__Sphingobacteriaceae;g__Olivibacter;s__	0.9714825368770169
7913bae24bdb72b849ceb24ba8c90830	Unassigned	0.5601026439541493
c8dd0f9e18a2f3c821fd344abfa3006b	Unassigned	0.5219250918113264
399a34eba4c0258eead309dbda600041	d__Bacteria;p__Chloroflexi;c__Chloroflexia;o__Thermomicrobiales;f__JG30-KF-CM45;g__JG30-KF-CM45;s__	0.9997878520432043
d39bf406874012f97440408a3ed037d7	Unassigned	0.44393868264585834
b96eb35ba26d3d13eb48bf4bfcb850d9	Unassigned	0.5402299559048354
e452651a7d2f0995591e1e2bc08eb816	d__Bacteria	0.7724324777311476
d242dbadc26785acf7040e1d59a68907	d__Bacteria	0.7577728647669988
190c89ce94fd8185f136367a1bfe189f	Unassigned	0.6400988578942838
abc65e3b0bbb4354b947788de62c1fc3	d__Bacteria;p__Proteobacteria;c__Alphaproteobacteria;o__Rickettsiales;f__Mitochondria;g__Mitochondria;s__	0.8279673036510368
e4f98c2b38a2ecf411072b191c4aad62	d__Bacteria;p__Firmicutes;c__Clostridia;o__Clostridiales;f__Clostridiaceae;g__Clostridium_sensu_stricto_7;s__	0.9941509864970571
d174c4302bb43856916cc110a83100a8	Unassigned	0.3602554499117163
521c2b3baaa295206e557719dee70c55	d__Bacteria	0.753381636731812
98ab9823e6bcb4e27a7ecd94d3760254	d__Bacteria	0.7076428125024807
6ccccf1305d408ef800aa772b93e3fa9	Unassigned	0.371711973778882
d968338a4e3d2ab6986acdeb09196667	Unassigned	0.8020858883068178
ccd2694496077c7d117a71d239bc77d9	Unassigned	0.31148004305507027
3e95acebd771c175694269bc241021bb	Unassigned	0.5426338769164858
ad4ce7db389d784369f3438d5489faea	Unassigned	0.30931779683762806
c08b05b21ac1470369fe2b5394e696b6	d__Bacteria;p__Proteobacteria;c__Alphaproteobacteria;o__Rickettsiales;f__Mitochondria;g__Mitochondria;s__	0.7220958799909155
f771675076b4a095f3f1abcda6071967	d__Bacteria;p__Proteobacteria;c__Alphaproteobacteria;o__Rickettsiales;f__Mitochondria;g__Mitochondria;s__	0.8120891561888577
6b281e89ab06d5adb85b0350099cfa35	d__Bacteria	0.7260551539763607
22c99a53d849621a1355254236dcd740	d__Bacteria	0.702534489369644
07a2afa36bfae6211032a05560d557d4	Unassigned	0.4144829713969769
e14e42a840162b7300a0da2f82deea5d	Unassigned	0.5614400632839353
685cfa057480350c59e976f9f2d34ce5	Unassigned	0.44527485511190545
e2f3e149ed43977b94423bf2ad7e63e1	d__Bacteria;p__Proteobacteria;c__Alphaproteobacteria;o__Rickettsiales;f__Mitochondria;g__Mitochondria;s__	0.7935353765528639
24ce11f4a3a0845568543e907d5cc4c9	d__Bacteria;p__Chloroflexi;c__Chloroflexia;o__Chloroflexales;f__Herpetosiphonaceae;g__Herpetosiphon;s__	0.9689797746015637
510b89127863c3d49b03f938d21cc526	d__Bacteria;p__Acidobacteriota;c__Blastocatellia;o__Blastocatellales;f__Blastocatellaceae	0.9993881564614409
d74fe4382f42e50091f47d6e6e9a12eb	d__Bacteria	0.7375406888167578
db01a09ce5f1ff4f60dbaf227724c80c	d__Bacteria	0.702981191902333
350e46f2c0504ddc0837bce572551a6a	Unassigned	0.3841836587550176
a84856d82aa604060fe572ead3dbf20c	Unassigned	0.6031424847894695
0b03e438beabcd40cd921504375e4044	Unassigned	0.5001190398633231
8d223745c6f47956bc7312f3ed258b94	d__Archaea;p__Crenarchaeota;c__Nitrososphaeria;o__Nitrososphaerales;f__Nitrososphaeraceae;g__Nitrososphaeraceae;s__	0.999133175325929
e07803e9745e9d75b0e198ef93dbd661	d__Bacteria;p__Acidobacteriota;c__Blastocatellia;o__DS-100;f__DS-100;g__DS-100;s__	0.998807366428077
12bf9e649316313e0cfc42ee8cd0f912	d__Bacteria	0.8404143240281314
990a25abdee2ada6be725ef7fd92406f	Unassigned	0.5474372652642782
b2bdf60e17a53380db7327714de8f789	Unassigned	0.47971951808693614
ca84097820d6074489a2629801606c3d	d__Bacteria	0.8127609889719708
30feb87384f8fd91fc52488921b5b757	Unassigned	0.3152412831654736
1421b0c32a0c83cd50840dc8af678835	Unassigned	0.3459436448927652
e8c6af5bd8ecb4e38cba647bf836c5e8	Unassigned	0.6887242297084782
1bdc6bda3dfa021e25bff08ad41071e6	d__Bacteria;p__Verrucomicrobiota;c__Verrucomicrobiae;o__Opitutales;f__Opitutaceae;g__Lacunisphaera;s__	0.9994405476176509
a87bc4a6473a7d0145b22d5d3635f990	Unassigned	0.34178913963964475
92bb7d4c1d8c116d91b3bcbfe6e8da0e	Unassigned	0.5590317574839737
72ba2086faaa29d6c80cfd2645a0f2bb	d__Bacteria;p__Chloroflexi;c__OLB14;o__OLB14;f__OLB14;g__OLB14;s__	0.9995947228389371
671e2b0a8bbcd2b639a4a28606ca04e8	d__Bacteria;p__Verrucomicrobiota;c__Verrucomicrobiae;o__Pedosphaerales;f__Pedosphaeraceae	0.9999260244676851
09c5e7e77e42b95643bea9262be551e5	Unassigned	0.5101827724123119
8c37f2e25d524997f034eff22839b907	d__Bacteria	0.8041795934398361
c0551aec7c3ccca8b2692a2c7acaa2c9	d__Bacteria;p__Actinobacteriota;c__Actinobacteria;o__Propionibacteriales;f__Nocardioidaceae;g__Kribbella;s__	0.9999808781164348
6a8980980371fd011167f9ab9cdfe618	d__Bacteria;p__Verrucomicrobiota;c__Verrucomicrobiae;o__Verrucomicrobiales;f__Rubritaleaceae;g__Luteolibacter;s__	0.9993296777410074
b101e9c004d2286e05029b04d23ab71c	Unassigned	0.5402557219990439
ffe05a750964ae030220eb0a047f4254	Unassigned	0.5127847392423742
75712b814bd68bfb036b22d0d3b7858a	d__Bacteria	0.745629135929122
8c6d7f34deed11830f8564545d132267	d__Bacteria;p__Proteobacteria;c__Alphaproteobacteria;o__Rickettsiales;f__Mitochondria;g__Mitochondria;s__	0.8425136779755583
19dfb8f17b2fd137ff12cfa469a9cfe3	d__Bacteria;p__Proteobacteria;c__Alphaproteobacteria;o__Rickettsiales;f__Mitochondria;g__Mitochondria;s__	0.7944864178405443
d17a103503219a2d03d850e6213b5947	d__Bacteria;p__Firmicutes;c__Bacilli;o__Paenibacillales;f__Paenibacillaceae;g__Paenibacillus;s__	0.9599540689095936
0cf500145bf171e2bce5e350c37e115f	Unassigned	0.6205349652454325
5b2ce69cf4b06eb332df35130a596665	d__Bacteria	0.8007515258959483
50d1935a103e18762fc45fb17debaaa2	Unassigned	0.7752513635421185
7ad70ec95f20cfb5db338c840c36645b	d__Bacteria	0.7817490836689163
ea1555ead4a02a72ddb24ebc09a52d28	Unassigned	0.44036734226672747
10e9994145a95a09a0facc21cd311338	Unassigned	0.42572673017804585
ec133079c15f8d7043698e915df2d079	d__Bacteria;p__Actinobacteriota;c__Acidimicrobiia;o__Actinomarinales	0.9849322505908669
ab88fb7a62a01cacc65ba3db2d0b813a	d__Bacteria;p__Proteobacteria;c__Alphaproteobacteria;o__Rickettsiales;f__Mitochondria;g__Mitochondria;s__	0.8043965663760916
fa52bda0a69f1e30e179d24aecddc197	Unassigned	0.5191621350295799
6d3563d90dbd6f6c52d5625791966fc4	Unassigned	0.48530124057644364
537df5d0e8843979abc800758e83e90a	Unassigned	0.643370798461723
e9b74ff911dd9b9ac9abb98d8d946daa	Unassigned	0.3295044169567197
e65748adabc9aaca167b8891e3cca50b	Unassigned	0.4995582269133265
ac1efaffb509e003a08115b5afaf0155	d__Bacteria;p__Nitrospirota;c__Nitrospiria;o__Nitrospirales;f__Nitrospiraceae;g__Nitrospira;s__	0.9999622043683087
ffe774547ac7bd939a16f4c423c0de0d	d__Bacteria	0.73221248776829
872a93aadae444637fc8a59f9369e8d7	Unassigned	0.6445756727936582
b6902aa8bbe440262e5d50d3a854687d	d__Bacteria;p__Proteobacteria;c__Alphaproteobacteria;o__Rickettsiales;f__Mitochondria;g__Mitochondria;s__	0.8768658101537868
ed9aa5136807cad1c46f5d06287f4a08	d__Bacteria;p__Proteobacteria;c__Alphaproteobacteria;o__Rickettsiales;f__Mitochondria;g__Mitochondria;s__	0.9197189252840198
2a38171626561de8e4c9c107dbfb3e93	Unassigned	0.5162488811226046
6de460586db4fe22b7e3bab416dd821a	Unassigned	0.5324784246453349
c74da4bc2d7e8852bb42c497b634b858	Unassigned	0.72412576439318
91b99bd47a94a6e9bca791866e705911	d__Bacteria	0.754629094710325
caf9b912aa2302121dd5e00de08d6334	Unassigned	0.4272542810902139
20aeb2db020b0f69ab3749f431af89d7	d__Bacteria	0.7397856444536872
cc761a5ee77c8563ecb3bfd0afb85e63	Unassigned	0.47504261698432004
f7a16c9087ad5c7be200aebb744ce8ab	d__Bacteria;p__Verrucomicrobiota;c__Verrucomicrobiae;o__Pedosphaerales;f__Pedosphaeraceae	0.9999895411890063
61bf318a4b419d51e752c3532bf46c3c	Unassigned	0.4588628868715102
6b1998dae448f53f8d8592fa335c2cd5	d__Bacteria	0.7215190797883845
c8182343671044e3f2937ace3a30d04a	d__Bacteria;p__Chloroflexi;c__Chloroflexia;o__Chloroflexales;f__Roseiflexaceae;g__uncultured;s__	0.9996418149783655
c27947cc197282f4a6d08492718d83be	Unassigned	0.7408556660932459
6bf8f5242ed3ec9ae183dc250fe1e224	d__Bacteria	0.702834522234306
d08115f83d6ee6b79a0130915e58c10f	d__Bacteria;p__Proteobacteria;c__Alphaproteobacteria;o__Rickettsiales;f__Mitochondria;g__Mitochondria;s__	0.9369972901608029
e455276bec6f4f1f59032a2881a3a554	Unassigned	0.34956496745869325
324c36fd442c26ddf68a89775e9d3e58	Unassigned	0.47117745956420576
f64be2d6f00d86191e9097848d140c95	Unassigned	0.5114565006150229
6e2313d19c738f0cc41bc94389979153	Unassigned	0.394321438985599
53f3058a3b337e3812f6bd93a8cda468	d__Bacteria;p__Proteobacteria;c__Alphaproteobacteria;o__Rickettsiales;f__Mitochondria;g__Mitochondria;s__	0.9050120678906106
e23b0d4ccf3f741562c951b8d0a28a0e	Unassigned	0.31203551707024224
e37d4b41feab147137849cf25f8cfef0	d__Bacteria	0.717936828553253
da4026dbdcc16d16fa164e2d32315bb1	d__Bacteria	0.7073506637029155
c09b299ee114316e097dab818cfd15da	Unassigned	0.4209722919013267
a04b9c0e52aa05675cb6cca0102a73d3	d__Bacteria	0.8008384237273664
ecf6356c6d5ed8ebf7ccb6e5448f7ba6	d__Bacteria;p__Proteobacteria;c__Alphaproteobacteria;o__Rickettsiales;f__Mitochondria;g__Mitochondria;s__	0.8412860359379566
e6528d9e49b7aaaae920efc31dae6281	Unassigned	0.30077087190359875
ffed24fc84af8d5e14af5a9ca5c79585	Unassigned	0.808997161421376
8349e922bc0fe78274e95b00e50f8f73	Unassigned	0.5134963416276206
ab099d3d8e3b06f2393ef921063dd4e8	Unassigned	0.6162560201431097
e764308de30d1d713e3e5e277a60fd84	Unassigned	0.5584142809626981
5e7c2e3ca591a4e6c8bd53456d45dcc2	d__Bacteria;p__Proteobacteria;c__Alphaproteobacteria;o__Azospirillales;f__uncultured;g__uncultured;s__	0.9996652884433281
e4ba50dafebc55511698f5dff4458c6c	Unassigned	0.4836149622105105
976f2c8ca8b464a88f8bd2b29fe70f48	Unassigned	0.3823092251093785
63d121a047914aedf7016b7ddafd4907	Unassigned	0.7997194252126311
2ffca9dc315dbfa0f8de51fae9e04a8b	d__Bacteria	0.7095303766619602
1c558bd32a9d0b94e1a8ad20c0662691	d__Bacteria;p__Proteobacteria;c__Alphaproteobacteria;o__Rickettsiales;f__Mitochondria;g__Mitochondria;s__	0.7322751320602484
5d9e1ea6f56e2c30cd9d8a2c8a9bb535	d__Bacteria;p__Proteobacteria;c__Alphaproteobacteria;o__Rickettsiales;f__Mitochondria;g__Mitochondria;s__	0.8972250673665675
46290ba35663ba5c99b7f5aa24bd43c3	Unassigned	0.4224504346201614
440a6e384cc403036f5fe73ceef7b003	d__Bacteria	0.7409575593670833
db0e3c4ea786fcbf2f891568f0772f16	Unassigned	0.5668839786653365
04c02c236bc24f5184d0754996f45c00	Unassigned	0.45127464956748675
8ef7f3839849a28bcdd283c7bd538453	d__Bacteria;p__Chloroflexi;c__OLB14;o__OLB14;f__OLB14;g__OLB14;s__	0.9997971477083267
f800e7cb39fd9a9e5e96ab29cbd34739	d__Bacteria;p__Bacteroidota;c__Bacteroidia;o__Flavobacteriales;f__NS9_marine_group;g__NS9_marine_group;s__	0.779419359532406
5f2f83cf7991dfb0d6dfd3d559db88ec	d__Bacteria	0.817187423130625
601e040b76689a39a11edbddfb49c366	d__Bacteria	0.7215015683765749
bba7a3f474edcbaef5121a3769f1188c	Unassigned	0.4529654404393517
572755c8710adae29a611c0bdd170d22	Unassigned	0.5017300672754917
aacf3371a6d27b843dbb4269faee884c	Unassigned	0.46991316444961284
f643fde9dabcb205bb88eb4c1c6363dd	d__Bacteria;p__Proteobacteria;c__Alphaproteobacteria;o__Rickettsiales;f__Mitochondria;g__Mitochondria;s__	0.7394313141665055
513d7e6bd1e002b340b5c8446b8e7e4a	d__Bacteria;p__Proteobacteria;c__Alphaproteobacteria;o__Rickettsiales;f__Mitochondria;g__Mitochondria;s__	0.8468936840825296
53e959e4eea4374ff7aaa3f33e209f9a	d__Bacteria;p__Proteobacteria;c__Alphaproteobacteria;o__Rickettsiales;f__Mitochondria;g__Mitochondria;s__	0.7263701927388316
0b45fe074a56dd188daaaf7a6bc26bd2	d__Bacteria	0.8467637250894335
073dd4e097ffbf9653bca1a2da055a5f	d__Bacteria;p__Proteobacteria;c__Alphaproteobacteria;o__Rickettsiales;f__Mitochondria;g__Mitochondria;s__	0.7003811588015797
f5ac62dbf7cfa803fc5e9e7eda539cd4	Unassigned	0.4510735218844263
3ec721069409643a3bed2cc2706d19b9	Unassigned	0.8338837478207434
66c74019ba6902959e8e4be3bc239deb	d__Bacteria	0.83040855462437
40595bbceb25f6b146f4222e7c5265e5	d__Bacteria	0.8266703873720196
ad7cde89f7e28b23c6c24d2d069a1cae	Unassigned	0.7875725533948581
4cce2db479174deabc18da9bfa050710	Unassigned	0.5104357577561953
3d01bcba4121f9ac5525e142d2864460	Unassigned	0.40725761878140276
e469bbddaac128b9a54f6ccd2e5d5e97	d__Bacteria;p__Proteobacteria;c__Gammaproteobacteria;o__Steroidobacterales;f__Steroidobacteraceae;g__uncultured;s__	0.9956873223319623
de951d0034a29b8d13cdb9f753deb0dc	Unassigned	0.5106822903961975
0c91ee5b6e41f6a25eec2042e25fc711	Unassigned	0.8238450167498682
4be6ed15708c8140dbb34be9af821207	Unassigned	0.4270035655362725
96e969047510c03a3e960fae82b306d4	Unassigned	0.3379266034830627
f2a7e42820df1d6dd412b7f21dad5074	Unassigned	0.5946648490590565
abb96fab135a5535e45e93ae430cd636	Unassigned	0.3760950728813798
9dfa63df0e1db1982ce3acd644e4c1a5	Unassigned	0.6754615814507601
a0ca4557c862bc3ab83b7ed0f66cae98	d__Bacteria;p__Chloroflexi;c__Anaerolineae;o__SBR1031;f__A4b;g__OLB13;s__	0.9999834774850628
d56a9d8bd454281ccafd9a2829063927	Unassigned	0.5506674076207531
e9ae42ee0f281e39fa365efc9d54bed8	Unassigned	0.3327466035924891
b4d8d3841b0f2eded3a4d07f702b2f5d	Unassigned	0.4967581956664817
4d13acfb76aa3ab4940d23a0c7d85cf2	d__Bacteria;p__Proteobacteria;c__Alphaproteobacteria;o__Rickettsiales;f__Mitochondria;g__Mitochondria;s__	0.9476635665219217
766d2c1d5ce3b788135c4500cb27c1b8	Unassigned	0.6618448798248879
ead613d9a74ebe9846f340d47fd52ea2	d__Bacteria	0.7641694770460109
82093d61ea1c2eb3874fd95a8019eb7d	Unassigned	0.3820560515124921
0d37dea9eb018c34fc6ca08db5be39f0	d__Bacteria;p__Proteobacteria;c__Alphaproteobacteria;o__Rickettsiales;f__Mitochondria;g__Mitochondria;s__	0.8345341138469249
38bc5ff8a45bd7ea38ff60e3d47e8f80	d__Bacteria	0.7574036924519462
94124c9147508dd9054d2edd8a78f2e4	d__Bacteria	0.7837655495486316
d4a4b5bb9d23f09388bd8b84eea72d18	Unassigned	0.4705101668795638
1580d4bdffe7af44009885390b6d9e3f	Unassigned	0.41626836580822124
95fe8b8ea0f86bcf39e4fa5f0fc1581b	Unassigned	0.4753341701811141
342b81d4e19bcf8f9b18db10577d64d0	Unassigned	0.5299467327566002
e42da27cdfddbd270c4f63795acf34da	Unassigned	0.8078115145439275
7024c8264e1c9c6acca3bb9af7e9ee5a	Unassigned	0.3491157534998044
26bbdf7545868903fd788772e8a510ec	d__Bacteria	0.810658815043174
e38a9dd288f84f5ada942a76048c86e0	Unassigned	0.5295522323095981
2e62ce8dc7ef49c31235d96ea4a8b5d1	d__Bacteria;p__Chloroflexi;c__Anaerolineae;o__SBR1031;f__A4b;g__A4b;s__	0.8970760936344462
3bf53c5ab837f34af9880611c784833d	d__Bacteria	0.747421989302251
dd834bc98bb0140aaac62bf18d777fec	d__Bacteria;p__Chloroflexi;c__Chloroflexia;o__Thermomicrobiales;f__JG30-KF-CM45;g__JG30-KF-CM45;s__	0.9965955596261427
c349cdefca9a1f7c783a40ec452d352f	Unassigned	0.3362220222854192
26cc65b2f9a07471fd0c1adcd6bc009b	d__Bacteria;p__Proteobacteria;c__Alphaproteobacteria;o__Rickettsiales;f__Mitochondria;g__Mitochondria;s__	0.7804878477352934
317ad1b6f03fabaa196fab5bb2106583	Unassigned	0.42676558221174266
eb0b2c6cdb9efa56825b0264d2e07475	Unassigned	0.5136350822241229
fe321852281d28dc0480eabb133d9f7d	d__Bacteria;p__Planctomycetota;c__Planctomycetes;o__Pirellulales;f__Pirellulaceae;g__uncultured;s__	0.9760829133418665
a961528e0819b8b9209d48e4713c31e2	d__Bacteria;p__Proteobacteria;c__Alphaproteobacteria;o__Rickettsiales;f__Mitochondria;g__Mitochondria;s__	0.7210929888002002
0581dcb5488fa48928414c38d7b22cdf	Unassigned	0.5299649240582093
25f89bdba1deb50bfeeb38717783eb5f	Unassigned	0.3747733272326066
fb365b09e3b2bab8438b6edefe282a52	Unassigned	0.4034017068408646
bdac199c73ee85b26b4e44f041890692	Unassigned	0.31826135329489325
02488ba8cb5ded530ccb4ddf84c16fd1	Unassigned	0.5993762235131161
706f8d0b9216e71ac60e0c5cc41afbcc	d__Bacteria;p__Proteobacteria;c__Alphaproteobacteria;o__Rickettsiales;f__Mitochondria;g__Mitochondria;s__	0.8612695562784446
57a5b4ef7c5f6116fcac8cfed6484640	Unassigned	0.6618076941219978
f7db45353ff61fc225f4549ef6bdac63	d__Bacteria	0.8087590137107555
949d80f748a1424de096c7a93e955ee5	d__Bacteria;p__Proteobacteria;c__Alphaproteobacteria;o__Rickettsiales;f__Mitochondria;g__Mitochondria;s__	0.9030901178096945
f96440dbf20aa5e6926dcfd362363771	Unassigned	0.5405462243051057
14ffc5e297f6e4b276855f70640fc841	d__Bacteria;p__Methylomirabilota;c__Methylomirabilia;o__Rokubacteriales;f__WX65;g__WX65;s__	0.9999092139926608
2dfcda8990e0e0e0e92b0d97a7bced0d	Unassigned	0.5119257055591544
de5429acf8ac073563828054b8889462	d__Bacteria;p__Proteobacteria;c__Alphaproteobacteria;o__Rickettsiales;f__Mitochondria;g__Mitochondria;s__	0.7200177732798776
3d0b1712927cd98da3856226390c662a	d__Bacteria;p__Proteobacteria;c__Alphaproteobacteria;o__Rickettsiales;f__Mitochondria;g__Mitochondria;s__	0.7391238756868671
33fefd27e3b4d09ea40b938a0775e6d9	Unassigned	0.5410153918822129
d5a69b070f63010ba37c56ee791c5eb0	Unassigned	0.4354278075100835
485fc00605453050f3fd6c69b9a90ba2	d__Bacteria;p__Proteobacteria;c__Alphaproteobacteria;o__Rickettsiales;f__Mitochondria;g__Mitochondria;s__	0.7214799819513251
cb53768e714a66695efb3f3d6f306c4e	Unassigned	0.5159962437413292
50479b15b1dc7cdebd7af87a3b8e6b00	Unassigned	0.31570815784585493
d642e0be2898b5f7e1feafd0947b16f7	Unassigned	0.4833986922707407
010177d743ff44b4cd878965cf8ce5db	d__Bacteria;p__Proteobacteria;c__Alphaproteobacteria;o__Rickettsiales;f__Mitochondria;g__Mitochondria;s__	0.7494946071894822
5d1b4542d4d2e00ded6c0c8907fef9c6	Unassigned	0.4802474190755436
0d948f012fb4d65df218c918620a531f	d__Bacteria	0.81565275014819
f89eb59f255bb0436fe622d790f8ae5e	Unassigned	0.4974676070466131
4fc460e3146eea8b1757a6653abfaa1c	d__Bacteria;p__Proteobacteria;c__Alphaproteobacteria;o__Azospirillales;f__Azospirillaceae;g__Skermanella;s__	0.9991161382822646
5bbabf09c4cea430c3e9c1763792e9aa	d__Bacteria	0.7904656487603489
aec5b6727621cf64beb515df04018c51	d__Bacteria;p__Nitrospirota;c__Nitrospiria;o__Nitrospirales;f__Nitrospiraceae;g__Nitrospira;s__	0.9999337393750916
3efb15cfab8182a0b60da49b690c0f22	d__Bacteria;p__Desulfobacterota;c__uncultured;o__uncultured;f__uncultured;g__uncultured;s__	0.7849795654747467
8930bd3a82c45c433d88a918e662d22c	Unassigned	0.5354962466427733
647aaa53ecd1a2433187bacc5bbda50a	d__Bacteria;p__Bacteroidota;c__Bacteroidia	0.9995088158312344
6fba6278226cedb18253af997353def4	Unassigned	0.32926906307667925
315bc7cb71794d5ea944f970940022c6	Unassigned	0.44916586430905237
48d6b31809b1dbb5d7755d9a77529750	d__Bacteria	0.773616045159901
0223678b9856d78283c48921b9523b73	Unassigned	0.3913993087065446
3105a55255d2de5a4456483121f1b9bd	Unassigned	0.4552495712629375
1edd7d7d549fe5ffffbd5807e87a545f	d__Bacteria;p__Proteobacteria;c__Alphaproteobacteria;o__Rickettsiales;f__Mitochondria;g__Mitochondria;s__	0.7132416351648838
83661ae9bb660230aaedd5bda02edb97	d__Bacteria	0.9980596788703128
605bd1767d2811387ea8793d08d44607	Unassigned	0.4781740432618323
2f69a4488140b615ca3f88cdad3e6d2f	Unassigned	0.4997154801808116
4dda2bfe03e0bf0eb53f4b0289efcd01	Unassigned	0.35738973078999936
2ee89315ef5f80c7cc7d6de459925350	Unassigned	0.3769728053287923
3ea4e52eb51f7f2040e646715631f142	d__Bacteria;p__Proteobacteria;c__Alphaproteobacteria;o__Rickettsiales;f__Mitochondria;g__Mitochondria;s__	0.9431492849975447
b17194d6f6c35c2e33f4262908aabbda	Unassigned	0.3469651467671774
d9bfcbd91562b72f3ce3b411544544eb	d__Bacteria;p__Proteobacteria;c__Alphaproteobacteria;o__Caulobacterales;f__Hyphomonadaceae;g__SWB02;s__	0.9999253962913012
39f50bb009fc301e4f8fd2e0cd79aca2	Unassigned	0.400613414307175
0421c43eb0beb62246a23b9a102ff487	Unassigned	0.5977399252753872
b597f4a6ed4730c56506ecfcde979251	d__Bacteria;p__Chloroflexi;c__Anaerolineae;o__SBR1031;f__A4b;g__A4b;s__	0.9734788493812778
6dbd07bbe4e1d1bddb6a85560fc53aee	Unassigned	0.45877724374941486
26d412420cb6336e55e519f05e700ed5	Unassigned	0.650164500773534
0af6e04f331668fccd476069da2723e7	d__Bacteria;p__Myxococcota;c__Myxococcia;o__Myxococcales;f__Myxococcaceae;g__P3OB-42;s__	0.7697968855052864
3a81168e864613343bf22c3979018906	Unassigned	0.3839348873052567
eba614068816e64a4c0348886b2a9dd8	d__Bacteria	0.7315967396664605
65b22e52824d97f635fc61775f1addf3	Unassigned	0.3334941952330822
20409b7d02c9cb8e230c01b88df62173	d__Bacteria	0.8663024534945344
3a7d80a84372525932de349b4efd2ae3	Unassigned	0.3998809563165254
0169e6f2356e09fbae717ed1602e6437	Unassigned	0.34037045694322554
19550fe2a6db39e9f5562453555f4a5b	d__Eukaryota	0.7235999785636792
d4698f3c75660f8320ac34c0b94d0af0	d__Bacteria;p__Proteobacteria;c__Alphaproteobacteria;o__Rickettsiales;f__Mitochondria;g__Mitochondria;s__	0.8735297737225959
b70d361ceba89acd7c69c4985415a0ba	d__Bacteria;p__Planctomycetota;c__Planctomycetes;o__Pirellulales;f__Pirellulaceae;g__uncultured;s__	0.9339389084407794
e7b9bce6191576e83749a3f34d873c11	d__Bacteria;p__Proteobacteria;c__Alphaproteobacteria;o__Rickettsiales;f__Mitochondria;g__Mitochondria;s__	0.7715961833804694
063d95358fec568c53879b922693d8f6	Unassigned	0.37795346163146726
05092ca7bb926aefcf2f59a3de73a328	Unassigned	0.33999037115551534
74771c533d9fc44b44088b07f0705e6c	Unassigned	0.4088563197846322
3068dffefe9030409a3d5bc8db563a1a	d__Bacteria;p__Proteobacteria;c__Alphaproteobacteria;o__Rickettsiales;f__Mitochondria;g__Mitochondria;s__	0.7003034192736403
beedc52748092006245c75e62af94dbb	d__Bacteria;p__Bdellovibrionota;c__Bdellovibrionia;o__Bdellovibrionales;f__Bdellovibrionaceae;g__Bdellovibrio;s__	0.9995545907427198
2aa580ca0c2dfd76b1771bef8583fa32	Unassigned	0.32565684424118224
312499e0b495b9b4916abf55f5e6bccc	Unassigned	0.542904067680767
9dadb5c7fd55e8fe241b5ae9794716d5	d__Bacteria;p__Planctomycetota;c__OM190;o__OM190;f__OM190;g__OM190;s__	0.9641032661999367
6645eb343a991a9ce434e9dc63c5fe3e	d__Bacteria;p__Armatimonadota;c__uncultured;o__uncultured;f__uncultured;g__uncultured;s__	0.9496571468167071
16e74887dc6248c99ae83184c8b57fac	d__Bacteria;p__Proteobacteria;c__Alphaproteobacteria;o__Rickettsiales;f__Mitochondria;g__Mitochondria;s__	0.7076712825425221
9d7f019750a147736dacd6c59c8763f9	d__Bacteria;p__Bdellovibrionota;c__Bdellovibrionia;o__Bdellovibrionales;f__Bdellovibrionaceae;g__OM27_clade;s__	0.9742125457251122
9e60f3f2c3ef833f17fe34077a29151d	d__Bacteria	0.8642642037944079
d1a0b1f2a4a29776ab5fdd6ba06e8ddf	d__Bacteria;p__Planctomycetota;c__Planctomycetes;o__Pirellulales;f__Pirellulaceae;g__uncultured;s__	0.8990732428142627
5bf6087ea4d485c98667b8625f553652	Unassigned	0.3691843620059797
4fad99e2405372c751383fbf64ef0034	d__Bacteria	0.7012191488792333
53eac2c5342821a0b047038b557c8d15	d__Bacteria	0.9999769142674106
2fe55e89e5cef7b887664cb1263be0c0	d__Bacteria;p__Planctomycetota;c__Planctomycetes;o__Gemmatales;f__Gemmataceae;g__Gemmata;s__	0.919948259212064
b806c917f70c7974d5d7f389aeba2140	d__Bacteria;p__Proteobacteria;c__Alphaproteobacteria;o__Rickettsiales;f__Mitochondria;g__Mitochondria;s__	0.8985250875228864
a2bfbafc5199bbed0783ea4065409c32	Unassigned	0.5669634819624914
f2ee4145669796026f3957fe299ed3e5	Unassigned	0.5751871641393358
10086fe1bd76627b5cffc3d1a4ddaf9d	Unassigned	0.42636943159789753
fda1b949b9bdb5f999636fdfdfeb5f5f	Unassigned	0.5744558410042909
cf00068315ece0c6a8e1b0d25ed20d3f	Unassigned	0.38256733401008136
25ab2562fc5865b0301bee78b72ab306	d__Bacteria;p__Verrucomicrobiota;c__Verrucomicrobiae;o__Chthoniobacterales;f__Chthoniobacteraceae;g__Chthoniobacter;s__	0.9552062388124452
1901a1d09de135eb5167edb2a6dfdada	d__Bacteria;p__Proteobacteria;c__Alphaproteobacteria;o__Rickettsiales;f__Mitochondria;g__Mitochondria;s__	0.8441081225944507
c0b2f81af898e420da969396ef0cc2f4	d__Bacteria;p__Armatimonadota;c__Fimbriimonadia;o__Fimbriimonadales;f__Fimbriimonadaceae;g__Fimbriimonadaceae;s__	0.9659611738511885
f8c3ed2e186ba454b617d108281f7d07	d__Bacteria;p__Planctomycetota;c__Planctomycetes;o__Pirellulales;f__Pirellulaceae	0.8666957839199879
