Feature ID	Taxon	Confidence
d3feffb49f0f9647bfb1b83b475ca08d	Unassigned	0.47464041511277577
f1638e4770da3ecb05047c9f3c620d39	d__Bacteria	0.8688084241382722
e9985ea693377aaba1150bf285f9ce7e	d__Bacteria	0.8068214293861918
a088f6479ca6ae8a3d1ac4f9bec9f1c8	d__Bacteria	0.7240273843962173
0a3f681e42906a4d3a234433fa2643fa	d__Bacteria;p__Proteobacteria;c__Alphaproteobacteria;o__Rickettsiales;f__Mitochondria;g__Mitochondria;s__	0.7510984483510672
ff60cc50d4c3f7b707d6f8570dc4cf3a	Unassigned	0.5789902447210666
86b7d2bf7a8c4e2180a3beea328908a0	d__Bacteria;p__Proteobacteria;c__Alphaproteobacteria;o__Rickettsiales;f__Mitochondria;g__Mitochondria;s__	0.7340574531697045
24750e9c2e6d605f9a13e4aca80be3cc	Unassigned	0.42026866473661384
7a42e05c3f4d8444f77bb9cf8b802c4e	d__Bacteria	0.826824482050661
7a870559018846dc8520f06496fd6517	Unassigned	0.34763541266744546
53f9eedfd47507c8cbe1656d94f90f0b	Unassigned	0.5058944561274887
9488a1d8c2d5887033e5f0f5580305d3	Unassigned	0.39098926179459326
b291fdcfed5a39bfa61b6b192141ee55	d__Bacteria;p__Proteobacteria;c__Alphaproteobacteria;o__Rickettsiales;f__Mitochondria;g__Mitochondria;s__	0.7990910921633383
83c121aaa51fec23c0998f3f7c4e8038	Unassigned	0.4163586588863947
d3abcb11b781d66c369cd7d6c155831c	d__Bacteria	0.7003126291219062
6dd9260f76ccd90406e5de54341edbcb	d__Bacteria	0.7059724920295403
335eda863bc025cb136bdc57553c76a9	d__Bacteria	0.8044540371184659
f68c287dcfc9c64dfd6e5a0e78bf8224	d__Bacteria;p__Proteobacteria;c__Alphaproteobacteria;o__Rickettsiales;f__Mitochondria;g__Mitochondria;s__	0.8229536891592697
8025bfbcf9ee33e770db443aaaac3868	Unassigned	0.33486210355764723
5cf157e6528cd0fc7b745c0e7d5b2451	Unassigned	0.5204809485046941
083b6a59ad3b8003e05427a66de087d0	d__Bacteria;p__Proteobacteria;c__Alphaproteobacteria;o__Rickettsiales;f__Mitochondria;g__Mitochondria;s__	0.7335763323317216
f3e4fce7e3b075a93cd31e443e5f3c8d	d__Bacteria;p__Proteobacteria;c__Alphaproteobacteria;o__Rickettsiales;f__Mitochondria;g__Mitochondria;s__	0.7285727621041398
de2e1e6cd10d6ab2efc0e2db4f550567	Unassigned	0.5260111745491243
78d8404f12109192ff22f08ccf482d03	d__Bacteria	0.7136622871249647
2b6ed6e0512a12998908e3c31fe31ef1	d__Bacteria	0.7640897137683291
2f1a3a87935afba49d07d0bea2730868	d__Bacteria;p__Proteobacteria;c__Alphaproteobacteria;o__Rickettsiales;f__Mitochondria;g__Mitochondria;s__	0.9498636567002449
94c0bf5445c3fbc9d30bd0152c02df9e	Unassigned	0.3744404606925251
2fcabba9d1c8bc919e5a70f55c4a7fb5	d__Bacteria;p__Proteobacteria;c__Alphaproteobacteria;o__Rickettsiales;f__Mitochondria;g__Mitochondria;s__	0.8675231701483664
ba5284a33ebe163f0b0a1e7dc6509a09	d__Bacteria	0.8421060017049603
d08503f46aa3c422313e2f2195c1a3cb	d__Bacteria	0.8301485398203835
6eb88fd0681758a9fe7f6c09ffd24a96	Unassigned	0.5006889527808078
f1e3fec75e87b53bc6785e1ee5b704fb	d__Bacteria	0.8378487250086201
3e47b9d1b9dd3e2248ef67db9dea3bc2	Unassigned	0.350005837966607
c5366490e5e63b943cbb7faaf0d6f229	d__Bacteria	0.7894805790994123
2133c6878b8893a5af3f20e8257fad01	d__Bacteria;p__Proteobacteria;c__Alphaproteobacteria;o__Rickettsiales;f__Mitochondria;g__Mitochondria;s__	0.7616408363440972
6bc12319654821acfb9df4ffd859367c	d__Bacteria	0.8144108060749791
ad4cca10d889181e3fa5d07a7b2d0aaa	d__Bacteria	0.7843966680245054
bcf9d593c0cd3b27704e883db634c66f	d__Bacteria	0.7831091437439516
39cdaf65bf42f52145561297c4f32731	d__Bacteria	0.7425893058661757
9818bf66ca7c7fdf8a6ac9125c3a52c9	d__Bacteria	0.7423797413633947
dd241ab16d09a35a0a45416b5312648c	d__Bacteria	0.7506841691960819
a66cc67208869e5a841e5d2443e3e1a8	Unassigned	0.3129329781450114
01f75a71d212621605cac65f0170484a	d__Bacteria;p__Proteobacteria;c__Alphaproteobacteria;o__Rickettsiales;f__Mitochondria;g__Mitochondria;s__	0.7613806077939392
cf85c39ffe013c34f4237accbc7f7fd7	Unassigned	0.33994041011116227
9dbbd5ff292797592de0115c833827d7	d__Bacteria;p__Proteobacteria;c__Alphaproteobacteria;o__Rickettsiales;f__Mitochondria;g__Mitochondria;s__	0.9254666598459304
fb7c0a35d1cb8c6ba00bf29340087d14	Unassigned	0.30876351315066874
58be7399f792561883ed2d72186fff9c	Unassigned	0.35959374538377487
ec7e128594e0d7663849f95a5b858fd9	Unassigned	0.4567944155185145
1e5564f00f40cf7647ab73a5d357af10	Unassigned	0.4726126927061842
d466d76ac17db395d819893c92a161c3	d__Bacteria	0.8971306815620157
1b0dc02653dc98ca3b123d50efc67569	Unassigned	0.42925209461241065
e397c77dcbaf9ed7e848975889e6bd38	Unassigned	0.46119063172123553
704e8ae0e4a316ccbe3fe87d72d8d3aa	d__Bacteria	0.7710180403670885
b3083dc1284fe409f8e32ee5c30fba21	d__Bacteria	0.7108975354981528
f9b431a4af6f4fa3fb9b79c0ee80f6c6	d__Bacteria;p__Proteobacteria;c__Alphaproteobacteria;o__Rickettsiales;f__Mitochondria;g__Mitochondria;s__	0.7475547044501666
3019a16dd6285912740024fec657ce4b	d__Bacteria;p__Proteobacteria;c__Alphaproteobacteria;o__Rickettsiales;f__Mitochondria;g__Mitochondria;s__	0.8414157853344719
a8b0efaf8c31870e5fd3b5cdf54fa762	Unassigned	0.37590271490362537
644a28324e005870a37e41f8b5ea790f	d__Bacteria	0.7129343125926408
cdbc771d6d5b6f99c3a2aa03f3fb8c76	Unassigned	0.408914223285051
434c0728668b62bd0834015fc6321062	d__Bacteria;p__Proteobacteria;c__Alphaproteobacteria;o__Rickettsiales;f__Mitochondria;g__Mitochondria;s__	0.7979765825931343
7c7adb66263ac38c1af91d4930ee70e1	d__Bacteria	0.7442198775338988
5fac7a14b1d273ab92c04bd838961ddf	d__Bacteria;p__Proteobacteria;c__Alphaproteobacteria;o__Rickettsiales;f__Mitochondria;g__Mitochondria;s__	0.7870660714184946
ff8df3db4906f4750e140d040684fdd7	d__Bacteria;p__Proteobacteria;c__Alphaproteobacteria;o__Rickettsiales;f__Mitochondria;g__Mitochondria;s__	0.7380356563595188
8ed4df820fb2651f08179d09601a0c21	d__Bacteria;p__Proteobacteria;c__Alphaproteobacteria;o__Rickettsiales;f__Mitochondria;g__Mitochondria;s__	0.8562272761330486
039162b3a7d83e0fb3a8bd97f00d7e89	d__Bacteria;p__Proteobacteria;c__Alphaproteobacteria;o__Rickettsiales;f__Mitochondria;g__Mitochondria;s__	0.7353131917606635
07bf5dba69ab87fdb4d5832ba5624846	d__Bacteria	0.8359747608069177
db795a3c807f95dd9a69c044dbdd41d2	d__Bacteria;p__Proteobacteria;c__Alphaproteobacteria;o__Rickettsiales;f__Mitochondria;g__Mitochondria;s__	0.7494576381559047
0151bb6d2e76dd3546c0a58bcd5fb61e	d__Bacteria	0.820990710917576
e43d95705864b56cc91bb81e653a6d73	Unassigned	0.3941367097603927
54a5144229eaf0969d42e08b3c963043	d__Bacteria	0.7992444520292499
312d240b65625344177719112319e6e7	d__Bacteria;p__Proteobacteria;c__Alphaproteobacteria;o__Rickettsiales;f__Mitochondria;g__Mitochondria;s__	0.900472798237574
3ecbf977a3faf9d360d948271fa1397d	Unassigned	0.4843039679185519
6d67ea816c06285da3168fc0bbd4a177	Unassigned	0.30394852388498517
607e6232b1d774e0370644b7a71abe09	d__Bacteria	0.8523007364458477
279b67cd394fb44f47e28c090846f948	d__Bacteria;p__Proteobacteria;c__Alphaproteobacteria;o__Rickettsiales;f__Mitochondria;g__Mitochondria;s__	0.7266288300246002
f64f40913dd072168e6cde13c7d90fed	d__Bacteria	0.8173863974995177
68a06c1c4b1e2b99e459bd2f893a0c18	d__Bacteria	0.8426159423247724
586d7b2de2eb5ef2a79030c1e6b87a1c	d__Bacteria;p__Proteobacteria;c__Alphaproteobacteria;o__Rickettsiales;f__Mitochondria;g__Mitochondria;s__	0.746696760503551
25399946a0328fb0678dfd72062ce1dd	d__Bacteria	0.7782494316557388
627620e86446994da140a4bb4eb04b02	d__Bacteria	0.782432164990715
6fe745362ad8c800995834b11effb1d0	d__Bacteria	0.710337845575968
95154763f9be5494982c4b930709684b	d__Bacteria	0.7824951271957945
06b2e670b315593e45704dbf153ae848	d__Bacteria;p__Proteobacteria;c__Alphaproteobacteria;o__Rickettsiales;f__Mitochondria;g__Mitochondria;s__	0.80902581656359
22787fa690db84cecda2762439f55ecc	d__Bacteria	0.8490287077269696
083d4a20d86b4eaf49760cbfa6c9ab0d	d__Bacteria	0.7829571339186494
9fb808b05459d303509b0d5e04a6ffbc	Unassigned	0.40099415439888175
5c7a197c2ce19d897497087bd90e773f	d__Bacteria	0.8025760380294954
a4f32ee4149de21dfe2ebdd876fb72f9	d__Bacteria	0.9227065494875971
31609cff6a815c0db34da8eb3fbf2fef	d__Bacteria	0.7508440302211914
68106612f89488ac80ca55bfb77b4b7c	d__Bacteria;p__Proteobacteria;c__Alphaproteobacteria;o__Rickettsiales;f__Mitochondria;g__Mitochondria;s__	0.7975925646619115
5a35b4dd89ab9c57e4e0aa38470411cc	d__Bacteria	0.7522977780685784
5f48ec5dea98402282e19d8d4f75c911	Unassigned	0.350049069984655
cd7e4b698b45a19554fe0c80f680518f	d__Bacteria	0.7671802915526048
118cf501782fd2be5966e65b8756b924	d__Bacteria	0.8170504500161332
9307f00a0134f4da8c9cdcd94d75ebcb	d__Bacteria	0.9012145413739963
3c35e00dadc373578aa321029bb96fe7	d__Bacteria	0.7713510988267834
7f14970e841d7593726e21a6601f9ea8	d__Bacteria	0.8028724847478569
6fd24096e202c53033f55f8bb078f8c7	d__Bacteria	0.7323253587470787
ec7e414227641ba65873425517707185	Unassigned	0.35451895591123594
4b68576427aef18484f848e6212fbaf4	d__Bacteria	0.734627741710077
3a17bd58bcecf9266405404797c8c4ce	Unassigned	0.3255674519213517
3d99e93aa8a4b3cb96ffc77bdf233839	d__Bacteria	0.8453719734093467
a577c02792f141e0f8d784f4f2a0b55b	d__Bacteria	0.7689816064536599
6ee590a7f64bbf20d5d7ea3ad0d57f54	d__Bacteria	0.7395957502104306
d13452e3a075e0954d6f79d9a6fcf699	d__Bacteria	0.8314696508595585
12d5876edba79bfb4dc33badaf8cf3ca	d__Bacteria	0.7803817969959067
a21f7e4f824ab690d68e969adddb094c	d__Bacteria;p__Proteobacteria;c__Alphaproteobacteria;o__Rickettsiales;f__Mitochondria;g__Mitochondria;s__	0.8824069593472147
2eb3cb3bb36802c0db787f2f7c7cf62f	d__Bacteria	0.8321747995833806
5d95a954a71b86824ae0905fda6ef073	d__Bacteria	0.840299585679092
56d2a23558bd6f5a6efe1655c232463a	d__Bacteria	0.7409174984909819
0cbe314933d096fe93c600dfd9c978cb	d__Bacteria	0.7987919732998547
4877f8a5d95edc69426eb02776ad7c98	Unassigned	0.30054953786360417
161d14aa9047e5004029c8e9004004b1	Unassigned	0.35093655040289007
412e266ad34ca36b60822d9b741766b9	Unassigned	0.4028649094708737
d9560bd88c31ca5f8cf1a2f896be03dc	d__Bacteria	0.7109413257389156
066ae62c7f10371fea5d5b3dbf8950af	d__Bacteria;p__Proteobacteria;c__Alphaproteobacteria;o__Rickettsiales;f__Mitochondria;g__Mitochondria;s__	0.7210216166041472
b23d1350eaa0d2c27fe07c530d2e5623	d__Bacteria	0.7149605168897103
ebf4fd38f6adc3c78e57e5dd232d5b85	Unassigned	0.35833725699626817
b8aafc6304c6b4649e93e45195ce5424	d__Bacteria	0.7431588268849237
a1069923adf5858eecebd2b6ed450e4f	d__Bacteria	0.7621533811141656
2a2277f1108b0a6d29f95ff61de78487	d__Bacteria	0.7570039929199535
2b238daf99295cc4cb6e5f8a37beaaec	Unassigned	0.3250209565527342
4e16793f4ff6f2559eece72e13187e84	Unassigned	0.3809108946943405
23d84597beec56ef32db2f3624e7344f	Unassigned	0.548821981983127
49e3e4551c3c9e5ebf933574d1e82c23	d__Bacteria	0.8098539462046305
a1a69797ba4d55d52c44399b8055838a	d__Bacteria;p__Proteobacteria;c__Alphaproteobacteria;o__Rickettsiales;f__Mitochondria;g__Mitochondria;s__	0.7435563903198796
4fde40952a715562906679ebef6ecaca	d__Bacteria	0.7572677446736448
279358e7e1fb018057f21b714ed1d257	d__Bacteria	0.7312306386898556
949453862c8f4496e9712cc6cb69758e	d__Bacteria	0.7608362400257609
4af4262d843e5e0fde5e4e559e249c70	d__Bacteria;p__Proteobacteria;c__Alphaproteobacteria;o__Rickettsiales;f__Mitochondria;g__Mitochondria;s__	0.7094439972392037
4c934e36aa046f1e73481e24ae5f80c2	d__Bacteria	0.8539342668839746
3fd08709cd26ca5119755e6712a47c95	d__Bacteria;p__Proteobacteria;c__Alphaproteobacteria;o__Rickettsiales;f__Mitochondria;g__Mitochondria;s__	0.779417399988591
63cfd5e6e420ca5cd9c8950b272e3b86	d__Bacteria	0.7709517121442344
ae42ab095c15be72f4be1e3a01390b80	d__Bacteria	0.7114598653319426
c33a4b8f0ff7c013bfb8557bfb0f9726	d__Bacteria;p__Proteobacteria;c__Alphaproteobacteria;o__Rickettsiales;f__Mitochondria;g__Mitochondria;s__	0.7201763569730576
f38f903d40ab23d68fb383bf2ce6eb78	Unassigned	0.5145027537017985
ebd552fa1386a65cc3eaff4c20e7b72f	Unassigned	0.4686968067659901
924cc02d03f6945881b33293f15e630a	d__Bacteria;p__Proteobacteria;c__Alphaproteobacteria;o__Rickettsiales;f__Mitochondria;g__Mitochondria;s__	0.7669838467618971
9d508c03c5e314b1c9648916750e4101	d__Bacteria	0.81660375151673
1f3c49558e149299fe9b6f7aad2ceb55	d__Bacteria	0.8157959544388639
5b1326d623109afd08c3ee2f0682d19c	d__Bacteria	0.7990901966340307
6f075cbc4d0afcb97b09734126b07ea3	d__Bacteria	0.7475080877144795
4219242799bff17d390ba35b743d6c41	d__Bacteria	0.7722107152484416
64ba89a5f1147963fec1624c59af2694	d__Bacteria	0.7995686329456491
4f93fc5c7c1544293413f29014e096c2	Unassigned	0.4648251120424757
4de3c3e1732313acc1612bd5b7e6df9f	d__Bacteria	0.7397292033802095
4b3516f17f9cbcbf2f1c239a5b1b4c5e	d__Bacteria;p__Proteobacteria;c__Alphaproteobacteria;o__Rickettsiales;f__Mitochondria;g__Mitochondria;s__	0.8594189749833742
bc5b59fe721b59c60a6f1c77ba83acff	Unassigned	0.3500707364050264
f82b565cd8625c6109d8f2e0a51b7009	d__Bacteria	0.8206007294420421
43cbf4f2ea3f475959511bcfe8085c31	Unassigned	0.31092297075793185
0357b3b5c9b8b9a7f5726e3ea0969fa0	d__Bacteria	0.8690300388189164
1b3acf742b8a20b9cf0704b3e588c235	Unassigned	0.327796037854723
f407e06b55cb0c383ab443f7216fc81f	d__Bacteria	0.8121622364505557
8a59aa863db2cbb6bf3d2bfac8126018	d__Bacteria	0.7915523264395367
dd7355042e9ed029312b1fdf5d3919fd	d__Bacteria;p__Proteobacteria;c__Alphaproteobacteria;o__Rickettsiales;f__Mitochondria;g__Mitochondria;s__	0.7485580845285165
911d5c98349bb3b2dc65086f72e474f8	Unassigned	0.5144599117754916
f18c9e9cc9119554d50e7869864c5c81	d__Bacteria	0.7163016610408071
322e7507cbd4f3bcdf1728421766b490	Unassigned	0.31456655402704203
da4a035b2728c181d610f586e6f5012c	d__Bacteria	0.8325853428038034
bbd0f0796b8509c4122d39c1b5eb502d	d__Bacteria	0.7261894421228114
755213353a900d0cc10faaffee602e28	Unassigned	0.30991408459243786
b76ed35bd0d8e7ef59c790f03bdb8551	d__Bacteria;p__Proteobacteria;c__Alphaproteobacteria;o__Rickettsiales;f__Mitochondria;g__Mitochondria;s__	0.768928794350402
1f3350931ead44431a0ee73b7860905d	Unassigned	0.31982222657591775
e64d19abd6c63ddf280dbe3a27015873	d__Bacteria;p__Proteobacteria;c__Alphaproteobacteria;o__Rickettsiales;f__Mitochondria;g__Mitochondria;s__	0.7240363145492485
f2d25848117f9d8a5b53ec49caf49ae9	d__Bacteria	0.7439391006762825
6d02f049b60ff66f7e4288af4d338dba	d__Bacteria	0.8049256183148464
c89c87b938431d4ab348d3616799c578	d__Bacteria	0.7157693935955496
80c9d86e30983b1a11dfb0c7749cfdb0	d__Bacteria	0.8190194633020301
1b762d483dd57084690a140fc1ef4276	d__Bacteria	0.8229662130164479
314a9417de97a67b4b2c1e780268f9b7	Unassigned	0.6649124227596406
ec203fc5bdc0666c9ede2d6e7becdd39	d__Bacteria	0.7510820262616739
466e44ed401ecb0503ca43474fbd4c1a	d__Bacteria;p__Proteobacteria;c__Alphaproteobacteria;o__Rickettsiales;f__Mitochondria;g__Mitochondria;s__	0.7956582733683848
f15247cef35cbba7ab4639bafe9af27a	Unassigned	0.36421570043539675
d1ab757c65c6e6598921a6755565dc98	d__Bacteria;p__Proteobacteria;c__Alphaproteobacteria;o__Rickettsiales;f__Mitochondria;g__Mitochondria;s__	0.74099424429816
7943e168307630ecc1978f11fe186101	d__Bacteria	0.7812243005701304
92c10250fc3796d529fbe866543a4a21	d__Bacteria;p__Proteobacteria;c__Alphaproteobacteria;o__Rickettsiales;f__Mitochondria;g__Mitochondria;s__	0.7322540835778086
aed330880fd69db15f0d0e1358ec7432	d__Bacteria	0.8083593755493854
89f56b9a4952a86f15a1da3f61ad092c	d__Bacteria	0.7673987145354029
7ca07653b356bd7b0a28a638966c8554	d__Bacteria;p__Proteobacteria;c__Alphaproteobacteria;o__Rickettsiales;f__Mitochondria;g__Mitochondria;s__	0.7319411883570967
b13bea1a6235a4079f1879cd7be8a019	Unassigned	0.36804654115774305
56dd9d4e7c098f52d206fa071be970e8	d__Bacteria	0.7819733720131365
5aaa9a30070391436d4dc8a98a677067	d__Bacteria	0.7854845478760845
6b687d5e4fc9a52f5456508cf35e26a0	d__Bacteria	0.700361811262961
fa1c0eda52d72ec79c8d3c834ffb93a7	d__Bacteria	0.7343700361204686
6e6ec40bbaaf8aa3081eb9e95acfa669	d__Bacteria;p__Proteobacteria;c__Alphaproteobacteria;o__Rickettsiales;f__Mitochondria;g__Mitochondria;s__	0.7121463403672933
c474633b3db9336904d65507ad95e51e	d__Bacteria	0.8071085944594205
f3f3e8ff28e6c8e9cc3cc41dffb8dd6d	d__Bacteria	0.7277146612087502
ecc04797ff8ebf690d9527946a94befd	d__Bacteria;p__Proteobacteria;c__Alphaproteobacteria;o__Rickettsiales;f__Mitochondria;g__Mitochondria;s__	0.7230918986120057
52146046362dc03626eb87cbd9c907db	Unassigned	0.35000161293043897
37efb7e48b244f5cc30669505de69659	Unassigned	0.36061907700299844
928014ea32a9d28ee59659881a3733e7	d__Bacteria	0.8300339169589199
17ef92df3a50c91f32bd2612f91f0e67	d__Bacteria	0.7105258168702178
83247cf0053394da8a33592a1474af64	d__Bacteria	0.7773464897667768
ea44736514cf9ea4075d2d020a70bacb	d__Bacteria	0.8586506437569033
885e796f8fe602e55750f18dd6b773c2	d__Bacteria	0.7515720062239607
1c2e6436d466b5f522176f781ff94783	d__Bacteria;p__Proteobacteria;c__Alphaproteobacteria;o__Rickettsiales;f__Mitochondria;g__Mitochondria;s__	0.7932947749098606
ed2baf7c2dcae143bc249c803c1933aa	d__Bacteria;p__Proteobacteria;c__Alphaproteobacteria;o__Rickettsiales;f__Mitochondria;g__Mitochondria;s__	0.8341556506440604
8928093034b4f4668d0df18730cd7bfd	d__Bacteria;p__Proteobacteria;c__Alphaproteobacteria;o__Rickettsiales;f__Mitochondria;g__Mitochondria;s__	0.8059859451100738
7edf2d88ea407a971c235a0fbd4d9251	d__Bacteria	0.7739916078138418
551a9ac983fb919ee84d0333d547910f	Unassigned	0.5410495790456413
095533062136abfcc7fe3dfbd7106f0e	d__Bacteria;p__Proteobacteria;c__Alphaproteobacteria;o__Rickettsiales;f__Mitochondria;g__Mitochondria;s__	0.7845217122315503
4bd75fed1e1092291e497491e640b614	Unassigned	0.5513606837192324
4f31a1cb94d311ea1ccc6bc3c8e9eecf	d__Bacteria	0.8044834599305947
51cae196f9491e011d342665a021953a	Unassigned	0.3307409100838643
a08a0f8efe3480f6fd31c782bc09da9f	d__Bacteria;p__Proteobacteria;c__Alphaproteobacteria;o__Rickettsiales;f__Mitochondria;g__Mitochondria;s__	0.8534017193400899
aa9447bfd8c23a0b34bf54fcde7a3bdb	d__Bacteria	0.7491887856521335
f319fe3a703a53011b39bf108c9af987	d__Bacteria	0.7937269673355019
2cd52769d11a46597ab6f4cf99f503a8	d__Bacteria	0.7593032613854068
198fd07ef884c8304dbd702f29fc3d1f	d__Bacteria	0.7615212654594185
2dd03916a0954d2c18349f1e7ad07e5f	d__Bacteria	0.7260097701612419
8b9d45e1578d86c9b41b652ab2a7090b	Unassigned	0.3181331244259984
4decdbebf08f347aa5f980641dd62a54	d__Bacteria	0.822016926218185
dc4e3b7aa213ec14effa8c290672b126	d__Bacteria	0.7692260858347413
3ad7fb7c1a4ec939b59af544497a4409	Unassigned	0.4122371914023141
6fb4f09c8b8d73ca814dcf0e163085b3	d__Bacteria	0.8118332980597921
99aeb19b8de21030d357de2ae0777b8a	Unassigned	0.4705655123668526
e300b552c503a19ae8ed42202561a72e	d__Bacteria	0.8069456095296418
175452ada710dcccba8b908f967cc07c	d__Bacteria	0.7748320406322128
e72861687a90c833dc2796d96e84af9b	d__Bacteria	0.7109825377319942
14f367ce0cb8b93459ee53ebcd3dd9cf	Unassigned	0.4676075729722101
0de2838845d45a7a1de73e78be4e9b2a	d__Bacteria	0.8241315788053204
32176f43798f7ba7fc3037b59cbb972e	d__Bacteria;p__Proteobacteria;c__Alphaproteobacteria;o__Rickettsiales;f__Mitochondria;g__Mitochondria;s__	0.8556303843143885
ea398715740efb59464a04e08e821f4d	d__Bacteria	0.7173893459252499
552536e8aec1c7f42fd30ed064879bd8	d__Bacteria	0.8125804637975409
c53171f5b8ea1f4531a6fde84c72e785	d__Bacteria	0.7670163050139981
a7c87a864b0778d1d1ccb4efb72079d4	d__Bacteria	0.8247472260273618
2aa468cc2e7a8bf7daaa4ae777bc0b30	d__Bacteria	0.7263184991448829
7fdfab179ba88f097698fadaeba2e1f1	d__Bacteria	0.7464970487388073
1382af744ff09f35d34090a14b1a52c8	d__Bacteria	0.7779444950284975
17489d17b5dce19a36a3a3c96016fa36	d__Bacteria;p__Proteobacteria;c__Alphaproteobacteria;o__Rickettsiales;f__Mitochondria;g__Mitochondria;s__	0.816117062378695
fbeb7b3b6f38f82e6967a49350efaa53	d__Bacteria	0.8712546450303787
fe418ecd7e8669a54f5a560ba6adf075	Unassigned	0.3426192630824023
6918dfd77603efaad5bd705f87836dab	Unassigned	0.34917616551035435
0c52635f5a2ce2165bb061ce713dd175	Unassigned	0.3129444247319817
5ab525f3c5081dc6c4020b4aa0031167	d__Bacteria	0.8264446990720086
fa49482ab24093bf949b250904061375	d__Bacteria	0.7182037496550709
e4d5fc66c8e69a0081aadaf56a6456d4	d__Bacteria;p__Proteobacteria;c__Alphaproteobacteria;o__Rickettsiales;f__Mitochondria;g__Mitochondria;s__	0.8163973876485968
8b05bdb7e00f9c34bf4a834ae02c52b4	d__Bacteria	0.8293674350656448
9dec38ced141146a627a827f64fc15ce	d__Bacteria	0.8199071955632674
5921eaa736c71884a362fdb577fe833c	Unassigned	0.38980407990732147
78619f8a06246fbad9b57e926f1c5e9f	d__Bacteria	0.7432312994472579
1f3c2ec5306394be48c1c2829e980592	Unassigned	0.3041750921534182
57ecc177862ba22b6704887cf1fb3d0d	Unassigned	0.3143945020005917
356c78475a11b34b30d57a49da11e1aa	d__Bacteria	0.7145779066423964
645991b8c52e9f2fbbd81ee3f6426ed5	d__Bacteria;p__Proteobacteria;c__Alphaproteobacteria;o__Rickettsiales;f__Mitochondria;g__Mitochondria;s__	0.8827815764516568
348e0a2bf786238db98c1542c771d2b5	Unassigned	0.34991996128601244
4f99eefdb6372e90036802da2302ec62	d__Bacteria	0.7101800694968271
ce4e9ded460df61f153891854e12f50b	d__Bacteria;p__Proteobacteria;c__Alphaproteobacteria;o__Rickettsiales;f__Mitochondria;g__Mitochondria;s__	0.8383658051263986
86f5daeb05ab332be8646ca57d76c1b9	Unassigned	0.3021670468294497
db8da5bc8fa137634128ab0a3a0857a2	d__Bacteria;p__Proteobacteria;c__Alphaproteobacteria;o__Rickettsiales;f__Mitochondria;g__Mitochondria;s__	0.8632678794343733
d583eecb8834fdea40bb1dc26182f732	d__Eukaryota	0.722173594269332
712a325eda7d8a16098267dda6c75fbb	Unassigned	0.30307654413579166
5d1e5d69a7b8e1e80c64b53686a75e36	d__Bacteria;p__Proteobacteria;c__Alphaproteobacteria;o__Rickettsiales;f__Mitochondria;g__Mitochondria;s__	0.8260451881766226
2cdf5522fc81b6a267bc3a85532ab79c	Unassigned	0.3882612854715952
70b58dc788da41294fa39fc217e22607	Unassigned	0.44335962507718174
6a7156a5796af7318f3d948945a76e30	Unassigned	0.44401831118818635
2c244c3bdb779a5689fef7e1e2de5e7d	d__Bacteria;p__Proteobacteria;c__Alphaproteobacteria;o__Rickettsiales;f__Mitochondria;g__Mitochondria;s__	0.8329149763071215
7f5c37d4f99477e4b89f16d751c3fec6	d__Bacteria	0.7014858680716816
d7b3f5b6c0d1736669da0242c5d94ef6	d__Bacteria;p__Proteobacteria;c__Alphaproteobacteria;o__Rickettsiales;f__Mitochondria;g__Mitochondria;s__	0.8046906108895497
297d2e84a6620d109966a5fe494f461e	d__Bacteria	0.8544429249472312
0b4234bac431c43d88e9e0b748c672b6	d__Bacteria;p__Proteobacteria;c__Alphaproteobacteria;o__Rickettsiales;f__Mitochondria;g__Mitochondria;s__	0.8092964939583575
b1ed24bf0863cdfd602978e9d90fd1c7	Unassigned	0.35903622147788905
e8239fe1c912c85c371a51098f53047d	Unassigned	0.48947072185659934
04d7ba0dba47401d86b99d0c26f1b14b	d__Bacteria;p__Proteobacteria;c__Alphaproteobacteria;o__Rickettsiales;f__Mitochondria;g__Mitochondria;s__	0.8121066447383566
18fcc4d9ad3dcea65823e1a07606e025	d__Bacteria	0.7577476675431307
d26e9e0d773987d6eea89e8f0f7d692c	d__Bacteria;p__Proteobacteria;c__Alphaproteobacteria;o__Rickettsiales;f__Mitochondria;g__Mitochondria;s__	0.7919689143261776
deb7bebbf1b6c416e1913893b24870f7	d__Bacteria	0.7163958854747724
013fe7f924c4b9be15b80eadde3c6ce6	Unassigned	0.4520113005211669
0609b0bc7df96af09908db6b5b1294cd	d__Bacteria	0.7904993741080812
4cc9488e87cfb1008ec0afca38d99939	d__Bacteria	0.7426102186631165
c08a618a0d200963e7e7419c3d2a02d5	Unassigned	0.44967635304722464
b9a6488e850611b08b1bc0c347932aff	Unassigned	0.33034985365484726
20f09fad192c9845ed8ed954742c6fd8	d__Bacteria;p__Proteobacteria;c__Alphaproteobacteria;o__Rickettsiales;f__Mitochondria;g__Mitochondria;s__	0.8272677732562224
aa42ff9920796dd46e2f441c390363fb	Unassigned	0.36073397011120456
105cd747313f8b4cec2b3b822f0319cb	d__Bacteria;p__Proteobacteria;c__Alphaproteobacteria;o__Rickettsiales;f__Mitochondria;g__Mitochondria;s__	0.7967633878639145
bab81593ff25ea9fc3c8c22825d121a0	d__Bacteria	0.7067501392872493
4e936cd452785bf60e60f3c9fb3ef5cd	d__Bacteria	0.941290987805331
c346a990ca7978e367a248468cca2ac3	d__Bacteria	0.8109627163069208
8277820563ea50b7a38a87ee05790711	d__Bacteria	0.7453215447940671
9f3f2fed2d85770e6509edb5ede28a8b	Unassigned	0.4597758516547198
d569e1b6b1f8d83ee6181988386dca3b	d__Bacteria	0.8489017808502345
4cd4b377f5bf52b3405e6530044b6806	Unassigned	0.3012307539146609
0f229af5389bfc2923ce4a6f0c8503ef	d__Bacteria;p__Proteobacteria;c__Alphaproteobacteria;o__Rickettsiales;f__Mitochondria;g__Mitochondria;s__	0.8718678524405166
46f3803f406caadffbf554156a5092fc	d__Bacteria	0.7405268584501188
3f1b78991f16ef143713c469083356ba	Unassigned	0.3210882673176566
5189cf9efcbbf33471fabea5df7e51c3	d__Bacteria	0.8249789405808652
86d89148989bdbf0948b09162320c9eb	d__Bacteria;p__Proteobacteria;c__Alphaproteobacteria;o__Rickettsiales;f__Mitochondria;g__Mitochondria;s__	0.918791544832075
c83e3b1cbf27e3aebc1a565fa8428137	Unassigned	0.3318590139302475
3d721f1e0ebb428c77248bd9823a93bb	Unassigned	0.48083079737796763
aca1cf0a1996fff5a4bea40802109815	d__Bacteria;p__Proteobacteria;c__Alphaproteobacteria;o__Rickettsiales;f__Mitochondria;g__Mitochondria;s__	0.8990110093624666
08b0f556e2fc5fea4150248e7d0e5448	Unassigned	0.3192400983031347
22aabc75e23e79b86bce9193bde30e21	d__Bacteria	0.8278408772961607
7dbf2b4175cf6284568e0da58c3fc7a7	d__Bacteria;p__Proteobacteria;c__Alphaproteobacteria;o__Rickettsiales;f__Mitochondria;g__Mitochondria;s__	0.8530591551113832
7444ff383e1d9d774c57e3170035f212	d__Bacteria;p__Proteobacteria;c__Alphaproteobacteria;o__Rickettsiales;f__Mitochondria;g__Mitochondria;s__	0.8563301358300088
718e757626d1cecda61e0faad5e72fbd	d__Bacteria	0.7808526688911391
6862e942751e19f1270fbe315901dad4	Unassigned	0.30737885225022155
35f8db8b625f99077baba8f08b9c1da4	d__Bacteria	0.778418642297465
19ae9217e1b0d5085b6d0d9d6a91b008	Unassigned	0.32929577456686676
eca695ca18e71f38e87c2c80eeed842e	Unassigned	0.69791879468845
512118d9b162f5d46b2563882f4236b9	d__Bacteria	0.7524933103444166
853c269e5b385e70eefd556e87f28676	d__Bacteria	0.8725200408496391
048daa635ee00cf34684c8091b4d966c	Unassigned	0.3133591008637794
a1a20af9070e99964fc17db7b757f4f3	d__Bacteria	0.8047488214084813
eabead499bb28f7a8520149dbdb31d24	d__Bacteria	0.7286463992079962
4cedf847e6a5ceb926b6cd90269ff22d	d__Bacteria	0.8622468726771624
4edd3c2b52c5e3132edb1776f4be126b	Unassigned	0.6749094652768743
beb6d7559a0860899406a888d6db378b	d__Bacteria;p__Proteobacteria;c__Alphaproteobacteria;o__Rickettsiales;f__Mitochondria;g__Mitochondria;s__	0.8247288368938048
9a5a684f4af465abfcd83845c4c1aa0c	d__Bacteria	0.8161451480971181
ad8770f51db9c4917ee929b5d4e11370	d__Bacteria;p__Proteobacteria;c__Alphaproteobacteria;o__Rickettsiales;f__Mitochondria;g__Mitochondria;s__	0.8134172441471652
3191061f67b61b8c451c4b419ebcc699	Unassigned	0.3388347561405114
d5699b04ca0823ba4219032ccb7fe9b4	d__Bacteria	0.9534934202097466
aa4d48db0cf96c70918458d5ccf4b706	d__Bacteria	0.9052016592709359
6298c9b330b578f70faee6c3f4c132b3	Unassigned	0.5312402610584231
83d969ca5a001f1ac72d2c3a7eb16253	d__Bacteria;p__Proteobacteria;c__Alphaproteobacteria;o__Rickettsiales;f__Mitochondria;g__Mitochondria;s__	0.9176816637779608
5604d3b303853ad7d99798dc27b0bd2f	d__Bacteria;p__Proteobacteria;c__Alphaproteobacteria;o__Rickettsiales;f__Mitochondria;g__Mitochondria;s__	0.8129571269256454
d3c531d789baf5bd767db40315ad5692	Unassigned	0.6687549606778561
f99ae99ea58d9ce782b9cfdda36040f2	Unassigned	0.31739097241065206
d826f25644ece937246a3b36933bf094	d__Bacteria	0.8018754021946253
5f9c5b7cb0dcfb4297c6748d970b4f7d	d__Bacteria	0.702742006108271
2a995f26f1344a87f8665b704c8b846a	Unassigned	0.703267652182936
7e3d15fb6a0d6ba652a6987e63a66369	d__Bacteria	0.7507779489850224
f4b2a1ba8fce76261738d0d26d99f2a9	Unassigned	0.3770427542924498
8794bd33d6f8fe335c0dc487491e25e7	d__Bacteria	0.8149744240355669
0f477cac3662998c2d7eee13af921d1a	d__Bacteria	0.8678495870183229
bc914837ee9b70021fc14b63e2a8de24	d__Bacteria	0.901728547123855
c745b3ec219563cdd051febb9b58b84b	d__Bacteria	0.7893414267572467
e5091d15aaf6e70c9da9c3b8a7fff221	d__Bacteria	0.8566288658079757
1fa70519f90fa5fd60452695df1b36f8	Unassigned	0.3123684559090909
95ecc02cb6f61692271703c1553c9736	d__Bacteria;p__Proteobacteria;c__Alphaproteobacteria;o__Rickettsiales;f__Mitochondria;g__Mitochondria;s__	0.7655859760298783
7e92263124456120d556ea917d3ee6fc	d__Bacteria	0.7344196202589279
73533170747091a3020dc567627e1a7d	Unassigned	0.35927368369358126
bce69d98d3955e45f36da6c81b7c2d16	d__Bacteria	0.8457392995434624
1f08470524e7cc88767f91a5fbf5564d	Unassigned	0.45418678796966183
5d07752fcbe86c3d88aa6827d7f1aa84	Unassigned	0.37963390487929827
8219d9add784a3a1a10ecdc340565c2f	d__Bacteria	0.7177963271970955
3f8c224d9e8c1a6615c54f48fe9b2144	d__Bacteria	0.7064265319170957
b745b4c17548317786421332eba7b275	d__Bacteria	0.7226804368295972
fa174f625e6555e9bbc27ff104af1b19	Unassigned	0.44408713792412147
5e9017030e1de740f9d7c1fc00ba2237	d__Bacteria	0.7239902116627315
ee733ab530882604f0f66a75e0bac9ea	d__Bacteria;p__Proteobacteria;c__Alphaproteobacteria;o__Rickettsiales;f__Mitochondria;g__Mitochondria;s__	0.892946090480993
bff0b50f1eb422fc698611446fc92cab	Unassigned	0.3905714262771346
ae34947187960095c41114f85bf9ee51	Unassigned	0.4630199267234507
97ef042224876de27e7949d66d7776fe	Unassigned	0.4021734235116199
3ef365ed6776675ef253891d3e0ae23a	d__Bacteria	0.7718164040325493
a8394469a86050681b3870a8573d46c6	d__Bacteria;p__Proteobacteria;c__Alphaproteobacteria;o__Rickettsiales;f__Mitochondria;g__Mitochondria;s__	0.8651032303334162
92f974124af122ba04aad0efe5b9d756	d__Bacteria	0.7749707098087273
89fd4f3967f593445bc70837d750e738	d__Bacteria	0.8008800323676575
a7a104aac1b6793d638f8372ae43b952	d__Bacteria;p__Proteobacteria;c__Alphaproteobacteria;o__Rickettsiales;f__Mitochondria;g__Mitochondria;s__	0.8510863037060402
000da5de9d3eb5166c7cbd3ce6a81ee2	Unassigned	0.3842279311470904
cd4e0ea06866eb48881938246ce699bd	d__Bacteria	0.8563572294584695
c0e8b5e257d6af7babf2d4ae455b8c89	d__Bacteria	0.8655195567524724
baf9089eb93b4eb76c39eb2536885ed9	Unassigned	0.37967490795486336
dfe1f1b4eeea65ab035e8cf509ee9d21	d__Bacteria	0.8276133471059421
a92de9fc02b85b5666e4968e84f79aae	Unassigned	0.5256690462340574
adfde924febd428c0794ec100e23c0e8	Unassigned	0.3242313357031251
28174fb3849f953076a484b80929a426	d__Bacteria	0.8575380166175495
f4132f13d83d4a941ff279f39e771d82	d__Bacteria	0.7884554277942966
3d2d17b6b6b5454ec61cc7dd2cc15992	Unassigned	0.35150467251788287
c87c1767c42c52c6118b77d164973d7d	Unassigned	0.36837173819515134
cfc41f02c4a27a99f985d37ef5f0cd85	d__Bacteria	0.8229896799009877
20a1c283cdabb0d11ceb87c54062f154	d__Bacteria;p__Proteobacteria;c__Alphaproteobacteria;o__Rickettsiales;f__Mitochondria;g__Mitochondria;s__	0.7781004438230816
0e75e11d9574f3bdd15af907b8d6ecf1	Unassigned	0.30377096119072156
73d87f1f33a0698142c970b4e1d0be2c	d__Bacteria;p__Proteobacteria;c__Alphaproteobacteria;o__Rickettsiales;f__Mitochondria;g__Mitochondria;s__	0.8102711583816686
d877cd5a8ee36b29d256ca26a7ef9ea8	d__Bacteria	0.7831465395753043
a79ecce307f2f4d4d09f93e039e06e0c	d__Bacteria	0.8700233173556527
096390bad360d06f7dab6c64b9a255a6	d__Bacteria	0.757668477828622
528f5e08ae6a586e196d227ac311a1ad	d__Bacteria	0.7248954373093988
5ce3d2f9e9b90d863518a3f72c656d35	Unassigned	0.4123064681816624
29fd2923b05773df3e090f3294399718	d__Bacteria	0.8095658600485585
55b12c303d7097b473eb7d2c32c730e0	d__Bacteria	0.7863197149836467
6d5309c7d6f2282612187b2cd00702c1	d__Bacteria	0.8385632128680539
6db15728a3baf384b0e081d85a54b22f	d__Bacteria;p__Proteobacteria;c__Alphaproteobacteria;o__Rickettsiales;f__Mitochondria;g__Mitochondria;s__	0.7010304486690857
9b9e71aab1ef33e450c45b5aeed86b28	Unassigned	0.3535437332648427
16c35412190efcce8b094a078f9f1d06	d__Bacteria	0.7307637368920211
1dc89a1bc0378f660e764b7a62664174	d__Bacteria	0.8298679575828001
3ad38b511f9df9fb0959198a58869acd	d__Bacteria	0.7395896950936135
f341a1c1d42af1315eee0902fa9be91d	Unassigned	0.3999403191972192
fd9554eab6ae66d16da48d1bf4783fcd	Unassigned	0.4182360934782945
d6d995d38cf2248c465be337b5502785	d__Bacteria;p__Proteobacteria;c__Alphaproteobacteria;o__Rickettsiales;f__Mitochondria;g__Mitochondria;s__	0.7212124374995963
7c784e0e6024603edf5cd9965d69c3c7	d__Bacteria	0.8848562673670542
36ac2ee15b646183f13c43cbc18d033b	Unassigned	0.3159109298452061
f7e826ed0c263d965986774b86744b49	d__Bacteria	0.7299708717766656
27a408ebd5087e374ed19be9d9e24ff8	d__Bacteria;p__Proteobacteria;c__Alphaproteobacteria;o__Rickettsiales;f__Mitochondria;g__Mitochondria;s__	0.8460233483536096
be29ebbe01859957d977c028815da7cd	Unassigned	0.38432928527473564
1b02302f88c535292afa68132a57ba7e	Unassigned	0.49975996856852056
31eaba127f1bb5ad2d2129cc20d0c648	d__Bacteria;p__Proteobacteria;c__Alphaproteobacteria;o__Rickettsiales;f__Mitochondria;g__Mitochondria;s__	0.7281433153073732
4c198bfe7fb582c709b0866c95558618	d__Bacteria	0.7896362722012019
656101ef454b44855a6d045c54579b57	d__Bacteria	0.7709074377638021
e68d226d64151c1c62909780d564d068	d__Bacteria	0.8223706645462772
7cef94534e8941804d517cd8ed992f57	Unassigned	0.46761207994253684
fba97607b232ca9cc90584ee1e9a6245	Unassigned	0.45597712069928753
6a26532695737f8b112ccf589edc59da	Unassigned	0.3511597371712376
5871aabb9b78156c0de5e69c7607e480	d__Bacteria	0.8574526603803175
6d6ce30509c04dc4818703c76a7e7178	d__Bacteria	0.7521128912982896
5f39cb68cf81bffadda0d89050fe876c	d__Bacteria	0.8767965152327919
f51b79d22288b49a20c8cc251d517f8a	d__Bacteria	0.8180642568951817
c37129395551b026a56714541c2a78d9	d__Bacteria;p__Proteobacteria;c__Alphaproteobacteria;o__Rickettsiales;f__Mitochondria;g__Mitochondria;s__	0.7841971939348524
f5cf768a937c51d367580e85fb5322e3	d__Bacteria	0.8538936407370539
b2d1d7f6b12c7ed4ab5e9abb5df906bb	d__Bacteria	0.7884514180529032
247935f19ac41dc7d1774723af0c3ccd	d__Bacteria	0.8724037095812144
4fc03f9b95a3d4e153388910175dbfd0	d__Bacteria;p__Proteobacteria;c__Alphaproteobacteria;o__Rickettsiales;f__Mitochondria;g__Mitochondria;s__	0.7184165808864976
39e78202bd4ea3dad8df4ce532b95997	Unassigned	0.5415987578884862
8a88e023ebb5c97fa6d988ae94d2e37f	d__Bacteria;p__Proteobacteria;c__Alphaproteobacteria;o__Rickettsiales;f__Mitochondria;g__Mitochondria;s__	0.8916108190596351
e3de72c0a7508fb76a204bc753a7638e	d__Bacteria	0.7107817670089173
c870a0021dc68233c1fd22a41e2a6465	d__Bacteria	0.8370139672751692
078b5a93f08aa79ffd9d7b91577b4eff	d__Bacteria	0.8718132039711671
b67f9c6611d1f01dbaa306e605fd1bd1	d__Bacteria	0.7738394264565222
b868d17ad8b937717a4025cd576a4812	Unassigned	0.4432334257364513
74d42d10c858d8e4eae31cfa0f22bb5c	d__Bacteria	0.7973025001063585
de69b60d4830cc1982e5de537f1e5f15	d__Bacteria	0.8373147509390458
b6c0f71446c0534417e53118abd8c718	d__Bacteria	0.7704841402472346
d2f0c02b838ecfdec803e7d1ae8da443	d__Bacteria	0.7297035427966646
53984ce9a0d68ad6f304ab1ab79baa8a	d__Bacteria	0.7691451384015455
e48e965ddc23e9c709955be872665a60	Unassigned	0.39851755506944897
5009185ce73e6ee748abe05ab61ed13e	d__Bacteria	0.7034055868559352
fb5e5d8355d005ca6cd8544f51a10e79	Unassigned	0.303119098293387
d0d53a481068b982e00a01a0439d1d3c	d__Bacteria;p__Proteobacteria;c__Alphaproteobacteria;o__Rickettsiales;f__Mitochondria;g__Mitochondria;s__	0.803294119577399
b94edcbde059eb2cd540ade16a52e3ef	d__Bacteria	0.7065593742153587
322829fd26ff36f3486a1ef256df6548	Unassigned	0.3477937531749138
789c1a61c4dd878e17f4074c423d3cfc	d__Bacteria	0.7806034526620298
288df42ee34281ce268a18cfc1630ea0	Unassigned	0.376745860768948
c7a5ae9487adcc4047efaeedfd8a8a58	d__Bacteria;p__Proteobacteria;c__Alphaproteobacteria;o__Rickettsiales;f__Mitochondria;g__Mitochondria;s__	0.8882045626008057
eeb8f1ae10d14b875adcf8b6c625df8e	Unassigned	0.30687712099869013
8e064af77e4e460fdcfd56ccf237cb27	d__Bacteria	0.9056882959853626
c1af607a0eb790c8398f3f2e61417843	Unassigned	0.6255490132895651
e0baac787f87f6a10a22c27b05240210	d__Bacteria	0.7323041486198277
d15faecc855d77d8197188239ee03c4c	d__Bacteria;p__Proteobacteria;c__Alphaproteobacteria;o__Rickettsiales;f__Mitochondria;g__Mitochondria;s__	0.8578183303299917
2da45fc4ec81bde2d50ada66024f1151	d__Bacteria	0.7172159209778242
c99ebf6249d7cb3b8d01840cb3993a38	Unassigned	0.44377665087905716
44b6be5b26d571dd30b00a9b90bac352	d__Bacteria	0.7390889080727879
513487ac0c3f6e88790e93acd48e56ef	d__Bacteria;p__Proteobacteria;c__Alphaproteobacteria;o__Rickettsiales;f__Mitochondria;g__Mitochondria;s__	0.830914484204324
9b4b1f59a2b0150718e1eb6dd6f06d65	d__Bacteria	0.7330342453502091
cb400a8d575a7116e37a89519e5caee7	d__Bacteria	0.7438643759605652
bd1b204fc3d24dd44662c80d19a0d24f	d__Bacteria;p__Proteobacteria;c__Alphaproteobacteria;o__Rickettsiales;f__Mitochondria;g__Mitochondria;s__	0.8422399884174476
4e7f0258b367b6fbacd353697a6e2b48	d__Bacteria	0.8338314448611748
342133a0a72f66a2cf7033b5e5430880	d__Bacteria	0.7947630245120776
b31cdcb87f34a6a93cc6998a7a26213b	d__Bacteria	0.7175383179200114
07dfdfea76dca0c9c9ef694298d81fe5	d__Bacteria	0.70580721322676
fc49b9aa13098d1a022a5376626e9d5c	d__Bacteria	0.7729886913865023
3aa2c0e0d8313686c436c1973b3506b1	d__Bacteria	0.7897864126787526
b8162421703477892c40a2303b6cca1a	d__Bacteria	0.7895463028306754
e3215eb2d5fbd35403c90c12c864aa82	Unassigned	0.3425624557460666
2beab58662bbaaf5381f99b82e68e4e7	Unassigned	0.5014857405040944
b76e2f13378c1c48aca53e54570e7912	Unassigned	0.39855170941333595
6c8ca52584ee474d78cde6f76eb29760	d__Bacteria	0.7841982867243966
609a1311de40d1fee07c38540b861d65	Unassigned	0.39767522744665174
ea224069556f22f3e33465e31f338b4f	d__Bacteria;p__Proteobacteria;c__Alphaproteobacteria;o__Rickettsiales;f__Mitochondria;g__Mitochondria;s__	0.7713661276560762
00111918f00b6667cb991ef9f8687662	Unassigned	0.5472050891079618
8bdca0d0e0fbbf63d386604483736194	d__Eukaryota	0.7107054120231995
8e2a3b777edc5b3bf374ce64aa413910	d__Bacteria	0.7708302393630939
0b610c81892299920333cfecb1e40522	d__Bacteria;p__Proteobacteria;c__Alphaproteobacteria;o__Rickettsiales;f__Mitochondria;g__Mitochondria;s__	0.8353197266882489
b84c8e76b94ee39b2d9f717517583544	d__Bacteria	0.7466068402238907
b1a9ea8e9ff053fc49cae43622be8025	d__Bacteria;p__Proteobacteria;c__Alphaproteobacteria;o__Rickettsiales;f__Mitochondria;g__Mitochondria;s__	0.7124882755269837
799e3aa6a898c3d7510443367f885c12	Unassigned	0.38957621000603937
90c96cfdce9b3219c8c9b3127839b8ed	d__Bacteria	0.7214166837373641
0c68b172b152ef142a0c518c98c4e774	Unassigned	0.3601351296834726
456002a372e4f7fa2f3f3c7809165789	d__Bacteria	0.8211065383951723
85099987355c7d99f9d13f1480cf8f0c	d__Bacteria	0.7390928625739996
c01bde948072577269b2ee3df7f794a8	d__Bacteria	0.8559910413309664
c741f3b86640a7798a0582e2dd9d5bce	d__Bacteria	0.7116084753722008
c0f90325de3ce8d227755c4cbc8b9978	d__Bacteria;p__Proteobacteria;c__Alphaproteobacteria;o__Rickettsiales;f__Mitochondria;g__Mitochondria;s__	0.7623904700109325
5dd30a54c52d7a9a62d1ae6c44d9633f	d__Bacteria	0.7199663952865102
7e70b6ba11189f723f3a427ba0ff73eb	Unassigned	0.3750571926463995
de25deb86942eb22c4da6d5a6916b317	d__Bacteria;p__Proteobacteria;c__Alphaproteobacteria;o__Rickettsiales;f__Mitochondria;g__Mitochondria;s__	0.7407890636271459
7ddcb8c742255c5f53afc4e659936293	d__Bacteria;p__Proteobacteria;c__Alphaproteobacteria;o__Rickettsiales;f__Mitochondria;g__Mitochondria;s__	0.8808771078802541
effdd7bde8531fcb0eaf225ed6c45b91	d__Bacteria	0.8001379598270429
96c5126e5460643c3e24d49816aca6e9	Unassigned	0.3302154220246689
b179c50204d3d372fe63b254dc88cdcd	d__Bacteria	0.7377691260337846
2a8f51457cfeb82030695ef17a871975	Unassigned	0.4393713296002154
19c614fdfd18dc37813ea084a4d89e5b	Unassigned	0.5349716163650303
f5b62b275452eec1a2bb8a5301f761f8	d__Bacteria	0.7712075198495372
85434dd926decc9738e91a172765ece3	d__Bacteria	0.8347249593629683
208ba81548f368622423a3899cd3c3a7	d__Bacteria	0.8861801759636458
20e3b9a09f5121c8442810f8fec64ec8	d__Bacteria	0.7510498132335431
7979689356d4ea034e7dffe644368bd4	d__Bacteria	0.8429096836158132
0114e349ed796bc6a7b66e650d41c42b	d__Bacteria	0.7134808418193237
fedb85642f66aea144af2cc1291d98a6	d__Bacteria	0.772068509033468
7a265799cc3d1675173c2f9547332d5f	Unassigned	0.3892344043976157
9ee926080af738e256f23ecd725e7f5a	d__Bacteria;p__Proteobacteria;c__Alphaproteobacteria;o__Rickettsiales;f__Mitochondria;g__Mitochondria;s__	0.7957278465672268
39f4304d17a703f061c9fb870a14e5c8	Unassigned	0.49847068725731813
66dd6c1b59cee03d84f379ae3d4abbcd	Unassigned	0.36452208043058154
220226eb9bd7a5832aa9acecc6533673	Unassigned	0.7117683446686865
a0678a80bfd9f21a7a34fb429da0900f	d__Bacteria	0.80957818857539
ae787be008afc5db18b8066078617fac	d__Bacteria	0.8411684814970629
38b6c91a232f7f78fa29e32909946d79	Unassigned	0.43906481960401644
233f5e64d300b54972884dc6929add8f	d__Bacteria;p__Proteobacteria;c__Alphaproteobacteria;o__Rickettsiales;f__Mitochondria;g__Mitochondria;s__	0.7069704794493252
51379640b24cb48f84b5e2237736833b	d__Bacteria;p__Proteobacteria;c__Alphaproteobacteria;o__Rickettsiales;f__Mitochondria;g__Mitochondria;s__	0.9163985845294846
4b97133b5349ff39b6cd6a546e35056c	d__Bacteria	0.7219023591120534
04e4bd5b2d0be88d19f903e242510ade	d__Bacteria	0.7721842235465954
00b7d3ca3e5690f97fecab1ec927a7de	Unassigned	0.3255385788565439
d5506e051d420f5154dafed2c0df9682	Unassigned	0.32564231937534904
9d2661aa60f1cc2e99dcbcc720c12587	d__Bacteria	0.7524728367057529
0e08e3207725a088cd469cc167eb4501	d__Bacteria	0.7577280087739238
e5f80e10315a3b7fa3f728d1071d4191	Unassigned	0.5234233843372553
33132ace926c0d39dddf0c517fbaf849	d__Bacteria	0.8399050273552684
1cf6ac65476ffc2069d66b0daea88d19	d__Bacteria;p__Proteobacteria;c__Alphaproteobacteria;o__Rickettsiales;f__Mitochondria;g__Mitochondria;s__	0.7725644078920874
8fcdbd629c9721c13f020d60aad78c73	Unassigned	0.46293870294826744
c9d57d6faf44bf7d32c517453476c35e	Unassigned	0.3127722824789323
8f8663e8b7618915d2650d13b29d19e6	Unassigned	0.40964522468489384
a174b265b2d9598929e64d154185db41	d__Bacteria	0.7726710361905019
8aa6860a67d52fa6b9f10ec5f21c90c2	d__Bacteria	0.77372027364353
ab4170a8303d0500dae429092a23c551	Unassigned	0.35341094228976555
15639f06cb49f58fa33f51c78c4bb966	d__Bacteria;p__Proteobacteria;c__Alphaproteobacteria;o__Rickettsiales;f__Mitochondria;g__Mitochondria;s__	0.7861052271250131
235c34f03db14ff899c412fd064d590f	Unassigned	0.7778274822890748
5d98420a8ed4d5cfd4c3c532d61f9358	d__Bacteria	0.8157019303633672
15e609871236e3ea738c53c9f03103c5	Unassigned	0.4380913792795331
9aa3c09d2af1ce855019a9cd5cb32bb9	Unassigned	0.34462418187409294
ac0d58c3cceba45c65894ed5a5192074	d__Bacteria	0.7387106760723812
777695cfa2ec23df9b6fc68decb68387	d__Bacteria	0.8021337361356158
eb421b90b182a83c5714b7ebee61c02a	d__Bacteria	0.7879579805046419
0537bef8ffe0b2efefc5d48b38a1ee04	d__Bacteria	0.7694419623400311
d06963ef5273ce6214ace718c777812f	d__Bacteria	0.7951181151718861
4e0648846dfca2c7e8693cce39ae6483	Unassigned	0.3487451893253608
969aa8dd8e536457ffea1295ef774352	d__Bacteria	0.7488412608681715
fdc1fac048c6fc1a1ae094abbe56e812	d__Bacteria	0.7643392916948635
f11d4ad33ad1ac656498db22628727e8	Unassigned	0.42325545998441383
d2b5a80a822fff40d866e0297d5e298a	d__Bacteria	0.7777361389061164
9b56f36dffacddc344a43916da77ea3c	d__Bacteria;p__Proteobacteria;c__Alphaproteobacteria;o__Rickettsiales;f__Mitochondria;g__Mitochondria;s__	0.7623872521789594
6a1fbef06fe902bb783e99d4c176bdae	d__Bacteria;p__Proteobacteria;c__Alphaproteobacteria;o__Rickettsiales;f__Mitochondria;g__Mitochondria;s__	0.7399112594451566
28bc6ec4de3c73dca5d0ea4eceee0bf8	d__Bacteria	0.7222804541557142
6cee990e66655e4e78afe54ad7630e3c	d__Bacteria	0.8393422126153711
dfd26a4996384b2bf832c3a22c6c9544	Unassigned	0.36759512393796234
83fac61f6874ddb7726e8d100a856c9b	Unassigned	0.3046322532143836
5fc0e9ea31a7f1dad757ff728f1d9f72	d__Bacteria	0.7035087872367748
382b7889d961f80542f7f6e184c6c1c4	Unassigned	0.3813905017079975
4853c35688669a094d086bf4e7fec149	Unassigned	0.34935924346974634
dc2d08eb444ed9674d13381782a79f48	d__Bacteria	0.8494919378955845
39924dea553201893d43c88fb5c12590	d__Bacteria	0.7518832882678448
1a9b72e020f8f896f5520173ef1c6d72	d__Bacteria;p__Proteobacteria;c__Alphaproteobacteria;o__Rickettsiales;f__Mitochondria;g__Mitochondria;s__	0.7949555193567494
ab10485e17854ae17928cb0917c540b4	d__Bacteria;p__Proteobacteria;c__Alphaproteobacteria;o__Rickettsiales;f__Mitochondria;g__Mitochondria;s__	0.7126566603000207
444fc5ec1d57f231061e079297532b23	d__Bacteria	0.7280017170565994
03c15c7f79ede7c719a4adfa339e77a6	d__Bacteria	0.7808172499956413
ac13c1c648cbde81655a7229e5e4943b	d__Bacteria;p__Proteobacteria;c__Alphaproteobacteria;o__Rickettsiales;f__Mitochondria;g__Mitochondria;s__	0.8591530770830813
2057fc50eb4719983b1c15e3ea9d35b9	Unassigned	0.5053515442933965
fa7f6a0ab2536ecc99a904d2086eec65	d__Bacteria	0.7417482468034964
68aea5213815ab69fff4190aa739b64c	Unassigned	0.3568522446335669
7d0e7f262825411fbdc90f078bf45455	Unassigned	0.49657602377896326
11f46a34c63c4ff835d32b53ef866da5	d__Bacteria	0.7538337035449489
beea8654d064c85e6336eab88a3037fb	d__Bacteria	0.7380317096547415
89090fd346d00d91b5627424dafa03d9	d__Bacteria	0.7593187792458319
4e9c86d3212e268ee3c3cb23248c80c1	d__Bacteria	0.7560575413452518
fb93eb59021ae1f7dda232311ffcb4f8	Unassigned	0.4119775636554116
1eb9509fb4327aac13baf400838d1e86	d__Bacteria	0.8513855720120316
c22e269eeadc5429c73790a026f0df05	d__Bacteria	0.8057672790197957
fd79702258cb4d08c7564c27979cbbed	d__Bacteria	0.7555987214339744
cc6c4b88f9123f6abedb59e258bb3cfe	d__Bacteria;p__Proteobacteria;c__Alphaproteobacteria;o__Rickettsiales;f__Mitochondria;g__Mitochondria;s__	0.7934569738788396
2964b3132a512a3bbaa2f426b215851f	Unassigned	0.3358907624822435
0ac9e84031cc23bbe74de0dabf0c3459	Unassigned	0.3561292168013044
26ef282fb8965b321a0d3bc70bb5bdce	d__Bacteria	0.8067941489391607
558fe70b162b3eedb5c5c5048d4aa264	Unassigned	0.39137897705053126
c33541747ed5ec905760a734a42bddcc	d__Bacteria	0.8128159887250141
fd8b81369f5f10e60f8c0b68e18c5379	d__Bacteria;p__Proteobacteria;c__Alphaproteobacteria;o__Rickettsiales;f__Mitochondria;g__Mitochondria;s__	0.9406802111368412
fd7052b4844c49ee56b412706205428e	d__Bacteria	0.8834582562992387
6dd2542a5f81229bf08346a80f80aad5	d__Bacteria	0.7540960255998734
bab4923fdfc4d42b024b73ce373f2863	d__Bacteria	0.7332061743024625
c50d90dfad6bc7875c96e17af68d651d	Unassigned	0.5631047810608864
84613ceed260a590f73214c0288308b8	Unassigned	0.35911119333909447
11c63d8f477e8adf7b5431d114961384	d__Bacteria;p__Proteobacteria;c__Alphaproteobacteria;o__Rickettsiales;f__Mitochondria;g__Mitochondria;s__	0.7826608254462873
b680c0aa61eed141185dc3e4864d473d	Unassigned	0.36388919160210687
eef76303b2d6c044522c07484c3a98e0	d__Bacteria	0.8770698444589305
52ea8bbbb11c2716d041f789bf52f7ff	d__Bacteria;p__Proteobacteria;c__Alphaproteobacteria;o__Rickettsiales;f__Mitochondria;g__Mitochondria;s__	0.8362710616639714
f4bb874a8df9340c317d4e7f493f1fd7	d__Bacteria	0.7611755007795371
9c2b23b2ac77672fad3b1f480ef7cd74	d__Bacteria;p__Proteobacteria;c__Alphaproteobacteria;o__Rickettsiales;f__Mitochondria;g__Mitochondria;s__	0.7312865537645228
ec6a03b2b23e80cfa6390b2387a6ab78	Unassigned	0.3047500682407308
24d94b62c45700a0bd6aacd6bff8f500	Unassigned	0.3339402281006508
f204ea61428d3661dca61fee2afa9239	d__Bacteria	0.91255445832453
49dd4c0178ebfa59ac4e748434b4b59f	d__Bacteria	0.8013648620460461
f5170585effe3993adbe1ea071d5ae22	d__Bacteria	0.7350696129787558
33f6e54dee14f265ddf849d73f03e125	d__Bacteria	0.7895151074978455
792d9f62b9f857febd3f2a7dadc2b3d1	d__Bacteria	0.8108034665663213
563046a37a1c6a5d11d332f3cc1e3f10	Unassigned	0.5074923940860674
5e7d448381860e18dbe66661c7d4d58a	Unassigned	0.4389273488497938
eac228af5454bb0ca9b9b509e2f0c939	d__Bacteria	0.8506564015225901
0fd9e6fcd2082f98a6671320a637be8a	d__Bacteria	0.8523714276611972
069a74938ea590e211154e47c7a4beb8	Unassigned	0.561224207899419
9c0d2cd0edf71a5b64e3c081609a0594	d__Bacteria;p__Proteobacteria;c__Alphaproteobacteria;o__Rickettsiales;f__Mitochondria;g__Mitochondria;s__	0.8157218528524928
a71b65f579db32729295d32c3bc9b908	d__Bacteria;p__Proteobacteria;c__Alphaproteobacteria;o__Rickettsiales;f__Mitochondria;g__Mitochondria;s__	0.7067374287342473
37b76fb4304dcdc561ca04c4e1a4044f	d__Bacteria;p__Proteobacteria;c__Alphaproteobacteria;o__Rickettsiales;f__Mitochondria;g__Mitochondria;s__	0.8721026589046673
eedd6f21e05f8bbee911d9122b99c986	d__Bacteria	0.7941973118839522
776cbf733d53e1cc7bc10b1530f1fc51	d__Bacteria;p__Proteobacteria;c__Alphaproteobacteria;o__Rickettsiales;f__Mitochondria;g__Mitochondria;s__	0.8433921761340679
f65bbee147f55dcc466eeb9b8aff7f8f	d__Bacteria	0.7472739558173376
b093d8f058c6821ad580465cc5eb8380	d__Bacteria	0.7889846413152805
4c659c106e9f097645ec1277b98d6206	d__Bacteria;p__Proteobacteria;c__Alphaproteobacteria;o__Rickettsiales;f__Mitochondria;g__Mitochondria;s__	0.8115462354445037
2a58cba1e64196bc4657c347f0bb3112	d__Bacteria	0.7691510162677552
b8d9bf24b46d0ea5b3a990ba63ce2a34	Unassigned	0.5569358354713951
c2560b37d00fb8615105e5bef14840ea	d__Bacteria	0.817879498278411
0574a31575faf06d73fb956d6e38f001	d__Bacteria	0.8335901596561479
b0be5a2f39fb35d17bdd51d558e526f2	d__Bacteria	0.8371138441431404
c902085a6717e6e90e0f957338711fa5	d__Bacteria	0.7321808924699312
3fa3c2d8977515fe3f8b9520052e7b73	Unassigned	0.34101337239013885
126faddcc9ae76c336fdeedb20059484	d__Bacteria	0.7620130063732778
ff96f6bc863ff791d78b80869a727e8a	Unassigned	0.3503915959426973
e4aff9bf1c5ddcf64e45473081f97eef	Unassigned	0.339095761660826
eea49503150b24fae419fbc3b979bc79	d__Bacteria	0.8692347107075785
d606f300bf5eb4d17fa5cd3dac3925d9	d__Bacteria;p__Proteobacteria;c__Alphaproteobacteria;o__Rickettsiales;f__Mitochondria;g__Mitochondria;s__	0.7533762247251427
131cada47f5b2efcb15c2a49c1f0b95b	d__Bacteria;p__Proteobacteria;c__Alphaproteobacteria;o__Rickettsiales;f__Mitochondria;g__Mitochondria;s__	0.7095430301510921
a90df8fd955bf3c959aa791f6d5552eb	Unassigned	0.43809071901630714
96530df717771c07173bf896b9b541b7	d__Bacteria	0.8437991080377885
21f03f6d5c26f6d4614f0867634e6e7e	d__Bacteria	0.864648336243111
836ddce8b8cdfcb9564df49eddce08d8	Unassigned	0.3731148331485499
2ece27f5063575f3f867d83942ce9362	Unassigned	0.5325802122638046
d83f633bade8e6c31af5cba213906345	d__Bacteria	0.7951870494390099
000e1952d4f037ecf36b7605102151df	d__Bacteria;p__Proteobacteria;c__Alphaproteobacteria;o__Rickettsiales;f__Mitochondria;g__Mitochondria;s__	0.7816653379121562
063527f47d2fc63e68f65a6563314601	d__Bacteria;p__Proteobacteria;c__Alphaproteobacteria;o__Rickettsiales;f__Mitochondria;g__Mitochondria;s__	0.8056208307174411
221c3471705bab8ccf076577ecad0df0	Unassigned	0.30032853406550375
a798f63085e69d47f4d95f9f5862a785	d__Bacteria	0.7069594850955111
1a01d2b8e8018c8d38f7c741baf21436	d__Bacteria;p__Proteobacteria;c__Alphaproteobacteria;o__Rickettsiales;f__Mitochondria;g__Mitochondria;s__	0.9034989637721932
ec426b03391df5981930cedb01da51d4	d__Bacteria;p__Proteobacteria;c__Alphaproteobacteria;o__Rickettsiales;f__Mitochondria;g__Mitochondria;s__	0.799585404648811
b3cefca9ba2c3af8127a9a5ba32d7128	d__Bacteria	0.770975015605952
8219f8b6cbbe7b8e05304cad006afab1	Unassigned	0.3830487605587811
52e5516efb4fb53a7bcc38c40c886a18	d__Bacteria	0.8622707254996844
8bd2d0607933de4f092609a7091a9076	Unassigned	0.33312454583269957
48e40ddcf703dc94e0309f4327426891	d__Bacteria	0.9591902019313274
e8ac46a66f5c686f80379e134d1a072a	Unassigned	0.6596201988679828
72dba4febd1e4fd03b5d9496ff976a4b	d__Bacteria;p__Proteobacteria;c__Alphaproteobacteria;o__Rickettsiales;f__Mitochondria;g__Mitochondria;s__	0.7529946810482979
580be143246771da266e884a666ae5f8	Unassigned	0.5028591014593402
80cb2916f9d0d02ddb458b6a89f93342	d__Bacteria;p__Proteobacteria;c__Alphaproteobacteria;o__Rickettsiales;f__Mitochondria;g__Mitochondria;s__	0.7734006268697514
852a5c68442d282238e6bb233307567f	d__Bacteria;p__Proteobacteria;c__Alphaproteobacteria;o__Rickettsiales;f__Mitochondria;g__Mitochondria;s__	0.9636250819195747
95aec51f1eba30462daad50fbde164bc	d__Bacteria	0.8058310711523194
4bdadaccdc7e493e26fd86a9c682c85b	d__Bacteria	0.7821841601084094
154baa0268028e9446ff1dae72182f97	d__Bacteria	0.7700575480724791
74c67a600805e767ea391e9f91c19b65	d__Bacteria	0.7773737773543169
582738fc1f68db8242660bc567c580fb	d__Bacteria	0.7169397249690378
b171a5759bccb76e2efb4876163fd64b	d__Bacteria	0.9459565954542958
7e491bc750f68edac7f2bbb4a7d0a11a	d__Bacteria;p__Proteobacteria;c__Alphaproteobacteria;o__Rickettsiales;f__Mitochondria;g__Mitochondria;s__	0.7951947705190899
5377730a064f768cd4559b8fe0e7055b	d__Bacteria	0.8917178470036033
282caa6e407bed818910a26a7985dca2	Unassigned	0.32169934912828346
88fd0041ba9594c00c1765766f132ee0	d__Bacteria	0.8089247364467492
eedc6fe5adfa90f5d6363bf73d4e5948	Unassigned	0.3297918233142616
549fc42c131e49441ebcfc606812f037	Unassigned	0.3157876395881639
71fabff00a4c02c00431d1f890841a87	d__Bacteria	0.7749897976890482
eb87a59add09f8d2e7a52e35d132939f	d__Bacteria;p__Proteobacteria;c__Alphaproteobacteria;o__Rickettsiales;f__Mitochondria;g__Mitochondria;s__	0.8985132407736113
733d1649a164f1b5306af3f0f6a6faa1	Unassigned	0.4536038255381456
aa1e02444ba040d6e431b763b2d2661f	d__Bacteria	0.8277559692939815
e3f13cef19e01d11d3d2def0ca41ed26	d__Bacteria	0.7220171023273054
04625f3246d124cad609fb9c245a6b90	d__Bacteria;p__Proteobacteria;c__Alphaproteobacteria;o__Rickettsiales;f__Mitochondria;g__Mitochondria;s__	0.8596873745014875
ceb186183ffe54c4cc570f0cedb64693	Unassigned	0.5059786752232482
37a300de2881788a895d8e4d05eafb88	d__Bacteria	0.8535508969782053
f075f5c0b3921217555ba34558c36e59	d__Bacteria	0.7756946644093343
0e0e80406df2a710960e566c8be9127f	Unassigned	0.3172472247033865
0d575dce1ea232554464b64d9200b687	Unassigned	0.3374066727217061
a189664f39bda2ce5b613c5b03290c07	d__Bacteria	0.7886494411833902
c705ffd4971ceb9cd49a8e0303c3f0f5	d__Bacteria	0.7343952409877306
ef856066b68efc690aad5b6b710b2acc	d__Bacteria	0.713083116248227
38687b56b0fae27caa971894a669b615	Unassigned	0.461117830787089
e94a9f91d552a861f3d55458e1e9d7d7	Unassigned	0.30259901104793063
ba7fb1b3024d0284fc06720ad9a738bb	Unassigned	0.30765197983908643
cdb0d361061281567351e3f7a53aac08	Unassigned	0.3287515096793784
b6bd31bb966588a6dcda342f2db642da	Unassigned	0.3333682565114713
6638a834ada7ea3ec14519cee2226b3f	Unassigned	0.34493675171779736
8b7d6209e279adad4b3b9312abe9aebe	Unassigned	0.32871216147468985
18c8dd086fd38b233ab0f8e671b4c5cd	Unassigned	0.5729181677606632
3bc4d91517f02f8a082cbb08f050a65a	d__Bacteria	0.8931385925460372
bbc419533cec1c24d185b83532d4a747	d__Bacteria	0.8884627258919091
5055e1d6ba2f88c4247518bc640cab31	d__Bacteria	0.8085445442639729
933614696a0131248ceb785e96d85d0e	d__Bacteria	0.879578229588402
5bd4aa51145165a58b554436160a8b16	Unassigned	0.3891987315546114
6b58518fb6301447107da32a087770ae	d__Bacteria	0.8496214767863969
2b9b675a05cdd37d835418dd5c2478d0	d__Bacteria	0.7414059737271708
e48764bb4d711e8f3509d0897f40b1b2	d__Bacteria;p__Proteobacteria;c__Alphaproteobacteria;o__Rickettsiales;f__Mitochondria;g__Mitochondria;s__	0.7467338664770259
1bc343e36ebebb7361fc45fe5a89a918	Unassigned	0.5357718965655007
f78350bef7d94f24671415a6cbb778d2	d__Bacteria	0.7729645803707054
c2124b28f53e1cc3dde7eb33b440d44a	Unassigned	0.40085574006364744
a91dda8070a89b9b664a25b1d36f34c0	d__Bacteria;p__Proteobacteria;c__Alphaproteobacteria;o__Rickettsiales;f__Mitochondria;g__Mitochondria;s__	0.7610978391000064
d41b76decde1193c4ccc3fc149c50d33	d__Bacteria	0.951347007322929
6d8e10b03f80c7e4c5fd589d9d2295f7	d__Bacteria;p__Proteobacteria;c__Alphaproteobacteria;o__Rickettsiales;f__Mitochondria;g__Mitochondria;s__	0.7133004956841635
7d2d8d785f3d92013adeb9704302b87a	d__Bacteria	0.767388784358253
5d5c5b18f52b51fa2d961e809484d0d2	Unassigned	0.3602517308193339
dafcfc04101dd7a9b8b9859462efd19f	d__Bacteria;p__Proteobacteria;c__Alphaproteobacteria;o__Rickettsiales;f__Mitochondria;g__Mitochondria;s__	0.8280053432021065
d6d624360dd578c101207aecb92cba8f	d__Bacteria;p__Proteobacteria;c__Alphaproteobacteria;o__Rickettsiales;f__Mitochondria;g__Mitochondria;s__	0.7633311892757738
91591b92c2e6db45f8d662776b9e4c10	d__Bacteria;p__Proteobacteria;c__Alphaproteobacteria;o__Rickettsiales;f__Mitochondria;g__Mitochondria;s__	0.7138345297775144
d5dea0fe6c7de02ba7f2c8a2f9d41e38	Unassigned	0.475651901193352
1b21d74ca2af3c071b939e8eeaa0855f	d__Bacteria;p__Proteobacteria;c__Alphaproteobacteria;o__Rickettsiales;f__Mitochondria;g__Mitochondria;s__	0.7397093676714986
7c29f58421d00a2faec63c47e6b976bd	d__Bacteria;p__Proteobacteria;c__Alphaproteobacteria;o__Rickettsiales;f__Mitochondria;g__Mitochondria;s__	0.7470039548104814
0889d3749085a4950405fb9dc7f8f3ad	d__Bacteria;p__Proteobacteria;c__Alphaproteobacteria;o__Rickettsiales;f__Mitochondria;g__Mitochondria;s__	0.8123970147755752
e3270893fb60f4d26b5164cb447b5b42	d__Bacteria	0.7293672089125166
177e3af8a3c33dc17fa7fc2984ab03c4	Unassigned	0.3568103692583413
831791425426a98cf09b761cf89740ea	d__Bacteria;p__Proteobacteria;c__Alphaproteobacteria;o__Rickettsiales;f__Mitochondria;g__Mitochondria;s__	0.8397080440556284
e23d5a1aee4d729b967b49d214ffe381	d__Bacteria;p__Proteobacteria;c__Alphaproteobacteria;o__Rickettsiales;f__Mitochondria;g__Mitochondria;s__	0.9132072984793514
d77db85f70bde3dbcec4089a2655905d	d__Bacteria	0.7476654179318232
467e11747642d34f15976f8a6093c59d	d__Bacteria;p__Proteobacteria;c__Alphaproteobacteria;o__Rickettsiales;f__Mitochondria;g__Mitochondria;s__	0.84748557468079
72c94424382506e2e2a1894ba9c0a52d	d__Bacteria	0.8052787812428644
5dc505a549203b696a0fe762b2cf821b	d__Bacteria	0.7958972326782447
b240f874a04b64036e76dfe221201876	d__Bacteria	0.812412072978259
7e44391c848147884a6515b7ee8e66e5	Unassigned	0.3436023120996009
3d3725e480e509c768450a9d7b82344f	d__Bacteria;p__Proteobacteria;c__Alphaproteobacteria;o__Rickettsiales;f__Mitochondria;g__Mitochondria;s__	0.8416971791214375
347457ae3dfd72f9acc1c0772b823350	d__Bacteria	0.7540710946199545
9af74deab7921f632978f0af92ae24dc	d__Bacteria	0.8780530854537104
3892079b1835c5822355eae03cef27d5	d__Bacteria;p__Proteobacteria;c__Alphaproteobacteria;o__Rickettsiales;f__Mitochondria;g__Mitochondria;s__	0.7217872366166871
b8e43da4906a0194879ed1c02f79bfe2	d__Bacteria	0.7891000390879163
3a5b9561f4deeb4b975c930afeb7afcd	Unassigned	0.39320431370331177
d431dc9b39e24a31a32ec686bd882f50	d__Bacteria	0.7105162962732295
bb0c3dbdfa4fc5c18d72d622d033e6fe	d__Bacteria	0.7423195515769012
30b4eedeeda0c1b076a586536eea3d5f	d__Bacteria	0.7119583597073399
0c5d836ce57bc17d9e7d68ac5097c616	d__Bacteria	0.7111633444708942
cf9fd1c6582cbb6f63efdc05ec62ae09	d__Bacteria	0.7326061689771498
02f0045cb872c1db1885f16d8b62cefe	d__Bacteria	0.7058647143383476
31527e1f4fe5f0222f1316ed609225ee	d__Bacteria	0.9025638596314097
e5ca447b9034cd7604a5b449eebbc633	d__Eukaryota	0.7659782181964991
77b873d72c232134bbcc4c38c5cba796	d__Bacteria	0.7253101895539883
3bf4fa0b9527b100f4f66a26ef96def2	d__Bacteria	0.8112267592294611
28ebe65554f739e90a1e64c6875c5e89	d__Bacteria;p__Proteobacteria;c__Alphaproteobacteria;o__Rickettsiales;f__Mitochondria;g__Mitochondria;s__	0.7964961507992905
e4ca209f391322b2a5ed9d83bdda5873	d__Bacteria;p__Proteobacteria;c__Alphaproteobacteria;o__Rickettsiales;f__Mitochondria;g__Mitochondria;s__	0.805218740388913
11a5561a3d46736d4306683e88838ba9	Unassigned	0.3350792561523669
b02415ce38450df0d1ff81b6eb9431c6	Unassigned	0.37136344114655984
d3d13899bbf791838ed5fb2eea4f5a4b	Unassigned	0.6944886204531685
01e7d4a16dc485a285944c31a01a0450	d__Bacteria;p__Proteobacteria;c__Alphaproteobacteria;o__Rickettsiales;f__Mitochondria;g__Mitochondria;s__	0.7435729670198057
e2b3af2f627c6dac3d61b527c62626b7	d__Bacteria;p__Proteobacteria;c__Alphaproteobacteria;o__Rickettsiales;f__Mitochondria;g__Mitochondria;s__	0.7966241243558783
8117280c67b7abb920b48bb969c9e6f6	Unassigned	0.33119373283195985
61b8c6f0cf91d3acd7604a7119abea5f	Unassigned	0.38818896159593974
9a0f1adec16ce6901a13f915b492a39e	d__Bacteria	0.795831295544466
444f4b7ffcb2385d7e93236d65a7ebc2	Unassigned	0.5860749473809359
4e5773984304bc02d4e442c48c394a61	d__Bacteria;p__Proteobacteria;c__Alphaproteobacteria;o__Rickettsiales;f__Mitochondria;g__Mitochondria;s__	0.7641270219437485
581004d00a2058c31b433172a3679783	Unassigned	0.3793500393893059
8a30c33f9fc2366650512d86c3de0217	d__Bacteria;p__Proteobacteria;c__Alphaproteobacteria;o__Rickettsiales;f__Mitochondria;g__Mitochondria;s__	0.7569305296639717
2cd433c2a79acf20b1f05c03e349661d	Unassigned	0.34447934776192446
9d8ba21ef7874edeb0ccdc8bad5ba2de	Unassigned	0.4315120907222625
02504c12e17cc4a3b0f1641d3875abec	Unassigned	0.3204528893368439
7420a2cc73bb855b5649f05b1fef0a43	Unassigned	0.36409068891303387
526aa1981777dd438f92c646dffd6cb6	d__Bacteria	0.8085698747040031
d8dfde2ae251406ad4002b00f4cb4e57	d__Bacteria	0.795523962346175
d658069f2de08201ad843705afb998f8	d__Bacteria	0.896725860817407
9db731bdd06c9ad9c2d01f516c3f28ba	d__Bacteria	0.7495698763313297
bbef96a5a83ff64e1f98a28f3b3e3e84	d__Bacteria	0.7686095127305278
9e3ac213271d46e330af82c94b5f33fd	d__Bacteria;p__Proteobacteria;c__Alphaproteobacteria;o__Rickettsiales;f__Mitochondria;g__Mitochondria;s__	0.8452224743047075
1691464db3488d5be5e8128d15526c46	Unassigned	0.6444884147636876
dbaa445c305f193c8e21b7eacd4cffba	d__Bacteria	0.7515754995417743
89c3a53c7b6568f09b11264ccdfff6aa	d__Bacteria	0.8134757944378724
c2365c86e73ed37667fe30be8cda6869	d__Bacteria	0.7823487993642616
92aa38e337e779841de9f6b17d7d44ec	d__Bacteria	0.7049453591603042
c47db303796401f88f3974defc623b80	d__Bacteria	0.8004545181495878
de91106df83bc67652a181117a77b973	d__Bacteria	0.8865491484147873
b66bff9af46cbd44dcdb28d3261b045f	Unassigned	0.48033610784790637
52452db1fe50935fafff5ad44aaa818a	Unassigned	0.3029072288220308
79179ec5b6dbcd9bb763604dc778812f	d__Bacteria	0.7372389403321538
f320be415bef7a7da8fa64acf4ad0e90	d__Bacteria	0.831562935624478
33d014c0011fb552eec4fe6079e8a921	d__Bacteria	0.7883895917341073
e560e426843c1cff414889ee206df151	d__Bacteria	0.7183163923923994
0aed9be6b571cdfb7d33ece50dadd473	d__Bacteria;p__Proteobacteria;c__Alphaproteobacteria;o__Rickettsiales;f__Mitochondria;g__Mitochondria;s__	0.7735687964553649
94c5672321f351f93f497f21b708e2ca	Unassigned	0.4567951752842515
fdb7839670e58e9e0e6db6d2ef2cc043	d__Bacteria	0.7426420812195599
29e9e96499203cb1a49fc2bf3f052ecb	d__Bacteria	0.8440210956016487
bdcc08d2064dc9ab443d9df678cbb2e0	d__Bacteria	0.8427798200208542
d79e4680a0309a763560791585706e3c	d__Bacteria	0.7758011047762315
536d6740b281d323cbbab71477b4f7ca	d__Bacteria	0.704251536310781
2e22f3f372a687ac02f99406e4be5adb	d__Bacteria	0.8003441098073386
e4de6501bd3377e3fdd5c9bff20fc5a5	d__Bacteria;p__Proteobacteria;c__Alphaproteobacteria;o__Rickettsiales;f__Mitochondria;g__Mitochondria;s__	0.7570711643193041
55c909a10db16ee5a59f7a19e0b79896	d__Bacteria	0.8924865153205244
d9709dbcb6167ed94bb0d9484ee5517e	d__Bacteria	0.7913758759316043
ce6652309836f406644c0021baa488f0	Unassigned	0.30977631192395294
1e92c66e34290b56227f01deed222ef3	d__Bacteria	0.8274817556530046
618b127872e22ba54acf3bd00ca5a47c	d__Bacteria	0.7811590057011784
1414d30b5cbd944d0096097977edb889	Unassigned	0.3042511094778798
f70fd7ea495c53d4097446585f43dc1f	Unassigned	0.3464513800438387
feb7f759f75712853d4c8c794fd08a9f	d__Bacteria;p__Proteobacteria;c__Alphaproteobacteria;o__Rickettsiales;f__Mitochondria;g__Mitochondria;s__	0.8388812345782516
d3e17e11b9e2e78ba42089bd8f217520	Unassigned	0.35720752255468746
89887c78798b5bead18deb10ce829c29	d__Bacteria	0.725347735947946
f27d3c65c1f8c013ec3d51b038e151cf	d__Bacteria	0.7173462621210749
fb6886e4ea7366453139a27b8436f133	Unassigned	0.5067924600003377
84f1ffe39878d5699cb3121e9dfde21d	d__Bacteria	0.8059120836786684
e54e071afd15cf7097adafd8a3a0e561	Unassigned	0.35180682890731274
25af41585e326e7ae5cb19ae5af5eb52	Unassigned	0.5436461321127661
cb8997c927ad649b2284a402d41ff062	Unassigned	0.3991622936086461
60b5a4a878b20c1050db44cbec5ca69f	d__Bacteria	0.7220237974184538
62e7d97cba2761ae58273189fc3cc6c7	Unassigned	0.6121621794401341
e77473b8bfbda2ba4d8c17302c6262c2	Unassigned	0.30323190241447184
ee48659b6c2f7dac4f4054ab70f8e974	Unassigned	0.5475410666831768
9b567588be109338c5d893573fbf2c4a	Unassigned	0.3101837497976586
3afe37193e94792a7fe459c9609188f5	Unassigned	0.3699746172344388
df4f6e6162388beb1b9ca6c75a360440	Unassigned	0.5706338426682536
b7a44948823c5b6d3425199ee95241c9	d__Bacteria	0.7048437109468842
bbbe398a12db13ac71de2280af8e8e3d	Unassigned	0.690914997590526
1597ff7f8ff46dfd9ac6929b3cffb1f9	Unassigned	0.3761945983444087
d47f4117875b850130656021699dd0df	d__Bacteria	0.733009669317167
982159487087e36869a7dc2356361431	Unassigned	0.5152770369575115
d7ac68b42d700133c5ea902b6480bcd8	Unassigned	0.4223671080828534
30e42953d221541626622d2377496663	d__Bacteria	0.8344576312425903
09065584c2fa6b403a87fb63861ea81e	d__Bacteria	0.7197610143591854
1a31c4946e6aedb6be375e437e5456e3	Unassigned	0.4515635251925719
ac74a6b76e99fb7459971e35c2793659	d__Bacteria	0.7009458704207168
47dabe1f82cd027ed50d7bac77ea8e5a	d__Bacteria;p__Proteobacteria;c__Alphaproteobacteria;o__Rickettsiales;f__Mitochondria;g__Mitochondria;s__	0.7284029481027227
04d64091e01d10e44543885983dd4be4	Unassigned	0.6011221236249534
72e82b903e999c52a7c5870ca4bf5a09	d__Bacteria	0.7426747425110277
b80c7d85c868a652c9a61f3c4f1a6289	d__Bacteria;p__Proteobacteria;c__Alphaproteobacteria;o__Rickettsiales;f__Mitochondria;g__Mitochondria;s__	0.903652454760167
f4888bec3b031b2f155f731ea11f9939	Unassigned	0.5680214826780958
a2925c8732f3b8a9fe386d0e60ca0b1d	Unassigned	0.4438615201699323
4e0227bf3219bb531c739931c3bed005	d__Bacteria	0.7404705531009694
15153d8ad7c3dd7af2e97f8fa03b3ce9	d__Bacteria	0.7587927500546858
6523c01f0aaca236ae8d0f43e063cfdf	d__Bacteria	0.7296729700412601
f66d6c536c523362c6ecee8120847ec4	d__Bacteria	0.7519808709104069
07a8d2db600a4eb7c77e73e1e4cd0075	Unassigned	0.4466806410706182
9769c1fb4b579921af941f0d3cb6f80e	Unassigned	0.6440476436724284
d30806bdf92c92145c4718e55d3bd07b	d__Bacteria;p__Proteobacteria;c__Alphaproteobacteria;o__Rickettsiales;f__Mitochondria;g__Mitochondria;s__	0.8476464740955938
6a35b872abb14b618f0ba0069c85a6c0	Unassigned	0.5634599308423106
c763620346b9353c92a6a7effa37a4eb	Unassigned	0.30337156143981947
7838afa653f3344755fe08d378c7edd0	d__Bacteria;p__Proteobacteria;c__Alphaproteobacteria;o__Rickettsiales;f__Mitochondria;g__Mitochondria;s__	0.7174414139141216
955ac545a9c106cfd3b620a3030a2ca3	d__Bacteria;p__Proteobacteria;c__Alphaproteobacteria;o__Rickettsiales;f__Mitochondria;g__Mitochondria;s__	0.7196241075059774
d17de0a80016832184d7c483e1e15bb7	d__Bacteria;p__Proteobacteria;c__Alphaproteobacteria;o__Rickettsiales;f__Mitochondria;g__Mitochondria;s__	0.7854705821633208
83f0f087bb8769d11a963ae9ebf62684	Unassigned	0.37788795322058133
97354d68865a88b9df584a8cde2c5793	Unassigned	0.4911929222750049
cb7918e7043aa0d6885a8d6b2822571b	d__Bacteria	0.7678145095299309
26dac46fe74694fdf176096e43afa4a2	Unassigned	0.362623769106308
7325e8bedbb03c00d7ec35ab7d6d3ea5	d__Bacteria;p__Proteobacteria;c__Alphaproteobacteria;o__Rickettsiales;f__Mitochondria;g__Mitochondria;s__	0.8889346798937141
bf72b511eead3fd3a088fadb216b98ea	Unassigned	0.6086811839773785
dad43e926110dd2c29a7a9824f4af942	d__Bacteria	0.7761478179627515
90c0a75e96c50523462dcff8885c163f	Unassigned	0.3076428992361192
8243490e8636c1eeb4bd9f72ce26bacd	d__Bacteria;p__Proteobacteria;c__Alphaproteobacteria;o__Rickettsiales;f__Mitochondria;g__Mitochondria;s__	0.8486776966587133
ed7d1e0da50490f16cfe70afdbcb93ad	d__Bacteria;p__Proteobacteria;c__Alphaproteobacteria;o__Rickettsiales;f__Mitochondria;g__Mitochondria;s__	0.8650485249792834
8d15410427d1ac656c8122d2576ecc08	d__Bacteria;p__Proteobacteria;c__Alphaproteobacteria;o__Rickettsiales;f__Mitochondria;g__Mitochondria;s__	0.7999155340185333
4bff2e62a5086c5c50239b998e6ccbb2	d__Bacteria;p__Proteobacteria;c__Alphaproteobacteria;o__Rickettsiales;f__Mitochondria;g__Mitochondria;s__	0.78307166144477
81ec0e1e05852d0b5859f2da93a68e32	d__Bacteria	0.7477688314974339
433c5f2ec75b9b7626101f6c7c412ba6	d__Bacteria;p__Proteobacteria;c__Alphaproteobacteria;o__Rickettsiales;f__Mitochondria;g__Mitochondria;s__	0.8424090523467669
47a3eec183a454beb3a3d559deb46335	Unassigned	0.5356022186692944
05cd928f46bc865fd3d43f365e032317	Unassigned	0.37501709261839744
45e590d981b35e7c684eb3d46ca76601	Unassigned	0.457784400808641
f4423077322728bf8553ae11021ebe90	d__Bacteria	0.8208603097651589
79f0eb847b46fa216b0fb5937b2eb44c	Unassigned	0.5197989294617424
28c9bdadd4baf8be49e69718be63163c	Unassigned	0.4420893116554363
aff33cae1bb791a7365cab4b1535cce5	Unassigned	0.6540664969669211
18c4a68d89146c6deab390c929269df8	d__Bacteria;p__Proteobacteria;c__Alphaproteobacteria;o__Rickettsiales;f__Mitochondria;g__Mitochondria;s__	0.9403296864584939
383295c39188a6fb0b7e1b30e76ed348	d__Bacteria;p__Proteobacteria;c__Alphaproteobacteria;o__Rickettsiales;f__Mitochondria;g__Mitochondria;s__	0.7587706362950428
e629d451a8a65803a1f25c2ff167b7ab	Unassigned	0.5569024083521799
6cbb7a2e568486fe69efb1fe5944aa21	Unassigned	0.7010393611632719
4eb48029df7c867729fbaeb8ff189336	d__Bacteria	0.7222723349483632
d14481491540d47ff4a0585f58c54610	Unassigned	0.37215069827604796
d4d09de4e9f3dd0f5b43ce72da9fc0b8	d__Bacteria	0.7035183473065163
4f7292f8677ea73f7ee952add76f0c4a	d__Bacteria	0.8078880686591292
aa71500887cf3bd2e9cfb6d5fcdff879	Unassigned	0.3134360184800882
b952569013563765cf28e563e4f62050	Unassigned	0.3156732405503059
044dff500891ffcf72c64c623728729f	d__Bacteria;p__Proteobacteria;c__Alphaproteobacteria;o__Rickettsiales;f__Mitochondria;g__Mitochondria;s__	0.9451088060357837
1dcff51fecbd0acae2c11a1b7429408e	d__Bacteria	0.7590566391815596
51a847023863f51d7ffd738999567dce	Unassigned	0.3369867731204469
5673741437aa20acb5503eeebc8148ba	Unassigned	0.6383941136561629
8978e2e6925c9c8bc95fac49d70947fd	Unassigned	0.3566975521233795
73cce3e2ffff77d5bc83e669860e8c2c	Unassigned	0.47756974615786385
a81287d7994023d93ca7d34430902347	d__Bacteria	0.8149246913438529
bd3998ce2c01bdd5fb9660d059227fd7	d__Bacteria;p__Proteobacteria;c__Alphaproteobacteria;o__Rickettsiales;f__Mitochondria;g__Mitochondria;s__	0.9298596394734311
77a8833fb095393d209e8a0250ad850e	d__Bacteria	0.8791284914954027
f11db75ec23f53d255a410bde7e8e0b1	d__Bacteria;p__Proteobacteria;c__Alphaproteobacteria;o__Rickettsiales;f__Mitochondria;g__Mitochondria;s__	0.8091437026535986
dee0605ddbeeca4b1b2bf3d9f7e63ff2	d__Bacteria;p__Proteobacteria;c__Alphaproteobacteria;o__Rickettsiales;f__Mitochondria;g__Mitochondria;s__	0.7762922054262631
e6de01fb65bb08b1b4a43d7edb15e162	d__Bacteria;p__Proteobacteria;c__Alphaproteobacteria;o__Rickettsiales;f__Mitochondria;g__Mitochondria;s__	0.7733135048464668
5f17e02897063899d575b93553e11750	d__Bacteria	0.8406127447316857
dbe6ca582dccd199c91f23dc627c3abf	d__Bacteria;p__Proteobacteria;c__Alphaproteobacteria;o__Rickettsiales;f__Mitochondria;g__Mitochondria;s__	0.8414708991286277
87fd501a6e673728c56052a2452e08fa	d__Bacteria;p__Proteobacteria;c__Alphaproteobacteria;o__Rickettsiales;f__Mitochondria;g__Mitochondria;s__	0.8261305624474858
1d62540043134a9ce67ad29ac8b3faf7	Unassigned	0.39429616427252967
9740bc426ae17a74f4ac2c94f24b3600	Unassigned	0.4792445686340998
5471231a4d9360f0ffde8a5324351051	Unassigned	0.40946066939104375
5415850838a0c588a76168b6a9632ce4	Unassigned	0.3250127316915301
d04847fa0d9470b8cd6f6ffb9c13537a	Unassigned	0.3676380202455515
d66d21cccb935cd3e8c809d8f4a60465	d__Bacteria;p__Proteobacteria;c__Alphaproteobacteria;o__Rickettsiales;f__Mitochondria;g__Mitochondria;s__	0.8902063041051018
61f999e2df5e8d227924594dadab47b9	Unassigned	0.34238240908385664
e5907e075b945f4249410d3f59c8d05b	Unassigned	0.6919523570914741
8e214814a85938b1fbbeec768895ee7e	Unassigned	0.33573450217518563
1c1eaecee0d64181a955a28b7c31b54c	d__Bacteria;p__Proteobacteria;c__Alphaproteobacteria;o__Rickettsiales;f__Mitochondria;g__Mitochondria;s__	0.7978771317273279
87ff378ceb8f112a623845e28d37cfb7	d__Bacteria;p__Proteobacteria;c__Alphaproteobacteria;o__Rickettsiales;f__Mitochondria;g__Mitochondria;s__	0.7876082509487548
c2bbb8015f2951068e08975827cc73aa	d__Bacteria;p__Proteobacteria;c__Alphaproteobacteria;o__Rickettsiales;f__Mitochondria;g__Mitochondria;s__	0.7086031194252804
662298101bcc3cf22dbbb9bdba4b684e	Unassigned	0.4792947498742115
4a9073b32ccc520708f07d68854448a9	d__Bacteria;p__Proteobacteria;c__Alphaproteobacteria;o__Rickettsiales;f__Mitochondria;g__Mitochondria;s__	0.8761594818958637
2e581f3bb958c2f121ebb979910bfb90	Unassigned	0.5698155871917308
096c39978434ae46083a44c51ffe878f	d__Bacteria;p__Proteobacteria;c__Alphaproteobacteria;o__Rickettsiales;f__Mitochondria;g__Mitochondria;s__	0.7643192567255568
25d331112413b2d980e6043d1be045a3	d__Bacteria;p__Proteobacteria;c__Alphaproteobacteria;o__Rickettsiales;f__Mitochondria;g__Mitochondria;s__	0.7519690206364826
99af8000e35b513ce9bfa5e5a025ac0b	d__Bacteria;p__Proteobacteria;c__Alphaproteobacteria;o__Rickettsiales;f__Mitochondria;g__Mitochondria;s__	0.8328388319668707
fed7f4497878574639e033ed8a3ab234	d__Eukaryota	0.7099750396589433
2d43d65effb3e8ccc8a6de941becabf1	d__Bacteria;p__Proteobacteria;c__Alphaproteobacteria;o__Rickettsiales;f__Mitochondria;g__Mitochondria;s__	0.7567132016452085
5f31b1c353ae97e40538188bc470439d	d__Eukaryota	0.7171496620686989
14f12f7efb949f0f83911b68e0aa92ff	d__Bacteria;p__Proteobacteria;c__Alphaproteobacteria;o__Rickettsiales;f__Mitochondria;g__Mitochondria;s__	0.7083854608924064
c07f539f3b59ccd1d453dc972913f7f9	d__Bacteria	0.7785694555325474
bc98d1d1fed0e74878679ac5fe965d31	Unassigned	0.39676541173028035
4819aa37358fae57a178f71053f45876	d__Bacteria;p__Proteobacteria;c__Alphaproteobacteria;o__Rickettsiales;f__Mitochondria;g__Mitochondria;s__	0.8194673266806625
bcb67d80dc031de2bdb061becbe30c1b	d__Bacteria	0.7814921760038374
a8c44bea2dd9e7f8debe6deb322bbe6e	Unassigned	0.3781387602105557
2bd3fdcd5c107c0782ec785c3345bfaf	d__Bacteria	0.738874230902885
bb0b2fd0c2334f293dcada19c3a9c938	d__Eukaryota	0.8195697527659646
d82391bd7f7bdb913320a97f532b4cd2	d__Bacteria	0.7992360283409529
6dcedd0414889503c8fb237f3ca8c4b9	Unassigned	0.3415832179223838
710874ad1b9f95c5bf20da55c983d715	d__Bacteria;p__Proteobacteria;c__Alphaproteobacteria;o__Rickettsiales;f__Mitochondria;g__Mitochondria;s__	0.8327619506806487
9b75cf4ab84b5da62b1b79f2914728fc	Unassigned	0.7814973806391288
a8ef61f465afcd23ead14634b1c72b95	d__Bacteria;p__Proteobacteria;c__Alphaproteobacteria;o__Rickettsiales;f__Mitochondria;g__Mitochondria;s__	0.8599947007438015
e17e69a26b700f8b6cce20c80d3b8288	d__Bacteria	0.7168410344036386
b4cb7f8555c9d7f767f8217c09c43590	d__Bacteria	0.8671330143517423
4ff43396577d4c33a4416655d9fac2b5	Unassigned	0.3613660505468024
c49caceee37fe3df7655be9d8fcb68ad	d__Bacteria;p__Proteobacteria;c__Alphaproteobacteria;o__Rickettsiales;f__Mitochondria;g__Mitochondria;s__	0.8639396947698155
707bca481d7d1bd1aa4a9471bd9b2262	Unassigned	0.3578320025550811
1a01b1bcd2a97ad4145e01fe25e3c193	Unassigned	0.34982529841928556
0c27ccb4bc89e055b9638cdead10f52e	d__Bacteria	0.7833885484912593
0c9177a3039f75d1cf3cb0417b1976c9	d__Bacteria;p__Proteobacteria;c__Alphaproteobacteria;o__Rickettsiales;f__Mitochondria;g__Mitochondria;s__	0.8422100604147017
75733786144e250e39f7faadfe73c819	d__Bacteria;p__Proteobacteria;c__Alphaproteobacteria;o__Rickettsiales;f__Mitochondria;g__Mitochondria;s__	0.731845845319327
2bc6108aeaf2a76765385a6cad607c7d	Unassigned	0.5861122513015661
f977fdd924983c73a4ea88ffd4e9af3b	Unassigned	0.49434045401694116
2ca54e628fb8971a91461e289d8bca8d	d__Bacteria;p__Proteobacteria;c__Alphaproteobacteria;o__Rickettsiales;f__Mitochondria;g__Mitochondria;s__	0.7811078118150132
d5ba46ec0f57b0a819e75a710ed3fc27	Unassigned	0.44875329947850473
dc95b72cf051184c10ed1c4b109f944e	d__Bacteria;p__Proteobacteria;c__Alphaproteobacteria;o__Rickettsiales;f__Mitochondria;g__Mitochondria;s__	0.849275145579399
6f0c29c9d5a785b953104f054c75a935	d__Bacteria	0.7576941628175116
1e32f125f2fa76c9fafff31d0858ae3e	d__Bacteria	0.7435162699711322
d39e7f6ca78b2894d50ba4d443730696	Unassigned	0.43626400310701063
eaf9b6f3824a1e700795af56812a2175	d__Bacteria	0.7239555258489883
3de35f742c15fe44fadf8fc077e1dc96	Unassigned	0.6529170879530815
ea8343d68ea599e71f4a26182d17a5e9	d__Bacteria;p__Proteobacteria;c__Alphaproteobacteria;o__Rickettsiales;f__Mitochondria;g__Mitochondria;s__	0.9120016263119186
3a688abc1e3935fabd263058f91ee7f7	d__Bacteria	0.7264500070805989
6ff6850dbbd9da780b0596c2f3132084	d__Bacteria	0.7222816211133772
4be0267e836f0baf83622746f5b5ef45	d__Bacteria	0.8448650545403809
698582057a4229835717dfaa555446d5	d__Bacteria;p__Proteobacteria;c__Alphaproteobacteria	0.7000008668343933
29f1b83c51f9d120b71b250a561d3b86	d__Bacteria;p__Proteobacteria;c__Alphaproteobacteria;o__Rickettsiales;f__Mitochondria;g__Mitochondria;s__	0.7923771989255742
45d9046d180e8efbe35be089b9de66e9	Unassigned	0.39098078054903485
d982ba8d3968767f32499b57ba3d1172	d__Bacteria	0.7480015605069232
6c9f28066dbb78c6781009565bf070dc	d__Eukaryota	0.7482217428291
11a7612b1d11c1dfa8c51874dbe9ec18	d__Bacteria	0.7902814553944416
27c65820f47cc303c9e847493b9f5563	Unassigned	0.35608098480998884
0975fdc956b45f6b2af7c9d4926038a6	Unassigned	0.39843268540498966
530b04fab9c389468128f10f534b9c65	Unassigned	0.5729483934760448
ca6792e7c88c35b08ac8c91745faf102	d__Bacteria;p__Proteobacteria;c__Alphaproteobacteria;o__Rickettsiales;f__Mitochondria;g__Mitochondria;s__	0.8400032273632295
fdcf0c5768502fe8bed1044a34ad9a59	d__Bacteria	0.7212313246890716
8d22eeec538ad9d8ade92f41d5fe9fdb	d__Bacteria	0.7915682010542838
f491bc88671698d278b05404238d3953	d__Bacteria	0.7520586253469701
394928c3de9177713d5040669e067ee9	d__Bacteria;p__Proteobacteria;c__Alphaproteobacteria;o__Rickettsiales;f__Mitochondria;g__Mitochondria;s__	0.8038560306418208
dae6a6737ec6637bbc8fe4f5c3138af0	d__Bacteria;p__Proteobacteria;c__Alphaproteobacteria;o__Rickettsiales;f__Mitochondria;g__Mitochondria;s__	0.7062491061186679
545bc4f220bdd50fb65889f56bf20c57	Unassigned	0.5132294662348966
b3537d36320795c7b782b04056cbdcb7	d__Bacteria;p__Proteobacteria;c__Alphaproteobacteria;o__Rickettsiales;f__Mitochondria;g__Mitochondria;s__	0.7291114767961233
1ed2952a3d5690099987e4a3c50e6834	d__Bacteria	0.8232868756137472
0255c902886a9cc42e78c99ca6323e6f	d__Bacteria	0.7221564505803585
3dcab11d0a7e7317b11e98b1acf94d1f	d__Bacteria	0.7326198170561148
342f36097a5d1090e7171cf40bbaf57a	Unassigned	0.30490650006766973
96488644e992a9dc958d72ed68d9afe1	d__Bacteria;p__Proteobacteria;c__Alphaproteobacteria;o__Rickettsiales;f__Mitochondria;g__Mitochondria;s__	0.9172285318139182
0f5bfb7f100019df4502a21e5a60b9e0	Unassigned	0.6637963798562387
2411c1aee90c7b17e02ad59539f88c8b	Unassigned	0.5204583064209019
e9ad51dc8664bb2be5acfcc362b0d333	d__Bacteria	0.8278281239996899
1254bc9e551dd18d520551a38fce3eca	d__Eukaryota	0.8623964260000082
715624a28b30896fdaa35e5a0716e0e1	d__Bacteria	0.8063956855975858
e5ff17369092d0d28d4f38677415760a	Unassigned	0.3734464761248991
a23dd0e41f09cf88a7802b66f85886fb	d__Bacteria	0.7222128173381936
46562477666503f0e623e5a640b7fea8	d__Bacteria;p__Proteobacteria;c__Alphaproteobacteria;o__Rickettsiales;f__Mitochondria;g__Mitochondria;s__	0.8874218391976553
307f2603d81f268603766839b80c36ca	d__Bacteria;p__Proteobacteria;c__Alphaproteobacteria;o__Rickettsiales;f__Mitochondria;g__Mitochondria;s__	0.8711604532519902
00cc692a939d6b20565c144cb0b05527	Unassigned	0.4505618905023633
06ff1828cb57dfd8a37c11056957e868	d__Bacteria	0.8499241678022642
35abf91526918844f5316b7fceaee739	Unassigned	0.5015754403694437
b5929a57711a8132756c0131f366f405	Unassigned	0.412562339063522
545c3670bc1fce2a5c446446b627d4e7	Unassigned	0.7311708152672709
e129280a32d15d088c70ebe103c00823	d__Bacteria;p__Proteobacteria;c__Alphaproteobacteria;o__Rickettsiales;f__Mitochondria;g__Mitochondria;s__	0.7561191387741241
5ca88ad1f746ea97f6dc811e4acbf2d4	d__Bacteria	0.7088515573365252
a98990d0547a8124e9eaae60465c4d20	d__Bacteria	0.8104234589082624
51bf94bf6431c9c5777774a22653da3a	Unassigned	0.31679724503283946
b0c02c24628b91e4be9b5e5a1496965d	d__Bacteria;p__Proteobacteria;c__Alphaproteobacteria;o__Rickettsiales;f__Mitochondria;g__Mitochondria;s__	0.7526863002711092
22de911a814980bde84b7554ebfb1f7f	Unassigned	0.3698035436595518
62dc9c3875fb9ad7db6659f1a31bb4bb	d__Bacteria;p__Proteobacteria;c__Alphaproteobacteria;o__Rickettsiales;f__Mitochondria;g__Mitochondria;s__	0.7926473606054336
ed4b0e3a00a6cce57a7d62730f589d51	Unassigned	0.3725480718877827
801e94514c3a54dea5d0035f68b3634a	Unassigned	0.5440134371541745
346252b514c989f8e57ff5b7171d6603	d__Bacteria;p__Proteobacteria;c__Alphaproteobacteria;o__Rickettsiales;f__Mitochondria;g__Mitochondria;s__	0.9381732302092551
b7284478a24e6a5bb2a15490927c3e0a	d__Bacteria;p__Proteobacteria;c__Alphaproteobacteria;o__Rickettsiales;f__Mitochondria;g__Mitochondria;s__	0.718002310158043
507d34b017dfae6ca93c6e42ac335eb6	d__Bacteria	0.7006545497408838
a85ded496a2f0cf883b0e3c22b188074	d__Bacteria	0.7842257092059819
77ec7ec0c457ede6b06eeb11dd6f67f6	Unassigned	0.41732794162980025
bd41fb6d2e10d4ee676035e021150202	d__Bacteria;p__Proteobacteria;c__Alphaproteobacteria;o__Rickettsiales;f__Mitochondria;g__Mitochondria;s__	0.7047982309747762
2d4d8eadcaa9d95ab3a8efa655b8f285	d__Bacteria;p__Proteobacteria;c__Alphaproteobacteria;o__Rickettsiales;f__Mitochondria;g__Mitochondria;s__	0.7489712400589434
13dbf52c57a9cf1dff830c0d52760d1a	Unassigned	0.5389442244161426
e66a2efedb8f937c4be48ff20271259e	Unassigned	0.3511752121360735
c67aba6d4b03eec1fb0e30707a6421df	d__Bacteria	0.7336491023071137
b60f98d5a9e64046b137894d9f40f215	d__Bacteria;p__Proteobacteria;c__Alphaproteobacteria;o__Rickettsiales;f__Mitochondria;g__Mitochondria;s__	0.7872784177608292
a261e290dd2d3ad1017ec3d320c6ac7f	Unassigned	0.46689450713663616
323ebd765c98c56c26c64afebf44d3a5	d__Bacteria;p__Proteobacteria;c__Alphaproteobacteria;o__Rickettsiales;f__Mitochondria;g__Mitochondria;s__	0.7954279016092204
f5e4ce184106e814ade682b2d059448a	Unassigned	0.3644162036068346
4f4effb8d4f8a055b6f1b26f2f3069ee	Unassigned	0.38658630511423364
d1e52a5784d99f9fd1315577398030ee	d__Bacteria	0.7847748054257333
8288d8cc653ff7e6bc0d4af319e96072	d__Bacteria;p__Proteobacteria;c__Alphaproteobacteria;o__Rickettsiales;f__Mitochondria;g__Mitochondria;s__	0.9140665683273868
53d96cea0df422effa7ff4255a455e35	d__Bacteria;p__Proteobacteria;c__Alphaproteobacteria;o__Rickettsiales;f__Mitochondria;g__Mitochondria;s__	0.7753895986249284
b996b76d734a755764aa111e461654e4	Unassigned	0.3059631445377804
175f1821abe52d45fef310643bf2b567	d__Bacteria;p__Proteobacteria;c__Alphaproteobacteria;o__Rickettsiales;f__Mitochondria;g__Mitochondria;s__	0.7993308039659386
26beaeb276410d8454ae3cce20b06910	d__Bacteria;p__Proteobacteria;c__Alphaproteobacteria;o__Rickettsiales;f__Mitochondria;g__Mitochondria;s__	0.723447115058153
ffb1855a7b0daaf42730b595b4a88773	d__Bacteria	0.7709697571409481
06ffa85b344813ea72e73e56fe634959	Unassigned	0.4361042056939194
350df8a2067276142a7ba7999c317483	d__Bacteria	0.859193881963784
6db945d737a33fc04ce185e4fc4c5c44	d__Bacteria;p__Proteobacteria;c__Alphaproteobacteria;o__Rickettsiales;f__Mitochondria;g__Mitochondria;s__	0.8499009422555787
a80f679d0e4c5e5713aa718a028e69a4	Unassigned	0.38937721938978787
ba2c4cb0fbd22bab80c5cf877a20d1bb	d__Bacteria	0.8300399825100243
b0fda2a824127d8cc05a9748be5c5333	d__Bacteria	0.7208024939778073
3c4124addc321abd472f7e381dc88224	Unassigned	0.5029538118931807
cf1ea8ee4fd0fd20a427ac28a92d812f	d__Bacteria	0.7158384329929937
5d5c700ef599185dc2c056ac9acb829a	d__Bacteria	0.733261903448939
2f172da561818e32bde52faa790949e9	d__Bacteria	0.8322180723444966
672e69db5f6b697bb7007ec33093656e	Unassigned	0.40738247546305395
e3a9ea67cc92dfc504d34d4335b8d90e	Unassigned	0.5389569998580597
d8ac9415fd4313eec1d19c399b80166a	Unassigned	0.4837742740585709
5c461eeace3244eabced7c8e96e564b2	Unassigned	0.40592916720605743
3da1425f63b306d174204a599918ca27	Unassigned	0.46547242025089586
1ac03958dd6d2671b26fe971279e83fe	d__Bacteria;p__Proteobacteria;c__Alphaproteobacteria;o__Rickettsiales;f__Mitochondria;g__Mitochondria;s__	0.8573837026506534
55b8ebadb04bd6b244824fcf9240fdd4	d__Bacteria;p__Proteobacteria;c__Alphaproteobacteria;o__Rickettsiales;f__Mitochondria;g__Mitochondria;s__	0.8655890238187672
cc27432d2d68d1ce8218a0e9abdc1ae8	d__Bacteria;p__Proteobacteria;c__Alphaproteobacteria;o__Rickettsiales;f__Mitochondria;g__Mitochondria;s__	0.7184659586169904
7380dfadbb916b755908f3a94387873f	Unassigned	0.33371089304722057
fedc1fb8f1b1ef0117a95db179559996	d__Bacteria;p__Proteobacteria;c__Alphaproteobacteria;o__Rickettsiales;f__Mitochondria;g__Mitochondria;s__	0.7129456009905094
82aa5e805a70f0e0ab2abc2a72b6652c	d__Bacteria	0.7283343004321291
7ef3d006de72978f43d0a2999925e7b8	d__Bacteria;p__Proteobacteria;c__Alphaproteobacteria;o__Rickettsiales;f__Mitochondria;g__Mitochondria;s__	0.7761479189632488
f912259c16f19e1f9ebf67ce6f0adc35	d__Bacteria	0.7499584431408156
35d45fa5ec305246113af64e4601a3a0	d__Bacteria;p__Proteobacteria;c__Alphaproteobacteria;o__Rickettsiales;f__Mitochondria;g__Mitochondria;s__	0.9039361197748708
dada31ad5e1409e74798024500847076	d__Bacteria	0.7440208420224439
bf19fe715ca5bedabedf61573cf71a27	d__Bacteria	0.848195836731132
1bf34870842385c7deee55c3d756d29a	d__Bacteria;p__Proteobacteria;c__Alphaproteobacteria;o__Rickettsiales;f__Mitochondria;g__Mitochondria;s__	0.809762221343876
301bf4c3e04ed06c2e1d087f88553a29	Unassigned	0.5360995124435058
efc0a88f00ef74b4c723f37dbd2ca9dd	d__Bacteria	0.7167428771667959
f2d212eb6d2d5d45a24a5d8481beeab2	d__Bacteria;p__Proteobacteria;c__Alphaproteobacteria;o__Rickettsiales;f__Mitochondria;g__Mitochondria;s__	0.7241823514297001
e99e9e5ab5d509a63616a6e2957579cf	d__Bacteria;p__Proteobacteria;c__Alphaproteobacteria;o__Rickettsiales;f__Mitochondria;g__Mitochondria;s__	0.851388327095499
89b6f4aa4668de9833bb7349a8263b54	Unassigned	0.45558377668597094
165a1bed6821b8c6fedca1825e409702	d__Bacteria	0.8337722470451756
822bcef871cc6691513d13f10e0fc4cb	Unassigned	0.3875702677131083
70e1db749d992b6c2925f31e3f171a45	Unassigned	0.4391840198258933
2fc8e2ea7cea77fccb26c738ff09a51f	Unassigned	0.3860898628989685
0aabd226984f0e688b1294dd32ce11ac	Unassigned	0.3075483640561072
7a200218f6c935d3a625f29ad9005aeb	Unassigned	0.3098747382635121
1dfabe6a64184c31aca9e11cf1586146	Unassigned	0.38481186501278497
9409886907cd4f9fa1a27373c994f38e	d__Bacteria;p__Proteobacteria;c__Alphaproteobacteria;o__Rickettsiales;f__Mitochondria;g__Mitochondria;s__	0.8275653943996166
9bc7009df8626d791818854a36df9bd4	d__Bacteria	0.7158145921021147
edd0c0dc186de3c93f2c82f2577b145c	d__Bacteria	0.7585141286614301
f483a2914de3b21c704a10ef352fab60	Unassigned	0.7796568256600346
ca2f8261c4076d4a113ac2b470edf005	Unassigned	0.3227291392306628
adc6cb5b9acdf073ce949afc542759d1	d__Bacteria	0.7465385841208028
f1d79bd6221e62dac2a9415ee84937af	d__Bacteria;p__Proteobacteria;c__Alphaproteobacteria;o__Rickettsiales;f__Mitochondria;g__Mitochondria;s__	0.8850359442028894
bd7d7757f7c0b9d785c56f9db79e73e1	d__Bacteria;p__Proteobacteria;c__Alphaproteobacteria;o__Rickettsiales;f__Mitochondria;g__Mitochondria;s__	0.9155034356670552
44b1b98581fad96caa41dad273975211	d__Bacteria;p__Proteobacteria;c__Alphaproteobacteria;o__Rickettsiales;f__Mitochondria;g__Mitochondria;s__	0.7885715260387809
123e42189c764292ef52c73780f8df1a	d__Bacteria;p__Proteobacteria;c__Alphaproteobacteria;o__Rickettsiales;f__Mitochondria;g__Mitochondria;s__	0.7402359499159952
5a27db27a090ef9f9cec2e56ebe1a07a	Unassigned	0.36325182340976236
cd101beebe8bc0ee71ca1843277282d6	d__Bacteria;p__Proteobacteria;c__Alphaproteobacteria;o__Rickettsiales;f__Mitochondria;g__Mitochondria;s__	0.740537914643013
62c04c794c35fb56f8bbd028d9582748	d__Bacteria	0.7204453888438511
4a37acac7e946d345af0d48eb5de6add	Unassigned	0.4404535805316909
5667827078701c16ba832ce7a5eb2240	Unassigned	0.4836296884902186
0ddce18008dc3e77eb5e6daa4af39adf	d__Bacteria;p__Proteobacteria;c__Alphaproteobacteria;o__Rickettsiales;f__Mitochondria;g__Mitochondria;s__	0.8683303756538022
50ccf09dd75b5c73924b24f25836bd77	Unassigned	0.3197223369584622
b66039277317c9468751dc3c0026ebd8	d__Bacteria	0.7773872734947364
d4822ea6d74d7111407b35c662bf4c9c	d__Bacteria	0.7092164030234153
3d02501db5a491fa20f9450448c98fae	d__Bacteria;p__Proteobacteria;c__Alphaproteobacteria;o__Rickettsiales;f__Mitochondria;g__Mitochondria;s__	0.7140936382794122
0066d36c030d81139a546ce752d50538	d__Bacteria;p__Proteobacteria;c__Alphaproteobacteria;o__Rickettsiales;f__Mitochondria;g__Mitochondria;s__	0.857248217806053
7297b8163b1be2569b06c43df5c8290f	Unassigned	0.4584128137988731
e981247edd60a95eac2a77e5e831d826	Unassigned	0.4684775924542114
567a5ff8688bd3ebec394ffc802b5061	Unassigned	0.5217050399177732
58d4222c9986b4aa594da7e1f81d9cab	d__Bacteria	0.8901843238709117
379668a1e53e8b2d2ccea85fb451ee1a	Unassigned	0.5110821928103175
2bbfdde1fe282acf9d35b7199320576b	Unassigned	0.3383184017346327
b2b335275db3851e17ec1701e86f8cd9	Unassigned	0.3171855020737656
120a0a259a83896107377dd6e025f271	d__Bacteria	0.7438661790484228
c514e186a8cf51feb4f2681f17eae0cf	d__Bacteria;p__Proteobacteria;c__Alphaproteobacteria;o__Rickettsiales;f__Mitochondria;g__Mitochondria;s__	0.8496340128290021
fbbd987940144261023ea2cfbe693be4	d__Bacteria;p__Proteobacteria;c__Alphaproteobacteria;o__Rickettsiales;f__Mitochondria;g__Mitochondria;s__	0.834846719817168
9582c0115b15458e3f2c674f36af5d2c	Unassigned	0.43829157918249084
97854be4164e9cf1640e4e1bf2704735	d__Bacteria;p__Proteobacteria;c__Alphaproteobacteria;o__Rickettsiales;f__Mitochondria;g__Mitochondria;s__	0.9332895294466291
0e931f76f33bdde9edb6d02f8d4e5607	d__Bacteria;p__Proteobacteria;c__Alphaproteobacteria;o__Rickettsiales;f__Mitochondria;g__Mitochondria;s__	0.8723341877696386
d1b65d9edfdaefda9ef4cf5d7c378d98	Unassigned	0.32640637363104696
40a59258290e2256fdcfc1a6989c2617	d__Bacteria	0.8318205347801342
3bc9cc166f03e3293f4f5322237b5ac6	Unassigned	0.4730131507251646
3f7d68aca5a5166786db548a04797371	Unassigned	0.6312413788867159
5f22a48f7dd15662d7105e433d0ba852	d__Bacteria	0.7336494554532289
b464577ac678a148e2f8827b99a95708	Unassigned	0.33058796975662996
94317749d5749d2b71011f77e3983728	Unassigned	0.3339057199434874
738b3b44c2c9c6480a1d5eca5e555ab5	d__Bacteria;p__Proteobacteria;c__Alphaproteobacteria;o__Rickettsiales;f__Mitochondria;g__Mitochondria;s__	0.7282332495485897
65c3724bbd8ad3d283ee22145ac8f0f0	Unassigned	0.4575604233630143
8b8d1c8490b427bcf7d0c58b04096c84	Unassigned	0.5510622730357682
576033427e23a497239575d40ae1bad3	d__Bacteria	0.7658961854477784
e9b0d9e37d130393e231cec33b264265	Unassigned	0.36072387699306097
91b815eba24a29fc35b86bd5f4ffd0b6	Unassigned	0.32303681917654425
2ce0b05694547064762ed254a989defd	d__Bacteria;p__Proteobacteria;c__Alphaproteobacteria;o__Rickettsiales;f__Mitochondria;g__Mitochondria;s__	0.7978094044161891
94b26cdf6d3020b971fea0cf5a13991b	d__Bacteria;p__Proteobacteria;c__Alphaproteobacteria;o__Rickettsiales;f__Mitochondria;g__Mitochondria;s__	0.8520337787905198
00388d4417e797088670f6c2420fbb67	Unassigned	0.411848448650051
6bbb98304b37d251fc32fc32e334bb7c	Unassigned	0.5736532535222258
ec55656f4627962f6997c4a5bf9ffcd0	d__Eukaryota	0.8268097861471808
04ed98a628d48484de12042b953ebb77	d__Bacteria;p__Proteobacteria;c__Alphaproteobacteria;o__Rickettsiales;f__Mitochondria;g__Mitochondria;s__	0.7810739248817112
1e651aa8cc209b438e848d29171eb575	d__Bacteria;p__Proteobacteria;c__Alphaproteobacteria;o__Rickettsiales;f__Mitochondria;g__Mitochondria;s__	0.7641341833939299
b74572e28ff185f735ea7000ce1d609f	d__Bacteria	0.7653717330244991
9394c8c028c5d7bac38f26bbf0164bed	Unassigned	0.427002084612212
8547665fb0c81a304749b7095c8c6c94	d__Bacteria	0.7251177300945572
76d382d3516cb73501b86b0d4edd7366	d__Bacteria	0.7329100352039823
ac4cabd543adfcf868f773eff1937c38	d__Bacteria;p__Proteobacteria;c__Alphaproteobacteria;o__Rickettsiales;f__Mitochondria;g__Mitochondria;s__	0.751937597466304
d21bd4f6ee95492562086893d7888e6d	Unassigned	0.4222662335395678
c29a6c8473329e60d23f0ee9a43d01f3	d__Bacteria;p__Proteobacteria;c__Alphaproteobacteria;o__Rickettsiales;f__Mitochondria;g__Mitochondria;s__	0.882928371895265
a8396a04af4c542a01c9502e04e768dd	Unassigned	0.37680307094652177
5a00c2b3d44f704ea6236776db4baae2	Unassigned	0.554000496322648
2e764cf20af3f41294564d9c8fe92a4d	d__Bacteria;p__Proteobacteria;c__Alphaproteobacteria;o__Rickettsiales;f__Mitochondria;g__Mitochondria;s__	0.765174887973588
d0b5e0ebafbdb024a0d5cc5ccb7cf5a5	d__Bacteria;p__Proteobacteria;c__Alphaproteobacteria;o__Rickettsiales;f__Mitochondria;g__Mitochondria;s__	0.8874685800691515
848b48a71e8704166e5c7053317f6382	Unassigned	0.4125323803470967
4666f63f7f975db87a3059a7069d1a86	Unassigned	0.47751580897080403
e6344b2207edd65a3debc6d62d7d4ebd	Unassigned	0.47628795182666694
cef2fa1688a90deaff3ecfc94d0aa8d8	d__Bacteria	0.7378717856464376
9173c10b1b437fa862c1c5ecf1de77a2	Unassigned	0.482882920294611
ad5bf21cc7c0e7dab9086942a839a321	d__Bacteria;p__Proteobacteria;c__Alphaproteobacteria;o__Rickettsiales;f__Mitochondria;g__Mitochondria;s__	0.7180727180842044
5030b6cfaa4356bac55eab9d6b03d17c	Unassigned	0.37790553795356807
8eb03b5ff495e8502cc26c9aa49818dc	d__Bacteria	0.8671900160347302
31ca9412b4eca27b852f7d58e1bec3c3	Unassigned	0.4111163458938878
31f00fe29c3cf0286082885bca9117d3	Unassigned	0.5101114778884577
96d70f8f132f14f243b3aeac3d854f87	d__Bacteria;p__Proteobacteria;c__Alphaproteobacteria;o__Rickettsiales;f__Mitochondria;g__Mitochondria;s__	0.9106150578838754
160dd1fb857c5ce016cbde0814dab961	Unassigned	0.3363680963557434
4d79d15ab4b0f3b9d617a0b983d2012c	Unassigned	0.4084717173604612
1981e3b2c08b141d53175f3c974f76d7	Unassigned	0.6214088569836278
56d0d1a2596043b75ddab5c0a667b4e3	d__Bacteria	0.7196007432554555
23fa2c995aabf50d7c6666493ad1b1d0	Unassigned	0.4426125576512895
20c60efff884a1aa1700a54c8bec897d	Unassigned	0.39274180432121863
844312bd479c411233756f0e3c6a2b28	d__Bacteria;p__Proteobacteria;c__Alphaproteobacteria;o__Rickettsiales;f__Mitochondria;g__Mitochondria;s__	0.9084438920917688
2b68a08945dba40b07f01163e1a6320b	d__Bacteria	0.8113030216317748
d4adf2a56a60babe6d47d18f7e165ffd	Unassigned	0.4137562197305138
08492d724535b3a5ce2dc41397b2fc30	d__Bacteria	0.7035632134282683
0ae59433e0a45ef5d02c0e5a9bbd2cca	d__Bacteria;p__Proteobacteria;c__Alphaproteobacteria;o__Rickettsiales;f__Mitochondria;g__Mitochondria;s__	0.8584721223092168
fb1b8ef4e445734de87c9c5f72802cf0	d__Bacteria	0.8392496908236571
6cb803a3bdd860e214a174c63c03f526	Unassigned	0.34603397463698804
0c632268ce299719d2a61907a3cf3af5	d__Bacteria	0.7186648420507422
aed6bcc62e829af5b2ab7b7a1c96135d	d__Bacteria;p__Proteobacteria;c__Alphaproteobacteria;o__Rickettsiales;f__Mitochondria;g__Mitochondria;s__	0.8401957229667832
1090cbd6bfa5e33e93758da341c676f9	d__Bacteria	0.7045771013265046
954505d85fea0e6798cd5d91580a9d7d	d__Bacteria	0.795464422014276
480b56a0331039f30c6edaabfc3e4ea8	d__Bacteria;p__Proteobacteria;c__Alphaproteobacteria;o__Rickettsiales;f__Mitochondria;g__Mitochondria;s__	0.7254421848717574
1541f9efff58a2f7ad849e9e5c24d008	Unassigned	0.4766351651968408
bc552400a51fb467871cfe3fa69cce27	Unassigned	0.4769799225764234
dbb4811ab26b92b1552ee67482455768	d__Bacteria;p__Proteobacteria;c__Alphaproteobacteria;o__Rickettsiales;f__Mitochondria;g__Mitochondria;s__	0.9186437427420113
a200bbbd6b04a72f24994620e41c9b6a	d__Bacteria	0.7029448463809765
6787f8ca0983c6476de39cc6746fa556	Unassigned	0.36802539816978785
f5d71ddf926b9472e8ff0ccfbe4cae47	Unassigned	0.5496503213849073
1f51a1bb227f7f3010f5e3f32fe14169	d__Bacteria;p__Proteobacteria;c__Alphaproteobacteria;o__Rickettsiales;f__Mitochondria;g__Mitochondria;s__	0.7017560460452679
b23a7c928a261060769ece5d7af57ca5	d__Bacteria	0.8080134756771792
9d4f3f708cda399c9ce0a6a21cb8d7b4	d__Bacteria	0.8180482919827009
946184032a670811d79b901eb0b4170f	Unassigned	0.5541093442149163
9935bb7c0f110bddce76023593cbcce1	Unassigned	0.32157274801952196
764a04aaa3fd19e3b7ae81f472489908	Unassigned	0.6233518946031374
d2bfe32a21e0ad4280c5bf07bfa6cb35	d__Bacteria	0.8168485890574643
0440077daa45141e2e3da5f1d8baed1b	Unassigned	0.3389296996888398
38c8bc6513bd78b76ee5824fdc2ef36d	Unassigned	0.5510555414450842
52110d9f110adb404a41e43699d72138	Unassigned	0.3344742669750942
ea43a444948e4532c470f6959d0be904	d__Bacteria;p__Proteobacteria;c__Alphaproteobacteria;o__Rickettsiales;f__Mitochondria;g__Mitochondria;s__	0.8628788493823648
df432c2f8e92860430f88eb7da0cb422	d__Bacteria;p__Proteobacteria;c__Alphaproteobacteria;o__Rickettsiales;f__Mitochondria;g__Mitochondria;s__	0.8652505432812293
88159d16f92cb2483df326ce1bd36f8d	d__Bacteria;p__Proteobacteria;c__Alphaproteobacteria;o__Rickettsiales;f__Mitochondria;g__Mitochondria;s__	0.7416467429983636
3d0a1159c455efd716fcee7ffdb3c22d	d__Bacteria;p__Proteobacteria;c__Alphaproteobacteria;o__Rickettsiales;f__Mitochondria;g__Mitochondria;s__	0.7646735820552544
fd6145a1ec9ccc55e6ce1e69fdbd7aff	d__Bacteria;p__Proteobacteria;c__Alphaproteobacteria;o__Rickettsiales;f__Mitochondria;g__Mitochondria;s__	0.7518909328311912
29557a1d636886f0373ecd9ad40622ea	Unassigned	0.7293340447287149
95c778e5c723400723f91326f7332911	Unassigned	0.5426411203335331
566fab2d171c7f7777cd64deaedb477d	Unassigned	0.44531243662139786
9b34acb067e937f4f84d9906a127e704	d__Bacteria;p__Proteobacteria;c__Alphaproteobacteria;o__Rickettsiales;f__Mitochondria;g__Mitochondria;s__	0.71402403148707
462bd49efdfb8ad1fdfed382bfbdd6da	Unassigned	0.7397931178651893
84b555f93406c6c6f4960ab27c969181	Unassigned	0.7256698137463884
967febc72ddcbbde9148a18a731aa962	Unassigned	0.5835122676178917
8f758abaf9f69dc6eda14324c2b434f5	d__Bacteria;p__Proteobacteria;c__Alphaproteobacteria;o__Rickettsiales;f__Mitochondria;g__Mitochondria;s__	0.8290625472394888
03ca2417d3a27094fd8e555a0682caa8	d__Bacteria;p__Proteobacteria;c__Alphaproteobacteria;o__Rickettsiales;f__Mitochondria;g__Mitochondria;s__	0.7051356733979772
d3df8ff029fd0ce0e8e70c6c3b580b89	d__Bacteria;p__Proteobacteria;c__Alphaproteobacteria;o__Rickettsiales;f__Mitochondria;g__Mitochondria;s__	0.7919678062171803
ca4bd1079d31222cd7a19fd845bb4406	d__Bacteria	0.7291136852197679
af5df210a89415a8c774945d6a3803c6	d__Bacteria	0.7342837151139567
b2711675abf1d4cd425138552276f9ab	Unassigned	0.5319760616742198
a663b7a188b1b7aa2832d913a260cdf2	d__Bacteria	0.767512193993903
f272635f330a5834786c6a0822a654a3	Unassigned	0.6159830991830351
76309ccfb8f137036cfd87e30b337c02	Unassigned	0.5109902432899346
9163d55eef6255970569d24a28378476	Unassigned	0.4530789885845795
4408420f39d8f15fd302fb171c03d629	d__Bacteria	0.8111341794402281
6fc09dca73aacefcabeedf93591dad39	Unassigned	0.5481892927427396
211d3f4d43af506c95ae26acf69c4bf1	d__Bacteria	0.7116347198458287
68b03dbe0630f01bd1071e958de1212f	d__Bacteria	0.854706811768838
c37adac2689db6a4187b485305ded769	d__Bacteria;p__Proteobacteria;c__Alphaproteobacteria;o__Rickettsiales;f__Mitochondria;g__Mitochondria;s__	0.7496938273544913
9fbd5b5bc2d1b4c1044ae9e7e516403d	Unassigned	0.4431845016714485
26f4473a7fc778d7be623c50102b701b	Unassigned	0.3211187082443052
f7a2b3d382b90d179a296d5fca6801ef	d__Bacteria	0.7888888606825043
2ceed82c7ff9c28f07781f9c96046852	d__Bacteria	0.7488296349278761
7db8a8d1f572c63f56e7a3a2bcc83ec9	Unassigned	0.4968839123224551
b96ffd71624ebaa9f196df5aef195b32	d__Bacteria;p__Proteobacteria;c__Alphaproteobacteria;o__Rickettsiales;f__Mitochondria;g__Mitochondria;s__	0.7983132920578785
1e4271dda203ed76da01e8fa92cd7e47	Unassigned	0.6383942029313985
dfec0fd7211591e01b384cb66658e4fc	Unassigned	0.4602931680148282
d5add7819589d88c84db5b570690c3c0	d__Bacteria	0.8597249359458599
7fd798aab627fdc595433621f2b18661	d__Bacteria;p__Proteobacteria;c__Alphaproteobacteria;o__Rickettsiales;f__Mitochondria;g__Mitochondria;s__	0.7450337834512141
c01e756cb73bbf04a12cde462d50262f	d__Bacteria;p__Proteobacteria;c__Alphaproteobacteria;o__Rickettsiales;f__Mitochondria;g__Mitochondria;s__	0.7091668823506236
8e66405c16ad7c955a6c9e2da2bdfb86	Unassigned	0.6734044766995215
3a2c4520a3bfb8756abc0e9b89ba4334	Unassigned	0.31894571297306673
e22522a65debaa99edc07df4692a5298	Unassigned	0.3142587001234184
9c16b2f534834fa035ffc11f4a78b9e2	Unassigned	0.42294367730296034
dd479611996c1727baf5ed9ea7a2a026	Unassigned	0.44583414477943073
fa07bdd3935187de7e3f8ea02ebe47d4	d__Bacteria	0.7118999423306342
52b671152f1a8342219af3e559bc4984	Unassigned	0.4435329310794873
48aead14a2b548434492a8ee53280ef8	Unassigned	0.40748299116102393
e3ded2091b4404637b79a0d9223e2172	d__Bacteria;p__Proteobacteria;c__Alphaproteobacteria;o__Rickettsiales;f__Mitochondria;g__Mitochondria;s__	0.9048946489511939
dbc1a6c8b06b3125bbc666f1fa06f46c	Unassigned	0.5382337016412206
cc9dbd48031a4d7c21bce242dcafa718	Unassigned	0.31480835492181636
b3a08b55297c9f8e40638253f2a91e10	Unassigned	0.3720900768766148
a5ca91049455c515d21ae9ce3ec2ad27	Unassigned	0.3865851495108519
2689215e520f762b3968279eb7a70a4f	d__Bacteria;p__Proteobacteria;c__Alphaproteobacteria;o__Rickettsiales;f__Mitochondria;g__Mitochondria;s__	0.8893017915605097
47705747e322d26f70e4aaba6847a8e6	d__Eukaryota	0.7326821647678536
1f63a4600a83b4bd345499509d8f3a8e	d__Bacteria	0.8216576431561304
b32be410e6829202ae940a53f525e2ed	Unassigned	0.39054899176594426
1d47234fdb77e0e12a1690a61a7480aa	d__Bacteria;p__Proteobacteria;c__Alphaproteobacteria;o__Rickettsiales;f__Mitochondria;g__Mitochondria;s__	0.7655178445474025
687e753fe58adad6d4f52e43b85dfc63	d__Bacteria;p__Proteobacteria;c__Alphaproteobacteria;o__Rickettsiales;f__Mitochondria;g__Mitochondria;s__	0.7279956422042273
fdec9d4e66c8508b2e940ef2a6642ea6	Unassigned	0.5381682306419334
d840c478c999815b56291dc15e75c3b5	Unassigned	0.31525600471378823
cdca8d53ce3fde55223e946cef36f5bb	d__Eukaryota	0.7248951704982745
05cfd432a3c3e83d54723d4a7388d42f	Unassigned	0.3919249863113491
541db801b387fe7d049de85b657b0593	d__Bacteria	0.7052306880604081
53fc6840a78042adfb92b858c3ba288e	Unassigned	0.35679583523857317
6cc36742eac03ad00264ca75d0903030	Unassigned	0.4668902427585859
287fc5cd797b0e2f2a1d4b177437a1e3	Unassigned	0.3815348825013136
62d237560b2f72c8aa84bceaee664808	Unassigned	0.30885536333069485
dcd93a086d86bcbcac9448cf5d9b2699	d__Bacteria	0.864309617849343
b0241bce268308706bf6de3d244a88ce	Unassigned	0.33470233288716056
6474128bd62060edcc0005f3228cc54f	Unassigned	0.4697534516585684
0d52bf39ba72b8bf4753167699d47391	Unassigned	0.5767836469786803
134f5f9599b45d04764afcd5608b4568	Unassigned	0.4146120614572425
424295d682127a26126800f8d884bf8d	d__Bacteria	0.8558046052454545
59743e3c252539b1fa1285d75a2efbe4	Unassigned	0.35608513584996526
004a05985e25333f496b756e441338eb	d__Bacteria	0.7419836628680386
1d52e2b4d576b48ce240c4156ed15517	Unassigned	0.4030116091496837
381c1d13f1f124a6690faaebb2be93c2	d__Bacteria;p__Proteobacteria;c__Alphaproteobacteria;o__Rickettsiales;f__Mitochondria;g__Mitochondria;s__	0.833775736727756
2f120c92b2945846648878dac809e26a	d__Bacteria;p__Proteobacteria;c__Alphaproteobacteria;o__Rickettsiales;f__Mitochondria;g__Mitochondria;s__	0.8803314014759387
6a5e187e903fc8e7d7cd28631467c940	d__Bacteria	0.7252536886357287
e4c505bf26010a083a840972d5e447e8	d__Bacteria;p__Proteobacteria;c__Alphaproteobacteria;o__Rickettsiales;f__Mitochondria;g__Mitochondria;s__	0.7338588417662203
2eff4c73c68c3ffd551b9f8823a55942	Unassigned	0.3282346144631729
edca43ee1de154bb989415e107ad4451	d__Bacteria;p__Proteobacteria;c__Alphaproteobacteria;o__Rickettsiales;f__Mitochondria;g__Mitochondria;s__	0.8505434751862428
9e71967754fb67a01f4ce5c240d2494a	Unassigned	0.35713827971157663
b7a41d349842b5d638058acf99e3e48d	d__Bacteria;p__Proteobacteria;c__Alphaproteobacteria;o__Rickettsiales;f__Mitochondria;g__Mitochondria;s__	0.80758445605495
a4a4a65691a433f805e187ba689556cf	d__Bacteria;p__Proteobacteria;c__Alphaproteobacteria;o__Rickettsiales;f__Mitochondria;g__Mitochondria;s__	0.7846003532424728
60abb706cb3922521c242abdf8040b87	d__Bacteria	0.7792356969915923
b326ce7fdc9ef90f2ef31c46e5390bc2	Unassigned	0.3161437615076975
4c145bc8cb1af9ea8ceac1d087a5c1aa	Unassigned	0.4287559904292967
da1a75372fa1ed138f9c66ad6f5420db	d__Bacteria	0.7244788436266613
9f7f199a5d44ae19be1de9051d772a86	Unassigned	0.36581756011575506
6838f6fdbde6781621405d8ca95f1eed	Unassigned	0.4570196127528495
5abbc2620acddd0e4ecadd4a41ff820f	Unassigned	0.5211169677338104
d80637e613bb55cc59fb3e2116ead4f5	d__Bacteria;p__Proteobacteria;c__Alphaproteobacteria;o__Rickettsiales;f__Mitochondria;g__Mitochondria;s__	0.7299735372682858
df3a1d1c7a3e819c6bbcd7fdd9755058	d__Bacteria	0.8770045997704369
57b5828285913b3b858670a696cbe284	d__Bacteria	0.7292881343373198
20c2df56e076b1eebe64c2429ca01d4f	d__Bacteria;p__Proteobacteria;c__Alphaproteobacteria;o__Rickettsiales;f__Mitochondria;g__Mitochondria;s__	0.8332817403829043
9ec989325ecb455460003f3fe41d794a	Unassigned	0.32831627200263536
8d23fd5fe26ad53bca268c6caedfa3da	Unassigned	0.48454011582419776
11910d06eef55c4e6213f69e661a3572	d__Bacteria;p__Proteobacteria;c__Alphaproteobacteria;o__Rickettsiales;f__Mitochondria;g__Mitochondria;s__	0.8899783974745873
358745816efa41f402d0eb14d6789949	d__Bacteria	0.8509699879613835
03febe7e62bddbf7d0bfb5c82d0d447f	Unassigned	0.36253910926058297
5aae0930413153055dac7af244c3bccd	Unassigned	0.7555699520790939
94cff000047d3aeba132e5db0229fe68	Unassigned	0.4745057744244725
c25fd19bbc4f4b939005fe8b744acf72	Unassigned	0.777165940987091
9f14a03872b0da1f2b952c6f7accf5cc	Unassigned	0.3547395347471698
1fbc404dd1646caeda2af564deab26fa	d__Bacteria;p__Proteobacteria;c__Alphaproteobacteria;o__Rickettsiales;f__Mitochondria;g__Mitochondria;s__	0.7056748238398733
c9f4f949e11108a7694969c22a7e0bb7	d__Bacteria;p__Proteobacteria;c__Alphaproteobacteria;o__Rickettsiales;f__Mitochondria;g__Mitochondria;s__	0.7822485015699326
d9eda15ca9a730481f38ed92ef48a6fc	Unassigned	0.3543810354544429
a287ecd2993d279bbb2235badbc2cffe	d__Bacteria	0.8072075510594772
b80695c17e82a985c71676a001909a9a	d__Bacteria	0.8848893141908266
f5bfb38480ea139b0704e7d17dd162ab	d__Bacteria;p__Proteobacteria;c__Alphaproteobacteria;o__Rickettsiales;f__Mitochondria;g__Mitochondria;s__	0.7763056094730576
d4647b0d3f07a48216c924ea6ae0b4ac	d__Bacteria;p__Proteobacteria;c__Alphaproteobacteria;o__Rickettsiales;f__Mitochondria;g__Mitochondria;s__	0.8380683201767438
3da92a5ac49f7fada4c80a6ad0692f17	d__Bacteria;p__Proteobacteria;c__Alphaproteobacteria;o__Rickettsiales;f__Mitochondria;g__Mitochondria;s__	0.913588724877965
95615105389dec53532182a473c2961b	Unassigned	0.5975064546376458
94ff0a058f4dffc86874b3802dfc1089	d__Bacteria	0.7065076151160048
814a1e6248402c72f31a97ee069c97cf	d__Bacteria;p__Proteobacteria;c__Alphaproteobacteria;o__Rickettsiales;f__Mitochondria;g__Mitochondria;s__	0.9242097444405566
272909a97dc861d46073352d5fe24b52	d__Bacteria;p__Proteobacteria;c__Alphaproteobacteria;o__Rickettsiales;f__Mitochondria;g__Mitochondria;s__	0.8044866753646117
06e3ab07f03d27d34e7a78ae6de07daf	d__Bacteria	0.7192235864873823
fc30eff9370f68acf690687934d00e4a	d__Bacteria;p__Proteobacteria;c__Alphaproteobacteria;o__Rickettsiales;f__Mitochondria;g__Mitochondria;s__	0.8741379480414371
5b49fd701ace5fe1bfd592941de8b41f	Unassigned	0.4949765651547343
523775f93a8c0d94f87e3b896d1cb5e9	d__Bacteria;p__Proteobacteria;c__Alphaproteobacteria;o__Rickettsiales;f__Mitochondria;g__Mitochondria;s__	0.7446059785928145
2aa88dd1e94b28bfc55857d8326e058a	Unassigned	0.6083906226633836
1d74432d04b420f01718b1d5df83eb2f	Unassigned	0.4517407958737897
a047017aba41203e7da35f468ece79a7	d__Bacteria	0.8026470304260442
48ee9e6011ed460634cc551581a7fd98	d__Bacteria;p__Proteobacteria;c__Alphaproteobacteria;o__Rickettsiales;f__Mitochondria;g__Mitochondria;s__	0.8597322341905618
ebf192cd89644560e1b58f0a57f95013	d__Bacteria;p__Proteobacteria;c__Alphaproteobacteria;o__Rickettsiales;f__Mitochondria;g__Mitochondria;s__	0.8459322035893285
ab44b392f4b91365c7d5e151fb9393a0	d__Bacteria;p__Proteobacteria;c__Alphaproteobacteria;o__Rickettsiales;f__Mitochondria;g__Mitochondria;s__	0.7633249547597176
d00c3a7c25e3271daa8d769217f86b9d	d__Bacteria;p__Proteobacteria;c__Alphaproteobacteria;o__Rickettsiales;f__Mitochondria;g__Mitochondria;s__	0.7169387650442607
20ba508c7246619bbf8bbfcd4e84d8d7	d__Bacteria;p__Proteobacteria;c__Alphaproteobacteria;o__Rickettsiales;f__Mitochondria;g__Mitochondria;s__	0.9284572405691698
25786717a6439fc9437c685d7c23e2f4	Unassigned	0.3670436054032862
c97250980f85cb42b702ff92cd32f952	d__Bacteria	0.7661696822992069
67b8128e303c6671e9c65ab5ae865e47	d__Bacteria	0.8028332614062519
dd86ed7e91e220b704b33669b6f9659a	d__Bacteria;p__Proteobacteria;c__Alphaproteobacteria;o__Rickettsiales;f__Mitochondria;g__Mitochondria;s__	0.8254798089431196
9a0988f3a359228394a50f6de663976b	d__Bacteria	0.7191585661082939
9821ecd2bba005281145baa2f29f353c	d__Bacteria;p__Proteobacteria;c__Alphaproteobacteria;o__Rickettsiales;f__Mitochondria;g__Mitochondria;s__	0.841437450071694
110f103146a9fec1f018decb961909ee	d__Bacteria;p__Proteobacteria;c__Alphaproteobacteria;o__Rickettsiales;f__Mitochondria;g__Mitochondria;s__	0.7102991242791397
057edc7eeaf86ed89da8a50b51816015	Unassigned	0.39240459030099695
db7721ec90f4dee197c309d3ce0e0bfe	d__Bacteria	0.7717781202640895
f0a6e316cdc5b708fa4aceec7a6557e9	Unassigned	0.3065664420139389
fc6a628ff15db59f64de027544bc8e2c	d__Bacteria	0.7847203060240183
2eb46101877c526a6a698b1f6546f0c7	Unassigned	0.5528662574842274
6db496f619047ad115126dd79230cc68	Unassigned	0.5087048159524317
97e23d4fb6e644788fe771835d6642e3	Unassigned	0.3109165287506256
73e4ea421b359b878e437354927ff465	Unassigned	0.5281624432585635
0bd8d946526f42bbc82ede2f19a5e5de	d__Bacteria;p__Proteobacteria;c__Alphaproteobacteria;o__Rickettsiales;f__Mitochondria;g__Mitochondria;s__	0.8739479620746201
728bfd1e0bc52431f7ac51be89121ad7	Unassigned	0.6355136091323724
aac76d039b679787b8b33f84a16e39a2	Unassigned	0.40193672131459124
64868e7dfc36a50c9ad5bb7a8cf182bd	Unassigned	0.3287805960452418
bc1e25a9b3104f74cf71360365f4ee6a	Unassigned	0.5294691497427312
41455fd916db5ebd2645981f7021a37f	d__Bacteria;p__Proteobacteria;c__Alphaproteobacteria;o__Rickettsiales;f__Mitochondria;g__Mitochondria;s__	0.7743190104224865
690de468e0a199d8dd7ba15557ae8263	Unassigned	0.3793254501774631
50bd64e65a79f4426e30cd7bc13e3a71	d__Eukaryota	0.8658268711419608
06cb28006994b040b88470bb350fecf4	d__Bacteria;p__Proteobacteria;c__Alphaproteobacteria;o__Rickettsiales;f__Mitochondria;g__Mitochondria;s__	0.7721826641597148
d22e5701a609fa822458f3c3ab1afed5	d__Bacteria;p__Proteobacteria;c__Alphaproteobacteria;o__Rickettsiales;f__Mitochondria;g__Mitochondria;s__	0.9404906194474991
90da2f2401ca4e2482a390207966a569	Unassigned	0.6206442994765957
0941b32b325f569a00e919b742fcfb1f	Unassigned	0.6111409523570469
0d3c52c4a8585004554a469df857bad3	d__Bacteria	0.8817395426972133
d8c1626c1d0dc85c8eb4b555b7f988e2	d__Bacteria;p__Proteobacteria;c__Alphaproteobacteria;o__Rickettsiales;f__Mitochondria;g__Mitochondria;s__	0.8282558278283714
c80e9a308d8391268113ecd5163cf0d9	Unassigned	0.6713458742366986
eef575ac1db21e18e6fd9b5a25fa2fda	Unassigned	0.508571034088044
d3149e66cc95fe0ee42a4afd0e6b905d	Unassigned	0.39498661499895626
b2e2a29d640dde7169c5e84b901da92a	d__Bacteria	0.7807251469196392
e9d22af6020447a54bbb39fcc6ace749	Unassigned	0.39357426366629955
1904fc723998046a28d39788753abfac	d__Bacteria	0.8632014395722875
